order_id,order_date,customer_id,product_id,quantity,unit_price,region,revenue
1,2024-04-15,985,13,4,237.75,East,951.0
2,2022-06-18,732,47,4,375.7,North,1502.8
3,2022-08-05,180,5,1,72.33,East,72.33
4,2023-01-13,358,24,5,171.1,South,855.5
5,2022-04-29,740,38,1,67.86,South,67.86
6,2022-07-09,996,17,2,348.95,South,697.9
7,2024-02-06,252,31,1,454.75,South,454.75
8,2023-01-05,299,28,3,445.64,North,1336.92
9,2022-05-29,873,1,1,169.96,East,169.96
10,2023-10-14,430,2,5,124.77,East,623.85
11,2024-02-09,4,33,2,144.28,West,288.56
12,2023-01-09,653,40,1,150.79,West,150.79
13,2024-02-20,678,29,4,50.3,South,201.2
14,2022-06-09,254,4,2,75.34,West,150.68
15,2022-12-17,941,18,2,115.1,South,230.2
16,2024-06-10,665,24,5,14.0,West,70.0
17,2023-06-07,579,32,4,33.14,South,132.56
18,2023-06-06,567,9,3,352.29,East,1056.8700000000001
19,2024-02-22,96,47,1,313.47,North,313.47
20,2022-09-30,167,16,3,473.26,South,1419.78
21,2024-07-24,833,21,4,206.86,West,827.44
22,2022-07-02,331,30,2,227.72,West,455.44
23,2023-05-03,898,3,5,43.19,West,215.95
24,2024-04-25,965,33,5,84.6,South,423.0
25,2022-05-04,888,31,2,348.89,East,697.78
26,2024-09-11,854,45,5,125.17,North,625.85
27,2024-02-29,62,14,3,388.91,West,1166.73
28,2023-02-18,174,6,2,355.78,West,711.56
29,2023-11-17,253,5,1,376.16,South,376.16
30,2022-04-23,461,29,1,348.39,North,348.39
31,2024-06-06,624,37,4,356.75,South,1427.0
32,2022-05-02,215,36,2,277.93,East,555.86
33,2022-02-08,239,21,3,342.34,North,1027.02
34,2023-05-12,415,12,2,267.83,East,535.66
35,2024-02-19,739,46,2,110.98,South,221.96
36,2024-07-31,742,23,3,116.63,East,349.89
37,2022-05-29,745,14,5,208.6,South,1043.0
38,2024-10-18,675,43,3,16.82,West,50.46
39,2023-10-23,126,42,2,445.76,West,891.52
40,2022-10-29,941,10,2,141.45,West,282.9
41,2022-08-26,253,27,2,35.25,South,70.5
42,2023-10-09,845,41,2,217.97,South,435.94
43,2023-10-25,950,2,4,409.64,South,1638.56
44,2022-08-24,711,14,5,204.7,East,1023.5
45,2022-07-22,197,7,2,138.71,West,277.42
46,2022-09-13,634,17,4,277.0,South,1108.0
47,2023-08-21,413,20,2,291.45,West,582.9
48,2023-10-24,456,8,5,382.0,West,1910.0
49,2022-08-23,776,20,5,401.88,South,2009.4
50,2023-06-18,54,36,3,356.04,South,1068.1200000000001
51,2024-05-09,647,5,4,12.22,East,48.88
52,2024-02-09,339,13,5,11.02,East,55.099999999999994
53,2023-06-25,359,39,1,488.95,West,488.95
54,2022-08-01,151,38,2,139.46,South,278.92
55,2023-04-08,100,17,5,148.35,South,741.75
56,2023-03-12,234,6,4,368.8,South,1475.2
57,2022-10-10,544,19,4,294.98,West,1179.92
58,2022-03-29,62,25,4,237.15,South,948.6
59,2024-12-03,941,3,3,67.06,East,201.18
60,2023-04-06,196,41,2,49.93,North,99.86
61,2022-10-05,542,28,1,354.78,North,354.78
62,2023-02-25,755,26,4,71.06,East,284.24
63,2023-11-27,106,47,2,223.55,North,447.1
64,2023-05-30,295,8,4,370.7,East,1482.8
65,2023-12-04,645,15,4,462.37,West,1849.48
66,2022-01-19,451,1,1,438.06,North,438.06
67,2022-01-23,534,40,2,433.38,West,866.76
68,2023-02-17,156,23,4,185.66,West,742.64
69,2024-11-19,406,36,3,464.31,East,1392.93
70,2022-04-18,896,42,4,344.99,West,1379.96
71,2022-05-16,726,16,2,444.38,North,888.76
72,2022-12-28,738,50,5,53.57,North,267.85
73,2022-05-09,797,4,4,29.38,East,117.52
74,2023-05-30,683,8,3,220.53,West,661.59
75,2023-03-25,554,36,3,415.73,South,1247.19
76,2024-05-23,572,10,4,210.18,West,840.72
77,2023-04-18,375,30,2,443.48,North,886.96
78,2024-10-30,589,36,4,125.04,North,500.16
79,2022-10-29,455,16,3,29.28,North,87.84
80,2022-08-19,202,30,4,383.03,West,1532.12
81,2024-07-11,732,44,3,316.82,South,950.46
82,2024-12-25,452,10,5,225.64,North,1128.1999999999998
83,2024-07-25,187,11,4,424.18,West,1696.72
84,2022-04-22,608,34,1,413.85,East,413.85
85,2024-11-02,854,16,4,169.02,West,676.08
86,2023-05-15,724,19,3,420.61,North,1261.83
87,2024-07-20,368,44,2,179.13,North,358.26
88,2023-08-21,340,4,3,314.73,North,944.19
89,2022-08-22,262,49,5,104.32,North,521.5999999999999
90,2023-08-25,841,44,2,139.45,North,278.9
91,2022-11-10,924,31,1,229.46,West,229.46
92,2023-07-20,589,48,1,164.15,West,164.15
93,2024-11-01,543,35,5,73.28,South,366.4
94,2022-07-28,551,34,5,246.34,West,1231.7
95,2024-11-03,306,26,5,260.57,North,1302.85
96,2024-11-09,846,39,5,87.77,West,438.84999999999997
97,2023-08-10,726,6,4,95.41,West,381.64
98,2024-10-11,638,33,3,24.38,South,73.14
99,2024-12-29,165,47,4,24.87,North,99.48
100,2023-11-29,758,27,2,185.73,South,371.46
101,2022-05-12,621,12,1,81.86,North,81.86
102,2024-11-09,88,45,1,460.35,North,460.35
103,2023-06-20,200,8,2,107.71,East,215.42
104,2024-10-10,271,9,1,42.32,West,42.32
105,2022-08-15,51,1,5,208.04,North,1040.2
106,2024-04-01,489,5,5,104.31,East,521.55
107,2024-05-20,198,7,5,40.27,South,201.35000000000002
108,2023-02-09,23,18,2,378.84,West,757.68
109,2022-07-21,665,40,3,282.98,North,848.94
110,2022-02-07,223,24,2,37.94,East,75.88
111,2024-07-30,942,26,3,239.33,South,717.99
112,2022-07-07,221,10,1,29.03,South,29.03
113,2024-12-16,663,40,1,183.61,East,183.61
114,2024-07-29,266,44,1,188.01,West,188.01
115,2024-11-09,73,48,3,413.26,North,1239.78
116,2022-09-30,881,12,1,370.29,East,370.29
117,2023-08-06,77,22,2,449.5,East,899.0
118,2023-05-31,544,27,3,78.85,South,236.54999999999998
119,2023-06-10,881,3,5,271.54,East,1357.7
120,2022-12-02,435,18,3,19.89,West,59.67
121,2023-11-29,937,5,2,414.51,South,829.02
122,2024-12-14,65,14,2,189.62,East,379.24
123,2023-05-15,961,25,2,43.96,East,87.92
124,2024-06-18,357,31,1,169.08,West,169.08
125,2024-02-05,936,21,5,150.59,North,752.95
126,2023-06-20,18,48,5,385.34,North,1926.6999999999998
127,2022-06-11,676,38,4,72.04,North,288.16
128,2023-08-17,799,48,2,282.33,South,564.66
129,2022-06-08,566,20,1,399.02,North,399.02
130,2022-03-01,575,14,3,372.37,North,1117.1100000000001
131,2024-07-03,769,20,1,468.59,South,468.59
132,2022-07-30,751,37,2,10.31,East,20.62
133,2023-02-10,436,46,1,183.36,South,183.36
134,2023-10-26,996,30,2,191.1,North,382.2
135,2023-06-26,441,43,3,26.32,South,78.96000000000001
136,2024-09-24,9,41,3,410.46,South,1231.3799999999999
137,2024-07-15,470,20,5,347.56,North,1737.8
138,2024-05-17,632,7,4,268.76,East,1075.04
139,2022-01-19,348,5,1,208.46,North,208.46
140,2023-03-08,602,31,4,448.75,South,1795.0
141,2024-01-10,372,29,1,139.59,North,139.59
142,2022-07-02,970,15,5,173.93,East,869.6500000000001
143,2022-04-23,824,25,5,476.79,West,2383.9500000000003
144,2023-04-26,175,13,3,41.67,South,125.01
145,2024-04-10,515,44,3,392.5,East,1177.5
146,2024-02-02,130,24,3,361.85,North,1085.5500000000002
147,2023-04-21,566,15,1,451.93,North,451.93
148,2024-02-02,293,24,4,54.38,West,217.52
149,2024-08-28,696,26,4,485.52,South,1942.08
150,2024-10-16,927,19,3,24.13,North,72.39
151,2022-06-10,353,24,5,175.47,East,877.35
152,2023-02-05,224,19,4,51.56,South,206.24
153,2022-07-17,524,42,5,35.08,West,175.39999999999998
154,2023-10-22,954,17,3,482.71,East,1448.1299999999999
155,2024-12-06,707,48,1,362.64,West,362.64
156,2023-02-03,759,5,2,257.79,East,515.58
157,2022-03-19,509,4,4,63.01,South,252.04
158,2022-05-04,368,22,3,267.75,East,803.25
159,2022-03-16,666,10,3,166.83,South,500.49
160,2022-05-17,590,21,4,143.08,South,572.32
161,2023-08-25,652,25,2,312.87,East,625.74
162,2024-04-16,500,6,1,397.55,East,397.55
163,2023-05-15,90,30,4,227.2,South,908.8
164,2022-05-18,656,29,1,251.72,North,251.72
165,2022-02-19,949,11,3,329.2,North,987.5999999999999
166,2024-08-30,72,11,4,71.07,East,284.28
167,2022-09-11,433,48,1,416.02,North,416.02
168,2023-12-11,689,46,5,420.1,North,2100.5
169,2023-07-17,348,27,5,275.11,South,1375.5500000000002
170,2024-01-27,263,19,5,101.9,South,509.5
171,2023-07-01,271,22,1,255.37,North,255.37
172,2024-07-10,509,28,5,61.91,West,309.54999999999995
173,2023-08-04,508,4,3,384.01,East,1152.03
174,2022-02-18,617,37,1,162.47,West,162.47
175,2024-07-05,420,19,3,162.44,West,487.32
176,2023-12-05,72,17,2,473.07,West,946.14
177,2022-09-18,74,50,1,216.71,North,216.71
178,2022-12-22,655,40,5,396.89,South,1984.4499999999998
179,2023-09-30,503,36,5,322.21,North,1611.05
180,2024-01-13,574,23,2,164.93,West,329.86
181,2024-10-06,146,50,4,70.66,North,282.64
182,2024-07-19,46,28,2,400.89,East,801.78
183,2023-10-03,741,11,5,383.63,West,1918.15
184,2024-03-02,105,14,5,92.89,North,464.45
185,2023-09-04,109,13,4,132.07,South,528.28
186,2024-03-19,317,24,2,385.46,West,770.92
187,2023-11-17,121,16,3,491.98,South,1475.94
188,2022-07-07,499,28,2,423.38,East,846.76
189,2024-09-11,43,30,3,345.23,East,1035.69
190,2023-07-02,940,44,5,458.56,North,2292.8
191,2023-12-26,99,41,5,149.77,North,748.85
192,2024-07-14,706,39,2,14.73,East,29.46
193,2024-05-25,311,42,5,167.27,West,836.35
194,2023-09-10,214,27,4,486.25,West,1945.0
195,2023-02-18,463,17,1,442.17,West,442.17
196,2024-06-21,741,50,3,34.67,East,104.01
197,2022-06-12,423,26,5,255.96,South,1279.8
198,2022-09-27,996,7,3,48.71,South,146.13
199,2023-09-24,389,35,2,396.63,West,793.26
200,2024-06-24,697,15,4,192.58,North,770.32
201,2022-07-24,112,16,3,456.85,North,1370.5500000000002
202,2023-08-05,911,21,5,36.68,East,183.4
203,2024-04-20,859,17,1,369.66,North,369.66
204,2023-08-19,272,45,4,205.69,East,822.76
205,2022-09-07,825,26,2,141.43,East,282.86
206,2024-05-24,996,35,5,263.55,North,1317.75
207,2022-07-15,102,20,4,247.89,North,991.56
208,2023-11-21,210,20,5,180.92,West,904.5999999999999
209,2024-12-29,739,23,2,327.94,West,655.88
210,2023-10-01,793,5,2,334.04,North,668.08
211,2023-11-03,22,9,1,47.8,West,47.8
212,2024-08-01,760,23,4,301.75,West,1207.0
213,2022-07-18,159,18,1,358.26,South,358.26
214,2023-05-07,891,29,1,47.19,West,47.19
215,2024-06-14,741,11,1,332.97,West,332.97
216,2022-05-22,930,43,3,403.95,West,1211.85
217,2022-06-14,343,48,2,417.65,South,835.3
218,2022-11-10,400,8,1,30.41,West,30.41
219,2022-01-21,454,27,3,351.73,South,1055.19
220,2024-09-10,699,2,3,400.52,West,1201.56
221,2022-11-01,143,23,3,204.44,East,613.3199999999999
222,2023-01-06,850,21,1,275.99,East,275.99
223,2024-05-02,870,10,3,139.91,West,419.73
224,2023-01-19,397,38,1,162.02,South,162.02
225,2023-03-21,536,4,4,255.79,North,1023.16
226,2023-03-01,141,21,2,84.06,East,168.12
227,2022-06-10,961,37,5,191.55,North,957.75
228,2023-09-21,240,43,1,157.7,North,157.7
229,2024-06-13,292,12,2,126.74,East,253.48
230,2023-05-05,817,48,1,247.11,East,247.11
231,2024-10-13,82,46,4,420.95,North,1683.8
232,2022-11-23,560,14,2,128.71,South,257.42
233,2023-08-21,865,20,2,333.27,East,666.54
234,2024-10-11,870,47,3,134.55,West,403.65000000000003
235,2022-10-16,171,8,1,79.62,East,79.62
236,2023-08-16,774,27,1,472.23,West,472.23
237,2023-07-27,977,37,5,320.29,East,1601.45
238,2022-01-28,580,41,3,61.25,West,183.75
239,2024-08-11,526,21,3,320.0,West,960.0
240,2022-02-12,542,48,5,96.41,South,482.04999999999995
241,2023-02-27,110,35,3,445.02,South,1335.06
242,2022-06-26,212,44,3,131.26,North,393.78
243,2023-06-13,776,39,4,405.33,East,1621.32
244,2024-08-23,438,49,2,107.61,East,215.22
245,2022-07-17,322,15,5,283.56,East,1417.8
246,2023-09-02,997,47,4,457.04,South,1828.16
247,2024-04-21,900,12,4,155.04,East,620.16
248,2024-05-02,714,34,4,49.88,East,199.52
249,2022-01-22,84,8,3,280.77,North,842.31
250,2024-12-16,956,37,5,94.44,South,472.2
251,2024-12-25,376,30,3,366.89,North,1100.67
252,2024-04-21,53,3,3,299.5,East,898.5
253,2022-04-08,867,30,4,179.72,North,718.88
254,2023-03-11,496,29,1,355.77,East,355.77
255,2023-09-29,256,1,5,126.88,East,634.4
256,2023-08-11,586,16,5,459.35,North,2296.75
257,2022-12-10,220,42,4,179.98,North,719.92
258,2023-07-25,655,31,4,383.85,West,1535.4
259,2023-09-03,100,10,2,136.67,East,273.34
260,2022-08-31,129,30,4,360.26,West,1441.04
261,2023-07-15,918,43,3,25.45,South,76.35
262,2024-08-17,219,26,4,154.8,West,619.2
263,2022-02-01,477,12,5,55.52,South,277.6
264,2023-01-26,783,40,1,231.1,West,231.1
265,2022-10-04,458,5,1,223.2,West,223.2
266,2023-06-16,980,9,3,185.91,West,557.73
267,2023-01-18,22,11,1,490.77,North,490.77
268,2024-12-27,690,47,4,129.6,South,518.4
269,2024-06-02,560,23,1,397.62,West,397.62
270,2022-08-02,629,17,4,229.25,West,917.0
271,2023-01-11,329,43,2,174.06,South,348.12
272,2024-01-14,888,13,5,109.7,West,548.5
273,2022-08-01,691,17,3,320.37,East,961.11
274,2022-03-20,480,23,2,173.5,North,347.0
275,2023-09-20,785,39,1,408.33,North,408.33
276,2023-08-27,874,9,3,484.55,North,1453.65
277,2024-02-21,339,18,4,121.29,West,485.16
278,2024-09-27,872,18,2,73.05,North,146.1
279,2023-11-11,859,30,5,164.6,East,823.0
280,2022-02-27,179,42,5,238.88,East,1194.4
281,2024-11-15,421,44,2,157.47,South,314.94
282,2024-05-30,482,26,2,485.53,West,971.06
283,2023-03-23,49,18,2,391.81,North,783.62
284,2022-03-07,827,21,1,483.41,East,483.41
285,2024-12-03,906,41,5,192.89,East,964.4499999999999
286,2024-10-08,767,41,5,159.29,West,796.4499999999999
287,2022-08-15,30,42,1,209.61,North,209.61
288,2024-02-13,85,33,3,266.19,South,798.5699999999999
289,2023-11-10,789,43,5,373.36,South,1866.8000000000002
290,2023-08-24,502,14,3,441.74,West,1325.22
291,2023-01-14,546,10,3,236.96,East,710.88
292,2023-12-10,329,28,3,151.7,East,455.09999999999997
293,2022-11-03,610,14,5,166.23,West,831.15
294,2024-02-18,434,19,4,351.5,West,1406.0
295,2023-05-19,588,26,3,288.1,West,864.3000000000001
296,2022-09-25,687,10,4,248.38,North,993.52
297,2022-01-08,853,17,1,109.36,North,109.36
298,2023-05-23,249,34,4,438.97,South,1755.88
299,2023-04-21,852,14,4,392.7,West,1570.8
300,2022-06-13,134,26,2,78.91,West,157.82
301,2023-04-30,690,50,3,190.02,East,570.0600000000001
302,2024-12-31,365,34,5,275.64,South,1378.1999999999998
303,2023-07-21,740,19,2,232.63,South,465.26
304,2024-06-23,575,24,4,204.92,West,819.68
305,2023-07-13,780,31,1,362.23,South,362.23
306,2022-08-26,425,40,5,36.71,South,183.55
307,2023-07-08,415,6,1,240.99,East,240.99
308,2024-04-07,770,20,4,138.47,South,553.88
309,2023-04-13,656,39,1,51.46,West,51.46
310,2023-01-21,512,45,2,237.79,East,475.58
311,2024-02-14,385,34,1,93.97,West,93.97
312,2024-04-27,388,22,2,136.53,East,273.06
313,2023-01-22,815,7,3,258.43,North,775.29
314,2024-05-26,449,33,5,487.12,West,2435.6
315,2022-09-16,564,6,1,345.28,South,345.28
316,2022-10-10,303,16,2,147.01,South,294.02
317,2022-02-09,99,8,4,197.38,East,789.52
318,2023-05-01,973,45,4,209.01,South,836.04
319,2024-07-17,306,23,2,85.28,South,170.56
320,2022-08-08,557,18,5,88.72,South,443.6
321,2024-10-11,42,14,3,82.71,North,248.13
322,2024-10-20,991,50,3,265.62,West,796.86
323,2023-09-05,468,36,5,340.35,East,1701.75
324,2024-07-16,440,15,1,299.45,East,299.45
325,2023-11-19,327,5,2,489.11,West,978.22
326,2023-09-05,569,46,3,71.68,North,215.04000000000002
327,2022-09-17,1000,48,5,493.37,West,2466.85
328,2024-09-16,33,15,3,238.67,East,716.01
329,2024-08-23,412,11,3,117.13,South,351.39
330,2023-01-01,626,2,1,472.21,South,472.21
331,2023-06-28,812,23,3,239.62,South,718.86
332,2023-10-11,114,24,2,180.2,North,360.4
333,2024-03-24,508,18,5,114.77,North,573.85
334,2024-11-05,56,4,1,141.26,North,141.26
335,2023-07-29,556,15,1,489.82,South,489.82
336,2024-10-09,724,12,5,158.95,East,794.75
337,2023-11-01,352,3,2,489.12,North,978.24
338,2022-09-26,329,32,3,171.81,West,515.4300000000001
339,2024-07-12,546,36,3,123.4,South,370.20000000000005
340,2022-09-04,270,21,2,99.85,South,199.7
341,2022-05-11,196,48,4,211.81,South,847.24
342,2022-12-19,413,6,5,126.04,South,630.2
343,2022-07-15,637,2,2,351.5,East,703.0
344,2024-07-18,79,9,3,127.49,South,382.46999999999997
345,2024-10-18,767,12,5,419.34,South,2096.7
346,2023-10-07,657,44,5,418.67,East,2093.35
347,2022-08-15,83,24,3,149.91,West,449.73
348,2023-12-02,742,14,2,379.23,West,758.46
349,2022-09-22,137,49,4,430.2,East,1720.8
350,2023-10-08,539,41,5,299.17,South,1495.8500000000001
351,2022-07-30,689,12,5,189.5,North,947.5
352,2024-07-31,719,27,5,226.07,North,1130.35
353,2023-04-02,933,10,2,395.25,South,790.5
354,2023-12-26,924,43,5,153.73,East,768.65
355,2024-09-08,306,2,3,173.89,South,521.67
356,2023-08-11,311,31,3,88.78,South,266.34000000000003
357,2023-04-21,388,28,1,205.54,East,205.54
358,2024-09-12,725,16,5,52.39,East,261.95
359,2022-06-05,866,1,4,167.31,North,669.24
360,2022-07-09,915,22,1,193.0,North,193.0
361,2024-09-07,549,1,5,135.18,South,675.9000000000001
362,2023-06-30,506,31,5,59.67,East,298.35
363,2022-02-10,388,22,2,265.62,West,531.24
364,2022-11-03,293,34,2,433.89,South,867.78
365,2024-07-31,179,12,3,174.47,West,523.41
366,2022-12-04,672,23,1,126.03,South,126.03
367,2024-08-10,429,28,1,149.67,East,149.67
368,2022-10-06,880,50,1,432.32,North,432.32
369,2024-06-14,524,12,3,268.63,South,805.89
370,2022-09-30,681,27,4,74.09,East,296.36
371,2024-04-16,312,23,4,357.52,North,1430.08
372,2023-09-12,80,1,4,85.64,North,342.56
373,2024-05-11,14,43,1,39.52,East,39.52
374,2024-07-19,54,2,5,135.29,East,676.4499999999999
375,2022-10-16,447,44,1,92.36,East,92.36
376,2023-12-25,766,31,5,306.45,West,1532.25
377,2024-06-11,65,2,2,247.44,West,494.88
378,2022-09-29,372,49,3,364.79,South,1094.3700000000001
379,2024-12-25,503,25,4,260.67,South,1042.68
380,2023-04-28,570,38,1,215.31,East,215.31
381,2024-07-24,96,48,1,267.85,South,267.85
382,2022-09-05,533,19,2,222.9,South,445.8
383,2022-06-05,260,28,5,28.17,West,140.85000000000002
384,2024-12-06,585,6,4,343.54,East,1374.16
385,2023-03-30,248,39,3,481.44,South,1444.32
386,2022-07-20,127,19,5,216.8,East,1084.0
387,2022-05-04,499,17,5,217.63,South,1088.15
388,2022-01-01,46,6,4,32.43,West,129.72
389,2024-08-25,982,15,3,446.29,East,1338.8700000000001
390,2024-05-04,268,22,4,465.27,South,1861.08
391,2023-10-02,640,41,4,408.44,North,1633.76
392,2022-07-10,542,34,1,62.11,West,62.11
393,2023-05-31,94,5,3,451.11,North,1353.33
394,2023-03-18,736,23,5,21.74,East,108.69999999999999
395,2022-05-23,316,5,4,227.84,West,911.36
396,2023-06-17,612,44,2,255.31,West,510.62
397,2022-08-15,71,10,3,418.66,South,1255.98
398,2024-08-06,593,4,2,377.92,East,755.84
399,2023-04-05,449,12,5,400.58,North,2002.8999999999999
400,2023-07-05,910,47,3,435.27,North,1305.81
401,2023-01-28,367,10,1,243.27,North,243.27
402,2024-04-24,812,30,3,392.32,West,1176.96
403,2022-07-29,620,50,5,43.34,North,216.70000000000002
404,2023-10-08,614,24,1,227.83,West,227.83
405,2022-08-07,410,5,5,24.77,North,123.85
406,2023-02-11,91,13,3,458.5,South,1375.5
407,2024-06-06,509,36,5,479.62,East,2398.1
408,2023-07-12,877,9,3,51.13,East,153.39000000000001
409,2023-07-04,528,18,1,270.99,South,270.99
410,2022-05-22,110,35,3,169.32,South,507.96
411,2023-09-04,775,31,5,177.84,West,889.2
412,2023-05-16,672,24,5,230.84,East,1154.2
413,2024-04-19,765,43,5,71.28,North,356.4
414,2023-12-03,89,4,2,98.58,South,197.16
415,2023-08-19,607,41,2,292.91,South,585.82
416,2022-10-08,272,26,2,19.19,West,38.38
417,2023-02-28,247,44,4,303.9,West,1215.6
418,2024-05-05,361,42,3,166.27,East,498.81000000000006
419,2022-09-27,378,10,2,417.78,North,835.56
420,2022-06-03,206,41,5,304.0,South,1520.0
421,2023-09-06,345,42,5,356.96,South,1784.8
422,2023-10-24,830,9,2,66.07,West,132.14
423,2022-03-24,798,1,2,140.27,North,280.54
424,2024-08-04,760,16,5,498.37,South,2491.85
425,2024-06-17,455,46,2,222.49,East,444.98
426,2022-10-11,908,13,4,185.84,West,743.36
427,2024-09-06,67,38,4,438.19,West,1752.76
428,2022-06-22,987,14,4,26.21,East,104.84
429,2024-12-22,558,40,1,272.04,West,272.04
430,2024-02-02,979,23,4,113.03,West,452.12
431,2023-09-25,43,18,5,190.39,North,951.9499999999999
432,2024-02-26,229,28,1,107.89,East,107.89
433,2024-07-31,951,20,5,28.53,South,142.65
434,2024-10-08,813,1,5,214.09,West,1070.45
435,2023-02-02,444,12,2,396.71,East,793.42
436,2024-07-22,234,27,3,476.46,North,1429.3799999999999
437,2023-11-07,199,43,4,315.69,East,1262.76
438,2024-07-24,497,13,3,200.53,South,601.59
439,2023-04-10,848,4,3,387.23,South,1161.69
440,2022-10-13,32,25,2,257.56,West,515.12
441,2022-09-22,264,6,3,190.13,East,570.39
442,2022-11-16,113,45,4,97.75,West,391.0
443,2023-11-04,973,22,1,400.1,North,400.1
444,2024-03-30,830,45,5,255.21,North,1276.05
445,2022-03-30,459,38,4,482.26,West,1929.04
446,2024-03-31,276,36,2,402.94,East,805.88
447,2024-09-27,146,3,1,215.81,North,215.81
448,2022-11-30,357,15,2,373.02,South,746.04
449,2022-08-10,6,11,4,232.16,West,928.64
450,2022-02-10,340,34,5,49.13,North,245.65
451,2022-03-09,992,27,3,263.17,East,789.51
452,2024-09-14,494,23,3,434.21,South,1302.6299999999999
453,2023-05-29,108,17,2,429.17,West,858.34
454,2023-11-26,925,23,1,291.73,South,291.73
455,2024-11-05,772,34,5,196.21,West,981.0500000000001
456,2023-04-22,71,21,2,14.95,West,29.9
457,2024-12-21,939,33,5,162.59,East,812.95
458,2024-05-30,340,5,2,495.01,North,990.02
459,2023-03-08,674,17,1,365.98,North,365.98
460,2022-09-25,100,1,4,361.62,West,1446.48
461,2024-11-24,327,7,3,382.93,South,1148.79
462,2024-02-18,33,3,5,313.86,South,1569.3000000000002
463,2023-05-09,143,26,5,297.07,East,1485.35
464,2023-10-23,244,16,1,232.27,North,232.27
465,2024-10-09,736,16,5,227.53,South,1137.65
466,2024-11-24,726,44,4,436.72,North,1746.88
467,2024-09-03,632,41,4,202.79,East,811.16
468,2023-04-27,680,14,1,421.74,West,421.74
469,2023-12-29,861,44,2,420.49,South,840.98
470,2023-04-25,217,26,2,387.74,East,775.48
471,2024-12-24,901,27,5,28.44,North,142.20000000000002
472,2024-10-28,974,48,5,82.51,North,412.55
473,2022-12-09,434,17,1,164.21,West,164.21
474,2022-11-28,867,44,4,425.29,West,1701.16
475,2023-03-14,834,4,1,437.9,South,437.9
476,2022-06-23,729,17,2,30.36,South,60.72
477,2023-07-13,54,33,4,169.12,East,676.48
478,2023-06-11,720,30,5,426.69,South,2133.45
479,2023-10-21,942,21,2,132.35,West,264.7
480,2022-01-26,592,17,3,488.24,North,1464.72
481,2024-03-30,907,11,2,249.76,West,499.52
482,2023-08-28,892,30,4,469.28,South,1877.12
483,2023-02-10,945,18,4,220.12,North,880.48
484,2022-08-20,995,20,1,168.66,West,168.66
485,2023-06-17,151,34,4,187.58,South,750.32
486,2023-05-20,55,41,3,443.31,West,1329.93
487,2022-06-28,517,28,3,172.04,West,516.12
488,2022-05-12,448,9,4,337.98,West,1351.92
489,2022-12-14,35,44,5,240.22,West,1201.1
490,2023-06-24,861,31,4,471.42,West,1885.68
491,2024-02-11,119,45,5,88.09,West,440.45000000000005
492,2022-03-17,197,16,4,220.04,West,880.16
493,2023-08-02,566,31,2,71.07,West,142.14
494,2024-05-03,771,29,4,293.29,East,1173.16
495,2022-07-13,774,13,2,207.42,West,414.84
496,2022-12-13,855,23,5,39.86,West,199.3
497,2024-08-08,878,14,4,426.42,East,1705.68
498,2022-08-02,824,39,5,194.0,North,970.0
499,2023-07-27,514,2,3,251.88,East,755.64
500,2024-02-19,594,12,1,209.68,South,209.68
501,2022-09-19,862,28,5,249.44,North,1247.2
502,2023-12-31,422,32,2,18.0,South,36.0
503,2022-10-10,952,49,1,409.58,North,409.58
504,2022-12-28,517,24,4,172.83,West,691.32
505,2023-03-17,686,37,2,364.99,North,729.98
506,2022-04-03,139,29,1,41.79,West,41.79
507,2024-01-23,705,42,1,266.67,North,266.67
508,2024-05-16,650,18,5,455.31,West,2276.55
509,2022-05-22,809,3,4,205.14,East,820.56
510,2024-01-19,628,13,4,106.66,East,426.64
511,2023-10-15,44,13,4,58.55,East,234.2
512,2023-12-02,858,42,5,430.95,North,2154.75
513,2024-09-24,801,29,5,127.02,West,635.1
514,2022-02-18,219,2,4,487.78,West,1951.12
515,2024-05-30,568,28,1,131.43,West,131.43
516,2023-07-09,754,48,4,245.69,East,982.76
517,2023-02-08,908,4,5,234.42,East,1172.1
518,2024-06-10,258,5,4,40.38,North,161.52
519,2024-05-14,513,39,5,270.6,East,1353.0
520,2023-08-25,961,41,4,339.59,North,1358.36
521,2022-12-07,377,5,1,373.65,East,373.65
522,2023-12-05,893,8,1,266.07,North,266.07
523,2022-11-14,289,34,5,408.17,North,2040.8500000000001
524,2023-09-10,470,25,5,378.53,North,1892.6499999999999
525,2023-01-17,972,27,2,105.05,East,210.1
526,2022-08-21,103,7,3,206.78,North,620.34
527,2024-03-27,804,36,2,79.87,North,159.74
528,2023-07-07,149,32,5,75.38,South,376.9
529,2024-05-05,84,21,5,358.94,South,1794.7
530,2024-03-29,932,47,4,269.92,North,1079.68
531,2022-07-02,26,18,2,304.47,North,608.94
532,2024-11-30,175,2,3,368.77,East,1106.31
533,2023-02-01,735,46,2,145.85,West,291.7
534,2024-02-18,641,42,1,206.67,East,206.67
535,2024-06-25,422,5,1,307.33,North,307.33
536,2022-05-07,654,44,2,57.35,East,114.7
537,2022-01-01,346,42,2,418.2,East,836.4
538,2022-01-19,302,50,5,178.29,North,891.4499999999999
539,2023-08-07,298,38,4,332.79,East,1331.16
540,2023-04-01,135,28,1,497.83,West,497.83
541,2024-08-14,55,31,3,242.93,South,728.79
542,2023-03-21,56,44,4,115.37,West,461.48
543,2023-08-25,374,24,2,116.05,East,232.1
544,2022-04-13,588,33,1,39.58,East,39.58
545,2024-09-14,831,39,2,385.87,West,771.74
546,2023-06-04,920,12,1,153.78,North,153.78
547,2024-05-08,339,39,3,94.64,East,283.92
548,2022-06-23,457,9,4,359.71,West,1438.84
549,2024-10-01,355,15,3,161.48,South,484.43999999999994
550,2023-03-07,132,23,3,304.23,North,912.69
551,2023-12-28,493,44,4,214.73,South,858.92
552,2024-04-29,554,45,4,173.73,East,694.92
553,2024-09-16,864,22,3,249.82,West,749.46
554,2023-10-01,110,36,2,163.76,North,327.52
555,2023-02-24,582,10,4,436.58,North,1746.32
556,2023-08-17,796,28,3,45.79,North,137.37
557,2023-04-30,126,35,3,24.78,South,74.34
558,2023-02-16,860,29,3,209.13,North,627.39
559,2024-07-24,296,5,2,94.69,West,189.38
560,2022-11-28,179,4,5,374.43,East,1872.15
561,2023-10-17,925,15,5,183.18,West,915.9000000000001
562,2022-02-10,810,30,4,138.1,North,552.4
563,2024-08-16,886,26,5,186.1,North,930.5
564,2022-04-15,197,23,1,117.55,West,117.55
565,2022-07-21,773,39,4,156.83,East,627.32
566,2023-03-26,101,29,4,288.31,West,1153.24
567,2024-06-28,937,22,3,433.38,North,1300.1399999999999
568,2022-07-29,573,35,1,191.73,North,191.73
569,2023-07-17,183,48,5,167.13,South,835.65
570,2023-12-14,924,47,4,393.08,East,1572.32
571,2024-02-10,809,18,1,20.99,East,20.99
572,2023-03-30,879,35,2,158.02,North,316.04
573,2023-10-29,9,46,2,231.56,South,463.12
574,2023-09-21,413,33,3,304.32,South,912.96
575,2023-01-22,718,7,1,86.47,South,86.47
576,2022-10-23,934,34,4,222.1,South,888.4
577,2022-09-15,830,10,2,287.49,West,574.98
578,2022-09-25,566,24,2,260.02,South,520.04
579,2023-02-23,692,25,5,291.53,East,1457.6499999999999
580,2022-08-23,104,48,5,334.58,West,1672.8999999999999
581,2024-09-12,126,44,1,195.89,North,195.89
582,2023-07-28,546,27,5,41.18,East,205.9
583,2022-02-18,677,50,1,37.22,West,37.22
584,2022-08-11,945,6,4,430.77,East,1723.08
585,2024-07-09,810,49,4,341.94,West,1367.76
586,2022-10-04,270,8,4,384.45,East,1537.8
587,2023-02-24,466,21,5,465.11,South,2325.55
588,2023-09-03,801,41,5,377.77,South,1888.85
589,2023-01-10,118,19,3,349.23,East,1047.69
590,2022-03-14,866,34,2,331.32,East,662.64
591,2024-11-19,92,39,4,136.7,North,546.8
592,2022-07-14,612,43,5,479.07,South,2395.35
593,2024-04-26,485,23,2,275.6,North,551.2
594,2024-11-30,87,13,4,118.82,North,475.28
595,2024-12-22,234,42,4,112.81,South,451.24
596,2022-01-23,913,47,2,409.48,North,818.96
597,2022-12-26,124,39,2,132.6,South,265.2
598,2023-07-14,203,28,5,30.3,North,151.5
599,2023-11-03,32,6,2,219.92,West,439.84
600,2023-11-10,357,12,2,410.5,North,821.0
601,2023-03-16,463,3,5,213.08,West,1065.4
602,2024-07-21,964,48,4,403.74,South,1614.96
603,2022-01-07,551,20,2,415.33,East,830.66
604,2023-02-25,94,41,3,430.28,West,1290.84
605,2024-04-12,522,42,1,298.56,East,298.56
606,2023-07-13,727,45,2,352.74,East,705.48
607,2024-07-02,408,8,2,138.31,East,276.62
608,2024-10-03,100,26,1,58.85,South,58.85
609,2022-05-06,244,38,3,271.06,West,813.1800000000001
610,2023-01-30,58,28,4,15.19,North,60.76
611,2024-03-27,965,35,3,238.21,South,714.63
612,2024-05-30,357,44,1,60.03,South,60.03
613,2023-07-30,491,41,2,63.13,South,126.26
614,2022-11-21,320,41,4,436.68,North,1746.72
615,2024-07-18,19,43,3,323.85,West,971.5500000000001
616,2024-04-12,357,38,3,326.16,East,978.48
617,2024-11-20,117,2,4,208.19,South,832.76
618,2024-04-16,136,7,3,212.49,West,637.47
619,2024-07-14,839,41,1,158.52,West,158.52
620,2023-03-19,296,25,4,222.84,South,891.36
621,2022-03-16,525,50,1,297.69,North,297.69
622,2023-07-11,101,32,4,101.43,North,405.72
623,2022-12-29,380,12,1,138.22,South,138.22
624,2023-03-24,155,11,2,252.43,West,504.86
625,2022-09-19,594,10,2,198.54,North,397.08
626,2022-05-05,600,35,3,411.55,South,1234.65
627,2024-06-29,105,44,4,412.63,South,1650.52
628,2022-09-02,642,4,4,174.64,South,698.56
629,2023-06-26,784,42,1,230.89,North,230.89
630,2023-04-30,526,2,3,488.53,East,1465.59
631,2022-05-02,128,44,3,415.46,South,1246.3799999999999
632,2022-05-05,401,28,4,115.67,West,462.68
633,2022-06-19,572,43,2,147.31,South,294.62
634,2022-05-04,966,46,4,50.91,South,203.64
635,2024-11-24,739,47,4,342.13,South,1368.52
636,2023-10-08,529,14,5,165.28,West,826.4
637,2024-02-25,557,44,1,272.93,South,272.93
638,2022-07-20,550,29,1,386.39,West,386.39
639,2023-01-04,124,2,5,419.66,East,2098.3
640,2024-03-07,360,34,3,169.43,South,508.29
641,2022-03-18,64,33,1,126.25,North,126.25
642,2022-02-28,889,20,3,425.78,East,1277.34
643,2023-03-07,765,47,2,196.82,West,393.64
644,2023-09-30,774,30,3,412.78,West,1238.34
645,2022-04-19,956,42,1,83.38,West,83.38
646,2024-10-04,624,26,3,456.84,South,1370.52
647,2022-03-09,102,20,2,246.73,East,493.46
648,2024-12-28,561,1,5,93.37,West,466.85
649,2022-11-01,277,1,1,272.18,South,272.18
650,2023-11-05,227,25,2,436.31,West,872.62
651,2022-12-31,23,33,4,200.77,East,803.08
652,2024-03-31,844,23,5,97.25,South,486.25
653,2022-12-09,697,11,5,292.51,North,1462.55
654,2024-08-04,64,44,1,418.89,South,418.89
655,2024-06-17,157,15,2,69.46,East,138.92
656,2024-02-01,795,14,4,30.29,North,121.16
657,2022-12-07,390,1,2,37.58,West,75.16
658,2024-07-30,149,33,3,122.94,East,368.82
659,2023-01-18,839,6,1,13.58,West,13.58
660,2024-09-30,363,23,3,220.05,East,660.1500000000001
661,2022-10-27,681,26,3,351.9,West,1055.6999999999998
662,2022-05-19,464,3,5,358.12,South,1790.6
663,2022-12-25,645,46,5,321.99,North,1609.95
664,2024-04-15,399,6,3,155.14,South,465.41999999999996
665,2023-04-28,405,40,2,370.61,East,741.22
666,2024-06-27,826,25,1,292.48,North,292.48
667,2024-05-15,132,47,1,431.98,South,431.98
668,2022-05-19,197,17,2,244.22,East,488.44
669,2024-09-22,647,28,3,98.27,North,294.81
670,2023-03-11,35,32,1,320.98,South,320.98
671,2023-05-24,420,29,5,83.88,West,419.4
672,2022-09-30,377,23,4,481.94,North,1927.76
673,2022-04-14,399,41,5,354.61,West,1773.0500000000002
674,2024-02-01,220,16,2,380.6,North,761.2
675,2024-02-26,898,32,4,342.84,South,1371.36
676,2022-06-14,888,26,1,57.8,East,57.8
677,2024-09-25,697,33,1,238.0,South,238.0
678,2023-06-04,517,48,4,329.19,South,1316.76
679,2023-06-01,583,19,1,122.38,North,122.38
680,2023-10-19,342,41,4,342.96,West,1371.84
681,2023-09-05,753,17,3,411.74,South,1235.22
682,2022-06-13,863,38,2,144.72,West,289.44
683,2022-03-05,416,14,5,107.81,North,539.05
684,2022-09-24,456,18,4,442.75,East,1771.0
685,2022-09-03,297,21,4,12.55,North,50.2
686,2023-01-30,938,46,3,135.32,West,405.96
687,2023-04-21,331,39,5,209.3,West,1046.5
688,2024-09-03,705,42,3,339.41,West,1018.23
689,2024-11-09,680,48,3,498.56,South,1495.68
690,2023-07-12,339,39,2,191.7,West,383.4
691,2024-10-14,748,28,1,474.92,West,474.92
692,2024-06-01,806,20,5,189.72,South,948.6
693,2022-05-27,298,6,3,350.81,West,1052.43
694,2023-10-28,760,26,1,91.03,South,91.03
695,2023-09-12,677,6,1,235.6,East,235.6
696,2024-03-30,312,39,1,436.92,South,436.92
697,2024-05-13,583,26,1,166.8,South,166.8
698,2023-08-05,743,17,2,61.55,West,123.1
699,2024-10-19,55,40,2,266.13,North,532.26
700,2023-11-26,985,2,3,225.37,South,676.11
701,2023-02-11,694,21,1,122.47,North,122.47
702,2023-02-03,534,7,3,453.75,East,1361.25
703,2023-12-16,795,44,4,304.83,South,1219.32
704,2023-12-05,105,20,2,180.12,West,360.24
705,2024-01-31,175,3,2,498.1,East,996.2
706,2023-05-14,294,36,5,77.41,South,387.04999999999995
707,2024-08-31,880,43,4,425.5,South,1702.0
708,2022-03-23,551,44,2,123.01,West,246.02
709,2023-08-27,911,19,1,127.36,West,127.36
710,2024-02-11,375,30,1,254.1,West,254.1
711,2024-06-21,450,11,1,334.35,South,334.35
712,2022-12-31,445,13,3,348.33,North,1044.99
713,2022-06-12,60,33,2,20.84,West,41.68
714,2024-12-07,392,38,3,150.56,North,451.68
715,2023-05-26,812,48,2,333.7,West,667.4
716,2022-04-26,811,2,5,445.97,North,2229.8500000000004
717,2024-07-29,390,46,3,338.25,South,1014.75
718,2022-12-03,212,23,2,140.28,South,280.56
719,2024-05-30,667,50,5,258.81,South,1294.05
720,2024-01-07,685,49,2,327.31,North,654.62
721,2024-04-19,535,20,4,76.32,North,305.28
722,2022-05-27,240,50,3,277.0,East,831.0
723,2023-03-19,488,30,1,241.12,West,241.12
724,2024-04-16,721,15,5,174.96,North,874.8000000000001
725,2024-11-02,122,2,5,315.53,West,1577.6499999999999
726,2024-07-31,253,30,1,321.75,East,321.75
727,2022-10-14,141,25,5,486.02,East,2430.1
728,2023-12-21,452,4,1,219.87,North,219.87
729,2023-04-25,852,1,1,270.32,South,270.32
730,2022-01-22,874,8,2,87.18,North,174.36
731,2023-11-14,832,14,3,278.7,East,836.0999999999999
732,2024-06-24,153,11,4,27.68,South,110.72
733,2022-11-16,893,24,5,83.44,North,417.2
734,2022-05-06,726,24,2,93.91,South,187.82
735,2022-10-04,308,32,4,319.99,East,1279.96
736,2022-07-13,560,25,4,287.97,North,1151.88
737,2023-11-27,317,46,5,401.04,South,2005.2
738,2022-02-26,529,28,5,237.56,East,1187.8
739,2022-01-19,296,16,2,242.68,North,485.36
740,2022-09-21,843,42,5,89.16,North,445.79999999999995
741,2024-03-04,345,39,4,373.92,South,1495.68
742,2022-04-23,581,16,5,11.79,South,58.949999999999996
743,2023-06-26,597,36,2,218.2,South,436.4
744,2023-10-09,282,12,2,102.28,North,204.56
745,2023-08-02,208,12,2,387.79,South,775.58
746,2024-12-24,952,34,5,339.96,South,1699.8
747,2022-01-25,552,38,3,356.32,West,1068.96
748,2022-01-01,981,20,2,82.8,South,165.6
749,2024-06-29,96,47,3,337.72,North,1013.1600000000001
750,2022-05-21,452,15,1,348.54,North,348.54
751,2023-10-10,998,22,2,11.29,West,22.58
752,2022-07-07,762,16,3,165.62,East,496.86
753,2022-07-20,373,24,3,52.77,North,158.31
754,2022-09-14,648,3,4,343.88,West,1375.52
755,2023-07-01,73,1,3,113.93,North,341.79
756,2022-07-13,813,44,4,139.68,South,558.72
757,2023-12-04,785,47,3,48.38,South,145.14000000000001
758,2024-03-12,681,38,3,247.07,North,741.21
759,2024-07-30,333,17,1,26.19,West,26.19
760,2023-02-18,393,41,3,424.34,North,1273.02
761,2024-06-28,710,21,5,22.92,South,114.60000000000001
762,2022-07-07,859,45,5,40.2,South,201.0
763,2022-02-14,106,47,5,323.8,West,1619.0
764,2022-03-24,101,48,1,459.3,West,459.3
765,2022-12-24,359,13,3,447.14,South,1341.42
766,2024-12-25,747,2,1,50.98,East,50.98
767,2024-07-24,792,2,3,151.34,South,454.02
768,2023-01-10,329,43,4,265.31,East,1061.24
769,2022-06-11,889,25,1,23.05,West,23.05
770,2022-11-18,618,28,5,269.03,North,1345.1499999999999
771,2023-03-26,395,48,5,229.41,South,1147.05
772,2024-11-02,35,49,5,298.32,East,1491.6
773,2022-07-03,157,26,3,460.95,South,1382.85
774,2022-04-21,904,35,3,144.56,South,433.68
775,2023-05-23,273,28,1,323.16,North,323.16
776,2022-10-22,967,33,2,220.62,East,441.24
777,2024-06-22,396,18,3,223.21,West,669.63
778,2024-08-31,752,14,2,327.16,East,654.32
779,2023-09-24,207,41,2,476.15,South,952.3
780,2024-11-16,757,9,3,432.89,North,1298.67
781,2024-01-03,605,44,1,323.37,West,323.37
782,2022-11-17,621,30,2,236.15,North,472.3
783,2024-07-01,306,3,1,217.76,North,217.76
784,2023-03-13,626,34,1,395.7,South,395.7
785,2024-02-20,536,33,3,116.93,West,350.79
786,2024-12-12,805,27,2,297.96,North,595.92
787,2023-12-27,462,9,1,257.43,West,257.43
788,2022-01-31,252,13,2,328.18,West,656.36
789,2022-12-03,267,30,1,101.84,West,101.84
790,2022-07-02,867,16,3,350.92,North,1052.76
791,2024-11-12,209,42,1,317.23,North,317.23
792,2023-06-28,955,26,3,98.27,East,294.81
793,2024-10-30,567,5,3,230.31,West,690.9300000000001
794,2023-10-22,539,46,2,342.52,North,685.04
795,2022-06-09,835,27,2,451.79,North,903.58
796,2024-11-03,503,15,2,69.83,South,139.66
797,2023-02-16,956,28,4,14.28,East,57.12
798,2024-10-08,514,3,2,90.93,West,181.86
799,2022-02-22,580,41,2,494.74,North,989.48
800,2023-02-12,914,1,1,386.5,North,386.5
801,2024-04-26,148,1,4,311.04,East,1244.16
802,2024-11-11,981,6,4,75.18,East,300.72
803,2024-11-19,831,11,1,213.86,West,213.86
804,2023-12-04,974,50,2,360.47,North,720.94
805,2022-09-17,840,46,5,448.98,East,2244.9
806,2024-12-18,642,16,3,197.09,North,591.27
807,2024-02-15,986,33,4,499.85,East,1999.4
808,2024-11-01,83,24,1,78.47,North,78.47
809,2024-04-29,42,32,5,199.6,East,998.0
810,2022-12-20,156,10,3,438.94,North,1316.82
811,2024-05-22,669,25,5,328.46,East,1642.3
812,2024-09-17,453,10,2,407.35,East,814.7
813,2024-10-14,619,13,1,454.82,West,454.82
814,2022-10-21,284,1,3,258.59,North,775.77
815,2022-07-28,188,35,3,125.03,South,375.09000000000003
816,2024-03-28,617,14,2,349.92,East,699.84
817,2023-01-25,624,21,2,286.11,North,572.22
818,2022-11-21,474,48,2,388.6,South,777.2
819,2024-07-28,507,38,1,260.74,West,260.74
820,2024-06-07,133,1,4,407.44,West,1629.76
821,2023-10-30,271,20,5,451.99,South,2259.95
822,2023-09-25,622,5,1,377.3,West,377.3
823,2023-07-31,73,40,1,374.39,West,374.39
824,2022-05-17,928,44,5,297.72,North,1488.6000000000001
825,2023-03-04,436,32,3,241.1,East,723.3
826,2023-09-04,858,1,5,486.57,North,2432.85
827,2024-06-29,293,45,2,326.11,East,652.22
828,2024-03-29,655,41,3,421.77,South,1265.31
829,2022-05-21,937,40,1,257.65,East,257.65
830,2022-06-26,772,45,5,281.88,North,1409.4
831,2022-07-17,757,2,1,334.82,North,334.82
832,2023-09-16,437,31,1,366.99,West,366.99
833,2023-11-22,996,47,5,229.69,South,1148.45
834,2023-02-05,852,46,1,184.59,North,184.59
835,2023-04-16,667,26,4,127.32,East,509.28
836,2022-08-06,661,9,4,217.59,North,870.36
837,2024-07-17,60,30,1,113.51,North,113.51
838,2023-09-24,598,46,3,214.21,North,642.63
839,2024-08-08,704,8,3,438.58,West,1315.74
840,2024-06-24,327,5,3,488.76,West,1466.28
841,2022-06-24,943,39,3,292.78,East,878.3399999999999
842,2022-01-23,182,4,4,81.54,West,326.16
843,2022-08-23,799,40,3,219.5,East,658.5
844,2024-11-02,785,36,5,305.02,West,1525.1
845,2024-07-17,767,21,3,191.68,West,575.04
846,2023-06-07,434,33,5,110.53,South,552.65
847,2023-03-07,519,26,4,121.14,East,484.56
848,2024-03-03,638,40,5,242.23,West,1211.1499999999999
849,2023-06-17,83,39,5,116.05,North,580.25
850,2024-09-05,28,11,1,132.27,North,132.27
851,2024-03-20,266,21,5,437.81,West,2189.05
852,2024-07-01,283,48,1,391.74,East,391.74
853,2024-05-20,397,22,3,37.1,West,111.30000000000001
854,2023-06-24,962,49,5,166.89,East,834.4499999999999
855,2024-10-20,982,37,5,270.65,West,1353.25
856,2022-08-15,763,7,2,39.7,South,79.4
857,2024-05-22,980,42,3,344.75,East,1034.25
858,2024-06-10,700,13,5,198.38,West,991.9
859,2024-11-02,383,20,5,204.62,South,1023.1
860,2022-07-29,811,15,2,140.01,South,280.02
861,2024-01-11,581,38,1,173.63,East,173.63
862,2023-02-01,319,34,3,432.23,West,1296.69
863,2022-01-31,838,36,2,396.42,South,792.84
864,2024-06-16,611,46,3,468.53,South,1405.59
865,2023-10-11,193,25,3,352.51,North,1057.53
866,2022-11-25,227,29,1,293.16,North,293.16
867,2024-08-09,451,47,1,137.04,North,137.04
868,2023-09-13,182,28,4,336.76,East,1347.04
869,2022-06-11,932,14,2,454.02,North,908.04
870,2024-02-15,327,4,2,43.89,West,87.78
871,2022-10-01,605,38,3,227.1,South,681.3
872,2024-10-23,655,7,4,83.19,North,332.76
873,2024-11-17,203,13,4,407.2,West,1628.8
874,2022-11-22,402,17,3,310.91,West,932.73
875,2024-07-28,644,29,1,441.03,North,441.03
876,2023-06-24,472,17,4,40.92,East,163.68
877,2023-05-03,779,36,2,453.81,West,907.62
878,2024-04-01,646,19,1,42.93,East,42.93
879,2024-12-24,890,26,5,150.93,East,754.6500000000001
880,2022-12-22,179,45,4,86.52,East,346.08
881,2022-08-23,698,9,3,81.24,West,243.71999999999997
882,2022-08-15,956,2,2,94.12,North,188.24
883,2022-02-18,18,20,4,245.31,West,981.24
884,2022-04-28,463,23,3,394.34,South,1183.02
885,2022-02-23,835,18,2,450.16,South,900.32
886,2023-07-19,913,26,4,287.77,North,1151.08
887,2024-12-03,609,25,2,87.3,West,174.6
888,2022-02-22,546,17,5,48.8,West,244.0
889,2023-07-12,926,39,2,252.12,South,504.24
890,2024-05-17,403,49,3,385.04,South,1155.1200000000001
891,2023-02-02,393,10,4,313.88,West,1255.52
892,2023-11-06,936,25,3,295.56,West,886.6800000000001
893,2023-01-22,300,46,5,33.6,North,168.0
894,2022-04-21,351,28,1,211.66,West,211.66
895,2023-09-06,187,26,2,279.69,East,559.38
896,2022-01-17,347,12,3,303.16,North,909.48
897,2024-06-02,623,44,4,12.36,East,49.44
898,2023-06-25,409,49,4,107.78,South,431.12
899,2022-06-20,759,19,1,475.4,East,475.4
900,2023-02-13,71,23,4,259.24,East,1036.96
901,2024-01-10,821,14,5,354.78,South,1773.8999999999999
902,2024-05-07,944,17,1,161.01,East,161.01
903,2022-08-18,327,15,5,296.83,West,1484.1499999999999
904,2022-04-29,212,21,2,184.67,South,369.34
905,2024-02-23,309,38,5,155.51,South,777.55
906,2023-04-10,108,30,2,211.59,West,423.18
907,2022-04-14,177,19,5,235.32,North,1176.6
908,2023-11-29,427,32,1,172.26,North,172.26
909,2022-06-24,740,29,2,136.41,North,272.82
910,2024-01-15,531,22,5,315.67,South,1578.3500000000001
911,2023-10-27,834,20,5,196.56,East,982.8
912,2022-02-02,418,38,4,108.89,West,435.56
913,2022-02-24,248,38,5,381.6,East,1908.0
914,2023-06-03,209,36,4,364.63,West,1458.52
915,2024-01-26,216,1,5,444.54,North,2222.7000000000003
916,2022-01-12,713,19,3,281.96,North,845.8799999999999
917,2023-12-21,438,43,4,146.92,North,587.68
918,2023-07-09,769,26,1,433.22,West,433.22
919,2023-01-08,618,7,1,147.35,South,147.35
920,2023-04-29,988,34,2,331.24,West,662.48
921,2024-08-30,311,36,1,103.29,South,103.29
922,2023-09-15,783,6,2,318.3,North,636.6
923,2022-11-03,383,37,1,422.02,South,422.02
924,2023-04-02,981,22,4,274.57,North,1098.28
925,2022-06-09,271,9,3,240.73,East,722.1899999999999
926,2022-11-27,121,43,2,496.8,West,993.6
927,2024-02-15,407,29,3,21.0,South,63.0
928,2022-08-13,245,50,5,172.55,South,862.75
929,2024-09-09,66,17,5,460.11,South,2300.55
930,2023-12-30,942,13,3,324.89,South,974.67
931,2024-12-04,228,17,4,275.63,East,1102.52
932,2024-12-18,882,10,3,322.47,East,967.4100000000001
933,2023-10-06,137,25,3,167.75,South,503.25
934,2023-09-08,194,18,3,44.87,East,134.60999999999999
935,2022-07-14,706,49,2,144.82,North,289.64
936,2023-05-04,658,44,2,174.88,East,349.76
937,2022-06-06,657,15,3,245.13,West,735.39
938,2023-09-02,489,27,4,203.01,West,812.04
939,2023-02-16,584,19,5,265.29,North,1326.45
940,2023-04-16,354,15,5,106.08,South,530.4
941,2023-05-31,930,45,5,100.18,North,500.90000000000003
942,2023-01-28,965,7,1,182.34,North,182.34
943,2023-09-23,704,43,4,242.12,East,968.48
944,2023-08-31,556,40,2,177.45,South,354.9
945,2024-09-06,157,16,5,292.52,East,1462.6
946,2023-03-10,958,24,2,161.9,East,323.8
947,2023-06-24,476,23,2,96.81,South,193.62
948,2022-10-05,16,11,2,432.79,South,865.58
949,2022-08-21,78,24,2,108.3,East,216.6
950,2022-12-28,52,5,3,483.65,East,1450.9499999999998
951,2022-01-26,514,39,2,493.83,West,987.66
952,2024-11-14,504,48,1,351.43,North,351.43
953,2023-05-22,744,30,2,255.98,North,511.96
954,2022-09-24,61,16,5,399.76,East,1998.8
955,2023-04-06,132,20,2,437.87,East,875.74
956,2023-04-01,382,29,5,357.7,East,1788.5
957,2024-12-27,564,17,2,60.0,West,120.0
958,2024-10-03,809,19,4,11.46,East,45.84
959,2024-05-12,692,26,3,104.03,West,312.09000000000003
960,2023-05-06,543,15,5,102.38,East,511.9
961,2024-12-08,410,25,1,99.43,South,99.43
962,2023-07-18,155,15,2,259.79,West,519.58
963,2022-08-04,633,20,5,264.84,East,1324.1999999999998
964,2023-07-13,51,30,3,364.28,East,1092.84
965,2022-06-08,994,21,2,108.72,North,217.44
966,2023-05-04,95,47,3,55.4,South,166.2
967,2023-11-17,688,35,1,336.38,North,336.38
968,2024-03-04,523,44,5,247.16,East,1235.8
969,2022-01-05,904,6,1,336.5,East,336.5
970,2022-12-27,524,37,3,196.56,East,589.6800000000001
971,2023-04-04,355,11,4,377.89,West,1511.56
972,2022-09-05,45,23,4,344.47,East,1377.88
973,2024-08-03,802,44,5,328.67,West,1643.3500000000001
974,2023-02-26,205,39,2,23.51,East,47.02
975,2022-01-15,731,9,1,430.48,South,430.48
976,2024-01-06,840,18,4,194.54,South,778.16
977,2022-10-04,431,46,4,76.45,West,305.8
978,2023-03-29,256,36,2,380.24,South,760.48
979,2023-08-21,248,40,1,248.37,South,248.37
980,2023-03-22,533,48,3,25.68,South,77.03999999999999
981,2022-07-29,41,36,4,393.12,North,1572.48
982,2023-12-15,459,28,5,223.17,North,1115.85
983,2022-10-29,790,19,5,379.91,South,1899.5500000000002
984,2022-01-03,277,30,3,380.24,East,1140.72
985,2024-09-16,924,38,2,58.97,East,117.94
986,2023-06-04,195,15,2,310.48,East,620.96
987,2023-05-08,71,44,4,186.47,South,745.88
988,2023-09-12,270,12,4,277.74,South,1110.96
989,2022-11-27,335,2,4,53.39,East,213.56
990,2022-11-29,585,9,3,298.21,North,894.6299999999999
991,2022-02-19,308,35,3,390.99,North,1172.97
992,2024-05-12,427,1,4,493.54,North,1974.16
993,2022-09-29,199,46,2,166.94,North,333.88
994,2023-08-03,76,31,1,86.01,West,86.01
995,2023-07-14,787,28,4,189.29,West,757.16
996,2023-11-27,795,45,2,19.46,East,38.92
997,2023-03-22,658,37,2,210.3,West,420.6
998,2024-10-13,525,7,5,458.15,West,2290.75
999,2022-12-23,875,46,1,105.23,North,105.23
1000,2022-10-01,641,16,4,244.08,West,976.32
1001,2024-11-08,230,50,1,290.58,South,290.58
1002,2022-11-07,85,14,4,98.15,South,392.6
1003,2024-05-19,162,33,1,171.75,South,171.75
1004,2024-06-04,397,6,1,456.57,North,456.57
1005,2022-06-03,877,21,2,154.91,South,309.82
1006,2023-09-12,371,10,1,321.33,South,321.33
1007,2024-06-01,563,32,1,77.11,South,77.11
1008,2024-03-07,215,6,4,338.23,South,1352.92
1009,2022-05-05,1,2,2,146.78,East,293.56
1010,2023-09-11,983,39,1,123.32,North,123.32
1011,2022-09-02,377,49,2,70.84,North,141.68
1012,2024-04-27,412,27,2,32.94,West,65.88
1013,2023-03-26,635,14,3,484.25,North,1452.75
1014,2024-07-18,800,23,4,212.81,East,851.24
1015,2023-06-04,200,39,3,391.03,North,1173.09
1016,2022-12-28,183,21,2,460.84,East,921.68
1017,2022-01-08,410,41,1,109.97,South,109.97
1018,2023-04-23,398,30,4,436.23,East,1744.92
1019,2023-05-10,216,25,5,356.93,North,1784.65
1020,2024-04-12,752,24,4,293.21,East,1172.84
1021,2024-11-28,349,11,3,406.45,East,1219.35
1022,2023-08-16,580,35,4,64.23,South,256.92
1023,2022-07-06,831,4,1,139.16,East,139.16
1024,2024-01-24,594,37,4,74.21,East,296.84
1025,2022-04-03,654,36,5,449.03,West,2245.1499999999996
1026,2022-03-27,923,13,3,58.41,West,175.23
1027,2024-12-03,41,9,3,490.18,East,1470.54
1028,2022-05-17,751,28,2,63.85,East,127.7
1029,2023-02-25,3,46,3,334.29,North,1002.8700000000001
1030,2022-03-15,94,16,5,333.64,South,1668.1999999999998
1031,2022-06-20,59,6,5,466.31,East,2331.55
1032,2022-06-19,740,27,3,168.33,South,504.99
1033,2024-05-21,407,10,4,172.69,West,690.76
1034,2022-11-18,18,23,5,424.68,South,2123.4
1035,2023-04-01,494,21,3,489.5,North,1468.5
1036,2024-08-01,751,26,3,24.77,East,74.31
1037,2024-02-29,872,45,4,321.31,West,1285.24
1038,2023-09-05,508,3,3,129.38,East,388.14
1039,2024-06-07,586,43,1,366.7,North,366.7
1040,2022-12-15,888,35,2,388.63,West,777.26
1041,2022-01-10,332,7,5,383.64,West,1918.1999999999998
1042,2024-01-10,169,27,4,223.4,West,893.6
1043,2023-10-29,776,42,4,87.32,North,349.28
1044,2023-06-30,672,33,2,296.53,West,593.06
1045,2022-05-09,849,4,1,396.63,North,396.63
1046,2023-08-24,681,26,2,456.98,South,913.96
1047,2023-08-28,941,8,3,231.8,East,695.4000000000001
1048,2022-11-23,206,20,4,130.38,East,521.52
1049,2024-09-06,869,17,3,68.22,West,204.66
1050,2023-02-08,521,5,4,400.82,East,1603.28
1051,2023-09-21,505,49,4,272.3,West,1089.2
1052,2023-12-19,346,9,3,340.35,North,1021.0500000000001
1053,2024-11-06,304,8,2,88.03,South,176.06
1054,2022-10-01,115,7,5,13.22,South,66.10000000000001
1055,2023-11-16,664,37,5,484.11,North,2420.55
1056,2022-04-26,87,36,2,407.34,West,814.68
1057,2024-05-10,95,3,1,206.01,East,206.01
1058,2023-11-24,743,8,2,234.0,East,468.0
1059,2022-11-20,428,5,2,465.24,West,930.48
1060,2024-08-18,698,5,2,111.75,West,223.5
1061,2022-04-24,450,17,5,403.39,West,2016.9499999999998
1062,2024-12-17,626,47,4,18.79,South,75.16
1063,2022-06-03,786,27,1,439.1,South,439.1
1064,2022-11-11,976,40,1,298.75,East,298.75
1065,2024-11-30,541,39,1,244.01,West,244.01
1066,2022-04-15,715,49,3,356.16,North,1068.48
1067,2022-12-20,2,12,2,43.15,West,86.3
1068,2024-10-12,78,28,4,105.82,North,423.28
1069,2024-01-03,324,4,4,209.42,West,837.68
1070,2023-12-10,743,28,3,312.75,West,938.25
1071,2023-10-13,98,25,5,80.83,South,404.15
1072,2024-04-03,629,50,3,195.95,North,587.8499999999999
1073,2024-08-04,110,36,3,137.84,West,413.52
1074,2023-10-23,679,42,2,326.33,West,652.66
1075,2022-04-09,457,3,5,460.45,North,2302.25
1076,2023-08-11,488,31,3,91.33,East,273.99
1077,2022-10-09,809,37,4,102.74,East,410.96
1078,2023-02-07,967,12,2,304.26,North,608.52
1079,2023-12-01,371,37,5,232.25,West,1161.25
1080,2022-07-18,337,37,4,361.87,West,1447.48
1081,2022-11-23,890,4,1,151.06,South,151.06
1082,2022-06-03,599,30,2,276.96,West,553.92
1083,2023-07-06,971,38,4,199.55,East,798.2
1084,2023-02-09,22,42,3,147.82,East,443.46
1085,2023-04-07,722,38,3,367.36,West,1102.08
1086,2022-05-12,305,27,2,399.99,East,799.98
1087,2024-03-01,924,22,5,171.19,West,855.95
1088,2024-05-23,272,1,3,315.26,South,945.78
1089,2022-03-25,490,48,4,97.51,West,390.04
1090,2024-01-24,836,43,1,397.57,East,397.57
1091,2023-09-20,446,38,5,147.81,East,739.05
1092,2022-08-09,932,20,2,93.77,North,187.54
1093,2023-07-07,278,18,3,470.58,South,1411.74
1094,2022-04-22,651,6,5,217.02,North,1085.1000000000001
1095,2023-09-07,853,49,1,325.31,West,325.31
1096,2024-07-12,377,12,5,406.51,West,2032.55
1097,2023-04-20,232,17,5,346.21,North,1731.05
1098,2024-04-15,745,22,2,286.68,North,573.36
1099,2022-09-28,592,18,1,192.09,North,192.09
1100,2023-02-25,426,10,1,460.08,North,460.08
1101,2023-12-08,55,24,5,75.44,North,377.2
1102,2022-02-09,969,20,3,443.12,East,1329.3600000000001
1103,2022-07-08,803,12,5,357.83,South,1789.1499999999999
1104,2024-09-20,441,4,4,289.99,North,1159.96
1105,2023-06-20,34,42,3,169.13,South,507.39
1106,2024-10-24,329,5,2,81.56,South,163.12
1107,2022-10-17,845,26,1,227.15,West,227.15
1108,2023-03-09,454,36,3,394.04,East,1182.1200000000001
1109,2023-04-16,388,16,2,375.2,South,750.4
1110,2023-09-20,764,5,5,326.27,South,1631.35
1111,2022-10-06,430,26,2,496.32,South,992.64
1112,2024-05-26,476,19,4,486.59,South,1946.36
1113,2023-08-04,125,6,2,206.0,East,412.0
1114,2024-05-12,523,24,3,104.34,East,313.02
1115,2022-09-11,482,31,1,237.28,West,237.28
1116,2022-06-30,317,31,3,423.84,North,1271.52
1117,2023-11-12,122,7,3,234.7,West,704.0999999999999
1118,2024-04-04,547,10,1,174.63,South,174.63
1119,2023-12-01,581,39,4,373.2,West,1492.8
1120,2023-07-20,313,22,3,328.57,South,985.71
1121,2023-11-11,487,14,1,484.66,West,484.66
1122,2023-01-26,651,28,1,279.14,West,279.14
1123,2022-07-31,12,42,3,484.06,West,1452.18
1124,2023-01-19,125,22,1,152.56,East,152.56
1125,2022-12-08,811,32,5,433.76,West,2168.8
1126,2024-04-23,659,11,3,181.95,East,545.8499999999999
1127,2024-11-27,77,14,4,406.74,East,1626.96
1128,2023-02-24,580,31,5,463.73,West,2318.65
1129,2024-01-21,718,44,4,315.36,South,1261.44
1130,2022-11-02,236,4,3,366.99,East,1100.97
1131,2023-12-03,571,45,2,479.73,West,959.46
1132,2024-05-18,770,22,1,193.83,West,193.83
1133,2023-06-21,254,29,5,260.68,South,1303.4
1134,2022-07-25,904,35,3,450.16,East,1350.48
1135,2023-05-11,406,13,1,339.68,South,339.68
1136,2024-12-06,243,20,2,438.06,North,876.12
1137,2023-05-19,461,19,4,312.94,East,1251.76
1138,2024-11-11,277,15,3,372.47,North,1117.41
1139,2022-08-01,469,26,3,16.4,West,49.199999999999996
1140,2022-11-06,220,20,2,176.44,East,352.88
1141,2023-10-23,225,36,4,387.51,East,1550.04
1142,2024-01-23,925,6,3,207.96,South,623.88
1143,2022-09-29,101,15,1,187.79,North,187.79
1144,2024-07-26,854,4,2,476.26,South,952.52
1145,2022-02-01,634,6,3,280.75,West,842.25
1146,2023-03-19,730,2,4,104.32,South,417.28
1147,2022-06-11,507,36,5,241.39,South,1206.9499999999998
1148,2024-02-06,587,50,3,264.15,South,792.4499999999999
1149,2022-09-11,331,15,4,494.48,East,1977.92
1150,2023-06-05,237,12,2,361.93,West,723.86
1151,2024-09-03,994,40,4,264.51,West,1058.04
1152,2022-01-10,339,44,4,221.68,South,886.72
1153,2023-12-27,752,41,2,458.59,East,917.18
1154,2023-05-20,506,7,5,326.51,East,1632.55
1155,2024-02-24,165,22,1,184.48,South,184.48
1156,2023-03-12,846,8,5,237.67,West,1188.35
1157,2022-06-02,669,42,1,146.28,East,146.28
1158,2024-07-05,723,11,1,480.61,North,480.61
1159,2024-05-18,933,2,1,353.95,North,353.95
1160,2024-01-23,789,30,3,202.23,West,606.6899999999999
1161,2023-07-17,728,4,5,99.77,West,498.84999999999997
1162,2023-05-04,218,25,4,96.74,West,386.96
1163,2024-06-13,745,21,3,244.09,North,732.27
1164,2022-04-14,376,25,2,239.11,North,478.22
1165,2024-10-21,12,9,2,214.72,East,429.44
1166,2024-10-03,432,8,1,427.38,West,427.38
1167,2023-02-11,83,5,3,489.8,East,1469.4
1168,2022-06-16,431,46,3,183.86,North,551.58
1169,2023-05-24,625,28,2,154.36,North,308.72
1170,2022-11-09,478,2,4,387.35,North,1549.4
1171,2024-02-02,783,21,5,230.4,North,1152.0
1172,2023-11-12,707,49,5,116.61,East,583.05
1173,2023-04-22,369,8,1,98.66,North,98.66
1174,2022-03-14,653,34,1,147.48,North,147.48
1175,2023-08-05,955,23,1,10.65,West,10.65
1176,2022-09-19,969,15,2,471.3,South,942.6
1177,2022-09-02,636,27,2,220.82,South,441.64
1178,2023-07-15,141,2,5,50.6,East,253.0
1179,2022-06-24,720,28,1,90.83,North,90.83
1180,2022-04-19,627,11,3,168.44,North,505.32
1181,2022-07-02,718,46,4,280.33,South,1121.32
1182,2022-07-11,456,21,2,354.82,North,709.64
1183,2022-03-06,502,42,1,160.85,West,160.85
1184,2024-08-20,403,32,1,479.23,North,479.23
1185,2024-05-13,953,32,2,382.55,North,765.1
1186,2023-01-04,288,7,5,414.64,South,2073.2
1187,2024-04-30,355,22,5,168.59,South,842.95
1188,2022-02-12,343,14,5,196.67,North,983.3499999999999
1189,2023-05-03,149,13,5,273.65,North,1368.25
1190,2022-03-19,210,21,3,231.33,North,693.99
1191,2024-04-05,112,22,1,137.35,North,137.35
1192,2023-11-05,654,34,5,498.66,East,2493.3
1193,2023-12-02,976,10,5,425.7,South,2128.5
1194,2024-01-29,536,1,4,126.61,West,506.44
1195,2023-12-29,49,1,4,447.28,East,1789.12
1196,2024-07-13,800,24,1,297.57,East,297.57
1197,2024-06-20,331,3,2,16.16,East,32.32
1198,2024-06-07,365,31,5,179.61,East,898.0500000000001
1199,2024-09-19,11,43,3,22.61,North,67.83
1200,2022-12-05,188,41,4,53.01,North,212.04
1201,2022-07-12,509,13,5,97.7,West,488.5
1202,2022-10-10,580,4,2,247.36,West,494.72
1203,2023-01-25,445,23,3,196.83,North,590.49
1204,2024-09-26,90,6,4,83.01,North,332.04
1205,2023-06-09,622,34,2,203.33,South,406.66
1206,2023-10-21,901,41,2,159.13,West,318.26
1207,2023-12-17,676,18,3,210.98,South,632.9399999999999
1208,2024-06-09,993,36,3,94.43,West,283.29
1209,2023-03-28,448,26,4,308.76,North,1235.04
1210,2023-03-04,718,33,3,31.82,West,95.46000000000001
1211,2024-11-11,32,33,5,200.06,North,1000.3
1212,2024-06-01,327,25,3,448.49,North,1345.47
1213,2022-11-09,74,17,2,215.64,North,431.28
1214,2024-04-19,251,3,3,226.13,North,678.39
1215,2023-06-03,450,22,4,43.32,South,173.28
1216,2023-01-10,906,49,5,306.63,South,1533.15
1217,2023-03-27,355,35,3,468.84,North,1406.52
1218,2024-10-11,533,4,5,152.89,South,764.4499999999999
1219,2023-08-18,296,28,3,202.69,South,608.0699999999999
1220,2023-05-15,298,13,5,298.2,West,1491.0
1221,2023-04-09,328,30,3,55.67,East,167.01
1222,2022-04-23,302,47,3,475.64,North,1426.92
1223,2024-11-01,512,12,1,239.12,North,239.12
1224,2022-11-27,338,3,2,66.4,West,132.8
1225,2022-05-20,585,21,4,174.26,South,697.04
1226,2024-06-20,374,40,4,193.18,West,772.72
1227,2023-06-01,553,1,1,179.23,South,179.23
1228,2023-07-23,94,18,3,349.68,West,1049.04
1229,2024-04-25,132,13,2,179.31,South,358.62
1230,2024-12-28,611,7,5,168.69,South,843.45
1231,2022-04-28,910,13,1,167.82,West,167.82
1232,2024-06-06,910,17,4,391.15,North,1564.6
1233,2024-12-18,53,45,4,161.11,West,644.44
1234,2024-11-22,496,32,4,16.86,South,67.44
1235,2022-02-19,229,29,3,189.11,South,567.33
1236,2022-01-19,640,45,5,146.34,North,731.7
1237,2023-12-27,212,30,5,455.42,South,2277.1
1238,2022-07-16,797,11,5,244.17,West,1220.85
1239,2023-07-13,791,14,3,124.94,East,374.82
1240,2023-03-28,504,10,4,490.98,North,1963.92
1241,2022-10-16,495,8,4,130.9,West,523.6
1242,2023-01-26,853,31,3,383.88,South,1151.6399999999999
1243,2022-08-03,671,6,2,328.28,South,656.56
1244,2022-08-03,864,19,3,236.49,North,709.47
1245,2022-05-08,233,19,3,208.86,West,626.58
1246,2024-01-30,71,12,4,437.47,South,1749.88
1247,2023-02-08,717,39,5,242.79,West,1213.95
1248,2024-11-18,189,50,4,193.92,West,775.68
1249,2022-12-04,663,18,2,183.58,East,367.16
1250,2024-04-10,8,3,1,145.18,West,145.18
1251,2023-12-15,332,9,1,210.39,East,210.39
1252,2022-12-27,612,6,3,68.76,North,206.28000000000003
1253,2023-07-23,16,1,1,41.91,East,41.91
1254,2022-08-06,666,42,5,275.32,West,1376.6
1255,2022-07-21,669,40,4,232.59,North,930.36
1256,2022-01-17,93,29,2,94.96,East,189.92
1257,2022-11-18,262,49,2,62.33,North,124.66
1258,2023-06-02,549,35,2,80.2,South,160.4
1259,2023-11-12,161,35,4,164.47,West,657.88
1260,2023-03-01,351,30,5,231.23,South,1156.1499999999999
1261,2024-10-15,174,35,2,104.74,North,209.48
1262,2023-01-22,317,39,1,380.26,East,380.26
1263,2024-02-17,937,22,5,104.73,North,523.65
1264,2022-04-08,18,43,5,70.82,South,354.09999999999997
1265,2022-07-27,486,28,5,497.33,West,2486.65
1266,2023-08-09,367,18,2,229.38,North,458.76
1267,2022-06-15,351,32,5,93.3,South,466.5
1268,2022-01-22,528,5,2,448.33,North,896.66
1269,2022-06-03,872,34,1,123.23,North,123.23
1270,2022-08-07,435,31,1,463.53,West,463.53
1271,2023-10-31,933,46,1,68.29,East,68.29
1272,2022-08-18,270,33,1,422.49,South,422.49
1273,2022-01-20,871,4,5,100.29,North,501.45000000000005
1274,2023-07-07,68,14,5,469.79,West,2348.9500000000003
1275,2024-08-07,30,15,2,291.38,North,582.76
1276,2022-05-28,316,20,1,103.06,East,103.06
1277,2023-02-07,821,20,3,423.96,West,1271.8799999999999
1278,2023-08-19,737,49,1,201.38,West,201.38
1279,2023-01-02,164,35,4,369.08,North,1476.32
1280,2024-03-12,926,4,3,325.29,West,975.8700000000001
1281,2024-07-06,320,18,4,360.0,North,1440.0
1282,2022-03-14,14,24,3,178.42,West,535.26
1283,2023-04-26,279,27,2,470.02,North,940.04
1284,2023-07-14,432,33,5,284.31,West,1421.55
1285,2024-01-15,668,25,2,48.0,East,96.0
1286,2022-04-10,634,5,3,42.7,East,128.10000000000002
1287,2024-12-18,263,18,1,371.73,East,371.73
1288,2023-05-23,682,45,2,426.49,North,852.98
1289,2022-09-15,522,46,3,350.69,North,1052.07
1290,2023-02-17,964,20,1,145.97,North,145.97
1291,2024-12-24,172,35,5,120.69,East,603.45
1292,2023-08-18,358,6,3,287.06,West,861.1800000000001
1293,2022-09-23,13,27,4,106.42,North,425.68
1294,2024-03-31,725,28,4,195.76,North,783.04
1295,2023-10-24,673,11,4,318.06,North,1272.24
1296,2024-08-04,232,9,1,149.61,West,149.61
1297,2023-07-14,476,28,1,193.97,North,193.97
1298,2024-07-05,471,19,2,186.65,South,373.3
1299,2024-06-09,160,39,1,235.66,West,235.66
1300,2024-05-17,639,21,3,340.44,East,1021.3199999999999
1301,2023-09-02,560,31,4,393.35,West,1573.4
1302,2023-02-18,261,42,5,335.89,North,1679.4499999999998
1303,2022-01-25,573,7,4,22.82,North,91.28
1304,2022-10-11,634,37,3,449.45,East,1348.35
1305,2024-05-30,602,25,5,294.78,North,1473.8999999999999
1306,2022-10-28,359,28,2,460.92,North,921.84
1307,2024-12-27,255,36,1,482.3,North,482.3
1308,2024-10-27,602,17,3,239.24,South,717.72
1309,2024-03-27,515,26,1,459.02,South,459.02
1310,2022-03-24,280,28,2,189.04,East,378.08
1311,2022-02-15,117,37,5,137.59,East,687.95
1312,2023-09-10,610,17,3,46.08,West,138.24
1313,2024-07-16,162,49,5,231.4,North,1157.0
1314,2022-09-19,852,17,3,347.46,West,1042.3799999999999
1315,2022-06-25,887,33,2,488.65,North,977.3
1316,2023-10-19,990,34,2,265.44,West,530.88
1317,2024-04-21,298,23,2,369.89,North,739.78
1318,2023-01-05,916,30,1,449.11,West,449.11
1319,2022-02-23,297,27,4,276.16,North,1104.64
1320,2023-11-21,594,9,5,91.71,South,458.54999999999995
1321,2023-01-02,358,20,3,425.62,North,1276.8600000000001
1322,2023-10-06,660,23,5,291.35,East,1456.75
1323,2023-01-14,518,47,4,381.67,East,1526.68
1324,2022-03-14,378,19,1,332.65,West,332.65
1325,2024-07-03,697,37,1,39.91,West,39.91
1326,2024-05-09,426,45,4,92.87,South,371.48
1327,2022-02-12,764,4,3,150.26,West,450.78
1328,2023-01-12,537,13,4,149.51,East,598.04
1329,2024-11-30,553,38,1,421.21,West,421.21
1330,2022-06-19,169,12,1,303.14,East,303.14
1331,2022-07-31,515,9,5,50.85,East,254.25
1332,2022-02-08,364,15,3,199.73,South,599.1899999999999
1333,2023-01-04,683,21,3,282.6,South,847.8000000000001
1334,2024-01-27,430,15,1,133.24,North,133.24
1335,2022-05-31,569,49,4,29.52,East,118.08
1336,2024-12-06,83,5,1,196.33,West,196.33
1337,2024-10-20,330,5,5,235.98,East,1179.8999999999999
1338,2024-01-07,691,25,4,453.33,East,1813.32
1339,2022-03-10,133,24,1,455.1,North,455.1
1340,2022-10-26,598,37,3,255.2,South,765.5999999999999
1341,2024-08-01,457,31,5,241.03,North,1205.15
1342,2024-03-12,353,46,1,323.85,North,323.85
1343,2022-10-23,783,34,1,136.48,East,136.48
1344,2022-07-22,344,41,2,150.0,North,300.0
1345,2022-03-02,94,14,4,11.25,East,45.0
1346,2024-08-03,382,27,2,48.32,South,96.64
1347,2024-08-20,868,47,3,97.47,North,292.40999999999997
1348,2022-11-27,762,4,4,323.88,East,1295.52
1349,2022-12-04,295,23,5,114.2,West,571.0
1350,2023-10-01,198,38,4,70.8,North,283.2
1351,2022-10-02,79,46,1,311.99,East,311.99
1352,2022-11-15,678,5,1,329.36,West,329.36
1353,2023-08-12,551,27,1,39.24,North,39.24
1354,2023-05-19,820,43,4,388.72,East,1554.88
1355,2023-01-22,214,14,1,307.02,East,307.02
1356,2024-05-19,643,7,1,204.56,East,204.56
1357,2024-04-12,669,46,2,491.76,East,983.52
1358,2024-10-11,989,45,1,15.0,South,15.0
1359,2023-08-26,894,18,2,276.98,West,553.96
1360,2023-11-22,159,32,3,88.25,West,264.75
1361,2023-05-09,834,2,4,171.37,South,685.48
1362,2023-05-05,739,41,2,75.27,South,150.54
1363,2023-12-22,557,43,4,337.43,West,1349.72
1364,2023-05-24,201,20,4,206.77,West,827.08
1365,2023-01-25,22,29,5,493.29,West,2466.4500000000003
1366,2022-10-22,339,43,2,330.39,South,660.78
1367,2024-03-06,242,26,1,459.49,East,459.49
1368,2024-05-14,741,38,5,128.01,South,640.05
1369,2023-07-03,906,1,2,166.2,West,332.4
1370,2023-10-11,238,5,2,187.71,South,375.42
1371,2023-07-22,149,14,3,420.87,West,1262.6100000000001
1372,2024-05-02,785,25,1,113.72,North,113.72
1373,2024-02-09,579,48,3,473.89,East,1421.67
1374,2023-03-21,7,9,4,31.35,West,125.4
1375,2022-12-29,233,30,1,446.03,North,446.03
1376,2022-05-03,869,19,3,231.19,West,693.5699999999999
1377,2024-01-12,804,40,3,267.69,South,803.0699999999999
1378,2023-11-11,768,8,1,498.72,South,498.72
1379,2023-02-24,579,16,2,436.32,South,872.64
1380,2022-04-02,762,50,4,452.97,West,1811.88
1381,2022-03-04,77,8,5,296.91,West,1484.5500000000002
1382,2023-05-27,489,23,5,478.61,South,2393.05
1383,2024-02-11,926,9,5,347.02,East,1735.1
1384,2022-09-13,87,32,4,411.47,East,1645.88
1385,2022-05-15,764,37,1,363.26,South,363.26
1386,2024-05-24,967,34,1,392.65,West,392.65
1387,2024-04-01,222,46,1,322.61,East,322.61
1388,2022-03-29,413,18,5,365.94,South,1829.7
1389,2024-09-14,584,45,2,223.61,South,447.22
1390,2024-04-02,202,44,3,356.37,North,1069.1100000000001
1391,2024-10-23,929,15,5,145.64,South,728.1999999999999
1392,2024-08-31,571,15,4,321.12,West,1284.48
1393,2024-07-22,276,29,1,266.64,North,266.64
1394,2022-05-01,221,23,3,450.28,North,1350.84
1395,2024-11-27,157,23,1,339.88,East,339.88
1396,2024-10-04,181,1,1,302.34,North,302.34
1397,2024-07-13,725,22,1,163.41,West,163.41
1398,2023-10-07,129,7,2,432.77,East,865.54
1399,2023-12-15,243,45,3,36.54,East,109.62
1400,2024-05-09,930,32,5,450.88,South,2254.4
1401,2022-01-21,172,28,2,329.96,West,659.92
1402,2022-08-30,503,50,4,102.85,West,411.4
1403,2023-03-31,480,32,4,452.47,North,1809.88
1404,2024-08-20,877,33,5,169.91,West,849.55
1405,2023-09-13,270,43,3,92.45,East,277.35
1406,2022-10-30,421,13,5,166.38,East,831.9
1407,2024-03-13,163,28,2,480.93,West,961.86
1408,2024-08-21,955,9,3,378.85,North,1136.5500000000002
1409,2022-03-10,24,48,4,459.23,South,1836.92
1410,2022-07-15,497,43,3,156.45,West,469.34999999999997
1411,2022-05-20,193,3,3,50.4,North,151.2
1412,2022-10-10,878,17,3,285.75,North,857.25
1413,2022-11-08,390,34,5,246.67,North,1233.35
1414,2024-01-16,497,32,1,363.1,South,363.1
1415,2022-10-04,964,9,2,275.91,South,551.82
1416,2022-03-02,806,41,3,204.27,South,612.8100000000001
1417,2022-02-21,129,48,3,12.3,North,36.900000000000006
1418,2022-06-02,553,1,5,239.2,South,1196.0
1419,2023-06-28,543,49,2,69.11,North,138.22
1420,2023-07-21,36,42,2,461.78,West,923.56
1421,2023-09-14,457,20,4,461.64,North,1846.56
1422,2022-11-10,361,5,2,403.79,West,807.58
1423,2024-03-17,765,40,2,87.35,West,174.7
1424,2024-04-27,950,45,3,82.25,South,246.75
1425,2022-04-07,877,21,1,286.02,South,286.02
1426,2024-05-30,215,5,3,366.46,North,1099.3799999999999
1427,2024-04-08,287,4,5,453.22,West,2266.1000000000004
1428,2022-05-17,768,8,2,448.08,West,896.16
1429,2024-10-26,925,25,1,86.11,East,86.11
1430,2024-10-07,369,7,3,497.78,West,1493.34
1431,2022-04-19,469,37,4,86.83,South,347.32
1432,2023-07-01,899,42,5,421.66,South,2108.3
1433,2024-11-28,186,32,5,297.6,West,1488.0
1434,2023-10-24,474,17,5,342.36,West,1711.8000000000002
1435,2023-03-01,61,28,3,305.95,North,917.8499999999999
1436,2023-09-22,262,6,1,436.14,East,436.14
1437,2022-09-18,788,42,1,322.18,East,322.18
1438,2022-03-28,111,48,2,425.85,North,851.7
1439,2023-04-10,829,42,1,85.64,North,85.64
1440,2022-03-17,942,36,4,434.69,East,1738.76
1441,2023-04-16,141,2,5,496.55,East,2482.75
1442,2023-02-18,745,31,3,334.14,North,1002.42
1443,2024-04-04,535,1,5,488.42,West,2442.1
1444,2024-06-13,79,3,5,117.74,West,588.6999999999999
1445,2023-12-27,494,13,4,416.35,South,1665.4
1446,2023-04-02,31,31,5,92.83,East,464.15
1447,2023-10-15,516,29,5,262.81,East,1314.05
1448,2023-11-03,509,44,4,335.38,East,1341.52
1449,2023-05-10,971,33,4,333.53,East,1334.12
1450,2024-12-04,630,10,1,338.72,North,338.72
1451,2023-08-20,66,38,5,167.25,West,836.25
1452,2023-03-26,510,9,2,487.12,West,974.24
1453,2023-04-30,912,1,2,13.21,South,26.42
1454,2023-10-08,371,44,2,314.29,East,628.58
1455,2023-09-12,287,37,4,434.39,South,1737.56
1456,2024-11-07,176,32,5,446.65,West,2233.25
1457,2023-10-24,123,33,1,362.9,North,362.9
1458,2024-01-28,231,2,5,291.66,West,1458.3000000000002
1459,2022-10-16,555,46,2,234.09,West,468.18
1460,2023-12-22,4,2,3,230.26,North,690.78
1461,2023-09-30,702,5,2,218.3,North,436.6
1462,2022-08-23,816,10,4,352.95,West,1411.8
1463,2023-02-20,412,38,5,368.29,West,1841.45
1464,2024-07-26,250,37,4,262.23,South,1048.92
1465,2023-05-14,656,2,1,373.0,East,373.0
1466,2024-08-31,487,41,5,268.94,North,1344.7
1467,2023-09-26,345,42,5,57.7,East,288.5
1468,2024-10-16,894,40,5,427.29,South,2136.4500000000003
1469,2022-04-25,333,25,3,436.54,North,1309.6200000000001
1470,2024-07-20,453,38,5,140.57,North,702.8499999999999
1471,2023-11-05,158,37,3,395.35,East,1186.0500000000002
1472,2024-10-31,577,18,5,260.47,North,1302.3500000000001
1473,2022-07-25,837,27,2,70.77,West,141.54
1474,2022-09-04,270,20,1,205.02,South,205.02
1475,2024-01-28,587,50,5,47.51,South,237.54999999999998
1476,2022-05-27,418,34,4,395.37,North,1581.48
1477,2022-04-28,440,44,2,106.15,North,212.3
1478,2023-02-16,29,8,4,90.55,East,362.2
1479,2022-12-29,978,4,4,112.18,South,448.72
1480,2022-05-17,335,30,3,120.8,West,362.4
1481,2024-08-15,238,36,1,340.24,West,340.24
1482,2022-01-19,153,9,4,322.91,East,1291.64
1483,2022-07-14,606,41,2,73.37,South,146.74
1484,2022-11-26,749,12,1,364.97,South,364.97
1485,2022-06-24,834,14,2,181.04,West,362.08
1486,2024-09-28,115,35,4,234.16,South,936.64
1487,2023-03-25,808,6,1,71.18,South,71.18
1488,2024-08-03,731,47,5,357.23,South,1786.15
1489,2022-05-21,758,23,4,194.35,West,777.4
1490,2024-01-28,399,4,4,319.74,North,1278.96
1491,2024-07-18,32,1,3,219.34,South,658.02
1492,2022-04-03,532,9,2,33.95,North,67.9
1493,2022-08-27,53,48,5,354.71,North,1773.55
1494,2022-07-24,718,9,1,280.73,East,280.73
1495,2023-07-14,731,44,4,222.78,North,891.12
1496,2022-09-02,195,46,4,108.76,East,435.04
1497,2024-04-11,305,15,5,315.93,South,1579.65
1498,2024-07-13,707,24,4,144.85,West,579.4
1499,2022-10-22,973,48,2,220.3,North,440.6
1500,2023-10-02,345,8,1,37.68,North,37.68
1501,2024-05-05,82,28,5,390.61,West,1953.0500000000002
1502,2022-01-17,1,42,5,54.12,East,270.59999999999997
1503,2022-03-12,167,46,3,446.51,East,1339.53
1504,2022-11-01,317,17,1,435.11,East,435.11
1505,2024-10-27,183,35,5,485.83,North,2429.15
1506,2024-03-27,965,31,4,455.14,South,1820.56
1507,2024-03-31,898,4,1,485.99,East,485.99
1508,2022-07-12,862,48,2,444.77,East,889.54
1509,2023-06-13,273,14,5,65.13,West,325.65
1510,2022-06-20,669,25,2,224.46,South,448.92
1511,2022-09-08,373,46,5,47.32,South,236.6
1512,2023-06-25,362,48,4,277.2,South,1108.8
1513,2023-02-20,900,40,3,269.58,South,808.74
1514,2024-03-04,201,50,4,461.87,South,1847.48
1515,2022-01-25,192,7,2,485.15,East,970.3
1516,2023-10-30,341,31,1,137.23,West,137.23
1517,2023-09-24,299,35,2,295.33,East,590.66
1518,2023-05-20,506,38,3,237.58,South,712.74
1519,2022-12-02,588,20,5,277.9,West,1389.5
1520,2023-03-01,140,16,5,270.55,North,1352.75
1521,2023-05-14,306,22,2,457.92,North,915.84
1522,2024-08-04,196,36,1,449.1,South,449.1
1523,2023-09-22,61,19,5,70.14,East,350.7
1524,2023-12-19,988,2,5,179.1,West,895.5
1525,2022-12-05,969,4,3,378.86,West,1136.58
1526,2023-10-21,360,34,3,345.15,East,1035.4499999999998
1527,2024-08-19,307,7,1,319.28,South,319.28
1528,2023-03-05,480,47,5,496.97,North,2484.8500000000004
1529,2024-06-17,333,49,4,175.1,North,700.4
1530,2022-05-19,866,14,2,262.47,South,524.94
1531,2024-07-30,83,43,5,489.78,West,2448.8999999999996
1532,2023-06-26,334,32,2,350.82,East,701.64
1533,2022-02-26,517,17,5,327.85,South,1639.25
1534,2023-10-20,731,37,3,85.83,West,257.49
1535,2023-03-11,924,14,1,130.86,East,130.86
1536,2023-01-19,766,17,4,194.96,West,779.84
1537,2023-07-14,474,32,3,237.78,West,713.34
1538,2022-07-13,394,2,1,253.63,North,253.63
1539,2023-06-18,600,39,3,452.05,South,1356.15
1540,2023-06-02,721,4,2,62.53,West,125.06
1541,2023-12-17,692,40,5,131.69,North,658.45
1542,2024-01-21,720,30,3,80.38,South,241.14
1543,2022-07-04,785,30,1,370.3,South,370.3
1544,2022-10-19,577,33,5,485.58,East,2427.9
1545,2024-01-02,380,42,2,448.04,South,896.08
1546,2022-04-26,21,1,2,364.42,North,728.84
1547,2024-04-04,950,33,4,20.55,North,82.2
1548,2024-12-08,879,36,5,180.05,South,900.25
1549,2023-11-16,177,49,2,433.17,North,866.34
1550,2022-03-23,363,31,3,330.0,West,990.0
1551,2024-04-13,22,37,2,112.7,West,225.4
1552,2022-11-29,837,14,2,238.58,East,477.16
1553,2023-07-11,960,6,2,53.08,West,106.16
1554,2022-12-01,548,7,4,265.19,South,1060.76
1555,2023-06-16,250,40,1,451.5,West,451.5
1556,2022-08-09,661,24,2,28.97,East,57.94
1557,2023-09-27,952,50,1,310.81,North,310.81
1558,2022-11-19,73,4,5,124.22,South,621.1
1559,2022-01-03,91,25,1,495.29,East,495.29
1560,2022-07-25,176,3,5,41.9,West,209.5
1561,2022-02-09,126,28,4,312.47,South,1249.88
1562,2022-02-28,204,23,5,135.62,South,678.1
1563,2024-08-08,914,36,5,442.41,North,2212.05
1564,2023-07-28,246,48,3,69.75,West,209.25
1565,2023-10-06,611,13,4,220.33,West,881.32
1566,2024-04-22,271,22,2,100.83,West,201.66
1567,2023-09-11,44,25,4,401.73,West,1606.92
1568,2022-04-06,734,43,3,182.21,East,546.63
1569,2024-06-16,941,24,5,101.49,North,507.45
1570,2024-12-21,609,43,4,365.69,South,1462.76
1571,2023-07-15,548,37,3,410.44,West,1231.32
1572,2024-06-23,168,33,2,236.57,North,473.14
1573,2022-12-14,435,14,5,195.64,South,978.1999999999999
1574,2023-11-02,30,24,4,319.75,West,1279.0
1575,2022-11-13,794,22,4,329.18,South,1316.72
1576,2023-12-20,597,37,5,333.77,West,1668.85
1577,2024-12-07,357,23,4,145.12,West,580.48
1578,2022-09-07,491,6,5,471.24,South,2356.2
1579,2022-11-10,633,19,3,114.59,West,343.77
1580,2024-03-17,799,12,5,193.34,East,966.7
1581,2023-04-30,248,26,2,149.01,East,298.02
1582,2022-02-13,696,29,5,466.25,South,2331.25
1583,2023-07-25,253,14,4,415.9,West,1663.6
1584,2023-08-06,957,17,5,407.52,South,2037.6
1585,2024-06-13,785,30,5,12.31,North,61.550000000000004
1586,2022-08-08,721,7,5,346.09,North,1730.4499999999998
1587,2024-07-13,866,21,2,122.83,North,245.66
1588,2023-02-05,382,1,2,484.19,West,968.38
1589,2023-12-28,536,49,4,270.07,South,1080.28
1590,2024-09-17,634,38,4,286.7,North,1146.8
1591,2024-06-17,737,4,5,184.68,West,923.4000000000001
1592,2024-05-07,900,46,1,273.0,West,273.0
1593,2024-03-14,905,8,3,377.37,North,1132.1100000000001
1594,2023-05-05,898,18,5,285.34,East,1426.6999999999998
1595,2024-07-26,419,45,3,324.22,East,972.6600000000001
1596,2024-04-23,123,8,2,241.51,East,483.02
1597,2022-09-24,294,31,4,361.04,East,1444.16
1598,2022-02-23,685,31,1,450.78,South,450.78
1599,2023-06-12,143,28,4,35.02,South,140.08
1600,2023-09-08,938,48,2,62.58,North,125.16
1601,2024-12-18,899,37,5,345.95,West,1729.75
1602,2024-11-29,511,3,2,195.08,East,390.16
1603,2024-08-12,927,45,1,147.99,West,147.99
1604,2023-01-21,948,15,5,97.51,West,487.55
1605,2024-01-04,681,4,5,290.59,South,1452.9499999999998
1606,2023-12-17,57,35,1,180.29,West,180.29
1607,2023-10-12,42,34,4,258.9,West,1035.6
1608,2022-10-27,821,36,5,479.7,East,2398.5
1609,2023-01-30,631,6,4,381.55,North,1526.2
1610,2023-08-16,121,4,3,400.02,South,1200.06
1611,2023-05-29,824,49,1,70.86,East,70.86
1612,2023-01-31,763,30,3,169.24,North,507.72
1613,2023-01-06,343,39,5,62.06,East,310.3
1614,2024-05-07,332,18,1,484.58,North,484.58
1615,2024-03-01,456,22,5,344.27,East,1721.35
1616,2023-10-20,437,10,1,19.42,East,19.42
1617,2024-01-06,341,49,4,243.0,North,972.0
1618,2023-01-19,341,29,2,139.13,East,278.26
1619,2022-03-03,416,23,2,274.58,North,549.16
1620,2023-05-20,849,4,1,97.54,West,97.54
1621,2022-08-27,182,19,3,37.86,West,113.58
1622,2022-07-14,677,26,1,168.36,North,168.36
1623,2023-11-09,984,7,4,154.8,East,619.2
1624,2022-03-02,264,13,3,361.31,West,1083.93
1625,2024-09-16,210,3,1,242.53,North,242.53
1626,2023-11-16,523,40,1,152.75,South,152.75
1627,2022-06-05,182,11,5,289.51,West,1447.55
1628,2024-07-11,444,16,4,44.95,North,179.8
1629,2024-05-17,251,20,4,334.55,North,1338.2
1630,2024-06-21,138,23,2,82.17,West,164.34
1631,2024-09-25,218,23,5,147.05,East,735.25
1632,2024-09-01,751,32,3,148.24,South,444.72
1633,2023-01-23,454,41,2,238.27,North,476.54
1634,2024-06-05,883,42,4,477.05,East,1908.2
1635,2024-04-17,849,38,1,169.08,East,169.08
1636,2022-12-06,87,3,5,147.85,North,739.25
1637,2022-07-23,810,8,4,92.71,South,370.84
1638,2022-06-10,293,38,4,202.06,West,808.24
1639,2023-01-27,92,40,5,99.2,South,496.0
1640,2024-02-08,208,14,4,77.51,East,310.04
1641,2023-07-29,204,8,2,430.11,North,860.22
1642,2023-06-18,186,11,5,35.79,North,178.95
1643,2024-12-29,85,42,4,358.3,South,1433.2
1644,2024-06-11,827,42,4,109.26,South,437.04
1645,2023-02-09,664,43,5,15.74,South,78.7
1646,2023-08-31,156,33,1,399.62,North,399.62
1647,2024-04-07,293,15,3,354.12,North,1062.3600000000001
1648,2023-11-21,533,37,5,173.81,East,869.05
1649,2024-06-20,161,14,1,48.87,South,48.87
1650,2022-02-25,386,26,4,186.73,East,746.92
1651,2023-01-01,485,8,2,98.85,East,197.7
1652,2023-03-31,503,49,4,466.93,South,1867.72
1653,2022-04-14,851,4,4,269.52,West,1078.08
1654,2022-03-18,156,36,1,482.28,North,482.28
1655,2022-08-18,143,18,5,182.14,West,910.6999999999999
1656,2022-11-27,769,27,3,282.67,North,848.01
1657,2024-06-11,619,19,3,103.16,North,309.48
1658,2023-11-19,284,3,5,406.13,North,2030.65
1659,2022-01-27,562,9,5,30.14,South,150.7
1660,2022-10-26,35,39,2,350.85,South,701.7
1661,2024-08-14,224,2,5,201.91,South,1009.55
1662,2024-03-09,668,9,2,293.42,North,586.84
1663,2023-04-25,393,6,5,300.21,South,1501.05
1664,2023-07-27,408,38,2,358.29,East,716.58
1665,2023-04-03,703,28,5,110.09,West,550.45
1666,2022-12-31,388,48,5,270.38,East,1351.9
1667,2024-05-08,696,34,3,219.19,North,657.5699999999999
1668,2022-12-17,749,29,4,148.27,South,593.08
1669,2022-09-10,297,48,4,252.91,East,1011.64
1670,2024-02-20,323,3,2,476.49,West,952.98
1671,2024-03-13,816,16,1,474.95,North,474.95
1672,2024-10-08,854,44,3,146.62,North,439.86
1673,2023-04-04,488,35,5,443.26,East,2216.3
1674,2024-07-05,570,11,3,439.61,North,1318.83
1675,2023-05-14,39,43,1,132.3,East,132.3
1676,2024-08-07,505,23,3,303.49,South,910.47
1677,2023-05-23,503,30,1,436.27,North,436.27
1678,2023-05-16,753,48,1,262.35,East,262.35
1679,2024-03-13,537,5,1,191.19,South,191.19
1680,2023-08-21,316,8,1,328.88,West,328.88
1681,2022-06-15,496,43,1,94.49,East,94.49
1682,2023-04-07,117,43,5,89.25,West,446.25
1683,2024-07-08,342,50,3,418.0,West,1254.0
1684,2022-04-24,882,10,4,30.52,North,122.08
1685,2024-09-18,240,28,4,403.78,East,1615.12
1686,2022-07-26,687,36,5,152.34,South,761.7
1687,2023-05-30,994,10,2,246.73,East,493.46
1688,2023-12-10,445,14,1,276.32,East,276.32
1689,2022-05-18,852,38,3,385.86,North,1157.58
1690,2022-12-05,740,37,1,443.09,North,443.09
1691,2023-06-21,997,47,1,404.07,South,404.07
1692,2022-03-09,487,5,4,290.45,North,1161.8
1693,2023-01-18,765,6,1,180.53,South,180.53
1694,2022-01-19,411,30,3,268.01,South,804.03
1695,2023-11-14,892,19,3,24.71,South,74.13
1696,2022-03-15,623,49,4,130.04,East,520.16
1697,2023-07-27,753,14,5,189.42,West,947.0999999999999
1698,2024-07-27,736,11,4,166.68,West,666.72
1699,2024-12-07,298,46,4,56.62,North,226.48
1700,2022-07-30,52,5,1,34.87,East,34.87
1701,2024-05-04,733,45,2,216.15,East,432.3
1702,2023-10-13,304,31,5,46.65,West,233.25
1703,2024-09-20,288,44,5,150.24,West,751.2
1704,2023-11-26,664,32,5,242.66,East,1213.3
1705,2023-06-24,899,24,1,112.88,East,112.88
1706,2024-06-19,118,10,4,48.97,East,195.88
1707,2024-02-19,923,13,1,221.75,North,221.75
1708,2022-06-19,969,47,3,229.75,West,689.25
1709,2024-11-03,424,13,2,458.65,North,917.3
1710,2022-10-15,791,36,2,72.64,South,145.28
1711,2022-07-08,647,22,1,311.35,West,311.35
1712,2024-07-02,209,9,4,166.65,North,666.6
1713,2023-11-25,127,19,5,70.56,East,352.8
1714,2024-06-06,293,7,3,202.64,West,607.92
1715,2023-04-16,519,15,3,219.69,East,659.0699999999999
1716,2022-10-04,222,17,2,188.15,West,376.3
1717,2024-07-28,77,46,4,385.21,South,1540.84
1718,2023-07-25,338,14,5,421.21,North,2106.0499999999997
1719,2024-05-06,863,41,2,82.88,North,165.76
1720,2024-09-27,790,48,4,92.27,South,369.08
1721,2023-04-03,846,2,5,216.4,East,1082.0
1722,2024-07-06,850,14,1,166.89,East,166.89
1723,2024-04-12,739,4,4,411.59,West,1646.36
1724,2024-12-23,913,3,3,498.44,West,1495.32
1725,2024-04-18,275,3,4,98.74,West,394.96
1726,2022-07-12,863,11,4,383.65,West,1534.6
1727,2023-09-08,807,5,4,307.55,East,1230.2
1728,2023-02-10,117,48,5,325.77,East,1628.85
1729,2024-07-31,292,29,5,139.58,East,697.9000000000001
1730,2023-12-22,271,28,1,57.63,North,57.63
1731,2022-04-03,447,23,1,276.2,South,276.2
1732,2023-03-06,157,30,5,310.62,South,1553.1
1733,2023-10-16,572,23,5,481.89,North,2409.45
1734,2023-03-10,184,41,2,340.86,North,681.72
1735,2023-01-10,424,22,4,227.41,North,909.64
1736,2024-12-18,656,43,4,497.06,East,1988.24
1737,2024-12-02,673,12,3,192.89,West,578.67
1738,2022-07-26,601,27,5,89.65,West,448.25
1739,2024-02-19,16,40,5,312.81,West,1564.05
1740,2023-06-16,926,46,1,140.46,South,140.46
1741,2022-06-15,761,49,1,461.88,West,461.88
1742,2023-10-05,98,15,4,219.66,North,878.64
1743,2022-03-31,962,47,4,83.31,North,333.24
1744,2022-01-13,616,23,5,79.4,South,397.0
1745,2024-08-30,300,44,4,328.32,North,1313.28
1746,2024-03-15,747,41,5,189.29,East,946.4499999999999
1747,2024-08-02,422,44,3,188.23,North,564.6899999999999
1748,2024-01-12,307,19,3,310.04,North,930.1200000000001
1749,2024-05-25,956,44,2,118.54,North,237.08
1750,2023-10-22,274,11,1,81.26,South,81.26
1751,2024-10-28,261,38,2,332.06,East,664.12
1752,2024-11-18,239,40,3,12.57,North,37.71
1753,2022-10-23,936,43,4,454.61,East,1818.44
1754,2024-09-12,774,3,1,99.66,East,99.66
1755,2024-07-14,332,16,1,229.45,West,229.45
1756,2023-10-02,115,32,2,113.62,East,227.24
1757,2022-12-06,268,38,1,116.93,East,116.93
1758,2023-09-20,12,9,3,419.15,East,1257.4499999999998
1759,2023-03-15,73,41,4,296.67,South,1186.68
1760,2024-07-30,874,38,2,162.61,West,325.22
1761,2024-04-09,406,5,4,133.04,South,532.16
1762,2023-06-03,817,1,2,114.3,East,228.6
1763,2024-09-02,178,35,5,281.68,South,1408.4
1764,2024-12-04,976,35,1,368.09,North,368.09
1765,2024-08-12,772,12,5,134.23,South,671.15
1766,2024-08-09,946,36,1,172.83,South,172.83
1767,2024-08-01,259,21,5,362.98,South,1814.9
1768,2022-06-04,400,48,4,371.27,South,1485.08
1769,2022-03-29,270,43,3,111.59,North,334.77
1770,2024-07-19,832,8,2,197.28,North,394.56
1771,2022-06-28,632,27,1,436.28,West,436.28
1772,2022-07-31,681,9,2,372.69,South,745.38
1773,2023-04-10,486,28,3,89.62,South,268.86
1774,2023-09-23,580,30,5,199.12,West,995.6
1775,2024-04-04,59,14,4,486.91,West,1947.64
1776,2023-08-30,642,23,2,267.44,West,534.88
1777,2024-06-03,887,29,5,362.48,North,1812.4
1778,2023-01-01,266,26,1,55.1,East,55.1
1779,2022-10-03,75,22,2,417.93,East,835.86
1780,2023-01-15,999,15,2,306.34,North,612.68
1781,2024-08-02,90,9,1,96.04,West,96.04
1782,2024-12-23,505,26,3,196.3,South,588.9000000000001
1783,2024-03-20,357,17,5,50.68,South,253.4
1784,2024-07-13,154,9,2,390.74,North,781.48
1785,2023-05-09,900,3,5,374.99,South,1874.95
1786,2024-12-30,218,16,4,250.21,North,1000.84
1787,2022-12-30,486,13,5,231.49,West,1157.45
1788,2023-07-24,540,26,5,237.08,East,1185.4
1789,2024-02-02,130,17,1,28.36,West,28.36
1790,2022-10-03,66,32,5,190.44,South,952.2
1791,2022-02-19,144,24,3,72.97,East,218.91
1792,2023-12-29,380,36,5,100.55,South,502.75
1793,2024-06-24,313,22,4,481.44,North,1925.76
1794,2024-07-16,407,9,5,138.27,South,691.35
1795,2023-07-18,407,22,1,246.98,South,246.98
1796,2024-02-22,973,41,4,445.02,East,1780.08
1797,2023-04-30,277,50,1,212.61,East,212.61
1798,2023-08-07,615,46,3,269.02,South,807.06
1799,2022-08-24,409,20,3,92.71,East,278.13
1800,2022-02-25,314,3,1,149.69,West,149.69
1801,2022-12-26,549,36,3,258.0,West,774.0
1802,2022-04-20,249,33,1,188.8,North,188.8
1803,2022-07-11,945,18,2,28.75,South,57.5
1804,2024-06-22,461,36,5,206.41,East,1032.05
1805,2024-05-11,399,10,2,409.4,West,818.8
1806,2023-07-22,668,36,3,66.87,West,200.61
1807,2024-12-19,451,21,1,19.18,East,19.18
1808,2023-10-12,471,25,1,68.16,South,68.16
1809,2022-02-08,644,49,1,346.57,East,346.57
1810,2024-12-08,559,40,1,399.38,North,399.38
1811,2023-09-29,434,9,5,33.88,North,169.4
1812,2024-11-02,956,48,4,444.9,West,1779.6
1813,2022-02-05,446,27,2,317.39,North,634.78
1814,2022-04-11,707,15,3,263.88,South,791.64
1815,2022-06-15,103,32,1,134.26,West,134.26
1816,2023-01-18,328,48,2,192.13,East,384.26
1817,2024-02-29,683,44,4,474.02,North,1896.08
1818,2022-01-31,601,50,2,456.66,South,913.32
1819,2022-01-11,246,39,3,316.48,South,949.44
1820,2022-04-06,58,16,1,293.67,West,293.67
1821,2023-03-29,105,28,3,113.17,East,339.51
1822,2022-07-11,692,6,1,477.11,East,477.11
1823,2023-05-01,972,6,4,380.14,West,1520.56
1824,2022-08-26,69,38,3,197.31,West,591.9300000000001
1825,2024-12-24,993,47,2,409.76,West,819.52
1826,2024-01-05,302,2,4,113.82,East,455.28
1827,2024-09-17,153,41,3,114.48,South,343.44
1828,2024-04-04,537,40,1,397.57,East,397.57
1829,2022-04-16,889,7,4,284.06,North,1136.24
1830,2022-06-30,35,27,1,282.36,East,282.36
1831,2022-07-03,957,28,5,291.1,East,1455.5
1832,2022-08-14,15,16,2,71.65,North,143.3
1833,2024-02-16,106,47,1,181.28,West,181.28
1834,2024-02-29,730,9,3,290.81,North,872.4300000000001
1835,2023-11-19,896,15,5,131.32,West,656.5999999999999
1836,2023-06-14,74,34,4,256.96,North,1027.84
1837,2024-08-29,856,20,3,282.95,North,848.8499999999999
1838,2024-07-24,931,14,4,471.98,West,1887.92
1839,2022-04-16,285,11,5,130.43,North,652.1500000000001
1840,2024-04-10,550,30,3,225.29,South,675.87
1841,2023-11-10,197,3,1,490.94,North,490.94
1842,2024-04-28,280,2,3,101.53,East,304.59000000000003
1843,2024-11-21,787,50,2,392.21,West,784.42
1844,2023-01-28,686,14,1,96.81,West,96.81
1845,2022-02-09,817,29,2,426.52,West,853.04
1846,2023-10-22,556,5,3,249.11,South,747.33
1847,2024-09-07,969,44,3,486.36,East,1459.08
1848,2024-04-24,666,46,4,93.34,North,373.36
1849,2022-07-20,153,6,3,347.08,East,1041.24
1850,2023-03-23,291,8,1,350.69,West,350.69
1851,2024-11-27,932,39,2,362.25,East,724.5
1852,2023-03-20,142,39,5,59.47,West,297.35
1853,2024-01-31,768,44,2,151.39,West,302.78
1854,2022-08-15,312,29,4,175.63,South,702.52
1855,2022-02-17,646,39,5,168.9,West,844.5
1856,2024-11-07,32,44,5,340.76,East,1703.8
1857,2024-06-30,26,27,3,36.87,South,110.60999999999999
1858,2022-07-06,911,16,4,367.74,East,1470.96
1859,2022-12-11,255,27,4,268.03,East,1072.12
1860,2022-08-12,945,39,3,94.77,North,284.31
1861,2024-04-09,735,40,1,120.8,East,120.8
1862,2023-05-03,56,1,3,57.81,South,173.43
1863,2024-05-26,293,45,4,234.94,North,939.76
1864,2024-04-28,637,33,5,301.51,West,1507.55
1865,2024-09-05,230,50,1,294.68,North,294.68
1866,2024-10-13,53,39,4,481.56,North,1926.24
1867,2022-07-07,954,27,4,155.02,North,620.08
1868,2022-09-27,101,17,3,383.42,North,1150.26
1869,2022-11-06,467,15,2,364.31,East,728.62
1870,2024-12-31,846,22,4,40.05,North,160.2
1871,2024-04-24,804,19,2,465.7,East,931.4
1872,2023-05-01,869,28,1,466.34,East,466.34
1873,2022-04-30,267,23,5,204.2,West,1021.0
1874,2022-08-08,795,36,2,214.66,East,429.32
1875,2022-02-22,2,49,2,411.6,South,823.2
1876,2024-01-28,22,39,2,252.57,West,505.14
1877,2024-01-08,578,48,2,401.61,West,803.22
1878,2023-12-21,212,49,2,27.7,East,55.4
1879,2023-02-10,236,20,1,132.63,East,132.63
1880,2023-08-31,880,47,4,54.62,North,218.48
1881,2024-10-17,529,9,5,232.56,East,1162.8
1882,2023-02-26,388,23,4,428.54,North,1714.16
1883,2023-12-13,14,45,1,289.2,South,289.2
1884,2022-09-04,519,7,1,264.96,West,264.96
1885,2022-03-13,847,31,2,189.39,West,378.78
1886,2022-07-04,222,11,1,41.17,East,41.17
1887,2022-01-06,912,40,1,385.54,West,385.54
1888,2024-06-24,616,17,2,289.68,West,579.36
1889,2023-01-22,962,36,1,466.17,South,466.17
1890,2023-11-30,403,26,1,221.66,West,221.66
1891,2024-04-06,513,36,1,206.73,North,206.73
1892,2022-12-15,287,18,3,487.43,West,1462.29
1893,2022-11-04,384,31,4,79.17,North,316.68
1894,2022-10-14,247,49,3,133.66,North,400.98
1895,2024-02-05,900,35,4,249.2,North,996.8
1896,2023-12-26,91,41,2,266.54,North,533.08
1897,2024-02-01,826,28,2,278.87,South,557.74
1898,2023-01-18,312,26,4,113.93,South,455.72
1899,2023-01-23,437,6,4,464.16,West,1856.64
1900,2023-06-09,985,34,5,354.72,South,1773.6000000000001
1901,2023-10-01,726,28,4,136.64,North,546.56
1902,2024-07-26,43,44,4,154.15,South,616.6
1903,2022-10-03,74,47,2,441.38,East,882.76
1904,2023-05-15,754,9,2,196.37,East,392.74
1905,2023-12-18,993,29,1,282.62,South,282.62
1906,2022-12-03,561,34,1,69.01,East,69.01
1907,2024-07-20,880,12,2,133.35,West,266.7
1908,2023-04-26,876,16,1,214.12,East,214.12
1909,2024-06-29,316,7,3,331.51,West,994.53
1910,2024-12-17,734,31,3,147.31,South,441.93
1911,2022-04-19,862,33,1,475.87,North,475.87
1912,2022-11-24,144,7,1,117.91,South,117.91
1913,2022-11-11,329,3,4,391.66,West,1566.64
1914,2023-11-30,209,20,4,188.65,East,754.6
1915,2024-02-20,99,5,3,418.37,South,1255.1100000000001
1916,2022-06-05,700,3,3,462.32,South,1386.96
1917,2024-06-05,114,47,4,101.64,South,406.56
1918,2024-10-22,175,38,4,250.82,West,1003.28
1919,2024-01-28,271,15,4,85.64,East,342.56
1920,2023-12-23,63,35,1,355.85,South,355.85
1921,2024-07-01,796,23,2,417.8,North,835.6
1922,2024-05-20,404,33,3,200.84,West,602.52
1923,2022-01-13,225,2,5,204.41,West,1022.05
1924,2023-08-31,959,36,4,109.88,East,439.52
1925,2023-05-13,161,21,1,160.2,North,160.2
1926,2022-08-26,36,14,3,168.71,South,506.13
1927,2024-02-20,381,14,4,86.23,East,344.92
1928,2023-08-29,653,42,1,161.88,West,161.88
1929,2023-10-23,318,11,3,454.56,North,1363.68
1930,2024-04-28,708,4,3,169.44,South,508.32
1931,2024-07-24,663,47,5,144.47,West,722.35
1932,2023-09-20,456,30,5,198.47,South,992.35
1933,2022-05-23,269,36,3,480.53,East,1441.59
1934,2023-12-15,344,20,1,384.64,North,384.64
1935,2023-04-24,40,16,4,108.85,East,435.4
1936,2023-07-19,750,34,4,378.75,South,1515.0
1937,2023-04-16,414,45,3,385.46,South,1156.3799999999999
1938,2023-01-19,380,8,4,475.57,West,1902.28
1939,2024-07-14,222,45,5,446.64,North,2233.2
1940,2023-02-21,281,20,4,56.65,North,226.6
1941,2022-11-04,225,21,2,232.74,South,465.48
1942,2023-10-11,457,40,5,354.47,South,1772.3500000000001
1943,2024-10-21,154,30,5,486.95,South,2434.75
1944,2024-12-03,280,36,3,51.73,West,155.19
1945,2024-01-09,353,5,3,190.43,South,571.29
1946,2022-05-20,39,21,4,251.19,North,1004.76
1947,2024-08-31,729,38,4,212.49,North,849.96
1948,2024-10-13,756,23,3,233.33,West,699.99
1949,2024-08-10,621,19,1,190.86,North,190.86
1950,2024-06-22,975,10,4,485.61,West,1942.44
1951,2022-03-13,573,27,1,403.59,East,403.59
1952,2022-04-17,489,35,5,370.96,South,1854.8
1953,2024-12-01,945,13,2,211.24,South,422.48
1954,2024-06-01,937,9,1,441.95,North,441.95
1955,2022-05-19,198,17,4,55.74,South,222.96
1956,2023-09-07,276,31,3,80.28,North,240.84
1957,2024-05-12,172,42,3,477.49,South,1432.47
1958,2022-09-30,784,44,2,287.82,West,575.64
1959,2023-02-20,508,45,2,88.13,South,176.26
1960,2023-05-21,405,24,5,475.08,West,2375.4
1961,2024-01-03,271,42,1,487.67,South,487.67
1962,2023-02-28,935,19,2,441.93,West,883.86
1963,2023-01-25,554,49,5,126.89,West,634.45
1964,2022-12-08,701,30,5,146.46,East,732.3000000000001
1965,2024-08-03,772,5,5,209.42,North,1047.1
1966,2023-09-06,664,8,4,293.87,South,1175.48
1967,2023-05-08,131,37,2,496.17,South,992.34
1968,2022-07-11,626,47,3,478.51,North,1435.53
1969,2023-05-14,385,36,5,461.36,West,2306.8
1970,2024-04-01,734,25,3,53.75,East,161.25
1971,2022-08-15,397,45,4,381.01,North,1524.04
1972,2022-05-19,566,49,1,439.65,South,439.65
1973,2024-05-05,850,5,4,173.31,North,693.24
1974,2024-03-27,296,33,4,117.59,East,470.36
1975,2024-12-22,383,22,2,376.74,East,753.48
1976,2022-04-14,512,47,5,54.51,West,272.55
1977,2024-05-20,395,42,4,471.02,South,1884.08
1978,2023-10-30,554,25,5,86.48,South,432.40000000000003
1979,2022-09-30,605,43,3,234.19,West,702.5699999999999
1980,2024-10-26,260,50,1,491.57,West,491.57
1981,2022-07-03,281,29,1,494.23,North,494.23
1982,2024-11-17,356,45,3,390.24,North,1170.72
1983,2022-10-20,420,30,2,421.2,North,842.4
1984,2022-06-26,192,48,3,483.91,North,1451.73
1985,2022-02-27,637,30,3,464.44,West,1393.32
1986,2022-11-04,428,44,2,314.83,East,629.66
1987,2024-09-03,808,46,2,369.96,East,739.92
1988,2023-12-01,348,31,4,300.95,North,1203.8
1989,2022-03-24,429,34,5,258.18,North,1290.9
1990,2022-09-09,392,28,1,441.61,West,441.61
1991,2024-03-06,341,10,2,371.63,North,743.26
1992,2024-06-15,547,4,2,431.31,South,862.62
1993,2022-07-29,940,33,4,57.0,East,228.0
1994,2024-03-26,402,17,4,292.48,North,1169.92
1995,2023-09-01,47,11,5,171.46,North,857.3000000000001
1996,2023-03-23,665,7,2,261.56,East,523.12
1997,2023-04-05,750,17,2,310.35,East,620.7
1998,2024-08-25,425,28,4,424.42,South,1697.68
1999,2023-04-17,517,17,3,25.62,South,76.86
2000,2023-01-05,960,41,5,90.35,West,451.75
2001,2024-06-18,958,10,2,461.51,South,923.02
2002,2024-07-11,637,26,1,483.96,South,483.96
2003,2022-05-17,879,6,1,37.16,North,37.16
2004,2023-01-02,328,17,4,172.58,North,690.32
2005,2024-06-30,87,16,1,14.77,South,14.77
2006,2022-07-03,515,39,4,381.15,West,1524.6
2007,2023-04-17,165,26,3,344.15,West,1032.4499999999998
2008,2023-10-16,223,4,4,286.75,East,1147.0
2009,2024-01-19,861,20,2,348.91,South,697.82
2010,2023-06-21,297,49,1,273.52,East,273.52
2011,2024-03-12,916,41,2,127.03,South,254.06
2012,2024-07-08,451,11,1,379.62,South,379.62
2013,2023-05-25,343,23,1,393.81,North,393.81
2014,2023-09-22,936,33,4,428.56,South,1714.24
2015,2024-09-28,341,31,5,477.5,North,2387.5
2016,2024-07-04,461,7,1,376.3,West,376.3
2017,2024-10-30,392,22,1,36.73,West,36.73
2018,2022-06-01,901,5,5,20.21,South,101.05000000000001
2019,2024-10-25,537,37,2,372.54,West,745.08
2020,2023-04-09,551,1,1,37.46,South,37.46
2021,2022-09-28,421,6,4,164.81,East,659.24
2022,2023-04-05,381,45,5,76.72,West,383.6
2023,2022-04-15,617,47,5,484.76,South,2423.8
2024,2022-06-11,5,4,1,165.03,East,165.03
2025,2022-12-17,648,30,2,37.02,East,74.04
2026,2023-03-10,4,30,2,475.31,South,950.62
2027,2024-05-01,681,17,3,308.28,West,924.8399999999999
2028,2022-05-20,316,24,3,27.69,West,83.07000000000001
2029,2022-03-28,822,31,4,418.35,South,1673.4
2030,2022-07-02,918,28,1,84.74,North,84.74
2031,2023-01-03,78,45,2,403.19,West,806.38
2032,2022-05-09,531,43,3,305.35,West,916.0500000000001
2033,2023-11-01,717,4,1,96.79,West,96.79
2034,2022-05-29,355,39,1,378.77,South,378.77
2035,2024-09-11,836,19,2,232.71,South,465.42
2036,2024-05-01,33,24,1,322.67,South,322.67
2037,2023-09-20,662,7,5,436.06,East,2180.3
2038,2023-03-22,705,46,3,137.55,West,412.65000000000003
2039,2024-06-02,139,48,4,189.33,North,757.32
2040,2022-10-21,272,9,3,498.66,West,1495.98
2041,2022-09-07,196,22,1,258.98,East,258.98
2042,2024-05-27,127,2,5,283.67,West,1418.3500000000001
2043,2024-08-05,349,27,3,149.86,South,449.58000000000004
2044,2024-09-01,743,16,2,213.85,West,427.7
2045,2024-11-14,44,5,5,255.76,North,1278.8
2046,2024-02-28,742,12,3,136.64,West,409.91999999999996
2047,2024-09-10,728,26,1,126.69,South,126.69
2048,2024-06-07,244,15,2,304.23,West,608.46
2049,2024-06-08,9,3,1,99.99,South,99.99
2050,2022-03-11,762,9,1,281.19,East,281.19
2051,2023-09-17,712,28,2,356.04,East,712.08
2052,2024-05-24,846,39,5,107.15,East,535.75
2053,2023-04-16,79,36,3,375.48,West,1126.44
2054,2022-04-01,757,25,5,186.25,West,931.25
2055,2023-06-14,190,41,2,496.33,East,992.66
2056,2023-10-23,86,28,3,489.75,East,1469.25
2057,2024-01-09,485,47,2,401.31,South,802.62
2058,2023-12-27,271,21,4,177.93,South,711.72
2059,2024-05-21,774,29,4,469.23,North,1876.92
2060,2022-07-11,513,25,5,499.4,South,2497.0
2061,2022-05-18,20,30,2,236.52,West,473.04
2062,2022-12-11,489,39,3,311.15,East,933.4499999999999
2063,2024-10-05,932,11,5,12.93,North,64.65
2064,2023-05-18,130,19,4,31.33,East,125.32
2065,2022-07-22,838,11,4,255.29,East,1021.16
2066,2023-07-27,770,25,4,308.56,East,1234.24
2067,2022-07-11,643,1,5,163.07,West,815.3499999999999
2068,2022-01-05,7,32,3,58.57,South,175.71
2069,2022-11-07,852,21,4,393.31,South,1573.24
2070,2023-07-03,753,45,5,215.19,South,1075.95
2071,2022-02-25,704,13,5,327.94,West,1639.7
2072,2023-03-19,937,34,1,328.6,South,328.6
2073,2024-05-19,310,17,1,277.95,East,277.95
2074,2023-08-08,809,47,3,97.46,West,292.38
2075,2024-01-22,627,19,4,311.88,North,1247.52
2076,2022-12-26,901,10,1,167.82,South,167.82
2077,2024-03-29,473,42,3,411.37,West,1234.1100000000001
2078,2022-01-30,102,9,1,104.67,North,104.67
2079,2022-04-18,338,11,4,152.66,East,610.64
2080,2024-04-23,319,38,5,225.75,East,1128.75
2081,2023-12-18,513,31,4,372.61,North,1490.44
2082,2024-06-09,25,2,1,363.17,East,363.17
2083,2024-08-17,721,24,4,175.18,West,700.72
2084,2024-06-11,430,42,5,260.27,South,1301.35
2085,2024-01-02,143,47,2,124.77,East,249.54
2086,2023-08-29,709,5,5,387.48,West,1937.4
2087,2023-04-02,657,50,1,106.39,South,106.39
2088,2023-09-07,149,30,5,411.48,West,2057.4
2089,2023-11-29,693,39,3,469.06,East,1407.18
2090,2023-11-05,55,35,4,495.89,West,1983.56
2091,2023-06-27,471,48,2,429.91,South,859.82
2092,2024-05-06,363,17,2,118.63,North,237.26
2093,2024-06-15,650,31,4,214.09,East,856.36
2094,2022-10-05,209,2,4,53.53,East,214.12
2095,2023-07-06,185,16,3,90.63,South,271.89
2096,2022-04-21,65,21,5,34.35,West,171.75
2097,2023-01-20,549,30,2,324.13,South,648.26
2098,2024-01-31,112,1,1,271.26,North,271.26
2099,2023-11-25,263,14,4,459.34,South,1837.36
2100,2023-02-09,76,16,4,236.87,North,947.48
2101,2022-01-22,296,9,2,324.73,East,649.46
2102,2023-11-09,178,49,4,206.78,South,827.12
2103,2023-09-03,766,8,2,416.43,South,832.86
2104,2022-01-08,1,9,1,463.92,East,463.92
2105,2023-12-03,148,34,1,221.55,North,221.55
2106,2023-06-13,876,45,2,50.52,North,101.04
2107,2023-08-25,671,33,4,90.13,West,360.52
2108,2023-10-19,836,22,3,363.07,South,1089.21
2109,2022-06-15,986,30,3,169.38,West,508.14
2110,2024-04-28,780,7,5,394.84,East,1974.1999999999998
2111,2023-05-11,662,18,3,377.38,South,1132.1399999999999
2112,2023-08-13,129,21,4,350.21,North,1400.84
2113,2023-03-05,638,5,3,408.97,North,1226.91
2114,2024-02-13,513,7,5,380.71,North,1903.55
2115,2022-06-12,899,12,1,319.97,East,319.97
2116,2023-01-01,629,17,2,12.07,East,24.14
2117,2022-03-13,972,24,3,262.68,West,788.04
2118,2023-10-17,502,37,2,301.67,East,603.34
2119,2022-09-26,149,44,2,480.72,East,961.44
2120,2023-02-19,269,19,1,328.74,West,328.74
2121,2024-10-12,701,45,5,291.98,South,1459.9
2122,2023-11-06,653,16,4,275.18,West,1100.72
2123,2024-12-19,105,25,4,60.61,North,242.44
2124,2022-01-06,466,27,4,219.53,North,878.12
2125,2024-09-08,764,42,5,75.83,South,379.15
2126,2023-07-24,929,44,5,35.82,South,179.1
2127,2023-02-11,902,7,5,171.44,South,857.2
2128,2022-01-26,281,46,3,326.27,South,978.81
2129,2024-10-25,407,42,2,434.73,South,869.46
2130,2024-09-12,856,8,5,407.08,East,2035.3999999999999
2131,2023-01-25,613,15,5,154.4,South,772.0
2132,2023-12-11,794,16,3,32.54,East,97.62
2133,2023-07-25,900,8,2,207.31,West,414.62
2134,2024-01-24,358,36,4,164.24,West,656.96
2135,2022-05-26,675,32,1,191.92,South,191.92
2136,2024-02-24,203,17,5,283.96,South,1419.8
2137,2023-06-10,612,36,5,24.9,West,124.5
2138,2022-01-13,281,22,1,191.69,East,191.69
2139,2024-06-21,916,32,5,283.73,South,1418.65
2140,2023-01-19,257,11,5,221.18,South,1105.9
2141,2023-07-10,94,45,5,336.94,South,1684.7
2142,2024-06-05,324,6,1,101.2,West,101.2
2143,2022-01-19,791,22,3,85.38,South,256.14
2144,2023-07-29,739,14,3,160.86,West,482.58000000000004
2145,2024-01-21,362,28,1,59.85,South,59.85
2146,2024-09-30,662,39,3,125.77,West,377.31
2147,2023-02-23,351,12,4,52.58,East,210.32
2148,2023-02-23,62,27,4,206.97,South,827.88
2149,2022-05-02,641,1,1,358.61,East,358.61
2150,2023-03-08,187,10,2,150.4,West,300.8
2151,2022-02-13,580,33,5,11.83,West,59.15
2152,2023-01-16,915,16,2,282.96,South,565.92
2153,2022-05-25,542,39,5,349.05,East,1745.25
2154,2022-12-29,897,6,3,201.74,West,605.22
2155,2024-12-09,304,25,3,155.53,East,466.59000000000003
2156,2024-12-24,787,50,4,250.41,West,1001.64
2157,2022-12-21,639,20,2,59.61,East,119.22
2158,2024-03-10,436,36,1,325.52,West,325.52
2159,2024-04-05,213,23,5,369.32,West,1846.6
2160,2023-02-02,406,16,3,355.27,East,1065.81
2161,2024-05-29,818,1,5,171.05,North,855.25
2162,2023-04-08,962,30,1,422.93,North,422.93
2163,2024-03-18,134,27,5,473.96,South,2369.7999999999997
2164,2022-07-06,960,2,4,155.57,South,622.28
2165,2024-01-02,917,48,1,138.73,North,138.73
2166,2023-03-05,993,21,1,355.01,West,355.01
2167,2024-05-07,915,9,5,357.06,West,1785.3
2168,2022-08-25,219,47,5,260.1,North,1300.5
2169,2024-02-10,421,24,3,462.43,East,1387.29
2170,2024-01-28,319,48,5,81.69,East,408.45
2171,2022-05-16,157,41,1,243.91,West,243.91
2172,2024-03-02,188,39,5,27.25,East,136.25
2173,2022-06-20,476,42,3,35.8,East,107.39999999999999
2174,2022-06-08,162,7,2,36.31,South,72.62
2175,2022-07-20,129,30,4,250.98,East,1003.92
2176,2024-08-19,304,45,1,298.59,South,298.59
2177,2023-08-06,89,2,3,11.71,North,35.13
2178,2024-05-25,895,12,4,319.95,North,1279.8
2179,2023-01-06,917,13,5,249.95,West,1249.75
2180,2022-04-13,162,3,5,119.66,East,598.3
2181,2024-09-28,922,43,2,17.4,West,34.8
2182,2024-09-02,36,40,5,86.49,East,432.45
2183,2024-03-08,227,43,4,304.16,West,1216.64
2184,2023-10-20,151,18,3,332.83,West,998.49
2185,2024-05-31,593,39,2,327.06,South,654.12
2186,2024-01-03,47,44,4,85.05,South,340.2
2187,2023-02-27,716,6,3,456.5,East,1369.5
2188,2023-07-26,940,42,4,211.37,North,845.48
2189,2022-06-20,660,27,5,386.32,West,1931.6
2190,2022-06-22,231,15,4,91.58,West,366.32
2191,2023-10-25,539,15,2,240.58,East,481.16
2192,2023-03-29,701,19,4,265.55,North,1062.2
2193,2022-12-16,165,38,1,387.47,North,387.47
2194,2023-05-09,724,47,5,314.54,West,1572.7
2195,2023-09-12,820,20,4,205.66,East,822.64
2196,2024-10-24,587,20,3,148.43,East,445.29
2197,2024-07-07,604,18,5,486.75,West,2433.75
2198,2022-01-06,574,34,3,149.42,North,448.26
2199,2022-10-15,66,39,2,73.44,South,146.88
2200,2023-08-31,920,37,1,157.2,South,157.2
2201,2023-04-02,80,35,4,170.2,South,680.8
2202,2024-10-26,140,38,5,72.65,West,363.25
2203,2023-09-16,400,38,4,356.99,North,1427.96
2204,2023-01-11,932,1,4,313.39,North,1253.56
2205,2023-03-23,130,12,5,165.14,South,825.6999999999999
2206,2024-04-14,985,5,1,496.57,East,496.57
2207,2024-03-21,766,27,1,330.96,East,330.96
2208,2024-08-16,446,39,2,354.56,West,709.12
2209,2024-04-28,832,20,5,283.02,East,1415.1
2210,2024-03-19,29,40,5,280.27,North,1401.35
2211,2024-09-05,988,19,3,19.81,North,59.42999999999999
2212,2023-02-20,202,38,3,387.74,West,1163.22
2213,2023-12-27,237,15,3,456.26,East,1368.78
2214,2023-03-30,599,6,1,69.91,North,69.91
2215,2022-05-30,608,9,2,399.86,West,799.72
2216,2024-01-29,799,36,2,271.81,East,543.62
2217,2024-02-18,339,48,4,149.8,South,599.2
2218,2024-08-30,399,23,2,461.23,West,922.46
2219,2024-02-02,439,10,3,18.51,South,55.53
2220,2024-09-28,289,1,5,144.29,West,721.4499999999999
2221,2022-03-17,252,11,4,444.26,East,1777.04
2222,2023-08-22,977,49,1,245.7,West,245.7
2223,2022-08-13,692,50,2,303.47,North,606.94
2224,2022-04-23,100,20,5,377.39,South,1886.9499999999998
2225,2022-09-08,916,28,3,82.51,East,247.53000000000003
2226,2024-04-20,585,22,1,115.44,South,115.44
2227,2023-12-15,422,20,1,499.33,West,499.33
2228,2022-05-05,643,47,2,126.35,West,252.7
2229,2024-12-28,694,38,5,274.21,West,1371.05
2230,2024-12-06,706,16,3,156.37,West,469.11
2231,2024-06-02,18,2,3,427.2,West,1281.6
2232,2022-01-30,471,25,3,481.26,West,1443.78
2233,2022-10-08,638,27,3,79.23,North,237.69
2234,2024-07-12,723,3,2,304.28,South,608.56
2235,2023-01-03,7,23,2,407.67,West,815.34
2236,2023-05-10,419,32,5,413.28,South,2066.3999999999996
2237,2024-11-14,380,17,4,225.82,East,903.28
2238,2023-12-19,508,40,2,120.43,South,240.86
2239,2024-10-13,114,20,3,199.7,South,599.0999999999999
2240,2023-08-29,852,30,5,378.06,North,1890.3
2241,2023-01-10,511,28,3,496.95,North,1490.85
2242,2023-10-01,596,47,2,281.6,South,563.2
2243,2024-11-14,851,45,5,105.61,South,528.05
2244,2022-04-26,873,23,3,30.55,East,91.65
2245,2022-02-17,976,19,4,472.41,South,1889.64
2246,2022-04-09,614,25,1,246.69,East,246.69
2247,2023-02-09,469,24,1,361.13,North,361.13
2248,2023-11-16,93,1,3,333.49,North,1000.47
2249,2024-06-21,492,28,1,446.53,South,446.53
2250,2023-05-18,828,29,4,140.38,East,561.52
2251,2024-06-12,102,44,4,226.44,East,905.76
2252,2022-09-15,493,50,3,457.67,South,1373.01
2253,2024-04-23,763,50,4,296.93,East,1187.72
2254,2022-05-01,536,35,1,44.97,South,44.97
2255,2024-03-20,485,50,3,105.3,North,315.9
2256,2024-09-04,989,17,1,126.24,West,126.24
2257,2022-02-23,479,11,4,496.95,West,1987.8
2258,2024-10-15,877,37,4,119.83,South,479.32
2259,2024-02-23,167,7,5,436.15,West,2180.75
2260,2022-08-29,140,26,2,48.27,North,96.54
2261,2023-04-28,94,23,2,99.04,North,198.08
2262,2024-10-09,181,18,3,437.31,North,1311.93
2263,2022-07-06,576,29,1,450.48,East,450.48
2264,2023-10-18,4,39,2,96.34,East,192.68
2265,2022-09-19,606,50,3,122.63,South,367.89
2266,2024-08-10,389,34,4,269.98,East,1079.92
2267,2023-05-06,272,38,2,35.81,West,71.62
2268,2023-03-07,795,8,1,473.19,West,473.19
2269,2022-08-27,132,21,5,187.42,East,937.0999999999999
2270,2022-10-31,584,21,5,249.75,East,1248.75
2271,2022-10-25,816,49,2,61.47,North,122.94
2272,2022-03-17,904,36,5,25.95,North,129.75
2273,2024-09-25,593,17,3,239.23,North,717.6899999999999
2274,2023-10-04,512,16,1,69.62,North,69.62
2275,2024-04-06,686,15,4,318.86,North,1275.44
2276,2022-10-10,812,15,1,399.3,West,399.3
2277,2023-08-14,963,40,4,25.52,East,102.08
2278,2022-03-13,987,17,5,309.99,South,1549.95
2279,2023-12-04,52,1,3,409.66,East,1228.98
2280,2023-07-29,290,13,4,225.32,West,901.28
2281,2024-09-26,446,38,5,480.26,South,2401.3
2282,2024-06-10,237,10,4,64.49,West,257.96
2283,2022-01-12,789,33,2,168.26,North,336.52
2284,2022-05-21,491,26,1,122.74,South,122.74
2285,2022-01-17,280,12,3,498.13,West,1494.3899999999999
2286,2024-12-22,44,19,5,154.15,East,770.75
2287,2022-09-10,882,15,3,200.08,West,600.24
2288,2023-04-10,766,5,1,425.33,West,425.33
2289,2023-01-11,937,2,4,465.68,East,1862.72
2290,2024-09-07,925,14,4,469.5,East,1878.0
2291,2023-06-04,359,29,3,283.5,North,850.5
2292,2022-03-31,646,41,4,335.02,East,1340.08
2293,2023-12-21,568,1,4,181.09,East,724.36
2294,2024-03-14,526,13,4,307.51,North,1230.04
2295,2024-03-06,690,49,2,158.35,West,316.7
2296,2023-09-22,462,32,5,375.55,West,1877.75
2297,2022-03-17,101,34,5,160.53,East,802.65
2298,2024-07-14,692,14,1,440.91,North,440.91
2299,2023-02-04,984,38,4,80.31,West,321.24
2300,2024-08-27,461,38,3,290.18,West,870.54
2301,2024-12-30,769,50,4,265.13,West,1060.52
2302,2024-03-07,268,41,1,139.22,West,139.22
2303,2022-07-14,883,15,4,23.72,East,94.88
2304,2022-08-16,362,39,2,82.78,West,165.56
2305,2023-04-06,408,6,1,484.3,North,484.3
2306,2023-09-10,37,29,5,471.24,North,2356.2
2307,2024-11-10,468,37,5,68.46,East,342.29999999999995
2308,2022-03-05,966,19,2,193.68,South,387.36
2309,2022-06-14,716,1,5,237.91,West,1189.55
2310,2022-01-27,981,21,2,244.26,East,488.52
2311,2024-10-08,259,39,5,156.42,South,782.0999999999999
2312,2022-10-12,509,18,5,457.35,East,2286.75
2313,2022-10-08,667,27,4,455.16,East,1820.64
2314,2024-04-17,750,28,1,19.27,South,19.27
2315,2024-04-10,309,8,5,328.5,North,1642.5
2316,2024-07-06,612,31,1,46.44,South,46.44
2317,2022-08-12,273,12,1,302.77,West,302.77
2318,2024-02-23,625,42,5,434.78,South,2173.8999999999996
2319,2024-08-22,110,6,1,328.27,West,328.27
2320,2024-08-07,655,26,2,239.77,West,479.54
2321,2024-11-19,679,16,3,479.37,North,1438.1100000000001
2322,2022-02-14,260,30,2,375.83,East,751.66
2323,2023-04-16,657,19,5,132.16,South,660.8
2324,2022-02-03,742,18,2,199.6,West,399.2
2325,2023-10-15,907,24,3,382.34,South,1147.02
2326,2024-04-09,268,45,2,19.46,South,38.92
2327,2022-08-09,32,20,1,41.34,West,41.34
2328,2023-06-18,923,7,5,431.12,West,2155.6
2329,2023-11-23,940,7,1,31.04,East,31.04
2330,2024-07-20,811,16,1,342.47,South,342.47
2331,2024-04-20,731,42,5,166.26,West,831.3
2332,2024-10-07,177,47,5,414.69,East,2073.45
2333,2023-08-05,104,14,4,425.2,South,1700.8
2334,2022-08-27,236,12,3,477.14,South,1431.42
2335,2023-03-17,93,29,1,56.82,West,56.82
2336,2022-05-28,201,15,1,217.2,North,217.2
2337,2024-10-29,811,8,5,291.24,West,1456.2
2338,2023-01-23,899,39,5,458.87,South,2294.35
2339,2024-12-09,743,9,2,140.59,North,281.18
2340,2024-07-04,925,46,1,45.1,West,45.1
2341,2023-09-30,767,28,1,108.86,North,108.86
2342,2022-10-05,597,27,5,252.83,East,1264.15
2343,2024-09-15,35,7,1,343.71,West,343.71
2344,2023-08-12,117,44,3,348.43,South,1045.29
2345,2023-10-11,688,14,4,46.59,South,186.36
2346,2023-09-10,458,11,5,383.09,North,1915.4499999999998
2347,2022-05-15,471,32,5,333.52,North,1667.6
2348,2023-08-03,935,28,1,209.7,East,209.7
2349,2023-05-05,985,6,4,289.83,West,1159.32
2350,2023-04-23,920,35,4,386.19,East,1544.76
2351,2023-01-19,788,6,5,138.43,North,692.1500000000001
2352,2022-06-12,399,24,5,470.62,South,2353.1
2353,2023-03-17,597,9,5,77.51,East,387.55
2354,2023-02-19,117,2,3,452.09,West,1356.27
2355,2022-10-15,362,38,1,373.02,South,373.02
2356,2022-07-06,204,14,3,333.65,West,1000.9499999999999
2357,2022-05-10,146,31,5,50.62,North,253.1
2358,2022-07-13,444,30,4,460.31,North,1841.24
2359,2022-11-12,727,27,1,154.71,West,154.71
2360,2022-05-24,617,36,1,375.35,West,375.35
2361,2022-01-16,861,46,5,443.55,North,2217.75
2362,2023-02-27,297,31,5,129.7,East,648.5
2363,2022-09-02,868,42,5,458.15,East,2290.75
2364,2024-07-15,581,6,5,309.85,West,1549.25
2365,2022-05-09,487,43,5,332.93,West,1664.65
2366,2024-06-25,986,45,5,458.11,North,2290.55
2367,2024-06-05,767,18,1,268.1,West,268.1
2368,2022-12-07,231,14,3,225.92,West,677.76
2369,2022-01-04,203,20,4,320.28,South,1281.12
2370,2022-11-02,362,11,5,281.47,West,1407.3500000000001
2371,2024-06-26,395,37,4,40.12,West,160.48
2372,2023-08-30,248,40,1,98.44,West,98.44
2373,2024-09-18,440,4,4,16.65,East,66.6
2374,2022-11-17,914,44,1,63.0,North,63.0
2375,2023-07-13,396,6,2,367.63,North,735.26
2376,2023-09-10,761,23,3,12.31,South,36.93
2377,2023-12-12,656,8,2,159.16,East,318.32
2378,2023-06-15,795,30,1,230.17,East,230.17
2379,2023-02-14,356,36,2,469.53,North,939.06
2380,2024-03-28,401,42,1,170.23,West,170.23
2381,2023-05-08,241,11,2,393.73,North,787.46
2382,2022-01-12,341,47,1,210.3,West,210.3
2383,2022-07-14,887,5,3,58.26,West,174.78
2384,2023-05-05,229,3,3,58.43,East,175.29
2385,2024-03-05,543,15,3,221.89,North,665.67
2386,2024-05-30,621,2,1,38.36,South,38.36
2387,2022-07-01,931,2,4,290.09,North,1160.36
2388,2024-08-19,539,8,2,251.89,South,503.78
2389,2023-10-18,855,46,2,354.24,East,708.48
2390,2023-11-25,672,30,2,100.95,West,201.9
2391,2022-01-30,529,41,2,300.54,North,601.08
2392,2024-02-17,267,5,3,95.52,East,286.56
2393,2023-03-20,129,30,4,363.89,East,1455.56
2394,2022-10-25,220,44,2,160.51,West,321.02
2395,2024-03-18,82,10,4,311.06,South,1244.24
2396,2024-04-24,561,33,1,442.51,West,442.51
2397,2024-10-12,553,24,1,249.23,North,249.23
2398,2023-07-08,20,19,2,104.22,East,208.44
2399,2022-10-30,327,30,5,444.2,West,2221.0
2400,2023-02-25,37,25,3,185.7,South,557.0999999999999
2401,2022-07-04,382,11,2,367.82,South,735.64
2402,2023-04-13,912,49,3,166.85,South,500.54999999999995
2403,2024-01-24,39,35,2,156.13,East,312.26
2404,2022-12-29,109,1,3,324.59,West,973.77
2405,2022-12-02,429,17,5,86.59,East,432.95000000000005
2406,2022-06-11,64,31,5,434.82,South,2174.1
2407,2022-01-12,175,6,1,199.94,West,199.94
2408,2023-08-11,791,13,2,19.45,North,38.9
2409,2022-07-20,32,26,5,159.66,South,798.3
2410,2023-06-06,945,36,5,394.63,West,1973.15
2411,2023-05-20,721,5,2,431.09,East,862.18
2412,2024-02-27,891,47,2,288.26,North,576.52
2413,2024-11-28,531,14,1,154.11,West,154.11
2414,2022-03-01,106,15,5,268.65,West,1343.25
2415,2023-08-01,482,12,3,419.82,South,1259.46
2416,2022-11-17,206,50,2,164.86,West,329.72
2417,2024-07-11,247,46,2,198.86,East,397.72
2418,2023-07-23,835,42,2,274.45,East,548.9
2419,2023-06-11,679,8,2,444.7,South,889.4
2420,2023-06-08,89,31,5,295.25,North,1476.25
2421,2023-09-05,316,26,3,111.73,North,335.19
2422,2022-05-05,11,29,1,53.66,West,53.66
2423,2024-05-20,49,4,4,56.56,South,226.24
2424,2022-10-07,911,50,5,475.62,East,2378.1
2425,2024-07-05,896,28,5,412.98,South,2064.9
2426,2023-09-14,979,25,4,385.27,West,1541.08
2427,2024-04-25,573,40,4,253.22,East,1012.88
2428,2023-11-05,171,32,2,339.54,West,679.08
2429,2022-11-10,143,36,3,72.39,East,217.17000000000002
2430,2022-11-28,207,11,5,314.24,East,1571.2
2431,2022-02-05,998,37,5,407.28,East,2036.3999999999999
2432,2024-11-11,463,10,1,40.45,South,40.45
2433,2022-07-25,509,38,4,155.11,East,620.44
2434,2023-10-01,201,36,4,64.04,North,256.16
2435,2024-04-27,5,50,5,137.51,North,687.55
2436,2023-03-16,211,27,4,388.54,West,1554.16
2437,2023-12-30,984,17,2,172.7,West,345.4
2438,2024-07-29,29,7,1,347.95,South,347.95
2439,2022-06-13,190,9,5,388.92,East,1944.6000000000001
2440,2022-05-28,188,35,1,410.15,East,410.15
2441,2022-10-21,837,9,2,437.95,East,875.9
2442,2022-07-14,767,36,1,302.84,South,302.84
2443,2023-10-25,150,30,4,147.51,North,590.04
2444,2023-04-25,525,31,5,83.77,East,418.84999999999997
2445,2022-05-03,946,19,1,256.82,West,256.82
2446,2023-11-30,884,41,3,60.74,North,182.22
2447,2024-08-22,943,23,5,456.25,East,2281.25
2448,2023-10-23,366,20,1,226.82,East,226.82
2449,2023-12-11,157,6,5,437.76,North,2188.8
2450,2023-01-31,80,43,1,357.54,South,357.54
2451,2024-06-30,868,24,1,430.04,East,430.04
2452,2024-10-01,273,47,4,443.14,South,1772.56
2453,2022-11-13,660,22,1,36.11,West,36.11
2454,2023-11-12,718,6,3,365.38,East,1096.1399999999999
2455,2023-05-10,626,24,4,121.01,East,484.04
2456,2023-07-10,518,42,3,494.76,East,1484.28
2457,2023-09-02,790,22,3,391.42,East,1174.26
2458,2022-04-19,232,18,2,11.84,South,23.68
2459,2023-01-07,649,16,3,464.43,South,1393.29
2460,2024-05-04,160,36,1,153.23,North,153.23
2461,2023-09-08,344,13,5,214.16,South,1070.8
2462,2024-02-07,289,37,4,310.02,South,1240.08
2463,2022-07-25,205,24,4,458.99,West,1835.96
2464,2024-04-26,995,19,4,464.39,North,1857.56
2465,2022-02-12,838,50,5,286.1,West,1430.5
2466,2024-05-14,305,20,3,165.2,North,495.59999999999997
2467,2024-02-24,360,27,2,146.8,East,293.6
2468,2023-04-21,670,17,1,188.55,West,188.55
2469,2022-03-24,870,16,4,98.45,North,393.8
2470,2022-07-09,400,1,1,338.22,South,338.22
2471,2024-03-10,449,21,3,268.62,West,805.86
2472,2024-07-24,106,27,2,389.0,North,778.0
2473,2022-09-08,82,1,4,56.11,West,224.44
2474,2022-10-18,342,30,3,205.95,East,617.8499999999999
2475,2022-11-22,986,20,2,127.53,South,255.06
2476,2024-04-16,782,24,4,272.24,East,1088.96
2477,2023-05-23,952,46,3,239.44,South,718.3199999999999
2478,2024-01-01,421,2,1,230.29,North,230.29
2479,2022-03-13,49,15,5,164.67,North,823.3499999999999
2480,2023-10-03,206,29,4,366.15,North,1464.6
2481,2024-07-28,218,35,2,245.97,North,491.94
2482,2023-08-31,818,13,2,109.1,West,218.2
2483,2023-07-20,676,19,5,278.25,North,1391.25
2484,2022-02-23,436,1,5,302.37,South,1511.85
2485,2023-06-12,791,45,3,20.48,East,61.44
2486,2023-09-03,322,47,5,109.85,West,549.25
2487,2022-07-12,231,16,4,128.78,East,515.12
2488,2022-02-27,711,43,5,131.56,East,657.8
2489,2022-05-09,487,3,4,127.03,West,508.12
2490,2023-12-07,429,40,1,143.1,East,143.1
2491,2024-05-01,883,6,5,138.74,North,693.7
2492,2022-01-08,726,31,1,443.19,East,443.19
2493,2022-01-29,284,5,2,166.63,East,333.26
2494,2024-08-04,486,26,5,181.38,South,906.9
2495,2022-05-11,276,28,2,140.43,West,280.86
2496,2022-07-07,433,15,1,484.11,West,484.11
2497,2023-12-10,185,9,2,272.39,South,544.78
2498,2022-07-31,722,22,1,309.17,North,309.17
2499,2022-10-03,633,37,3,370.39,South,1111.17
2500,2022-08-31,216,21,1,173.52,North,173.52
2501,2024-09-13,97,42,3,484.7,East,1454.1
2502,2023-11-16,955,29,2,84.64,East,169.28
2503,2022-06-20,119,26,1,234.33,North,234.33
2504,2023-10-15,365,6,3,81.27,East,243.81
2505,2022-07-07,794,11,1,397.28,North,397.28
2506,2022-02-21,403,36,4,62.59,South,250.36
2507,2022-04-21,618,20,4,281.41,South,1125.64
2508,2024-05-26,397,44,2,61.36,East,122.72
2509,2024-12-02,458,20,4,231.8,West,927.2
2510,2022-07-30,318,27,5,147.35,South,736.75
2511,2024-05-07,382,6,3,452.62,West,1357.8600000000001
2512,2023-09-19,142,33,5,36.02,West,180.10000000000002
2513,2024-11-15,457,30,4,328.47,North,1313.88
2514,2022-10-26,501,50,2,350.67,South,701.34
2515,2024-07-12,907,34,5,445.6,East,2228.0
2516,2022-05-17,323,5,2,440.09,East,880.18
2517,2024-11-09,1000,16,1,488.76,North,488.76
2518,2023-03-16,268,12,5,134.42,West,672.0999999999999
2519,2022-07-30,803,12,1,144.66,West,144.66
2520,2024-01-22,487,11,5,204.67,South,1023.3499999999999
2521,2023-03-11,878,21,3,273.41,South,820.23
2522,2024-02-19,679,7,2,189.9,North,379.8
2523,2023-03-15,160,34,1,372.75,North,372.75
2524,2023-10-28,743,29,4,14.19,North,56.76
2525,2024-12-01,14,6,5,18.65,East,93.25
2526,2023-02-15,705,36,1,360.87,West,360.87
2527,2024-03-16,155,34,5,442.73,East,2213.65
2528,2023-09-02,101,49,5,390.51,North,1952.55
2529,2023-03-03,572,8,5,67.37,South,336.85
2530,2024-06-20,43,37,1,468.14,North,468.14
2531,2024-07-30,193,10,1,265.74,West,265.74
2532,2024-01-12,311,16,5,373.72,North,1868.6000000000001
2533,2022-11-24,621,2,4,108.51,North,434.04
2534,2022-02-21,605,19,2,278.91,North,557.82
2535,2023-01-11,728,7,5,171.73,East,858.65
2536,2022-09-20,465,2,4,487.63,East,1950.52
2537,2022-09-24,163,45,2,242.36,South,484.72
2538,2022-12-25,351,23,5,380.23,East,1901.15
2539,2023-10-14,234,31,2,305.58,West,611.16
2540,2022-02-15,928,4,5,56.21,North,281.05
2541,2023-08-23,403,16,1,276.03,North,276.03
2542,2023-12-21,351,10,5,274.71,North,1373.55
2543,2023-08-24,167,49,5,360.7,South,1803.5
2544,2023-01-16,148,21,5,167.73,East,838.65
2545,2022-04-28,28,28,5,431.72,North,2158.6000000000004
2546,2022-04-26,259,46,4,315.08,North,1260.32
2547,2022-09-17,928,12,3,29.28,North,87.84
2548,2022-11-01,598,13,4,356.35,South,1425.4
2549,2022-01-07,620,40,4,454.41,West,1817.64
2550,2023-01-01,442,17,1,344.74,East,344.74
2551,2023-06-07,950,18,5,196.2,South,981.0
2552,2023-03-05,938,10,4,299.42,East,1197.68
2553,2024-03-01,629,28,2,93.99,West,187.98
2554,2024-01-17,876,13,5,304.62,North,1523.1
2555,2023-01-02,527,34,1,255.49,West,255.49
2556,2022-11-09,998,49,1,22.82,South,22.82
2557,2023-06-22,211,6,2,167.73,West,335.46
2558,2024-07-09,830,12,1,103.71,South,103.71
2559,2024-12-13,543,29,5,201.42,South,1007.0999999999999
2560,2024-05-14,445,13,3,128.5,East,385.5
2561,2024-02-21,794,26,3,418.78,West,1256.34
2562,2022-11-30,453,4,4,351.86,South,1407.44
2563,2024-03-08,697,15,1,372.66,West,372.66
2564,2022-12-14,404,16,5,186.82,South,934.0999999999999
2565,2022-09-30,66,19,2,11.69,North,23.38
2566,2024-08-20,405,47,2,117.39,West,234.78
2567,2023-12-21,883,26,5,380.1,South,1900.5
2568,2023-05-15,828,32,5,305.39,North,1526.9499999999998
2569,2023-11-16,575,6,2,273.9,West,547.8
2570,2022-03-20,435,6,1,147.45,North,147.45
2571,2023-09-14,228,5,4,47.11,South,188.44
2572,2024-08-04,476,2,4,394.58,North,1578.32
2573,2022-12-24,468,2,4,28.94,East,115.76
2574,2023-09-10,101,37,5,38.98,East,194.89999999999998
2575,2023-05-22,423,3,2,154.52,East,309.04
2576,2023-07-30,356,6,2,290.74,West,581.48
2577,2022-09-01,139,31,2,496.19,West,992.38
2578,2023-05-21,631,43,2,54.41,North,108.82
2579,2023-02-26,569,5,2,241.85,West,483.7
2580,2022-08-05,131,50,3,304.86,West,914.58
2581,2024-10-05,549,46,5,413.32,East,2066.6
2582,2022-11-26,468,10,5,347.91,West,1739.5500000000002
2583,2023-10-12,480,27,3,405.79,East,1217.3700000000001
2584,2023-01-26,111,24,4,266.01,North,1064.04
2585,2023-01-16,153,22,1,222.65,South,222.65
2586,2024-01-12,917,25,5,313.18,North,1565.9
2587,2024-03-30,762,3,5,451.43,North,2257.15
2588,2023-11-04,242,16,3,279.92,South,839.76
2589,2023-05-28,720,30,5,306.74,East,1533.7
2590,2024-08-06,880,48,5,175.61,West,878.0500000000001
2591,2024-07-18,682,43,4,302.1,East,1208.4
2592,2024-07-01,769,4,3,317.6,West,952.8000000000001
2593,2023-10-06,279,43,5,379.18,North,1895.9
2594,2023-03-03,363,40,2,290.37,East,580.74
2595,2023-05-17,625,16,3,106.8,North,320.4
2596,2023-12-31,408,40,4,295.14,North,1180.56
2597,2022-03-12,175,41,1,155.96,West,155.96
2598,2023-04-23,601,46,5,52.79,East,263.95
2599,2023-04-02,135,8,2,414.46,North,828.92
2600,2022-07-08,506,24,2,42.38,West,84.76
2601,2022-10-18,294,16,1,319.53,East,319.53
2602,2024-07-08,495,27,3,494.36,South,1483.08
2603,2022-10-19,815,2,4,52.93,North,211.72
2604,2024-01-26,871,20,5,117.86,East,589.3
2605,2023-01-12,419,20,5,382.79,South,1913.95
2606,2023-05-23,206,20,5,57.48,North,287.4
2607,2023-06-12,318,19,2,418.04,South,836.08
2608,2023-07-13,73,18,3,10.13,North,30.39
2609,2024-11-20,259,13,1,446.07,East,446.07
2610,2022-09-17,358,17,3,42.74,South,128.22
2611,2023-02-25,148,33,4,461.77,South,1847.08
2612,2022-10-31,225,28,4,433.63,South,1734.52
2613,2024-07-30,105,5,1,274.39,East,274.39
2614,2024-11-28,556,28,2,391.19,North,782.38
2615,2023-06-26,928,25,1,46.69,East,46.69
2616,2024-12-25,356,20,4,76.22,South,304.88
2617,2022-04-18,538,21,2,190.95,South,381.9
2618,2022-09-25,816,13,3,273.35,South,820.0500000000001
2619,2022-08-10,261,6,4,435.42,West,1741.68
2620,2023-11-24,571,29,2,275.91,East,551.82
2621,2022-09-12,573,42,2,335.95,South,671.9
2622,2022-09-10,817,9,5,343.14,North,1715.6999999999998
2623,2022-09-14,926,29,3,440.01,North,1320.03
2624,2023-01-18,913,38,2,390.61,East,781.22
2625,2023-03-18,70,1,1,488.74,North,488.74
2626,2023-08-22,954,30,3,19.81,East,59.42999999999999
2627,2023-01-25,447,50,3,111.84,East,335.52
2628,2023-08-05,957,32,4,465.92,South,1863.68
2629,2024-12-03,447,23,3,398.19,East,1194.57
2630,2023-08-21,783,39,3,141.01,South,423.03
2631,2022-01-19,257,10,5,487.38,North,2436.9
2632,2023-08-30,909,44,3,436.24,North,1308.72
2633,2022-02-02,944,21,2,41.68,South,83.36
2634,2024-05-11,896,26,1,407.54,South,407.54
2635,2022-06-04,930,15,5,394.4,North,1972.0
2636,2024-06-23,637,17,5,118.36,East,591.8
2637,2023-02-09,926,35,5,337.93,West,1689.65
2638,2024-04-23,531,25,5,485.41,South,2427.05
2639,2024-01-17,119,15,4,341.18,South,1364.72
2640,2022-09-28,832,33,5,408.74,West,2043.7
2641,2024-02-09,66,11,4,58.7,South,234.8
2642,2022-06-21,245,24,4,366.45,East,1465.8
2643,2022-10-01,57,6,3,110.33,East,330.99
2644,2022-09-16,44,28,1,45.21,West,45.21
2645,2023-02-26,524,29,3,280.52,West,841.56
2646,2022-12-30,890,48,4,377.8,West,1511.2
2647,2023-01-13,424,21,3,277.9,South,833.6999999999999
2648,2023-08-03,748,12,2,466.48,West,932.96
2649,2024-06-09,536,22,5,350.88,North,1754.4
2650,2023-12-23,395,27,5,67.61,East,338.05
2651,2024-05-30,450,21,4,467.91,South,1871.64
2652,2023-08-28,257,15,3,84.92,East,254.76
2653,2022-01-22,954,18,2,381.55,North,763.1
2654,2023-01-18,796,10,2,82.79,West,165.58
2655,2022-05-14,836,22,2,499.3,East,998.6
2656,2024-11-14,361,44,4,172.77,North,691.08
2657,2023-05-18,763,20,3,253.01,West,759.03
2658,2022-05-24,606,19,2,238.75,West,477.5
2659,2022-08-12,380,28,2,59.93,West,119.86
2660,2022-08-08,443,37,3,252.07,East,756.21
2661,2022-06-28,967,50,3,83.26,South,249.78000000000003
2662,2023-03-09,892,44,5,402.97,South,2014.8500000000001
2663,2022-09-22,534,1,1,479.57,South,479.57
2664,2024-08-11,474,34,1,405.95,North,405.95
2665,2023-03-05,157,35,2,221.22,West,442.44
2666,2023-02-20,89,26,3,11.16,North,33.480000000000004
2667,2023-12-28,202,30,5,27.96,East,139.8
2668,2022-07-16,980,12,4,252.57,South,1010.28
2669,2024-12-12,462,14,1,342.95,East,342.95
2670,2023-04-25,481,39,1,411.56,North,411.56
2671,2024-06-08,709,4,3,303.77,South,911.31
2672,2024-07-13,557,12,4,489.37,East,1957.48
2673,2022-05-03,454,24,1,251.95,East,251.95
2674,2024-02-17,470,40,5,304.01,East,1520.05
2675,2022-12-14,380,31,1,122.75,East,122.75
2676,2022-01-29,401,1,3,176.43,North,529.29
2677,2024-09-01,79,37,3,344.73,North,1034.19
2678,2022-02-04,551,1,4,304.8,West,1219.2
2679,2023-09-15,936,15,1,191.13,East,191.13
2680,2023-08-12,796,13,4,64.87,North,259.48
2681,2024-12-26,386,29,1,177.88,South,177.88
2682,2024-06-22,978,45,2,31.64,South,63.28
2683,2023-06-04,667,4,1,294.58,West,294.58
2684,2022-05-02,661,15,3,168.28,East,504.84000000000003
2685,2022-12-06,343,44,3,196.13,West,588.39
2686,2022-06-24,903,40,2,291.79,South,583.58
2687,2023-08-20,445,48,1,294.83,South,294.83
2688,2023-03-27,52,12,1,298.29,West,298.29
2689,2023-07-11,251,25,3,250.88,East,752.64
2690,2024-11-05,944,27,2,249.18,North,498.36
2691,2022-01-09,894,6,3,412.4,West,1237.1999999999998
2692,2022-11-30,659,23,2,239.1,West,478.2
2693,2024-10-13,329,15,3,272.65,West,817.9499999999999
2694,2022-11-23,908,39,5,494.23,East,2471.15
2695,2022-01-15,494,5,1,98.71,West,98.71
2696,2024-04-18,350,23,4,365.95,East,1463.8
2697,2022-08-14,967,15,5,241.86,North,1209.3000000000002
2698,2022-04-23,770,25,3,416.97,North,1250.91
2699,2022-01-01,785,30,2,207.98,West,415.96
2700,2022-09-23,459,44,4,158.46,North,633.84
2701,2024-08-09,498,43,2,111.82,West,223.64
2702,2022-11-02,125,4,2,437.4,South,874.8
2703,2022-01-12,204,13,1,361.98,North,361.98
2704,2024-07-25,768,50,3,47.68,South,143.04
2705,2023-02-24,643,40,1,359.61,North,359.61
2706,2024-06-07,21,39,2,27.16,West,54.32
2707,2022-06-20,590,23,1,99.0,East,99.0
2708,2022-05-14,847,16,5,300.47,North,1502.3500000000001
2709,2024-08-22,563,35,2,237.12,East,474.24
2710,2024-11-14,362,16,2,421.84,West,843.68
2711,2023-10-20,361,48,5,307.87,West,1539.35
2712,2022-06-28,778,7,2,482.84,East,965.68
2713,2024-12-15,116,45,4,429.04,North,1716.16
2714,2022-04-21,55,13,4,176.71,South,706.84
2715,2022-05-17,292,50,3,418.73,South,1256.19
2716,2022-08-20,51,29,3,436.27,West,1308.81
2717,2024-09-18,842,39,1,485.17,West,485.17
2718,2023-04-13,785,20,1,16.16,West,16.16
2719,2024-01-02,254,50,5,438.62,South,2193.1
2720,2023-04-26,492,29,5,44.25,West,221.25
2721,2024-12-27,985,18,2,268.78,West,537.56
2722,2024-03-24,573,22,3,213.19,West,639.5699999999999
2723,2024-09-20,859,36,3,460.74,East,1382.22
2724,2022-11-19,993,41,3,208.52,West,625.5600000000001
2725,2024-07-10,971,48,3,302.06,South,906.1800000000001
2726,2024-06-22,909,36,1,349.02,East,349.02
2727,2023-08-29,961,8,4,19.32,North,77.28
2728,2023-03-05,863,3,5,299.56,South,1497.8
2729,2022-05-28,225,29,5,263.82,West,1319.1
2730,2024-04-29,469,9,3,301.06,North,903.1800000000001
2731,2023-01-02,848,8,3,47.11,North,141.32999999999998
2732,2024-04-29,103,30,1,37.22,East,37.22
2733,2024-12-25,983,12,1,97.0,West,97.0
2734,2024-03-23,970,46,5,436.06,East,2180.3
2735,2022-06-24,48,28,3,184.67,West,554.01
2736,2023-08-11,737,42,3,222.68,West,668.04
2737,2023-05-10,342,49,5,201.18,East,1005.9000000000001
2738,2024-08-30,233,43,1,360.04,West,360.04
2739,2022-02-04,582,10,5,137.14,East,685.6999999999999
2740,2024-09-25,559,13,1,43.51,South,43.51
2741,2023-06-22,228,2,1,195.31,East,195.31
2742,2024-01-20,522,1,1,366.64,North,366.64
2743,2024-11-03,697,22,3,458.33,South,1374.99
2744,2023-01-09,592,33,5,34.9,South,174.5
2745,2023-07-11,13,16,1,407.14,West,407.14
2746,2022-08-21,499,42,4,42.43,South,169.72
2747,2023-12-06,445,29,1,172.02,South,172.02
2748,2023-07-17,826,10,1,20.93,East,20.93
2749,2024-07-27,340,39,1,456.66,South,456.66
2750,2024-06-05,324,7,2,356.33,South,712.66
2751,2023-12-27,596,1,4,190.88,South,763.52
2752,2022-03-17,598,26,3,194.95,East,584.8499999999999
2753,2023-03-15,157,45,5,323.52,East,1617.6
2754,2023-11-30,656,5,5,53.93,South,269.65
2755,2024-07-03,575,35,5,81.07,South,405.34999999999997
2756,2024-06-09,431,13,3,425.14,West,1275.42
2757,2023-11-23,555,27,1,109.13,North,109.13
2758,2022-09-10,407,12,4,366.07,South,1464.28
2759,2024-11-26,158,30,5,120.64,North,603.2
2760,2023-02-14,185,50,2,53.19,North,106.38
2761,2022-05-07,798,32,2,451.02,West,902.04
2762,2023-08-15,491,31,4,451.82,South,1807.28
2763,2022-10-21,835,5,5,306.6,East,1533.0
2764,2024-10-16,952,37,1,236.4,East,236.4
2765,2022-11-06,536,2,5,280.85,South,1404.25
2766,2023-10-24,357,38,1,209.98,North,209.98
2767,2023-06-12,717,7,5,381.02,East,1905.1
2768,2023-06-24,362,1,2,379.73,East,759.46
2769,2023-02-23,224,3,3,411.3,North,1233.9
2770,2023-03-20,613,20,4,266.23,West,1064.92
2771,2023-11-16,204,2,1,402.66,West,402.66
2772,2024-04-19,8,42,3,86.3,East,258.9
2773,2022-08-24,472,43,1,24.77,North,24.77
2774,2022-08-02,172,21,4,327.55,South,1310.2
2775,2022-03-26,720,45,3,61.68,North,185.04
2776,2024-03-04,96,32,3,279.83,East,839.49
2777,2022-03-26,674,48,4,363.35,West,1453.4
2778,2022-03-06,803,20,4,209.47,South,837.88
2779,2023-10-25,608,43,1,31.5,South,31.5
2780,2023-09-19,306,50,3,444.69,East,1334.07
2781,2022-03-05,657,31,4,31.19,West,124.76
2782,2024-07-27,258,43,1,453.33,East,453.33
2783,2024-07-07,474,33,5,35.79,North,178.95
2784,2023-05-06,950,24,4,370.23,West,1480.92
2785,2022-11-09,300,18,3,463.17,West,1389.51
2786,2023-09-07,465,20,5,454.42,North,2272.1
2787,2024-07-07,614,32,4,447.76,West,1791.04
2788,2024-03-23,689,5,2,442.71,South,885.42
2789,2024-07-28,898,2,3,260.1,South,780.3000000000001
2790,2023-11-11,328,26,3,283.27,East,849.81
2791,2023-03-11,110,25,1,313.66,North,313.66
2792,2023-11-13,710,50,2,449.01,South,898.02
2793,2024-12-09,905,22,4,420.7,West,1682.8
2794,2022-12-06,129,39,2,393.66,West,787.32
2795,2022-12-13,965,22,4,341.1,East,1364.4
2796,2023-10-08,871,11,1,313.01,West,313.01
2797,2023-10-11,137,11,5,462.01,North,2310.05
2798,2022-09-02,910,45,2,104.4,South,208.8
2799,2022-04-19,539,4,3,104.44,East,313.32
2800,2023-06-17,649,33,4,491.41,East,1965.64
2801,2022-10-23,164,18,2,281.05,South,562.1
2802,2022-04-22,349,31,4,246.85,South,987.4
2803,2022-12-09,980,44,2,426.79,North,853.58
2804,2022-04-11,463,28,3,426.39,West,1279.17
2805,2023-09-21,868,42,4,96.53,West,386.12
2806,2022-01-28,643,22,4,95.05,South,380.2
2807,2024-07-25,504,40,5,399.68,West,1998.4
2808,2022-02-27,885,3,1,394.96,South,394.96
2809,2022-10-24,151,7,2,120.34,West,240.68
2810,2022-05-14,890,20,3,422.34,South,1267.02
2811,2022-09-06,246,43,5,245.23,West,1226.1499999999999
2812,2024-10-17,110,7,5,240.29,North,1201.45
2813,2023-07-04,585,7,1,492.99,East,492.99
2814,2024-06-20,798,29,3,264.42,West,793.26
2815,2024-04-13,275,26,2,77.15,South,154.3
2816,2024-02-10,870,41,4,147.28,North,589.12
2817,2022-05-26,67,3,1,173.5,North,173.5
2818,2024-06-11,50,43,4,479.65,East,1918.6
2819,2022-12-10,816,17,5,139.38,North,696.9
2820,2024-11-24,515,40,4,220.9,East,883.6
2821,2023-12-03,226,20,2,377.32,West,754.64
2822,2022-01-01,578,34,2,144.31,West,288.62
2823,2022-06-02,506,33,4,353.8,West,1415.2
2824,2023-03-05,155,16,4,111.68,South,446.72
2825,2023-05-23,983,23,1,128.83,West,128.83
2826,2023-05-06,874,4,2,493.3,East,986.6
2827,2022-12-11,480,41,4,190.78,West,763.12
2828,2022-08-09,111,40,3,367.55,North,1102.65
2829,2023-12-24,483,33,1,421.63,East,421.63
2830,2024-11-14,808,8,1,179.96,West,179.96
2831,2023-06-12,893,5,1,185.01,South,185.01
2832,2024-04-20,768,33,1,388.81,East,388.81
2833,2024-12-01,274,25,4,307.43,East,1229.72
2834,2023-04-26,155,7,5,187.26,East,936.3
2835,2024-07-18,651,47,3,377.29,South,1131.8700000000001
2836,2024-05-21,167,7,5,433.22,West,2166.1000000000004
2837,2022-12-11,19,33,5,125.17,North,625.85
2838,2022-02-14,345,41,4,21.93,North,87.72
2839,2022-01-21,903,33,1,144.33,South,144.33
2840,2024-12-29,735,29,1,340.5,North,340.5
2841,2024-05-22,569,44,4,458.47,East,1833.88
2842,2022-02-17,898,39,4,432.9,East,1731.6
2843,2023-07-05,294,41,2,118.86,North,237.72
2844,2022-10-14,645,32,1,441.69,East,441.69
2845,2024-09-28,462,37,3,407.26,South,1221.78
2846,2024-10-30,338,44,2,369.86,East,739.72
2847,2023-06-26,804,29,5,347.23,South,1736.15
2848,2024-01-26,452,22,1,405.48,West,405.48
2849,2022-10-01,344,2,4,432.25,East,1729.0
2850,2024-08-13,717,50,4,411.36,West,1645.44
2851,2023-08-23,631,9,4,69.71,North,278.84
2852,2023-01-16,765,29,1,363.86,North,363.86
2853,2023-04-24,85,33,3,422.24,East,1266.72
2854,2022-01-15,697,10,4,101.0,South,404.0
2855,2023-05-31,737,28,1,114.76,South,114.76
2856,2022-07-10,660,46,5,395.13,South,1975.65
2857,2023-09-13,389,46,2,178.53,South,357.06
2858,2022-06-03,792,39,1,205.85,South,205.85
2859,2022-09-29,227,12,1,194.81,South,194.81
2860,2022-05-23,286,22,4,114.29,South,457.16
2861,2024-12-28,284,6,2,470.01,North,940.02
2862,2022-09-04,693,45,2,404.87,West,809.74
2863,2024-02-27,947,40,4,132.76,West,531.04
2864,2022-03-20,109,23,3,61.98,North,185.94
2865,2023-09-15,135,34,1,192.58,North,192.58
2866,2023-06-09,938,42,4,213.5,North,854.0
2867,2024-02-11,291,38,3,13.48,East,40.44
2868,2024-07-26,887,16,4,444.7,South,1778.8
2869,2023-09-09,990,10,5,427.13,West,2135.65
2870,2024-10-28,802,47,3,426.58,North,1279.74
2871,2022-03-08,615,21,3,404.84,South,1214.52
2872,2022-07-10,713,10,2,369.23,South,738.46
2873,2024-02-07,508,11,1,320.92,South,320.92
2874,2023-06-05,629,21,4,480.54,South,1922.16
2875,2024-09-16,844,25,4,358.75,East,1435.0
2876,2022-09-24,822,34,1,318.82,West,318.82
2877,2023-04-30,29,31,1,396.52,South,396.52
2878,2023-01-11,394,27,2,130.67,North,261.34
2879,2023-10-15,27,25,1,483.9,North,483.9
2880,2023-07-03,467,42,5,19.39,East,96.95
2881,2022-03-14,13,32,2,327.72,East,655.44
2882,2022-11-04,554,44,3,47.78,West,143.34
2883,2022-07-18,933,11,1,428.12,South,428.12
2884,2023-07-26,445,47,3,484.14,East,1452.42
2885,2024-03-01,224,26,2,210.22,East,420.44
2886,2022-06-28,463,36,5,430.01,North,2150.05
2887,2022-07-16,21,37,5,174.5,East,872.5
2888,2024-01-05,387,33,1,88.11,North,88.11
2889,2022-03-30,648,33,5,145.56,West,727.8
2890,2024-03-09,326,42,4,157.9,West,631.6
2891,2024-02-27,733,36,2,319.03,North,638.06
2892,2024-01-18,467,13,5,400.11,North,2000.5500000000002
2893,2022-07-28,657,14,2,110.56,West,221.12
2894,2023-05-08,522,37,2,53.22,South,106.44
2895,2023-10-27,225,43,4,118.61,North,474.44
2896,2024-11-02,653,40,1,155.3,East,155.3
2897,2024-05-20,475,1,2,147.11,West,294.22
2898,2024-01-02,618,5,4,117.78,East,471.12
2899,2023-11-29,780,30,5,238.34,West,1191.7
2900,2023-08-17,706,18,3,429.43,North,1288.29
2901,2024-06-04,458,45,1,59.17,North,59.17
2902,2024-05-01,640,37,3,432.39,North,1297.17
2903,2022-11-21,213,39,4,253.53,North,1014.12
2904,2024-09-05,663,12,2,333.63,North,667.26
2905,2024-08-13,961,34,4,409.53,West,1638.12
2906,2024-06-12,481,45,1,159.12,East,159.12
2907,2022-05-24,896,14,1,477.57,South,477.57
2908,2023-01-19,180,38,5,51.03,West,255.15
2909,2022-08-04,829,16,4,268.56,North,1074.24
2910,2022-11-20,538,42,1,134.85,North,134.85
2911,2024-11-04,527,11,4,209.89,South,839.56
2912,2022-08-05,22,33,5,229.94,North,1149.7
2913,2024-08-08,345,15,5,458.11,East,2290.55
2914,2022-07-02,577,48,4,226.37,East,905.48
2915,2022-09-27,763,42,1,351.99,South,351.99
2916,2024-08-02,922,10,2,476.36,North,952.72
2917,2024-05-19,21,3,2,252.32,North,504.64
2918,2023-04-12,745,11,5,210.07,East,1050.35
2919,2022-11-01,408,11,1,486.75,East,486.75
2920,2022-04-21,487,16,5,415.56,North,2077.8
2921,2024-10-10,528,38,5,470.49,North,2352.45
2922,2022-08-20,416,30,5,204.64,North,1023.1999999999999
2923,2023-08-18,272,41,5,351.2,North,1756.0
2924,2022-06-22,205,1,4,132.31,North,529.24
2925,2024-08-30,298,38,4,434.25,East,1737.0
2926,2024-10-27,672,50,1,467.21,West,467.21
2927,2023-06-30,946,45,1,141.25,East,141.25
2928,2023-07-02,553,34,3,61.42,East,184.26
2929,2023-06-02,108,19,2,108.36,West,216.72
2930,2024-07-02,637,34,4,320.09,East,1280.36
2931,2022-08-03,152,36,1,143.37,South,143.37
2932,2022-05-14,13,4,5,322.92,East,1614.6000000000001
2933,2022-10-12,715,10,4,181.59,West,726.36
2934,2023-11-17,79,17,2,459.25,North,918.5
2935,2022-11-27,906,16,4,231.77,East,927.08
2936,2024-06-12,554,21,2,253.83,East,507.66
2937,2024-06-17,169,28,3,180.55,West,541.6500000000001
2938,2022-03-19,249,8,1,45.79,East,45.79
2939,2024-08-04,121,29,2,251.88,South,503.76
2940,2023-11-19,387,6,3,389.44,East,1168.32
2941,2022-01-21,439,30,4,476.98,East,1907.92
2942,2023-07-20,272,2,1,47.52,North,47.52
2943,2024-04-06,300,47,2,400.72,North,801.44
2944,2022-06-28,721,31,2,140.86,West,281.72
2945,2024-12-18,473,25,1,413.18,North,413.18
2946,2024-06-23,158,23,4,177.59,North,710.36
2947,2023-10-31,633,43,4,66.07,South,264.28
2948,2022-07-10,227,21,5,309.89,East,1549.4499999999998
2949,2023-12-09,421,16,4,448.01,South,1792.04
2950,2024-11-24,956,4,1,98.98,East,98.98
2951,2023-01-14,973,43,3,20.68,North,62.04
2952,2023-01-22,24,46,1,443.08,East,443.08
2953,2022-08-25,742,8,2,351.94,East,703.88
2954,2023-09-08,538,6,5,406.26,East,2031.3
2955,2022-10-10,570,27,5,39.32,South,196.6
2956,2022-01-01,777,36,3,446.32,North,1338.96
2957,2023-04-09,638,36,2,215.39,West,430.78
2958,2024-08-24,957,24,4,449.83,North,1799.32
2959,2022-06-21,787,6,4,41.81,South,167.24
2960,2024-04-22,540,43,4,443.56,South,1774.24
2961,2023-11-21,903,33,1,339.95,South,339.95
2962,2023-07-29,813,2,4,281.59,West,1126.36
2963,2022-06-14,982,41,2,40.27,West,80.54
2964,2023-01-18,128,16,5,347.32,West,1736.6
2965,2022-07-28,94,38,1,302.91,North,302.91
2966,2022-08-12,703,9,4,365.88,North,1463.52
2967,2022-01-03,421,5,2,361.19,North,722.38
2968,2023-01-07,272,10,3,227.43,South,682.29
2969,2023-09-03,484,30,2,110.29,West,220.58
2970,2022-04-26,5,7,5,460.29,West,2301.4500000000003
2971,2023-03-23,157,29,2,463.54,South,927.08
2972,2023-02-19,52,2,2,113.85,North,227.7
2973,2024-06-10,243,20,1,319.02,East,319.02
2974,2024-11-13,663,4,5,109.41,East,547.05
2975,2023-10-25,774,28,4,432.0,North,1728.0
2976,2024-12-09,420,8,5,58.12,West,290.59999999999997
2977,2023-12-19,953,35,3,495.2,East,1485.6
2978,2024-11-16,929,2,5,309.32,South,1546.6
2979,2022-09-28,817,41,1,21.23,West,21.23
2980,2023-07-16,425,28,4,442.13,North,1768.52
2981,2024-03-14,80,11,5,345.38,South,1726.9
2982,2022-09-04,695,36,4,351.69,East,1406.76
2983,2023-01-22,354,9,1,144.77,North,144.77
2984,2023-12-03,619,38,2,175.03,West,350.06
2985,2023-07-13,666,1,3,458.06,East,1374.18
2986,2024-08-30,293,27,5,321.13,South,1605.65
2987,2024-09-10,717,3,4,18.31,North,73.24
2988,2022-12-18,116,39,5,170.43,West,852.1500000000001
2989,2024-01-23,529,9,1,303.29,South,303.29
2990,2024-02-20,480,40,2,82.52,South,165.04
2991,2024-10-21,288,28,1,58.16,South,58.16
2992,2023-06-30,668,21,4,39.1,South,156.4
2993,2022-03-20,477,28,5,318.98,North,1594.9
2994,2022-11-30,25,45,4,167.09,East,668.36
2995,2024-06-07,431,24,1,193.1,West,193.1
2996,2023-05-17,278,18,5,39.42,West,197.10000000000002
2997,2024-02-04,987,9,4,371.63,East,1486.52
2998,2024-07-09,317,26,5,385.71,South,1928.55
2999,2023-07-04,638,24,3,416.42,South,1249.26
3000,2022-01-14,812,6,1,329.32,South,329.32
3001,2023-01-27,358,12,1,388.91,West,388.91
3002,2022-11-06,276,36,3,292.84,East,878.52
3003,2023-01-21,877,9,2,250.9,North,501.8
3004,2024-08-31,690,10,4,137.31,East,549.24
3005,2022-12-06,344,3,2,36.15,East,72.3
3006,2023-08-20,431,49,5,152.99,South,764.95
3007,2024-01-27,559,29,4,344.98,South,1379.92
3008,2024-11-11,712,7,4,464.15,West,1856.6
3009,2022-10-18,563,26,4,135.54,North,542.16
3010,2022-11-02,439,8,3,338.23,South,1014.69
3011,2023-09-26,462,43,1,244.34,West,244.34
3012,2023-09-17,807,13,3,317.5,West,952.5
3013,2024-07-27,270,35,3,10.79,West,32.37
3014,2024-04-27,709,19,3,70.1,West,210.29999999999998
3015,2023-03-18,431,46,2,116.34,West,232.68
3016,2023-05-18,21,22,3,447.79,South,1343.3700000000001
3017,2022-05-10,143,16,1,29.86,South,29.86
3018,2023-08-20,760,15,4,289.12,East,1156.48
3019,2024-05-11,868,2,2,465.03,North,930.06
3020,2023-08-16,353,38,3,329.51,West,988.53
3021,2024-09-25,465,21,3,247.36,North,742.08
3022,2022-11-21,468,30,4,199.14,West,796.56
3023,2024-12-28,513,7,4,315.86,East,1263.44
3024,2023-03-24,464,31,2,245.39,West,490.78
3025,2024-03-29,877,41,1,355.65,West,355.65
3026,2023-12-10,850,41,2,312.71,East,625.42
3027,2022-09-22,394,49,4,288.03,South,1152.12
3028,2023-09-04,919,35,1,478.84,North,478.84
3029,2024-04-11,786,4,3,419.49,East,1258.47
3030,2023-11-05,753,34,3,308.34,East,925.02
3031,2022-06-06,58,1,5,273.94,South,1369.7
3032,2022-09-08,126,10,4,364.73,West,1458.92
3033,2024-05-27,841,30,5,403.92,South,2019.6000000000001
3034,2023-06-14,878,32,2,154.67,West,309.34
3035,2022-11-23,990,3,2,336.8,North,673.6
3036,2024-08-18,461,10,1,76.23,North,76.23
3037,2024-06-13,52,9,4,220.92,North,883.68
3038,2022-04-07,735,17,1,469.83,South,469.83
3039,2023-05-28,814,47,1,169.89,North,169.89
3040,2022-08-04,875,3,2,85.58,South,171.16
3041,2022-05-05,269,27,2,81.61,North,163.22
3042,2022-02-28,96,35,4,202.93,South,811.72
3043,2022-06-10,273,4,2,120.34,North,240.68
3044,2022-10-11,323,4,4,219.19,East,876.76
3045,2022-04-16,573,49,5,362.25,South,1811.25
3046,2022-08-16,833,32,3,445.2,East,1335.6
3047,2022-11-14,693,38,5,63.98,North,319.9
3048,2024-03-12,133,11,2,386.52,South,773.04
3049,2024-05-23,928,44,3,60.71,North,182.13
3050,2023-04-17,89,39,3,195.92,South,587.76
3051,2024-12-15,685,45,1,498.31,West,498.31
3052,2023-09-17,824,6,3,43.65,East,130.95
3053,2022-01-13,5,35,4,21.21,West,84.84
3054,2024-11-07,357,46,2,173.49,North,346.98
3055,2023-11-25,343,32,2,476.05,South,952.1
3056,2024-08-30,204,46,1,19.82,East,19.82
3057,2022-04-23,674,23,1,119.13,East,119.13
3058,2022-08-17,573,42,2,305.55,East,611.1
3059,2022-06-20,471,37,1,124.54,North,124.54
3060,2022-10-22,464,26,3,36.37,North,109.10999999999999
3061,2022-07-08,497,34,3,35.7,East,107.10000000000001
3062,2023-03-02,702,38,4,283.99,South,1135.96
3063,2024-09-03,837,11,1,285.33,North,285.33
3064,2023-10-20,63,50,2,356.17,North,712.34
3065,2024-07-07,556,21,5,74.55,North,372.75
3066,2023-05-14,239,43,2,254.93,West,509.86
3067,2024-02-01,540,24,5,304.47,East,1522.3500000000001
3068,2024-05-15,198,15,5,118.96,South,594.8
3069,2024-04-05,781,3,4,278.2,North,1112.8
3070,2022-03-12,683,2,5,357.04,South,1785.2
3071,2022-09-05,30,7,3,495.51,North,1486.53
3072,2022-05-26,666,5,3,302.25,North,906.75
3073,2023-08-05,209,45,4,431.98,South,1727.92
3074,2023-04-15,63,40,2,418.5,South,837.0
3075,2022-07-12,841,29,2,470.73,South,941.46
3076,2024-12-27,57,41,2,364.3,East,728.6
3077,2023-05-09,832,32,2,114.42,South,228.84
3078,2022-02-21,720,30,3,156.06,South,468.18
3079,2024-05-31,433,8,3,394.5,South,1183.5
3080,2022-12-29,308,32,4,265.2,South,1060.8
3081,2024-07-05,575,42,4,133.14,South,532.56
3082,2023-04-19,760,2,4,331.77,South,1327.08
3083,2023-06-05,466,10,2,454.2,South,908.4
3084,2023-11-22,653,43,2,185.27,North,370.54
3085,2023-06-16,605,43,3,302.16,South,906.48
3086,2024-04-19,107,37,3,294.94,South,884.8199999999999
3087,2024-12-24,877,46,1,72.22,West,72.22
3088,2022-08-29,600,3,1,54.22,South,54.22
3089,2023-06-20,301,23,2,445.82,West,891.64
3090,2022-03-24,620,34,3,467.43,South,1402.29
3091,2024-09-08,46,18,2,453.08,South,906.16
3092,2024-08-08,77,33,5,204.36,North,1021.8000000000001
3093,2023-09-03,729,33,1,150.93,West,150.93
3094,2023-07-28,169,17,4,471.66,East,1886.64
3095,2022-10-13,814,6,2,442.57,South,885.14
3096,2024-09-15,129,13,5,411.71,North,2058.5499999999997
3097,2023-04-04,713,21,4,173.75,East,695.0
3098,2022-05-06,708,31,5,322.98,West,1614.9
3099,2023-03-01,860,21,3,377.71,South,1133.1299999999999
3100,2023-07-08,268,33,3,292.32,North,876.96
3101,2023-09-02,600,28,3,304.98,East,914.94
3102,2022-04-22,765,6,4,380.78,East,1523.12
3103,2023-02-06,750,8,4,385.75,East,1543.0
3104,2022-05-02,585,13,3,127.57,East,382.71
3105,2022-09-30,419,34,4,201.43,East,805.72
3106,2023-02-02,870,40,3,392.78,North,1178.34
3107,2023-04-16,867,22,2,138.11,South,276.22
3108,2024-09-11,161,1,3,458.64,West,1375.92
3109,2023-07-23,58,13,1,421.06,East,421.06
3110,2024-06-15,384,1,2,448.77,North,897.54
3111,2024-03-30,885,10,3,155.68,South,467.04
3112,2024-05-02,803,5,1,61.51,North,61.51
3113,2023-12-11,510,20,3,59.29,West,177.87
3114,2022-11-17,430,13,2,282.39,North,564.78
3115,2022-06-28,340,37,3,159.74,East,479.22
3116,2024-06-15,578,10,4,139.13,South,556.52
3117,2022-08-07,940,3,3,118.98,North,356.94
3118,2024-02-28,26,34,2,285.43,South,570.86
3119,2023-05-07,810,34,5,278.57,East,1392.85
3120,2022-03-02,589,30,3,216.93,West,650.79
3121,2024-12-13,798,37,4,77.84,West,311.36
3122,2023-06-22,372,4,2,465.11,South,930.22
3123,2024-04-27,928,34,1,219.69,East,219.69
3124,2024-09-14,36,32,5,70.58,West,352.9
3125,2022-03-06,531,21,3,28.17,North,84.51
3126,2023-08-09,790,41,2,84.77,South,169.54
3127,2022-06-20,833,24,4,155.59,South,622.36
3128,2023-06-19,825,9,4,318.75,East,1275.0
3129,2023-11-24,267,41,2,485.76,East,971.52
3130,2022-04-18,794,24,4,143.31,West,573.24
3131,2024-03-24,432,25,5,397.0,South,1985.0
3132,2024-10-01,19,36,1,456.58,North,456.58
3133,2023-03-28,339,8,4,201.87,North,807.48
3134,2023-08-13,140,50,4,134.1,North,536.4
3135,2024-11-05,67,41,1,250.62,North,250.62
3136,2022-11-23,824,29,5,449.39,East,2246.95
3137,2023-08-31,530,25,5,15.38,West,76.9
3138,2023-10-21,369,35,5,248.45,East,1242.25
3139,2022-01-02,261,38,4,381.22,North,1524.88
3140,2024-10-30,624,28,4,304.55,North,1218.2
3141,2023-03-10,920,19,5,253.7,West,1268.5
3142,2022-05-05,974,32,4,281.27,South,1125.08
3143,2023-04-30,627,37,3,313.42,East,940.26
3144,2023-10-14,678,49,4,344.22,West,1376.88
3145,2024-03-10,579,28,5,184.53,North,922.65
3146,2024-05-22,767,35,2,263.51,North,527.02
3147,2022-05-09,582,8,5,144.05,South,720.25
3148,2023-03-14,972,41,2,492.16,West,984.32
3149,2024-01-21,820,23,4,101.77,West,407.08
3150,2023-05-16,203,40,4,83.82,North,335.28
3151,2024-12-17,639,46,2,141.72,South,283.44
3152,2022-07-30,935,23,5,460.83,East,2304.15
3153,2024-06-20,955,32,1,332.84,North,332.84
3154,2022-02-14,410,10,1,233.4,North,233.4
3155,2023-06-19,833,17,5,463.44,South,2317.2
3156,2023-04-06,80,35,4,451.07,South,1804.28
3157,2023-01-26,688,35,2,206.78,West,413.56
3158,2024-12-03,113,3,2,286.18,North,572.36
3159,2022-01-27,623,36,5,453.63,East,2268.15
3160,2024-03-04,821,29,5,166.51,North,832.55
3161,2024-09-01,137,49,3,209.69,South,629.0699999999999
3162,2023-07-02,645,46,2,398.58,East,797.16
3163,2023-09-13,884,27,3,352.33,North,1056.99
3164,2023-07-21,840,31,4,33.84,West,135.36
3165,2023-12-05,189,34,2,67.51,East,135.02
3166,2022-07-04,277,12,5,424.67,South,2123.35
3167,2024-12-28,737,37,5,24.57,West,122.85
3168,2024-04-27,103,25,4,460.77,West,1843.08
3169,2023-08-22,107,2,1,143.16,West,143.16
3170,2024-03-16,575,30,3,303.21,South,909.6299999999999
3171,2022-03-20,916,44,5,286.64,South,1433.1999999999998
3172,2023-08-02,954,9,2,204.16,North,408.32
3173,2023-02-17,757,23,2,25.4,West,50.8
3174,2023-06-30,173,9,2,104.31,East,208.62
3175,2022-06-18,918,20,4,311.34,East,1245.36
3176,2023-11-12,845,1,1,228.72,West,228.72
3177,2023-08-06,999,39,3,212.78,South,638.34
3178,2023-05-30,331,23,2,57.87,North,115.74
3179,2022-02-01,722,18,2,180.09,South,360.18
3180,2022-10-14,191,42,5,267.95,South,1339.75
3181,2023-08-17,670,32,1,48.07,West,48.07
3182,2024-12-02,831,47,5,42.68,West,213.4
3183,2023-09-09,225,9,4,250.86,North,1003.44
3184,2024-10-21,684,11,4,285.01,West,1140.04
3185,2022-09-27,323,1,3,136.24,South,408.72
3186,2023-06-02,954,11,4,169.63,East,678.52
3187,2024-10-30,508,33,3,400.47,West,1201.41
3188,2023-08-06,961,30,5,435.93,North,2179.65
3189,2022-08-14,548,5,2,169.36,North,338.72
3190,2023-11-01,134,50,2,184.3,South,368.6
3191,2024-07-05,37,1,1,416.86,West,416.86
3192,2022-05-06,93,10,4,487.18,North,1948.72
3193,2024-08-13,75,13,1,167.09,South,167.09
3194,2022-03-15,756,27,1,396.48,South,396.48
3195,2022-02-25,183,8,2,245.05,West,490.1
3196,2023-12-21,717,28,4,139.23,West,556.92
3197,2023-07-07,459,45,2,344.07,West,688.14
3198,2022-02-01,699,2,1,236.65,South,236.65
3199,2023-07-28,678,12,4,141.4,South,565.6
3200,2023-10-29,627,27,2,62.54,East,125.08
3201,2022-10-11,409,13,3,434.81,South,1304.43
3202,2022-07-06,207,22,3,440.55,North,1321.65
3203,2023-05-13,245,40,5,46.73,South,233.64999999999998
3204,2022-05-10,333,15,5,335.06,West,1675.3
3205,2023-10-01,673,31,4,89.66,South,358.64
3206,2022-04-24,525,7,5,326.7,West,1633.5
3207,2022-01-13,294,39,4,454.73,South,1818.92
3208,2023-03-20,954,49,1,137.51,East,137.51
3209,2023-03-23,984,35,3,180.49,South,541.47
3210,2024-09-12,916,7,4,399.61,South,1598.44
3211,2024-09-19,748,12,1,370.33,North,370.33
3212,2023-12-16,273,14,3,210.24,East,630.72
3213,2022-03-15,379,34,2,425.79,West,851.58
3214,2023-06-21,626,39,1,461.09,North,461.09
3215,2022-04-11,664,48,2,231.8,South,463.6
3216,2022-06-25,26,9,5,29.33,North,146.64999999999998
3217,2023-03-03,680,33,4,259.63,West,1038.52
3218,2022-02-10,544,12,3,372.44,West,1117.32
3219,2023-03-05,733,34,5,117.82,North,589.0999999999999
3220,2022-12-10,718,27,1,58.72,East,58.72
3221,2023-01-01,933,22,5,149.76,West,748.8
3222,2023-09-01,854,18,2,15.68,East,31.36
3223,2023-10-19,610,46,2,360.58,West,721.16
3224,2023-12-29,91,44,4,81.57,East,326.28
3225,2022-08-17,476,18,5,364.59,West,1822.9499999999998
3226,2024-04-04,889,37,3,124.93,North,374.79
3227,2024-06-07,726,7,2,496.11,East,992.22
3228,2024-09-10,188,4,1,270.58,North,270.58
3229,2024-04-15,569,45,5,30.26,North,151.3
3230,2022-04-27,619,16,3,388.61,West,1165.83
3231,2024-03-28,954,22,3,210.94,South,632.8199999999999
3232,2023-01-03,195,48,3,307.59,North,922.77
3233,2022-06-17,534,36,3,476.09,South,1428.27
3234,2024-08-11,698,20,2,263.46,West,526.92
3235,2023-10-23,880,31,4,404.14,North,1616.56
3236,2023-11-26,85,33,5,158.37,South,791.85
3237,2024-07-13,592,13,2,360.12,East,720.24
3238,2022-06-01,841,20,4,58.67,South,234.68
3239,2023-08-09,77,41,3,447.74,North,1343.22
3240,2024-07-01,330,42,1,107.88,South,107.88
3241,2022-10-01,383,38,3,157.95,West,473.84999999999997
3242,2023-05-11,433,22,4,479.52,South,1918.08
3243,2022-04-11,377,39,4,86.05,East,344.2
3244,2023-07-11,341,23,1,134.66,South,134.66
3245,2022-03-14,177,48,2,294.29,East,588.58
3246,2024-11-03,426,49,1,490.54,South,490.54
3247,2022-06-06,424,33,3,348.8,West,1046.4
3248,2024-01-05,967,41,5,65.95,West,329.75
3249,2022-05-12,174,30,2,376.58,South,753.16
3250,2024-10-15,406,14,5,218.85,North,1094.25
3251,2023-07-13,82,47,5,496.24,North,2481.2
3252,2022-04-17,21,36,2,318.07,East,636.14
3253,2022-09-22,691,8,3,270.66,East,811.98
3254,2022-06-04,398,47,4,283.06,North,1132.24
3255,2024-09-14,330,22,3,324.37,East,973.11
3256,2024-09-23,225,4,4,368.6,North,1474.4
3257,2022-09-04,777,35,4,48.38,South,193.52
3258,2023-06-15,402,8,2,74.03,East,148.06
3259,2024-05-07,781,34,2,157.23,South,314.46
3260,2023-06-22,763,22,1,244.2,North,244.2
3261,2023-12-30,785,25,5,162.42,East,812.0999999999999
3262,2022-06-03,894,25,5,114.78,East,573.9
3263,2022-04-02,855,40,5,463.26,East,2316.3
3264,2022-12-04,921,40,5,25.97,East,129.85
3265,2023-03-26,438,17,1,469.96,South,469.96
3266,2024-03-20,272,16,4,454.55,East,1818.2
3267,2024-02-26,280,48,1,345.05,East,345.05
3268,2022-09-30,223,48,2,25.94,West,51.88
3269,2023-08-11,587,39,3,120.42,East,361.26
3270,2022-06-26,663,15,4,489.76,East,1959.04
3271,2024-04-10,937,17,4,453.92,West,1815.68
3272,2023-10-05,871,35,1,482.64,North,482.64
3273,2024-12-08,509,33,2,498.1,South,996.2
3274,2023-07-21,342,40,2,41.3,North,82.6
3275,2023-10-28,929,39,4,289.72,West,1158.88
3276,2024-05-17,617,18,1,418.73,West,418.73
3277,2024-12-05,42,30,5,166.66,South,833.3
3278,2022-10-29,176,23,4,223.42,East,893.68
3279,2024-05-17,245,37,5,149.03,East,745.15
3280,2024-06-30,253,47,3,28.66,North,85.98
3281,2023-02-12,274,7,2,45.63,West,91.26
3282,2024-04-01,959,10,4,20.51,South,82.04
3283,2023-07-15,334,16,3,268.35,West,805.0500000000001
3284,2023-04-09,604,28,5,313.03,East,1565.1499999999999
3285,2022-05-24,11,23,4,160.77,West,643.08
3286,2023-03-18,152,34,3,414.81,South,1244.43
3287,2023-05-02,189,18,4,445.13,West,1780.52
3288,2024-05-09,960,47,3,78.48,South,235.44
3289,2022-05-28,676,23,3,35.44,South,106.32
3290,2024-12-30,638,20,5,166.5,South,832.5
3291,2024-03-21,211,31,2,359.36,North,718.72
3292,2023-10-28,973,14,1,258.64,East,258.64
3293,2022-03-31,97,23,3,249.16,East,747.48
3294,2022-07-18,821,2,2,84.68,East,169.36
3295,2023-06-22,339,29,1,182.21,South,182.21
3296,2022-10-28,47,50,5,479.86,South,2399.3
3297,2023-12-25,820,9,4,176.87,West,707.48
3298,2024-08-20,736,33,2,299.8,South,599.6
3299,2022-03-09,975,48,4,38.59,South,154.36
3300,2023-04-04,57,44,4,41.29,North,165.16
3301,2023-02-02,75,12,1,217.88,South,217.88
3302,2023-09-12,254,19,2,306.02,South,612.04
3303,2023-12-31,663,42,3,192.45,South,577.3499999999999
3304,2023-07-10,571,20,1,97.72,South,97.72
3305,2024-02-20,837,37,2,370.62,West,741.24
3306,2024-06-12,952,31,3,78.62,North,235.86
3307,2023-09-02,598,35,4,337.33,South,1349.32
3308,2024-01-18,170,41,5,478.8,East,2394.0
3309,2022-10-09,146,21,5,240.56,South,1202.8
3310,2023-10-23,839,47,1,108.21,North,108.21
3311,2024-07-12,33,46,3,422.57,South,1267.71
3312,2024-09-22,515,43,3,257.68,East,773.04
3313,2024-01-16,796,13,5,462.38,West,2311.9
3314,2022-03-28,257,39,3,363.09,South,1089.27
3315,2024-03-01,126,27,2,221.0,North,442.0
3316,2022-10-31,959,25,2,312.52,South,625.04
3317,2022-05-10,113,2,5,93.28,North,466.4
3318,2023-08-19,815,35,4,199.74,South,798.96
3319,2023-07-12,805,8,4,301.0,South,1204.0
3320,2024-06-17,342,33,4,299.12,West,1196.48
3321,2022-03-19,48,25,5,297.74,West,1488.7
3322,2024-02-23,364,21,1,374.33,South,374.33
3323,2023-11-05,787,36,3,61.77,North,185.31
3324,2022-08-26,398,13,2,46.09,East,92.18
3325,2022-10-05,195,46,2,82.53,West,165.06
3326,2024-11-07,851,9,1,398.27,South,398.27
3327,2023-06-08,737,35,3,41.78,North,125.34
3328,2022-06-29,725,46,4,120.37,South,481.48
3329,2022-05-03,321,36,2,134.84,South,269.68
3330,2024-12-10,794,49,4,327.15,West,1308.6
3331,2024-12-30,138,47,4,206.8,North,827.2
3332,2023-04-25,355,44,5,107.51,South,537.5500000000001
3333,2024-11-08,845,46,5,230.27,West,1151.3500000000001
3334,2022-03-25,70,10,3,345.87,North,1037.6100000000001
3335,2023-07-19,811,5,2,395.17,North,790.34
3336,2023-09-11,582,31,5,70.7,South,353.5
3337,2022-12-23,483,24,3,360.21,South,1080.6299999999999
3338,2024-03-26,720,32,1,12.22,North,12.22
3339,2023-10-09,712,49,4,364.92,North,1459.68
3340,2023-03-19,59,49,2,333.89,West,667.78
3341,2024-12-28,771,3,2,239.65,East,479.3
3342,2023-06-07,389,16,3,77.07,North,231.20999999999998
3343,2022-05-23,853,41,5,384.63,South,1923.15
3344,2022-07-11,351,49,4,45.16,North,180.64
3345,2023-01-13,846,20,4,448.83,South,1795.32
3346,2023-08-04,869,44,2,389.0,East,778.0
3347,2023-06-19,339,24,2,373.07,North,746.14
3348,2024-10-29,677,34,4,379.65,South,1518.6
3349,2022-04-03,757,48,1,43.11,South,43.11
3350,2023-06-13,596,23,3,495.08,South,1485.24
3351,2023-02-09,436,38,1,430.71,West,430.71
3352,2024-04-19,450,2,5,258.89,South,1294.4499999999998
3353,2024-06-07,377,41,1,362.51,East,362.51
3354,2023-02-26,959,5,1,372.24,South,372.24
3355,2023-04-17,391,18,5,416.59,North,2082.95
3356,2024-06-11,481,50,3,135.13,East,405.39
3357,2023-07-01,821,29,4,192.31,South,769.24
3358,2023-09-23,114,10,1,401.85,East,401.85
3359,2024-11-03,746,42,3,386.8,North,1160.4
3360,2024-02-17,774,42,5,266.08,East,1330.3999999999999
3361,2022-12-30,903,50,3,204.14,West,612.42
3362,2022-04-29,172,16,1,484.54,West,484.54
3363,2023-06-30,18,23,4,213.36,East,853.44
3364,2023-06-06,235,30,5,384.35,South,1921.75
3365,2023-09-26,310,6,5,212.19,South,1060.95
3366,2024-08-20,895,44,1,161.82,South,161.82
3367,2024-08-15,669,36,3,324.09,South,972.27
3368,2024-06-01,723,20,4,405.73,North,1622.92
3369,2024-02-19,281,16,5,490.87,North,2454.35
3370,2024-05-20,831,28,1,82.96,West,82.96
3371,2023-05-31,196,26,1,439.3,East,439.3
3372,2024-07-26,115,22,2,266.83,North,533.66
3373,2024-05-15,397,11,2,62.79,West,125.58
3374,2022-04-16,672,1,3,399.25,South,1197.75
3375,2022-08-02,667,5,1,172.46,West,172.46
3376,2024-04-29,563,49,3,435.44,North,1306.32
3377,2022-07-16,418,43,3,87.32,East,261.96
3378,2022-01-19,284,46,4,358.43,North,1433.72
3379,2023-10-04,585,41,2,157.39,East,314.78
3380,2024-11-01,328,42,3,136.1,East,408.29999999999995
3381,2022-11-26,341,36,4,34.63,South,138.52
3382,2024-05-15,622,2,4,246.14,East,984.56
3383,2024-02-13,798,6,2,201.84,East,403.68
3384,2023-01-27,221,27,2,40.23,South,80.46
3385,2023-09-29,9,26,1,121.05,West,121.05
3386,2022-11-03,909,35,3,248.76,East,746.28
3387,2024-06-13,82,13,4,406.05,North,1624.2
3388,2023-10-14,832,12,1,465.43,North,465.43
3389,2024-04-20,294,18,3,262.51,West,787.53
3390,2024-10-22,375,38,3,207.62,West,622.86
3391,2023-06-04,534,42,1,477.83,North,477.83
3392,2023-09-28,415,6,4,481.8,East,1927.2
3393,2024-01-10,99,28,1,103.3,East,103.3
3394,2023-04-14,682,28,3,270.41,South,811.23
3395,2022-07-31,702,25,1,412.25,West,412.25
3396,2024-10-28,618,5,1,412.91,East,412.91
3397,2024-03-14,832,15,3,345.64,West,1036.92
3398,2023-04-22,970,47,2,241.02,East,482.04
3399,2024-05-23,777,44,4,207.79,West,831.16
3400,2023-04-05,382,9,3,405.14,North,1215.42
3401,2022-09-10,863,45,2,120.6,North,241.2
3402,2024-01-22,940,48,1,219.93,East,219.93
3403,2024-09-07,504,2,2,287.76,South,575.52
3404,2024-05-03,447,49,3,417.57,West,1252.71
3405,2022-08-24,680,9,3,193.19,North,579.5699999999999
3406,2023-04-23,344,26,1,278.84,West,278.84
3407,2023-11-10,425,23,3,146.79,East,440.37
3408,2024-11-09,625,28,5,420.09,South,2100.45
3409,2022-08-04,840,6,2,394.92,South,789.84
3410,2024-05-04,306,4,5,411.85,East,2059.25
3411,2022-05-15,148,30,5,38.16,North,190.79999999999998
3412,2024-06-23,849,47,2,248.58,South,497.16
3413,2023-02-14,732,18,3,76.56,South,229.68
3414,2022-03-27,454,30,2,340.14,South,680.28
3415,2023-07-10,938,27,1,162.58,West,162.58
3416,2023-01-13,33,44,5,389.54,West,1947.7
3417,2024-12-10,732,31,5,41.93,North,209.65
3418,2022-08-30,501,44,3,261.5,East,784.5
3419,2024-07-08,319,49,2,70.6,West,141.2
3420,2022-09-23,697,39,4,283.37,South,1133.48
3421,2023-12-13,193,30,3,307.6,North,922.8000000000001
3422,2022-03-11,873,37,3,236.45,West,709.3499999999999
3423,2022-02-26,180,12,3,147.03,North,441.09000000000003
3424,2022-02-08,867,17,2,25.84,South,51.68
3425,2024-03-11,984,34,3,334.44,North,1003.3199999999999
3426,2024-11-07,518,28,1,436.52,South,436.52
3427,2024-01-02,391,4,1,369.49,North,369.49
3428,2024-04-04,521,34,5,447.58,East,2237.9
3429,2024-01-26,357,46,5,465.46,North,2327.2999999999997
3430,2022-12-18,573,14,2,230.28,East,460.56
3431,2022-10-10,464,13,4,352.02,East,1408.08
3432,2022-04-20,930,49,5,204.72,South,1023.6
3433,2024-10-13,675,49,5,460.58,North,2302.9
3434,2023-06-28,99,50,5,285.86,West,1429.3000000000002
3435,2022-01-25,148,3,5,378.7,East,1893.5
3436,2024-04-22,570,21,3,17.11,South,51.33
3437,2024-03-01,727,16,5,292.02,West,1460.1
3438,2024-01-08,316,38,2,373.58,North,747.16
3439,2022-02-26,182,26,3,135.93,East,407.79
3440,2022-06-29,547,6,3,17.04,North,51.12
3441,2022-08-20,303,18,2,374.38,North,748.76
3442,2022-12-09,558,41,4,175.66,West,702.64
3443,2023-04-22,599,50,5,220.11,South,1100.5500000000002
3444,2023-07-30,4,6,1,285.41,South,285.41
3445,2023-03-31,778,41,4,64.02,West,256.08
3446,2022-10-16,107,50,5,60.74,South,303.7
3447,2022-09-15,75,25,1,480.83,North,480.83
3448,2023-06-14,40,48,3,176.06,West,528.1800000000001
3449,2023-11-18,639,24,3,135.21,East,405.63
3450,2024-07-17,695,30,3,33.39,West,100.17
3451,2022-08-17,119,23,5,95.23,West,476.15000000000003
3452,2023-08-19,73,45,2,221.14,West,442.28
3453,2023-03-11,552,43,3,177.62,North,532.86
3454,2024-05-31,204,8,3,218.05,West,654.1500000000001
3455,2024-10-17,977,49,3,354.92,North,1064.76
3456,2023-02-06,96,9,5,324.48,South,1622.4
3457,2023-09-14,279,6,1,251.65,North,251.65
3458,2022-03-29,143,33,4,409.26,East,1637.04
3459,2023-08-07,115,33,3,430.09,South,1290.27
3460,2022-11-05,476,45,4,299.5,West,1198.0
3461,2024-06-24,884,7,2,67.61,North,135.22
3462,2022-12-09,998,42,2,209.03,East,418.06
3463,2023-03-12,133,18,2,320.89,West,641.78
3464,2022-06-26,168,6,3,40.8,North,122.39999999999999
3465,2022-05-19,914,45,4,19.75,South,79.0
3466,2022-07-13,245,37,1,474.68,North,474.68
3467,2024-07-31,277,21,5,367.73,East,1838.65
3468,2023-06-09,975,26,4,85.02,North,340.08
3469,2024-12-01,259,15,5,228.11,East,1140.5500000000002
3470,2024-07-03,46,44,4,104.84,North,419.36
3471,2022-07-29,346,30,3,15.04,East,45.12
3472,2024-01-11,847,11,1,201.93,North,201.93
3473,2024-05-11,895,8,3,327.71,North,983.1299999999999
3474,2024-08-11,237,5,2,477.52,North,955.04
3475,2024-04-12,53,8,1,387.22,East,387.22
3476,2022-05-20,148,5,4,122.77,West,491.08
3477,2024-03-02,699,10,3,174.74,North,524.22
3478,2023-06-30,533,15,5,265.08,North,1325.3999999999999
3479,2024-10-13,90,38,3,103.72,South,311.15999999999997
3480,2022-02-26,233,50,3,418.14,North,1254.42
3481,2022-04-22,727,3,4,92.3,North,369.2
3482,2022-01-05,881,41,4,152.09,West,608.36
3483,2024-11-02,51,10,2,293.02,East,586.04
3484,2022-03-31,665,7,1,70.38,South,70.38
3485,2023-09-08,836,24,3,316.06,South,948.1800000000001
3486,2024-06-09,628,26,5,472.67,South,2363.35
3487,2023-11-29,394,34,4,348.85,West,1395.4
3488,2024-06-16,214,8,4,408.26,South,1633.04
3489,2024-08-28,451,39,2,224.86,East,449.72
3490,2023-10-30,339,5,1,189.01,North,189.01
3491,2023-08-17,351,36,2,171.02,North,342.04
3492,2023-08-12,649,43,4,333.63,East,1334.52
3493,2023-04-30,285,26,5,264.08,East,1320.3999999999999
3494,2024-09-08,933,10,2,241.44,East,482.88
3495,2024-08-29,878,33,3,59.37,West,178.10999999999999
3496,2023-10-01,583,36,4,339.95,North,1359.8
3497,2024-09-23,245,31,4,365.44,West,1461.76
3498,2022-10-09,550,38,2,106.14,North,212.28
3499,2024-09-12,728,50,5,382.26,East,1911.3
3500,2022-01-16,639,25,2,440.9,South,881.8
3501,2024-07-24,584,45,5,95.57,East,477.84999999999997
3502,2022-09-11,226,13,4,231.5,East,926.0
3503,2022-11-25,827,1,2,439.33,West,878.66
3504,2023-06-28,441,36,1,248.78,South,248.78
3505,2024-02-22,474,36,2,409.47,West,818.94
3506,2024-09-23,444,50,2,115.72,South,231.44
3507,2024-04-24,796,24,1,41.33,South,41.33
3508,2023-01-01,412,27,1,39.14,South,39.14
3509,2023-10-17,814,18,3,486.45,East,1459.35
3510,2024-01-30,246,50,1,90.71,West,90.71
3511,2023-10-01,583,47,5,433.8,East,2169.0
3512,2024-11-29,707,50,3,164.71,North,494.13
3513,2024-07-12,500,15,5,29.64,West,148.2
3514,2023-02-20,982,17,3,128.08,North,384.24
3515,2022-09-12,951,29,3,257.69,East,773.0699999999999
3516,2023-12-11,550,5,5,62.32,North,311.6
3517,2023-07-31,117,11,4,461.86,North,1847.44
3518,2024-06-18,750,16,4,450.94,North,1803.76
3519,2022-01-11,364,34,2,83.08,West,166.16
3520,2022-01-26,914,17,4,371.18,South,1484.72
3521,2024-08-14,204,33,2,235.75,South,471.5
3522,2023-02-25,351,50,4,491.24,West,1964.96
3523,2023-05-11,319,49,2,37.15,South,74.3
3524,2022-08-25,359,31,2,240.81,East,481.62
3525,2024-10-05,517,18,1,149.88,West,149.88
3526,2022-08-07,940,25,2,365.93,West,731.86
3527,2023-04-06,489,5,5,64.46,South,322.29999999999995
3528,2023-10-25,669,30,5,317.77,West,1588.85
3529,2023-09-27,107,45,2,474.55,North,949.1
3530,2024-09-16,740,23,5,232.4,West,1162.0
3531,2022-07-08,654,38,4,232.57,West,930.28
3532,2022-09-12,826,45,5,252.89,West,1264.4499999999998
3533,2022-03-09,172,18,1,213.7,East,213.7
3534,2023-09-08,658,32,5,229.26,East,1146.3
3535,2022-12-02,519,30,4,236.99,North,947.96
3536,2023-11-02,855,29,4,499.05,North,1996.2
3537,2024-03-31,865,36,2,67.05,South,134.1
3538,2024-05-23,958,9,3,149.81,North,449.43
3539,2022-10-27,813,23,4,113.29,West,453.16
3540,2022-12-23,528,3,2,276.65,South,553.3
3541,2022-09-13,320,22,2,11.38,East,22.76
3542,2024-10-04,37,40,5,461.34,South,2306.7
3543,2022-12-19,499,45,5,270.25,East,1351.25
3544,2023-06-08,665,31,2,449.08,West,898.16
3545,2024-08-07,265,22,1,179.03,West,179.03
3546,2024-01-26,695,11,2,83.47,East,166.94
3547,2022-10-11,668,42,5,104.22,South,521.1
3548,2022-04-09,649,43,4,240.66,East,962.64
3549,2022-07-16,908,3,1,29.73,North,29.73
3550,2023-04-27,402,14,3,393.08,West,1179.24
3551,2024-05-27,987,46,4,397.41,East,1589.64
3552,2023-09-07,602,19,5,353.96,South,1769.8
3553,2023-09-10,952,31,4,449.21,East,1796.84
3554,2023-01-03,218,36,4,279.24,South,1116.96
3555,2023-07-24,330,32,5,244.87,West,1224.35
3556,2023-08-13,186,26,4,269.3,South,1077.2
3557,2024-12-01,381,1,2,99.16,West,198.32
3558,2023-02-26,209,2,1,261.02,West,261.02
3559,2024-04-15,563,6,5,275.46,South,1377.3
3560,2023-06-29,288,45,1,384.65,East,384.65
3561,2022-03-12,88,14,2,180.48,North,360.96
3562,2024-02-07,944,28,5,55.19,East,275.95
3563,2022-11-03,136,33,2,302.76,South,605.52
3564,2023-01-12,158,25,3,396.1,West,1188.3000000000002
3565,2023-10-17,794,40,3,485.08,South,1455.24
3566,2023-11-09,920,18,3,54.22,East,162.66
3567,2023-02-03,155,46,1,375.71,South,375.71
3568,2022-08-09,463,34,3,301.96,West,905.8799999999999
3569,2022-07-01,220,12,3,17.52,South,52.56
3570,2022-11-03,459,27,2,361.94,West,723.88
3571,2023-06-06,167,24,4,22.84,West,91.36
3572,2024-10-10,322,33,4,394.78,South,1579.12
3573,2022-01-04,691,15,3,363.45,East,1090.35
3574,2024-05-12,841,43,4,347.08,East,1388.32
3575,2024-04-27,562,32,3,68.8,North,206.39999999999998
3576,2024-03-14,813,50,3,460.33,North,1380.99
3577,2022-08-03,512,17,1,450.47,East,450.47
3578,2024-08-29,87,35,5,451.13,West,2255.65
3579,2022-04-11,545,47,4,186.58,South,746.32
3580,2024-08-20,275,45,3,251.16,South,753.48
3581,2023-07-27,141,35,4,66.3,South,265.2
3582,2023-10-20,718,13,1,35.04,West,35.04
3583,2024-07-27,736,9,1,38.8,East,38.8
3584,2024-12-22,625,10,3,288.7,East,866.0999999999999
3585,2022-08-14,790,1,4,167.49,West,669.96
3586,2022-04-15,916,34,4,293.98,West,1175.92
3587,2024-02-11,353,46,4,300.41,East,1201.64
3588,2023-03-05,5,37,1,454.46,South,454.46
3589,2023-03-10,382,25,2,442.32,South,884.64
3590,2024-11-17,724,22,2,362.11,South,724.22
3591,2023-11-13,768,10,4,411.07,East,1644.28
3592,2023-08-11,334,26,4,11.55,South,46.2
3593,2024-12-28,475,19,5,17.61,West,88.05
3594,2024-05-15,986,40,3,234.71,East,704.13
3595,2024-01-16,928,45,1,330.31,East,330.31
3596,2024-05-13,30,41,5,399.1,South,1995.5
3597,2023-01-03,347,50,4,229.16,North,916.64
3598,2022-09-08,922,4,2,470.68,East,941.36
3599,2024-05-08,594,40,2,409.34,West,818.68
3600,2024-05-05,493,5,5,60.35,East,301.75
3601,2023-07-15,983,29,2,225.69,South,451.38
3602,2022-10-21,748,38,2,497.49,West,994.98
3603,2024-07-07,495,5,3,210.87,North,632.61
3604,2023-03-09,856,1,4,199.27,North,797.08
3605,2022-02-28,388,28,5,154.1,South,770.5
3606,2024-08-26,873,19,1,248.38,West,248.38
3607,2024-04-15,835,36,1,367.63,West,367.63
3608,2022-07-18,253,1,4,33.26,North,133.04
3609,2022-08-03,630,29,1,419.5,South,419.5
3610,2024-06-16,939,36,2,459.61,South,919.22
3611,2023-04-17,30,32,3,392.74,North,1178.22
3612,2022-09-04,623,14,5,458.66,East,2293.3
3613,2023-01-17,912,32,5,56.5,North,282.5
3614,2024-09-17,766,46,2,230.55,West,461.1
3615,2024-07-15,711,9,4,44.81,East,179.24
3616,2023-07-14,807,19,3,420.05,East,1260.15
3617,2024-12-10,342,11,1,476.75,East,476.75
3618,2023-11-20,809,48,5,155.9,West,779.5
3619,2023-01-15,287,4,5,272.34,North,1361.6999999999998
3620,2023-04-19,945,41,4,155.86,East,623.44
3621,2023-11-28,397,25,3,195.65,South,586.95
3622,2024-06-29,509,17,1,243.51,South,243.51
3623,2024-08-17,937,47,5,397.49,East,1987.45
3624,2023-04-23,244,8,5,82.03,North,410.15
3625,2024-09-30,221,45,1,86.96,West,86.96
3626,2024-07-14,156,1,3,108.91,East,326.73
3627,2023-12-08,383,2,3,36.04,West,108.12
3628,2024-05-03,748,10,3,325.3,South,975.9000000000001
3629,2024-10-13,320,27,5,103.03,South,515.15
3630,2024-01-24,373,27,2,224.39,East,448.78
3631,2023-05-18,531,13,5,345.94,West,1729.7
3632,2024-03-27,215,11,4,229.98,North,919.92
3633,2023-08-11,367,14,4,453.95,South,1815.8
3634,2023-12-09,114,32,5,386.89,West,1934.4499999999998
3635,2024-12-03,200,16,5,143.78,North,718.9
3636,2022-07-26,25,29,1,73.9,West,73.9
3637,2022-05-31,934,38,3,448.27,South,1344.81
3638,2023-10-30,121,34,1,204.48,South,204.48
3639,2023-06-12,742,26,4,197.43,East,789.72
3640,2022-06-14,611,5,4,406.9,West,1627.6
3641,2024-07-05,858,19,2,14.58,South,29.16
3642,2024-10-06,3,39,3,231.05,West,693.1500000000001
3643,2022-02-06,898,28,3,360.02,East,1080.06
3644,2022-11-29,773,28,4,425.86,South,1703.44
3645,2023-02-07,445,17,1,443.75,South,443.75
3646,2023-02-18,254,37,5,238.18,North,1190.9
3647,2022-02-14,20,44,3,425.38,East,1276.1399999999999
3648,2022-07-25,204,19,5,27.52,West,137.6
3649,2022-03-03,806,27,4,159.66,West,638.64
3650,2023-02-24,976,50,2,15.14,North,30.28
3651,2024-05-17,357,12,4,91.11,East,364.44
3652,2024-03-30,128,3,5,365.12,West,1825.6
3653,2022-01-19,358,4,4,12.17,West,48.68
3654,2022-12-31,292,47,3,266.3,North,798.9000000000001
3655,2024-10-27,174,47,5,212.85,South,1064.25
3656,2023-03-04,733,11,5,70.21,West,351.04999999999995
3657,2023-08-03,355,34,2,345.96,East,691.92
3658,2023-06-30,881,18,3,349.63,West,1048.8899999999999
3659,2022-11-21,37,35,1,365.91,West,365.91
3660,2022-02-24,310,18,2,385.0,East,770.0
3661,2024-02-17,661,46,3,164.35,East,493.04999999999995
3662,2024-09-18,917,6,1,497.12,South,497.12
3663,2022-02-11,604,34,5,45.75,West,228.75
3664,2022-08-19,582,33,2,327.37,South,654.74
3665,2023-03-29,84,8,5,485.68,East,2428.4
3666,2023-01-29,510,42,5,119.91,North,599.55
3667,2023-11-22,444,20,5,146.28,North,731.4
3668,2023-01-27,420,50,3,292.23,South,876.69
3669,2023-08-27,205,20,1,392.82,West,392.82
3670,2024-05-30,488,43,3,171.18,South,513.54
3671,2022-03-26,779,18,5,420.02,West,2100.1
3672,2024-11-19,88,27,2,128.11,North,256.22
3673,2022-02-18,252,48,5,438.44,North,2192.2
3674,2022-03-10,723,5,1,133.95,South,133.95
3675,2024-12-17,855,7,3,312.54,West,937.6200000000001
3676,2023-11-28,31,22,1,185.32,West,185.32
3677,2023-04-24,869,34,3,167.69,West,503.07
3678,2024-03-30,421,43,1,183.46,West,183.46
3679,2022-05-27,828,13,1,254.61,North,254.61
3680,2024-10-12,61,32,3,424.07,North,1272.21
3681,2023-09-01,579,24,3,382.07,North,1146.21
3682,2023-03-22,226,16,3,230.18,South,690.54
3683,2022-08-09,925,14,4,148.26,North,593.04
3684,2022-04-05,963,39,1,428.61,East,428.61
3685,2022-09-19,335,7,4,436.39,South,1745.56
3686,2024-06-15,839,44,4,232.3,East,929.2
3687,2024-12-30,579,12,5,350.96,West,1754.8
3688,2022-08-07,640,20,4,190.94,East,763.76
3689,2022-04-02,111,33,4,83.06,West,332.24
3690,2022-05-07,491,6,3,167.53,North,502.59000000000003
3691,2022-03-21,272,40,3,344.22,East,1032.66
3692,2024-09-09,813,27,2,387.01,South,774.02
3693,2024-07-04,34,13,1,427.31,West,427.31
3694,2023-05-01,212,5,4,18.68,South,74.72
3695,2023-11-25,300,24,4,248.34,South,993.36
3696,2022-01-25,373,10,1,144.22,South,144.22
3697,2022-06-05,125,46,3,345.14,North,1035.42
3698,2023-09-24,103,32,3,130.21,South,390.63
3699,2024-12-16,993,9,1,287.48,East,287.48
3700,2022-01-19,718,49,1,358.86,North,358.86
3701,2022-08-25,120,35,3,387.33,West,1161.99
3702,2022-10-04,682,44,1,142.04,West,142.04
3703,2024-01-15,547,12,3,53.04,South,159.12
3704,2023-07-06,894,11,1,117.17,West,117.17
3705,2023-10-01,331,36,3,303.57,West,910.71
3706,2022-08-25,758,8,2,29.82,East,59.64
3707,2024-09-24,852,10,3,87.84,East,263.52
3708,2022-02-24,926,14,3,497.78,South,1493.34
3709,2023-11-15,309,30,4,197.34,South,789.36
3710,2022-04-19,570,1,3,253.3,East,759.9000000000001
3711,2023-01-08,412,12,1,15.39,East,15.39
3712,2024-08-30,399,5,5,300.03,South,1500.1499999999999
3713,2022-07-20,934,14,1,169.4,East,169.4
3714,2024-04-28,306,36,4,269.79,South,1079.16
3715,2023-05-24,653,17,1,267.8,North,267.8
3716,2022-10-02,623,22,2,484.05,North,968.1
3717,2022-07-30,163,31,5,141.45,West,707.25
3718,2023-05-19,623,26,5,289.51,West,1447.55
3719,2023-12-04,664,13,4,196.96,South,787.84
3720,2022-02-11,888,3,5,216.78,South,1083.9
3721,2022-11-11,65,43,3,37.22,South,111.66
3722,2024-02-27,618,11,4,347.34,West,1389.36
3723,2022-11-25,216,5,2,105.69,East,211.38
3724,2024-11-06,603,38,5,239.56,East,1197.8
3725,2022-10-10,914,4,5,222.79,West,1113.95
3726,2024-07-31,954,32,4,239.39,North,957.56
3727,2022-09-15,26,10,5,194.02,South,970.1
3728,2023-07-29,669,10,5,128.77,South,643.85
3729,2023-07-28,584,44,2,229.87,West,459.74
3730,2023-09-04,44,18,2,32.65,South,65.3
3731,2024-11-08,90,47,4,128.74,East,514.96
3732,2024-04-16,133,23,5,394.58,South,1972.8999999999999
3733,2023-02-27,161,18,1,422.98,East,422.98
3734,2024-01-28,744,35,4,360.5,West,1442.0
3735,2024-02-02,380,3,2,319.96,North,639.92
3736,2023-02-28,261,1,1,407.52,South,407.52
3737,2023-03-05,383,17,5,72.64,West,363.2
3738,2022-07-23,369,42,4,267.37,South,1069.48
3739,2022-07-15,111,6,4,66.99,East,267.96
3740,2023-12-29,676,11,2,391.15,South,782.3
3741,2022-10-12,77,14,3,265.07,West,795.21
3742,2022-07-15,209,49,3,406.91,West,1220.73
3743,2022-11-03,13,28,3,401.54,East,1204.6200000000001
3744,2022-01-14,921,39,4,238.44,South,953.76
3745,2024-12-16,570,36,2,253.47,North,506.94
3746,2023-12-24,898,11,2,23.85,West,47.7
3747,2024-02-19,856,41,3,266.52,South,799.56
3748,2023-06-13,548,40,1,341.96,East,341.96
3749,2024-03-08,25,4,3,124.49,West,373.46999999999997
3750,2022-12-10,546,48,4,493.4,South,1973.6
3751,2022-07-28,140,6,1,487.67,East,487.67
3752,2023-10-03,275,38,2,148.59,South,297.18
3753,2022-09-09,370,19,5,359.36,East,1796.8000000000002
3754,2022-09-28,874,31,1,24.7,South,24.7
3755,2024-07-08,222,2,2,336.22,North,672.44
3756,2023-02-23,37,43,1,315.77,South,315.77
3757,2024-03-05,875,25,3,412.86,East,1238.58
3758,2023-12-26,129,50,1,159.14,North,159.14
3759,2023-03-09,316,41,1,440.22,North,440.22
3760,2022-04-19,323,48,1,430.41,West,430.41
3761,2023-10-03,433,11,4,338.11,West,1352.44
3762,2024-12-06,218,46,4,241.44,West,965.76
3763,2023-01-14,847,40,3,313.02,East,939.06
3764,2024-08-15,942,45,5,367.68,East,1838.4
3765,2022-04-13,248,42,4,487.87,South,1951.48
3766,2024-06-10,111,44,5,69.65,North,348.25
3767,2024-05-03,816,21,4,163.41,East,653.64
3768,2024-11-16,732,3,2,392.55,South,785.1
3769,2023-06-14,708,2,2,210.5,South,421.0
3770,2023-11-10,147,11,1,339.52,East,339.52
3771,2024-09-15,344,24,5,75.23,North,376.15000000000003
3772,2023-03-04,509,50,1,357.49,East,357.49
3773,2024-04-01,505,24,1,340.29,South,340.29
3774,2024-07-20,552,21,4,297.05,East,1188.2
3775,2024-11-27,134,25,4,384.97,West,1539.88
3776,2023-05-26,464,4,1,441.25,South,441.25
3777,2023-01-28,864,40,4,416.36,East,1665.44
3778,2023-12-14,990,43,2,72.51,East,145.02
3779,2023-05-09,191,47,2,374.75,North,749.5
3780,2023-07-01,163,23,5,230.38,North,1151.9
3781,2023-08-17,456,24,2,173.6,West,347.2
3782,2023-01-24,61,21,1,441.03,South,441.03
3783,2022-06-07,5,2,3,284.21,West,852.6299999999999
3784,2024-10-24,37,23,4,255.61,West,1022.44
3785,2022-06-16,460,15,1,394.45,West,394.45
3786,2024-08-17,217,26,4,281.12,North,1124.48
3787,2023-02-13,737,26,5,430.42,East,2152.1
3788,2022-07-13,999,28,1,60.42,West,60.42
3789,2022-08-23,728,26,1,390.31,North,390.31
3790,2023-12-19,139,45,1,90.28,East,90.28
3791,2024-03-26,618,2,5,120.36,East,601.8
3792,2023-02-08,99,35,1,97.93,South,97.93
3793,2024-06-11,680,32,4,126.83,North,507.32
3794,2023-11-09,961,30,3,368.6,West,1105.8000000000002
3795,2022-03-09,264,46,1,331.11,South,331.11
3796,2022-03-29,599,20,5,122.59,East,612.95
3797,2022-08-05,596,13,5,142.39,West,711.9499999999999
3798,2022-01-01,224,27,1,58.65,West,58.65
3799,2022-05-20,11,23,5,213.07,East,1065.35
3800,2023-09-10,327,16,2,195.51,South,391.02
3801,2022-05-13,698,31,5,81.45,South,407.25
3802,2022-06-27,350,12,3,418.97,South,1256.91
3803,2024-03-20,379,33,2,427.77,East,855.54
3804,2023-01-15,944,38,4,63.43,North,253.72
3805,2024-06-26,231,45,2,140.52,East,281.04
3806,2023-10-20,141,32,3,370.68,East,1112.04
3807,2023-03-26,618,2,2,436.28,West,872.56
3808,2023-08-09,765,50,1,45.12,East,45.12
3809,2023-04-08,956,49,5,452.16,East,2260.8
3810,2024-09-16,49,23,1,40.2,North,40.2
3811,2022-05-02,451,32,1,320.55,East,320.55
3812,2022-01-17,775,15,1,20.82,West,20.82
3813,2022-11-23,491,40,2,464.85,South,929.7
3814,2022-11-14,205,41,4,183.31,West,733.24
3815,2024-03-19,869,40,5,327.91,North,1639.5500000000002
3816,2023-05-18,409,8,2,100.46,West,200.92
3817,2022-04-29,407,43,1,167.42,South,167.42
3818,2023-12-11,51,50,3,376.18,South,1128.54
3819,2022-02-14,175,49,3,486.77,East,1460.31
3820,2022-11-10,737,22,1,496.11,West,496.11
3821,2023-02-22,261,38,4,406.74,West,1626.96
3822,2023-07-10,480,34,5,425.12,West,2125.6
3823,2022-11-22,734,1,2,485.01,North,970.02
3824,2023-05-30,223,10,4,29.76,East,119.04
3825,2022-08-02,269,40,3,93.37,North,280.11
3826,2022-03-15,810,16,1,35.81,North,35.81
3827,2023-05-24,893,24,2,255.57,South,511.14
3828,2022-11-28,901,46,4,479.66,North,1918.64
3829,2023-11-19,919,24,4,295.39,South,1181.56
3830,2023-10-19,318,48,4,282.15,West,1128.6
3831,2024-10-24,385,14,2,415.08,East,830.16
3832,2023-08-23,586,26,5,465.18,South,2325.9
3833,2024-12-11,626,39,2,352.29,South,704.58
3834,2022-11-21,219,18,1,448.73,North,448.73
3835,2024-09-18,54,20,2,95.86,West,191.72
3836,2023-12-18,200,41,4,256.67,North,1026.68
3837,2023-12-24,884,36,5,188.66,South,943.3
3838,2022-10-04,643,24,5,172.94,East,864.7
3839,2023-06-20,339,26,1,114.98,West,114.98
3840,2022-06-01,704,29,1,448.06,West,448.06
3841,2024-08-12,691,48,3,230.68,South,692.04
3842,2022-09-16,898,22,3,269.82,East,809.46
3843,2022-11-20,305,11,3,145.39,East,436.16999999999996
3844,2024-10-13,799,41,2,481.8,North,963.6
3845,2024-05-18,752,49,5,309.49,East,1547.45
3846,2023-11-19,245,11,1,10.34,South,10.34
3847,2022-11-06,842,3,3,141.27,North,423.81000000000006
3848,2024-03-13,629,21,1,499.68,West,499.68
3849,2024-12-15,208,11,3,487.64,North,1462.92
3850,2023-09-12,997,8,2,276.86,North,553.72
3851,2023-04-18,724,31,2,286.42,East,572.84
3852,2023-04-06,511,10,4,451.78,South,1807.12
3853,2024-03-24,259,6,1,357.2,West,357.2
3854,2024-04-25,380,17,4,466.79,South,1867.16
3855,2023-10-29,163,38,2,244.78,North,489.56
3856,2022-09-19,738,7,2,488.19,East,976.38
3857,2022-12-21,341,32,1,274.38,South,274.38
3858,2024-02-09,932,13,4,325.97,West,1303.88
3859,2022-06-29,576,6,4,50.46,East,201.84
3860,2022-03-07,928,3,4,309.7,West,1238.8
3861,2024-03-30,758,27,1,386.21,West,386.21
3862,2022-06-20,530,45,1,225.26,North,225.26
3863,2023-04-19,34,42,1,256.19,South,256.19
3864,2023-06-18,824,26,5,202.73,South,1013.65
3865,2023-03-15,998,4,2,484.83,West,969.66
3866,2024-04-14,323,37,5,243.55,East,1217.75
3867,2022-08-15,181,21,5,71.84,East,359.20000000000005
3868,2023-03-18,963,28,2,24.15,North,48.3
3869,2023-01-31,347,18,3,388.51,North,1165.53
3870,2023-12-29,706,32,3,278.36,South,835.08
3871,2022-03-25,192,39,3,11.36,West,34.08
3872,2024-11-02,579,33,1,197.44,South,197.44
3873,2023-11-24,721,26,1,457.88,North,457.88
3874,2023-05-08,878,17,4,474.4,South,1897.6
3875,2024-08-27,679,29,4,36.24,West,144.96
3876,2022-12-19,246,20,5,70.48,South,352.40000000000003
3877,2024-12-16,245,30,4,12.39,West,49.56
3878,2022-02-09,678,50,1,435.65,East,435.65
3879,2023-10-02,808,5,5,44.73,South,223.64999999999998
3880,2022-06-22,915,6,4,62.87,East,251.48
3881,2022-09-16,723,42,4,121.54,North,486.16
3882,2023-06-01,133,10,3,459.45,North,1378.35
3883,2023-12-31,197,6,1,347.23,West,347.23
3884,2023-06-07,910,10,5,312.27,North,1561.35
3885,2024-04-18,347,42,2,394.48,East,788.96
3886,2022-04-27,49,21,4,349.71,West,1398.84
3887,2022-07-03,64,44,1,375.5,West,375.5
3888,2022-06-11,624,4,5,46.09,West,230.45000000000002
3889,2023-06-27,868,13,1,298.98,North,298.98
3890,2024-04-18,697,10,1,379.07,West,379.07
3891,2024-12-25,104,16,5,287.17,West,1435.8500000000001
3892,2024-12-29,931,19,3,15.78,East,47.339999999999996
3893,2023-03-23,213,6,3,113.45,West,340.35
3894,2023-02-20,517,26,4,481.82,South,1927.28
3895,2023-06-16,119,9,3,355.3,West,1065.9
3896,2023-03-17,856,46,4,347.37,West,1389.48
3897,2024-01-08,761,10,4,333.52,East,1334.08
3898,2023-04-09,679,40,5,72.63,South,363.15
3899,2023-01-31,895,3,1,12.0,North,12.0
3900,2023-12-12,242,49,2,225.92,South,451.84
3901,2023-01-30,280,19,2,227.72,West,455.44
3902,2022-11-22,424,35,3,407.78,South,1223.34
3903,2024-01-20,363,46,5,98.97,North,494.85
3904,2024-12-29,750,6,2,144.8,South,289.6
3905,2023-10-04,306,29,1,48.34,South,48.34
3906,2022-08-02,717,19,4,205.94,West,823.76
3907,2023-01-04,486,50,4,135.43,East,541.72
3908,2022-02-18,314,44,5,138.82,West,694.0999999999999
3909,2024-12-11,513,15,3,134.49,West,403.47
3910,2022-05-13,683,38,1,123.44,South,123.44
3911,2024-09-25,167,21,3,166.7,North,500.09999999999997
3912,2024-02-25,394,44,3,272.98,East,818.94
3913,2023-01-08,770,39,5,224.48,West,1122.3999999999999
3914,2023-04-24,63,23,4,41.09,South,164.36
3915,2024-04-11,272,20,3,218.67,West,656.01
3916,2023-10-12,37,42,3,424.68,North,1274.04
3917,2023-11-13,16,50,1,59.35,West,59.35
3918,2023-11-19,766,2,4,472.74,East,1890.96
3919,2022-03-23,343,45,3,161.21,East,483.63
3920,2022-03-28,346,32,2,17.12,South,34.24
3921,2022-08-13,848,47,2,134.05,West,268.1
3922,2022-01-16,539,28,4,44.13,East,176.52
3923,2024-04-01,959,4,4,287.53,West,1150.12
3924,2022-06-12,623,7,5,165.0,East,825.0
3925,2023-05-29,233,3,3,405.37,North,1216.1100000000001
3926,2022-12-16,990,25,2,368.99,North,737.98
3927,2023-11-12,576,48,2,239.61,East,479.22
3928,2022-06-30,609,9,4,284.69,East,1138.76
3929,2024-01-13,416,23,4,308.3,West,1233.2
3930,2023-10-22,905,23,1,142.65,West,142.65
3931,2023-05-08,267,49,1,78.29,East,78.29
3932,2024-07-11,997,26,4,194.49,East,777.96
3933,2022-05-08,326,40,1,56.48,West,56.48
3934,2023-07-19,926,18,4,164.28,East,657.12
3935,2023-07-04,744,24,4,280.78,North,1123.12
3936,2023-03-29,911,27,5,274.66,West,1373.3000000000002
3937,2023-04-16,443,45,1,69.1,North,69.1
3938,2024-09-14,560,2,3,14.09,West,42.269999999999996
3939,2024-01-08,862,1,3,53.58,East,160.74
3940,2022-08-12,722,48,5,27.71,South,138.55
3941,2022-06-03,76,16,3,206.23,West,618.6899999999999
3942,2023-07-14,247,43,3,200.98,West,602.9399999999999
3943,2022-12-17,828,24,5,128.39,South,641.9499999999999
3944,2022-12-15,580,36,2,115.57,South,231.14
3945,2022-07-01,313,11,5,204.25,North,1021.25
3946,2023-09-29,576,26,5,52.42,East,262.1
3947,2024-10-14,694,6,1,115.01,South,115.01
3948,2022-06-28,592,26,3,208.79,West,626.37
3949,2024-11-28,343,29,3,56.47,South,169.41
3950,2024-02-11,715,43,2,422.0,South,844.0
3951,2024-06-12,182,1,5,341.25,East,1706.25
3952,2024-10-23,955,9,4,197.73,East,790.92
3953,2024-10-12,984,27,2,83.7,North,167.4
3954,2022-03-05,726,7,2,105.15,East,210.3
3955,2022-01-29,935,3,3,68.84,North,206.52
3956,2023-01-07,632,9,3,88.44,South,265.32
3957,2022-04-07,399,2,3,217.03,North,651.09
3958,2024-09-19,241,10,3,130.38,North,391.14
3959,2022-01-21,847,17,2,443.44,East,886.88
3960,2024-01-05,714,31,5,480.86,South,2404.3
3961,2024-12-05,924,1,3,348.77,North,1046.31
3962,2022-03-07,292,18,1,406.29,South,406.29
3963,2023-08-26,54,6,2,135.01,West,270.02
3964,2022-12-04,145,38,4,335.86,West,1343.44
3965,2022-05-03,356,41,4,38.42,West,153.68
3966,2023-03-23,598,42,5,480.51,South,2402.55
3967,2023-09-03,983,47,2,338.4,West,676.8
3968,2023-11-02,477,4,2,165.26,East,330.52
3969,2023-09-07,22,40,2,388.79,South,777.58
3970,2024-06-15,331,4,1,17.74,West,17.74
3971,2022-10-08,292,35,1,194.36,West,194.36
3972,2024-12-02,236,4,3,448.87,North,1346.6100000000001
3973,2023-08-19,29,1,4,138.97,South,555.88
3974,2023-12-04,695,41,1,337.28,West,337.28
3975,2024-12-10,938,43,4,186.45,South,745.8
3976,2022-07-29,160,31,2,202.26,South,404.52
3977,2022-05-06,910,19,1,375.51,East,375.51
3978,2023-05-07,530,21,4,456.0,West,1824.0
3979,2024-08-17,550,30,1,91.69,East,91.69
3980,2024-08-27,101,7,2,145.68,West,291.36
3981,2023-08-04,290,5,2,249.01,South,498.02
3982,2024-02-16,377,2,2,310.77,South,621.54
3983,2022-09-15,173,3,3,239.22,South,717.66
3984,2022-08-18,343,15,4,404.71,South,1618.84
3985,2022-07-08,928,39,3,386.37,West,1159.1100000000001
3986,2022-01-10,878,37,5,208.57,North,1042.85
3987,2023-11-07,579,10,5,29.9,South,149.5
3988,2023-05-17,191,9,1,105.3,West,105.3
3989,2022-03-26,439,23,1,248.61,South,248.61
3990,2022-02-18,555,14,1,464.48,North,464.48
3991,2024-04-17,635,45,3,288.11,West,864.33
3992,2024-10-04,790,33,2,269.89,South,539.78
3993,2023-11-20,343,16,1,364.75,East,364.75
3994,2023-01-22,708,20,1,84.62,North,84.62
3995,2024-08-27,845,8,5,81.99,East,409.95
3996,2024-10-02,125,49,2,179.24,East,358.48
3997,2022-08-06,608,38,3,497.48,South,1492.44
3998,2024-10-01,890,34,2,439.21,East,878.42
3999,2022-09-12,669,31,5,343.26,West,1716.3
4000,2022-08-24,552,45,3,201.67,North,605.01
4001,2024-11-15,360,8,4,281.79,West,1127.16
4002,2022-09-28,503,25,1,158.74,East,158.74
4003,2022-05-03,173,41,3,340.41,West,1021.23
4004,2023-10-18,887,13,5,215.23,North,1076.1499999999999
4005,2022-09-16,394,18,2,68.91,East,137.82
4006,2024-08-05,461,50,3,115.39,North,346.17
4007,2022-02-16,685,41,5,308.26,South,1541.3
4008,2024-05-12,120,34,3,350.34,South,1051.02
4009,2023-06-09,273,36,1,57.05,West,57.05
4010,2024-06-06,358,50,2,406.09,West,812.18
4011,2022-07-27,386,17,2,413.93,East,827.86
4012,2024-01-17,913,12,3,364.31,East,1092.93
4013,2022-05-29,876,16,5,344.96,South,1724.8
4014,2023-03-14,858,13,1,123.62,South,123.62
4015,2022-06-04,887,11,1,460.61,North,460.61
4016,2022-12-24,934,14,3,141.6,South,424.79999999999995
4017,2023-04-01,933,42,4,99.43,South,397.72
4018,2024-02-15,319,28,3,322.88,North,968.64
4019,2023-09-21,261,24,1,188.41,South,188.41
4020,2024-04-11,281,17,2,467.18,West,934.36
4021,2023-05-01,329,9,3,235.52,North,706.5600000000001
4022,2023-06-17,124,46,3,90.22,South,270.65999999999997
4023,2022-07-19,476,30,2,479.19,North,958.38
4024,2023-01-06,278,37,3,262.56,South,787.6800000000001
4025,2024-10-10,93,3,5,264.09,South,1320.4499999999998
4026,2024-05-02,959,8,2,199.04,East,398.08
4027,2022-09-05,547,18,2,419.64,North,839.28
4028,2024-02-27,823,30,2,150.95,West,301.9
4029,2022-09-21,128,3,1,16.72,South,16.72
4030,2024-12-17,532,34,3,253.67,West,761.01
4031,2022-01-31,773,43,4,463.68,East,1854.72
4032,2023-08-28,167,28,3,143.9,West,431.70000000000005
4033,2023-05-17,831,37,3,140.49,East,421.47
4034,2024-06-04,236,25,1,371.67,North,371.67
4035,2023-07-03,32,30,5,390.01,East,1950.05
4036,2024-04-18,231,7,5,223.42,South,1117.1
4037,2024-04-27,191,46,1,418.49,East,418.49
4038,2023-09-06,842,29,1,94.25,North,94.25
4039,2023-02-16,936,2,1,189.84,North,189.84
4040,2023-03-08,657,26,3,208.1,South,624.3
4041,2023-11-09,613,41,1,163.27,South,163.27
4042,2022-06-08,591,42,4,116.69,West,466.76
4043,2022-01-14,508,49,2,175.69,South,351.38
4044,2023-01-08,457,7,5,18.82,East,94.1
4045,2022-08-13,672,18,4,354.64,South,1418.56
4046,2023-05-26,255,6,5,345.14,West,1725.6999999999998
4047,2023-08-26,279,41,3,230.61,South,691.83
4048,2022-08-04,971,40,3,168.23,West,504.68999999999994
4049,2024-09-14,700,27,1,222.71,South,222.71
4050,2024-04-19,973,41,5,468.9,North,2344.5
4051,2023-12-28,722,24,3,305.75,South,917.25
4052,2023-07-08,753,33,3,368.37,East,1105.1100000000001
4053,2024-12-01,56,31,5,122.46,North,612.3
4054,2023-11-07,649,34,3,56.43,South,169.29
4055,2024-05-22,106,22,1,50.76,South,50.76
4056,2022-10-10,581,24,3,241.29,North,723.87
4057,2024-12-17,702,36,4,361.18,North,1444.72
4058,2024-04-13,192,28,4,389.32,North,1557.28
4059,2023-06-21,278,20,1,363.0,East,363.0
4060,2024-07-11,544,18,4,457.25,South,1829.0
4061,2024-04-21,175,42,3,35.48,West,106.44
4062,2024-08-05,770,32,4,429.12,South,1716.48
4063,2023-10-27,635,33,4,333.73,South,1334.92
4064,2022-03-08,85,10,3,96.0,North,288.0
4065,2022-01-06,988,9,5,344.37,West,1721.85
4066,2023-09-29,948,25,1,260.76,South,260.76
4067,2022-11-10,728,13,5,185.93,South,929.6500000000001
4068,2023-07-19,216,47,5,131.5,North,657.5
4069,2024-04-05,14,50,4,237.44,South,949.76
4070,2023-05-21,37,45,2,127.17,East,254.34
4071,2024-10-22,27,5,5,50.6,South,253.0
4072,2022-07-23,664,31,3,424.6,East,1273.8000000000002
4073,2023-10-24,576,31,3,300.49,North,901.47
4074,2024-03-15,70,34,3,188.2,South,564.5999999999999
4075,2023-02-08,154,26,2,228.87,East,457.74
4076,2023-06-20,438,7,2,433.77,South,867.54
4077,2023-07-31,765,41,1,166.72,North,166.72
4078,2024-02-02,271,46,2,196.28,North,392.56
4079,2022-04-27,541,49,1,385.38,South,385.38
4080,2023-09-20,996,20,3,108.26,North,324.78000000000003
4081,2024-01-19,74,43,2,333.04,East,666.08
4082,2022-04-15,796,22,4,222.82,North,891.28
4083,2023-05-10,571,5,4,255.08,North,1020.32
4084,2022-02-15,755,12,4,395.57,East,1582.28
4085,2024-04-02,841,21,2,496.63,South,993.26
4086,2024-09-08,149,9,2,417.44,North,834.88
4087,2024-08-17,506,29,2,88.67,South,177.34
4088,2024-04-24,10,27,4,120.03,East,480.12
4089,2023-03-25,644,17,3,210.87,South,632.61
4090,2023-06-20,502,40,5,362.42,North,1812.1000000000001
4091,2023-05-26,62,24,3,259.59,North,778.77
4092,2023-06-24,388,27,2,451.88,North,903.76
4093,2022-01-16,895,8,5,33.85,East,169.25
4094,2022-08-31,774,44,5,136.67,North,683.3499999999999
4095,2024-06-30,730,29,3,117.44,South,352.32
4096,2024-01-31,232,19,4,374.64,West,1498.56
4097,2023-12-06,848,10,1,237.74,West,237.74
4098,2022-04-25,584,24,4,17.36,North,69.44
4099,2023-02-01,988,34,4,388.98,East,1555.92
4100,2023-01-29,528,40,5,187.28,South,936.4
4101,2024-09-04,550,31,2,137.63,South,275.26
4102,2022-10-24,689,46,2,99.53,East,199.06
4103,2024-09-28,445,4,5,473.55,South,2367.75
4104,2022-06-27,321,41,4,471.6,North,1886.4
4105,2024-08-24,894,45,3,47.51,South,142.53
4106,2022-11-11,83,31,1,124.06,West,124.06
4107,2024-11-28,434,9,4,326.6,East,1306.4
4108,2022-09-16,17,26,4,338.51,South,1354.04
4109,2022-01-07,369,13,1,214.66,South,214.66
4110,2022-02-18,668,48,3,288.57,East,865.71
4111,2022-06-10,684,26,1,354.29,South,354.29
4112,2022-06-25,908,1,5,475.75,East,2378.75
4113,2024-10-22,582,40,1,365.3,North,365.3
4114,2024-09-27,583,9,1,64.03,East,64.03
4115,2023-03-31,255,31,4,361.74,South,1446.96
4116,2022-10-03,456,24,4,43.19,South,172.76
4117,2023-05-13,643,45,2,256.23,North,512.46
4118,2023-11-07,561,49,1,268.18,South,268.18
4119,2024-11-17,533,22,5,391.35,West,1956.75
4120,2024-10-21,392,9,2,15.66,West,31.32
4121,2022-02-25,320,39,1,438.63,South,438.63
4122,2023-07-01,220,23,4,335.3,South,1341.2
4123,2022-02-05,699,20,5,25.28,South,126.4
4124,2023-03-15,414,42,3,88.41,East,265.23
4125,2023-08-18,32,21,2,29.36,South,58.72
4126,2022-11-03,715,27,4,385.31,East,1541.24
4127,2023-09-11,788,5,3,93.74,South,281.21999999999997
4128,2022-12-23,754,17,1,32.34,South,32.34
4129,2022-06-30,16,34,5,77.61,South,388.05
4130,2022-03-09,409,9,4,284.18,North,1136.72
4131,2022-10-19,828,34,4,252.79,East,1011.16
4132,2023-11-23,173,10,5,130.67,North,653.3499999999999
4133,2022-06-30,649,44,4,472.04,South,1888.16
4134,2023-03-10,179,2,4,428.86,North,1715.44
4135,2024-07-02,871,47,1,164.09,North,164.09
4136,2022-03-07,573,25,2,242.54,West,485.08
4137,2024-11-10,497,3,3,263.24,North,789.72
4138,2023-01-19,936,34,5,380.53,East,1902.6499999999999
4139,2022-02-08,104,7,3,219.69,South,659.0699999999999
4140,2024-04-01,317,28,5,277.77,South,1388.85
4141,2023-08-25,707,9,5,212.16,West,1060.8
4142,2024-02-24,768,11,4,383.78,West,1535.12
4143,2023-11-02,976,29,1,282.41,East,282.41
4144,2023-04-24,588,16,5,415.61,East,2078.05
4145,2023-07-15,783,39,3,36.33,South,108.99
4146,2022-04-11,181,29,2,453.11,South,906.22
4147,2023-05-29,132,13,3,411.5,North,1234.5
4148,2022-06-25,663,35,1,411.07,East,411.07
4149,2022-08-26,155,11,2,78.75,West,157.5
4150,2024-06-28,359,35,4,139.1,South,556.4
4151,2024-12-18,235,47,3,490.33,South,1470.99
4152,2024-05-20,760,8,3,475.63,North,1426.8899999999999
4153,2023-05-10,165,7,5,121.01,West,605.0500000000001
4154,2024-08-04,717,5,5,222.12,South,1110.6
4155,2024-01-25,427,6,2,86.41,East,172.82
4156,2022-07-30,677,35,4,138.69,East,554.76
4157,2022-05-20,488,30,5,100.52,East,502.59999999999997
4158,2023-06-25,213,11,3,49.66,North,148.98
4159,2022-09-27,925,38,2,293.94,North,587.88
4160,2024-11-01,766,27,5,127.98,East,639.9
4161,2023-05-21,157,21,5,496.2,West,2481.0
4162,2022-02-01,689,14,1,262.57,South,262.57
4163,2024-12-28,75,49,2,185.96,South,371.92
4164,2024-03-23,435,35,2,457.45,South,914.9
4165,2022-12-28,178,29,4,314.17,East,1256.68
4166,2024-07-17,796,24,5,72.27,East,361.34999999999997
4167,2022-04-10,842,36,2,253.93,East,507.86
4168,2022-01-09,645,41,4,226.13,North,904.52
4169,2023-11-28,637,45,5,384.91,North,1924.5500000000002
4170,2024-11-18,312,32,3,349.95,East,1049.85
4171,2023-04-07,832,6,1,191.69,East,191.69
4172,2024-07-09,127,10,4,240.04,West,960.16
4173,2023-01-25,377,20,1,264.21,South,264.21
4174,2023-09-24,345,20,3,217.01,North,651.03
4175,2023-11-13,225,26,2,62.78,South,125.56
4176,2022-06-06,17,21,5,453.67,East,2268.35
4177,2022-12-01,497,45,2,339.55,East,679.1
4178,2022-09-17,993,23,1,240.16,West,240.16
4179,2022-03-23,473,46,2,289.1,West,578.2
4180,2024-01-24,865,12,2,114.45,North,228.9
4181,2023-12-21,311,13,4,269.97,North,1079.88
4182,2022-03-16,758,10,4,375.55,South,1502.2
4183,2023-09-18,137,7,3,271.5,South,814.5
4184,2022-03-03,475,37,4,245.53,North,982.12
4185,2024-05-23,217,12,4,236.57,East,946.28
4186,2022-11-16,196,25,4,383.2,North,1532.8
4187,2022-04-12,201,2,4,379.14,South,1516.56
4188,2024-05-23,366,40,3,377.53,North,1132.59
4189,2024-08-11,719,26,4,130.62,South,522.48
4190,2022-09-12,528,40,4,312.77,South,1251.08
4191,2023-07-24,400,5,1,391.66,South,391.66
4192,2022-04-22,525,8,4,285.33,West,1141.32
4193,2024-09-11,590,42,3,391.7,East,1175.1
4194,2024-09-24,214,45,3,428.66,South,1285.98
4195,2023-04-06,341,9,2,95.21,East,190.42
4196,2023-12-09,329,39,4,160.11,East,640.44
4197,2024-06-05,959,20,5,304.64,North,1523.1999999999998
4198,2024-12-11,119,11,2,151.94,West,303.88
4199,2023-06-04,425,40,3,471.28,West,1413.84
4200,2024-03-22,693,22,2,105.13,East,210.26
4201,2022-08-24,836,16,5,184.9,East,924.5
4202,2024-07-15,842,42,1,497.21,North,497.21
4203,2023-07-11,867,38,5,102.7,North,513.5
4204,2023-10-11,373,42,2,229.92,South,459.84
4205,2022-08-22,649,10,4,163.75,West,655.0
4206,2024-11-21,179,25,1,406.8,West,406.8
4207,2023-08-02,432,19,5,159.03,East,795.15
4208,2023-06-26,720,4,4,89.1,South,356.4
4209,2022-04-24,945,19,5,467.24,East,2336.2
4210,2022-07-23,402,3,3,165.53,East,496.59000000000003
4211,2024-11-18,394,17,4,373.46,South,1493.84
4212,2023-10-05,981,14,3,152.38,West,457.14
4213,2023-04-19,883,10,1,97.5,East,97.5
4214,2023-11-28,566,6,1,403.18,East,403.18
4215,2022-09-10,79,31,1,37.24,North,37.24
4216,2024-06-23,783,31,1,172.67,West,172.67
4217,2023-01-21,907,48,3,392.24,East,1176.72
4218,2022-03-03,424,9,3,260.95,South,782.8499999999999
4219,2023-05-30,118,12,2,347.89,East,695.78
4220,2023-03-06,368,44,2,42.74,North,85.48
4221,2023-08-03,106,46,3,377.41,West,1132.23
4222,2024-01-13,105,26,1,94.25,West,94.25
4223,2023-11-06,303,2,2,406.26,North,812.52
4224,2022-11-07,630,42,4,286.45,North,1145.8
4225,2023-04-16,894,4,3,372.19,South,1116.57
4226,2024-03-19,741,32,4,114.29,North,457.16
4227,2022-06-21,148,28,1,203.76,East,203.76
4228,2023-07-30,866,6,3,403.01,West,1209.03
4229,2022-01-31,150,30,2,456.29,West,912.58
4230,2022-02-16,816,28,2,121.02,East,242.04
4231,2022-05-10,256,13,4,398.76,East,1595.04
4232,2022-12-18,82,46,3,63.19,East,189.57
4233,2024-09-04,16,36,1,218.62,South,218.62
4234,2022-02-27,901,10,5,469.97,South,2349.8500000000004
4235,2024-03-22,193,10,5,473.12,East,2365.6
4236,2024-02-07,723,5,1,155.37,West,155.37
4237,2023-11-14,74,29,2,104.53,West,209.06
4238,2024-09-23,277,36,5,83.25,East,416.25
4239,2022-10-13,61,12,1,245.63,West,245.63
4240,2024-12-30,973,22,4,55.12,North,220.48
4241,2024-06-04,951,46,2,184.86,South,369.72
4242,2023-02-01,536,39,1,18.34,East,18.34
4243,2022-01-26,535,2,4,137.11,North,548.44
4244,2022-11-09,343,14,3,451.14,South,1353.42
4245,2022-05-06,395,10,5,229.02,East,1145.1000000000001
4246,2024-03-21,943,48,5,46.14,North,230.7
4247,2022-07-07,258,3,5,326.95,South,1634.75
4248,2023-11-29,198,8,1,478.26,West,478.26
4249,2024-03-20,53,17,3,237.07,South,711.21
4250,2023-12-17,651,4,1,315.9,South,315.9
4251,2023-03-26,271,21,1,460.51,East,460.51
4252,2023-06-07,201,30,3,215.36,South,646.08
4253,2024-09-12,396,19,4,335.65,East,1342.6
4254,2023-10-20,378,15,2,225.95,West,451.9
4255,2023-08-20,891,20,5,481.44,East,2407.2
4256,2022-04-10,676,42,3,256.86,South,770.58
4257,2023-09-08,604,30,4,443.97,East,1775.88
4258,2024-08-05,535,10,3,258.53,West,775.5899999999999
4259,2023-07-10,923,23,2,337.51,East,675.02
4260,2022-10-05,88,24,3,199.21,North,597.63
4261,2023-05-06,398,12,3,459.6,South,1378.8000000000002
4262,2022-09-12,182,9,4,327.0,North,1308.0
4263,2023-01-16,867,15,5,19.76,North,98.80000000000001
4264,2024-06-10,283,29,5,17.66,South,88.3
4265,2023-06-26,533,18,4,341.33,East,1365.32
4266,2024-04-04,561,20,4,65.99,West,263.96
4267,2024-05-28,190,1,1,360.92,North,360.92
4268,2022-10-08,205,3,1,167.79,West,167.79
4269,2024-02-12,968,8,2,274.07,East,548.14
4270,2024-04-22,44,39,1,95.46,East,95.46
4271,2023-12-20,300,31,1,130.65,North,130.65
4272,2022-11-24,640,47,3,224.09,West,672.27
4273,2022-07-30,994,8,3,336.08,East,1008.24
4274,2023-12-28,701,15,4,86.31,South,345.24
4275,2024-07-11,682,22,5,147.83,North,739.1500000000001
4276,2023-07-06,279,32,2,111.41,East,222.82
4277,2022-01-26,713,5,1,432.71,North,432.71
4278,2022-01-27,385,44,3,327.52,North,982.56
4279,2023-12-03,637,44,5,239.56,South,1197.8
4280,2023-11-13,804,9,1,474.0,East,474.0
4281,2023-02-17,311,41,5,370.55,South,1852.75
4282,2022-06-16,878,15,3,466.79,North,1400.3700000000001
4283,2022-06-18,528,47,4,302.82,East,1211.28
4284,2022-08-17,857,44,1,77.65,West,77.65
4285,2023-01-02,274,37,1,340.96,North,340.96
4286,2023-06-12,482,33,2,108.73,East,217.46
4287,2024-03-01,806,22,1,179.52,South,179.52
4288,2023-06-08,451,11,3,259.71,North,779.1299999999999
4289,2024-12-31,532,50,5,87.11,East,435.55
4290,2022-04-16,531,6,5,20.18,South,100.9
4291,2024-01-02,525,17,4,170.27,West,681.08
4292,2024-08-22,17,46,4,413.91,South,1655.64
4293,2022-05-13,718,44,3,17.54,North,52.62
4294,2023-06-18,30,5,5,63.62,South,318.09999999999997
4295,2024-09-01,470,39,4,405.36,East,1621.44
4296,2022-09-26,811,48,4,159.87,North,639.48
4297,2023-11-04,304,9,2,469.72,North,939.44
4298,2024-03-01,555,29,2,196.32,East,392.64
4299,2022-01-18,93,23,3,400.38,South,1201.1399999999999
4300,2022-04-27,882,47,3,136.81,East,410.43
4301,2024-03-08,578,36,3,40.3,East,120.89999999999999
4302,2023-07-05,631,31,3,441.96,North,1325.8799999999999
4303,2024-07-17,821,20,5,464.38,North,2321.9
4304,2024-01-23,584,23,1,356.97,East,356.97
4305,2023-02-26,846,7,3,387.33,West,1161.99
4306,2023-10-08,162,46,2,13.49,West,26.98
4307,2023-07-12,973,36,1,379.37,West,379.37
4308,2022-02-19,842,4,1,241.38,West,241.38
4309,2023-11-09,328,24,5,231.87,South,1159.35
4310,2022-04-16,967,14,4,274.63,North,1098.52
4311,2023-10-20,781,25,1,142.89,West,142.89
4312,2024-12-31,730,7,5,351.18,East,1755.9
4313,2024-09-14,254,15,5,154.84,North,774.2
4314,2024-04-21,440,44,5,283.72,South,1418.6000000000001
4315,2023-03-22,571,46,3,77.09,North,231.27
4316,2022-03-11,544,13,4,340.79,West,1363.16
4317,2022-05-30,851,19,3,102.91,South,308.73
4318,2024-02-13,120,12,2,93.5,South,187.0
4319,2024-08-01,975,48,4,21.9,East,87.6
4320,2023-03-31,822,26,3,69.68,East,209.04000000000002
4321,2024-08-03,514,48,4,123.96,South,495.84
4322,2023-08-24,630,33,2,118.93,North,237.86
4323,2023-10-15,549,15,3,170.56,East,511.68
4324,2023-12-26,979,37,4,36.66,West,146.64
4325,2022-08-21,97,6,2,468.25,South,936.5
4326,2022-09-08,871,25,5,68.4,North,342.0
4327,2022-03-20,370,17,4,353.96,North,1415.84
4328,2024-12-11,417,43,2,272.19,East,544.38
4329,2024-06-16,257,36,5,280.87,North,1404.35
4330,2024-07-09,128,50,2,61.7,East,123.4
4331,2024-02-20,359,46,1,129.18,North,129.18
4332,2022-08-14,156,9,2,392.14,North,784.28
4333,2024-12-10,657,28,3,237.21,South,711.63
4334,2024-11-23,57,35,3,233.96,North,701.88
4335,2024-03-13,582,3,3,277.5,North,832.5
4336,2024-01-12,948,11,3,222.56,North,667.6800000000001
4337,2022-05-11,556,20,1,405.01,West,405.01
4338,2024-10-19,724,23,1,376.87,East,376.87
4339,2023-09-24,687,30,1,165.33,West,165.33
4340,2024-04-17,653,37,5,407.92,South,2039.6000000000001
4341,2024-01-29,76,36,4,264.12,South,1056.48
4342,2023-12-05,158,44,3,317.59,West,952.77
4343,2023-05-12,85,12,4,434.43,North,1737.72
4344,2022-11-19,322,36,3,243.24,South,729.72
4345,2023-09-07,309,35,3,380.57,North,1141.71
4346,2022-11-25,530,34,3,317.76,East,953.28
4347,2022-05-13,284,4,1,219.11,North,219.11
4348,2024-04-14,900,24,5,396.63,West,1983.15
4349,2023-10-13,42,36,3,61.53,North,184.59
4350,2022-05-01,894,28,3,294.8,North,884.4000000000001
4351,2023-08-29,885,39,3,32.74,North,98.22
4352,2024-08-22,134,2,2,86.52,East,173.04
4353,2022-05-09,614,43,3,303.45,South,910.3499999999999
4354,2022-01-29,649,5,1,160.73,North,160.73
4355,2023-12-23,404,28,1,138.61,South,138.61
4356,2022-11-29,493,13,4,478.36,North,1913.44
4357,2024-08-01,222,36,1,189.29,South,189.29
4358,2024-11-13,229,9,4,286.72,East,1146.88
4359,2022-12-22,806,39,5,271.78,South,1358.8999999999999
4360,2022-05-19,452,30,2,40.39,South,80.78
4361,2022-01-29,998,27,1,340.4,East,340.4
4362,2024-07-19,306,13,3,261.32,South,783.96
4363,2023-05-11,828,42,5,196.89,North,984.4499999999999
4364,2024-10-10,909,39,3,42.35,West,127.05000000000001
4365,2023-10-17,119,50,4,153.58,North,614.32
4366,2024-04-07,611,28,4,443.21,East,1772.84
4367,2022-12-17,862,18,2,95.12,East,190.24
4368,2023-07-08,938,34,5,117.47,East,587.35
4369,2022-10-26,324,21,4,110.59,North,442.36
4370,2022-03-05,921,1,3,446.49,West,1339.47
4371,2024-01-25,159,45,1,353.0,South,353.0
4372,2024-02-09,239,23,1,442.1,West,442.1
4373,2024-04-13,396,34,5,457.74,East,2288.7
4374,2022-06-15,320,36,5,464.7,West,2323.5
4375,2023-05-21,847,9,4,248.0,West,992.0
4376,2024-03-03,189,8,1,243.35,North,243.35
4377,2024-04-12,309,50,2,416.17,West,832.34
4378,2024-05-07,249,30,2,172.64,South,345.28
4379,2024-03-16,538,48,2,20.88,North,41.76
4380,2024-01-31,701,36,2,172.46,South,344.92
4381,2024-04-12,506,36,4,361.01,West,1444.04
4382,2022-10-10,394,18,3,70.57,East,211.70999999999998
4383,2023-01-14,652,2,2,394.54,East,789.08
4384,2022-07-17,406,11,4,409.58,North,1638.32
4385,2024-10-11,1000,36,2,59.45,South,118.9
4386,2024-10-20,181,31,2,57.94,West,115.88
4387,2023-07-10,21,31,3,107.42,North,322.26
4388,2022-12-22,675,24,2,184.63,South,369.26
4389,2024-11-06,583,46,4,271.04,North,1084.16
4390,2023-10-01,594,21,4,247.92,South,991.68
4391,2023-01-14,155,32,1,428.05,East,428.05
4392,2023-11-11,828,49,5,79.69,North,398.45
4393,2023-05-21,867,30,2,351.81,West,703.62
4394,2024-06-17,559,8,2,278.95,South,557.9
4395,2022-03-17,194,33,4,371.04,West,1484.16
4396,2022-08-19,224,39,2,177.55,North,355.1
4397,2024-08-19,399,1,4,240.98,North,963.92
4398,2022-10-29,749,33,1,24.01,South,24.01
4399,2023-12-27,280,42,2,66.89,South,133.78
4400,2022-08-03,980,13,1,193.75,North,193.75
4401,2022-03-10,10,22,1,245.81,North,245.81
4402,2023-01-28,376,5,5,52.02,South,260.1
4403,2022-09-24,472,12,4,414.24,East,1656.96
4404,2024-12-28,152,29,1,473.57,West,473.57
4405,2023-09-03,856,3,4,302.23,West,1208.92
4406,2024-10-05,616,36,5,36.17,North,180.85000000000002
4407,2024-08-19,124,47,4,372.02,North,1488.08
4408,2023-12-29,697,45,5,116.41,South,582.05
4409,2023-11-04,802,11,2,369.49,West,738.98
4410,2023-02-27,553,26,5,222.83,West,1114.15
4411,2022-04-25,424,2,5,36.18,North,180.9
4412,2022-08-08,523,29,5,146.59,East,732.95
4413,2022-01-31,730,41,3,219.24,North,657.72
4414,2023-09-09,513,29,1,370.76,North,370.76
4415,2023-06-23,926,44,4,75.2,North,300.8
4416,2024-01-09,171,36,4,150.63,West,602.52
4417,2024-10-22,850,19,3,50.93,East,152.79
4418,2024-05-20,794,10,2,311.75,East,623.5
4419,2022-04-11,565,11,1,242.39,West,242.39
4420,2024-12-17,125,7,1,465.21,East,465.21
4421,2023-11-23,175,13,1,372.87,West,372.87
4422,2024-07-29,504,41,1,391.16,South,391.16
4423,2022-12-07,777,44,3,90.55,South,271.65
4424,2024-05-10,777,2,4,140.65,West,562.6
4425,2024-11-09,385,30,2,261.44,West,522.88
4426,2022-02-07,711,22,2,16.61,West,33.22
4427,2023-10-22,768,1,2,436.36,West,872.72
4428,2024-07-16,684,27,3,391.09,West,1173.27
4429,2024-11-15,571,7,3,38.39,West,115.17
4430,2023-03-30,952,1,5,426.03,East,2130.1499999999996
4431,2024-01-07,106,25,3,12.2,South,36.599999999999994
4432,2024-03-29,947,48,1,65.97,South,65.97
4433,2024-02-12,637,4,4,37.13,North,148.52
4434,2022-01-13,528,30,2,244.79,South,489.58
4435,2024-07-03,38,8,3,394.18,South,1182.54
4436,2024-07-09,395,49,4,97.48,North,389.92
4437,2024-04-04,755,21,1,388.03,North,388.03
4438,2023-01-06,921,4,3,100.61,West,301.83
4439,2022-11-28,477,4,3,495.36,West,1486.08
4440,2022-09-18,467,8,4,428.2,South,1712.8
4441,2023-11-28,722,42,1,371.22,North,371.22
4442,2023-11-18,505,26,3,299.93,West,899.79
4443,2024-08-07,315,29,4,128.85,East,515.4
4444,2023-01-22,285,16,1,68.44,West,68.44
4445,2024-03-31,464,19,3,235.55,West,706.6500000000001
4446,2023-04-13,680,1,3,207.3,North,621.9000000000001
4447,2022-03-10,264,37,2,340.5,South,681.0
4448,2022-07-19,610,34,5,93.34,South,466.70000000000005
4449,2022-08-04,646,29,1,285.44,East,285.44
4450,2022-07-31,429,27,4,349.74,South,1398.96
4451,2023-05-23,365,48,2,156.49,North,312.98
4452,2022-01-16,181,45,3,392.21,East,1176.6299999999999
4453,2024-06-02,734,30,4,221.6,South,886.4
4454,2022-11-28,876,6,2,89.69,North,179.38
4455,2023-12-18,994,36,2,105.44,North,210.88
4456,2023-07-05,661,39,5,146.66,West,733.3
4457,2024-07-30,244,2,2,87.48,South,174.96
4458,2022-09-13,313,42,1,285.83,West,285.83
4459,2024-09-18,76,14,5,475.08,South,2375.4
4460,2023-12-29,881,8,5,449.08,South,2245.4
4461,2024-05-29,262,3,3,168.64,West,505.91999999999996
4462,2024-03-25,231,35,3,433.69,West,1301.07
4463,2023-10-11,703,27,1,477.47,West,477.47
4464,2024-09-26,380,34,4,154.14,South,616.56
4465,2023-04-16,646,28,1,453.59,North,453.59
4466,2023-11-21,309,31,5,498.74,South,2493.7
4467,2023-12-01,764,17,3,400.86,West,1202.58
4468,2023-05-22,388,19,1,201.21,North,201.21
4469,2024-09-18,757,42,3,308.19,North,924.5699999999999
4470,2024-10-06,777,44,1,188.45,North,188.45
4471,2024-03-14,325,11,1,498.02,West,498.02
4472,2024-04-10,842,9,2,43.25,South,86.5
4473,2022-08-02,879,30,1,447.61,North,447.61
4474,2022-06-18,456,45,3,46.53,East,139.59
4475,2024-09-04,512,6,1,30.68,South,30.68
4476,2022-05-26,343,14,4,470.57,East,1882.28
4477,2023-05-31,516,31,2,434.97,South,869.94
4478,2023-03-29,442,11,1,187.17,South,187.17
4479,2022-03-01,549,5,4,479.19,East,1916.76
4480,2023-06-12,583,31,3,432.31,South,1296.93
4481,2024-10-20,262,2,4,451.97,West,1807.88
4482,2023-04-19,749,39,2,301.61,South,603.22
4483,2024-01-27,819,17,3,479.58,North,1438.74
4484,2024-02-21,463,38,1,406.7,West,406.7
4485,2023-03-09,867,46,1,470.58,South,470.58
4486,2023-02-05,690,36,4,147.94,East,591.76
4487,2022-02-26,608,3,1,270.73,East,270.73
4488,2024-09-29,910,43,3,435.15,South,1305.4499999999998
4489,2022-07-05,227,29,3,294.07,North,882.21
4490,2023-02-02,523,33,1,402.54,East,402.54
4491,2023-08-28,778,14,4,486.82,West,1947.28
4492,2024-02-27,189,38,1,404.24,West,404.24
4493,2022-06-07,209,29,5,164.53,South,822.65
4494,2023-08-12,13,23,1,68.16,South,68.16
4495,2023-04-11,889,17,2,143.65,East,287.3
4496,2023-03-22,162,49,1,334.77,North,334.77
4497,2024-03-11,572,11,5,15.36,West,76.8
4498,2024-07-17,493,28,2,102.96,North,205.92
4499,2022-01-17,435,7,4,170.18,East,680.72
4500,2024-01-01,5,45,2,438.86,East,877.72
4501,2022-11-22,202,40,3,34.99,East,104.97
4502,2024-09-21,416,8,5,34.47,East,172.35
4503,2023-09-05,12,41,3,280.37,West,841.11
4504,2023-06-30,948,29,3,97.11,North,291.33
4505,2023-08-19,397,25,2,128.69,East,257.38
4506,2024-07-09,341,7,2,100.28,West,200.56
4507,2024-04-21,752,22,3,294.99,North,884.97
4508,2022-12-10,950,9,4,37.22,North,148.88
4509,2024-05-08,373,11,1,470.6,North,470.6
4510,2023-03-21,378,34,1,70.34,West,70.34
4511,2022-08-10,225,27,5,476.28,South,2381.3999999999996
4512,2023-08-15,182,50,2,391.28,South,782.56
4513,2024-10-27,297,22,1,415.73,South,415.73
4514,2024-10-14,816,3,4,94.68,East,378.72
4515,2022-01-16,307,50,5,338.13,South,1690.65
4516,2023-06-08,431,48,2,410.37,South,820.74
4517,2024-03-13,690,40,1,283.44,West,283.44
4518,2022-01-21,118,8,3,280.03,East,840.0899999999999
4519,2022-08-16,352,6,4,88.11,West,352.44
4520,2024-10-04,588,25,4,212.97,West,851.88
4521,2024-03-19,46,2,2,83.76,South,167.52
4522,2023-02-08,227,16,4,486.7,North,1946.8
4523,2024-12-25,356,41,2,345.58,North,691.16
4524,2023-03-13,294,21,4,33.73,East,134.92
4525,2024-04-08,240,15,1,243.62,West,243.62
4526,2024-07-22,348,34,2,322.6,East,645.2
4527,2022-09-16,141,47,4,56.86,North,227.44
4528,2022-04-13,204,43,1,335.84,West,335.84
4529,2024-09-19,662,20,1,96.88,West,96.88
4530,2024-02-08,642,44,1,209.86,East,209.86
4531,2024-03-23,861,31,2,316.52,West,633.04
4532,2022-08-14,845,15,2,188.88,West,377.76
4533,2024-07-31,995,48,4,196.63,East,786.52
4534,2023-04-08,269,28,3,423.37,East,1270.1100000000001
4535,2022-08-25,313,6,3,161.54,West,484.62
4536,2024-11-15,418,3,5,331.05,West,1655.25
4537,2023-05-21,915,38,3,426.08,East,1278.24
4538,2024-03-24,137,23,3,84.8,North,254.39999999999998
4539,2024-02-06,628,3,4,32.5,West,130.0
4540,2023-09-26,351,45,2,414.51,East,829.02
4541,2024-09-17,161,44,3,280.05,South,840.1500000000001
4542,2023-09-10,667,8,5,415.57,East,2077.85
4543,2022-09-30,173,2,4,114.39,East,457.56
4544,2022-08-20,130,7,1,417.99,North,417.99
4545,2024-02-07,79,17,1,56.7,South,56.7
4546,2023-05-11,979,7,5,442.77,West,2213.85
4547,2024-11-13,569,33,2,413.04,East,826.08
4548,2023-05-17,863,36,1,287.99,East,287.99
4549,2022-01-25,57,47,2,308.09,North,616.18
4550,2022-10-15,400,4,3,179.46,East,538.38
4551,2022-12-04,363,44,3,108.79,East,326.37
4552,2024-11-26,335,16,3,233.16,West,699.48
4553,2022-05-17,134,21,1,332.15,East,332.15
4554,2023-05-23,14,18,1,499.25,North,499.25
4555,2022-08-15,283,46,2,410.45,East,820.9
4556,2022-11-16,806,46,2,222.81,South,445.62
4557,2024-07-04,659,28,5,374.19,East,1870.95
4558,2022-03-27,421,43,3,62.94,North,188.82
4559,2024-07-14,127,16,4,213.37,South,853.48
4560,2022-02-22,772,47,4,218.21,North,872.84
4561,2024-05-09,826,22,3,499.42,East,1498.26
4562,2024-05-16,218,6,5,201.6,East,1008.0
4563,2023-03-09,905,30,2,50.81,North,101.62
4564,2024-09-25,745,45,1,42.94,West,42.94
4565,2022-04-10,881,28,5,352.21,East,1761.05
4566,2024-09-16,680,17,5,151.66,South,758.3
4567,2023-08-22,655,36,3,435.77,North,1307.31
4568,2023-02-07,489,12,2,246.64,East,493.28
4569,2023-01-31,997,50,4,171.88,South,687.52
4570,2023-02-19,260,40,4,381.97,East,1527.88
4571,2024-07-27,218,12,4,214.59,East,858.36
4572,2023-11-08,820,36,5,371.32,West,1856.6
4573,2023-04-08,658,40,1,359.91,West,359.91
4574,2023-06-25,489,29,2,364.37,North,728.74
4575,2022-03-25,949,2,1,429.99,South,429.99
4576,2022-09-28,443,29,4,425.72,South,1702.88
4577,2022-09-01,99,30,1,335.66,South,335.66
4578,2023-01-23,182,36,5,478.91,East,2394.55
4579,2022-08-02,169,44,3,20.16,East,60.480000000000004
4580,2024-03-28,233,25,1,465.91,North,465.91
4581,2022-02-28,956,21,1,82.64,North,82.64
4582,2024-06-01,93,22,1,113.71,East,113.71
4583,2024-04-22,629,10,4,410.53,East,1642.12
4584,2024-07-12,472,31,1,206.21,South,206.21
4585,2022-05-03,516,47,2,218.4,East,436.8
4586,2023-03-15,85,9,5,138.0,South,690.0
4587,2024-10-18,679,41,2,119.98,North,239.96
4588,2023-07-16,519,39,2,62.06,East,124.12
4589,2022-04-28,381,34,4,106.42,East,425.68
4590,2024-06-23,407,39,1,287.71,South,287.71
4591,2023-01-30,232,41,5,356.24,North,1781.2
4592,2024-05-25,251,50,5,372.03,West,1860.1499999999999
4593,2024-07-23,85,23,5,191.36,East,956.8000000000001
4594,2024-08-09,319,12,1,461.76,South,461.76
4595,2022-03-16,193,7,5,171.08,East,855.4000000000001
4596,2022-10-22,635,32,5,64.46,West,322.29999999999995
4597,2022-01-21,937,19,3,473.16,West,1419.48
4598,2024-11-04,601,22,3,274.93,North,824.79
4599,2023-07-14,607,16,5,485.97,South,2429.8500000000004
4600,2023-01-07,887,8,2,202.9,West,405.8
4601,2024-03-28,300,30,1,381.12,South,381.12
4602,2024-12-28,358,6,2,63.87,South,127.74
4603,2024-04-25,557,2,2,428.5,North,857.0
4604,2023-06-05,765,34,1,93.64,West,93.64
4605,2023-01-06,453,29,1,43.65,South,43.65
4606,2022-04-11,885,40,4,57.9,North,231.6
4607,2023-10-23,991,42,4,283.11,East,1132.44
4608,2024-08-25,563,43,4,153.02,East,612.08
4609,2022-08-31,506,20,5,480.87,West,2404.35
4610,2024-01-23,65,3,5,427.81,South,2139.05
4611,2023-05-27,566,48,5,403.62,East,2018.1
4612,2024-04-28,952,35,4,406.72,East,1626.88
4613,2023-07-09,222,8,1,446.43,East,446.43
4614,2022-08-14,466,12,5,433.95,West,2169.75
4615,2022-08-02,72,50,1,464.82,South,464.82
4616,2023-12-19,888,45,4,467.84,South,1871.36
4617,2022-03-08,474,43,1,156.18,West,156.18
4618,2023-01-31,680,32,5,117.59,North,587.95
4619,2023-09-04,698,29,1,325.12,West,325.12
4620,2024-11-01,655,45,4,70.43,West,281.72
4621,2024-02-09,19,21,5,113.46,East,567.3
4622,2023-02-11,522,3,5,388.75,North,1943.75
4623,2024-07-13,984,38,4,328.17,North,1312.68
4624,2023-10-09,784,27,2,328.92,West,657.84
4625,2022-08-10,683,3,3,475.81,East,1427.43
4626,2023-10-16,415,1,4,337.14,West,1348.56
4627,2023-03-04,364,46,1,221.1,North,221.1
4628,2024-09-03,528,20,2,147.36,South,294.72
4629,2024-10-02,80,7,4,175.89,East,703.56
4630,2023-01-06,796,41,3,146.13,East,438.39
4631,2024-04-29,190,1,5,27.14,East,135.7
4632,2024-05-05,148,10,3,138.17,West,414.51
4633,2022-08-17,675,45,3,419.33,South,1257.99
4634,2022-10-07,443,12,4,366.83,North,1467.32
4635,2024-12-06,265,4,5,314.7,South,1573.5
4636,2024-09-01,872,7,5,452.08,North,2260.4
4637,2024-01-28,650,10,3,139.42,South,418.26
4638,2024-11-13,509,22,4,293.07,South,1172.28
4639,2022-11-17,301,25,5,25.35,East,126.75
4640,2022-10-01,466,29,5,447.08,South,2235.4
4641,2023-07-10,365,39,1,229.39,South,229.39
4642,2024-04-23,399,15,3,97.16,North,291.48
4643,2023-10-30,493,19,2,127.27,North,254.54
4644,2024-09-26,542,39,3,425.64,South,1276.92
4645,2023-01-15,816,46,4,63.32,East,253.28
4646,2023-12-12,480,46,5,463.35,East,2316.75
4647,2024-01-16,168,18,5,193.0,North,965.0
4648,2023-11-06,603,42,1,133.03,West,133.03
4649,2022-04-26,91,3,5,172.61,North,863.0500000000001
4650,2023-08-28,723,6,5,210.4,East,1052.0
4651,2024-12-01,842,22,2,278.58,West,557.16
4652,2023-01-14,300,41,3,297.54,North,892.6200000000001
4653,2023-04-11,174,46,5,229.43,North,1147.15
4654,2022-10-07,646,31,4,228.72,West,914.88
4655,2023-09-10,373,21,2,149.8,North,299.6
4656,2022-04-28,24,8,2,198.07,East,396.14
4657,2022-11-05,201,1,1,238.9,West,238.9
4658,2022-04-10,731,3,4,302.82,East,1211.28
4659,2022-09-18,7,29,2,74.04,South,148.08
4660,2024-09-19,6,6,3,384.35,North,1153.0500000000002
4661,2022-10-13,630,33,4,343.48,South,1373.92
4662,2022-11-24,161,18,3,156.4,South,469.20000000000005
4663,2022-03-04,597,42,1,235.08,South,235.08
4664,2023-11-18,878,49,1,474.0,North,474.0
4665,2024-01-08,248,1,5,20.03,West,100.15
4666,2024-10-27,166,22,3,407.56,East,1222.68
4667,2023-10-01,428,31,3,260.75,North,782.25
4668,2024-07-24,145,23,1,313.22,East,313.22
4669,2023-04-21,511,8,3,345.42,West,1036.26
4670,2022-02-22,543,29,4,233.45,North,933.8
4671,2024-01-24,933,44,5,104.01,East,520.0500000000001
4672,2023-05-01,509,46,5,455.7,South,2278.5
4673,2023-02-13,907,19,4,372.69,North,1490.76
4674,2024-10-27,220,49,2,284.2,East,568.4
4675,2023-10-30,645,16,3,229.74,South,689.22
4676,2024-04-14,576,19,2,254.67,West,509.34
4677,2024-05-25,76,37,2,413.53,South,827.06
4678,2023-01-02,643,22,3,16.13,South,48.39
4679,2024-09-28,824,19,1,434.01,South,434.01
4680,2022-09-07,319,4,3,32.91,East,98.72999999999999
4681,2023-01-15,873,5,1,311.8,East,311.8
4682,2024-05-21,38,5,4,173.23,West,692.92
4683,2024-04-14,566,25,1,342.34,South,342.34
4684,2024-02-14,642,24,2,51.92,South,103.84
4685,2024-07-07,730,1,2,282.55,South,565.1
4686,2023-03-31,514,50,2,429.06,South,858.12
4687,2023-01-01,246,28,1,252.37,South,252.37
4688,2023-02-07,140,47,2,51.33,North,102.66
4689,2022-02-27,808,21,5,28.32,West,141.6
4690,2023-06-05,258,19,3,314.39,East,943.17
4691,2022-07-29,617,23,2,44.07,East,88.14
4692,2024-11-30,381,14,1,44.93,North,44.93
4693,2024-03-26,848,6,2,218.47,East,436.94
4694,2022-06-22,478,32,1,112.66,South,112.66
4695,2022-08-22,185,50,3,110.06,East,330.18
4696,2024-03-03,303,32,1,245.68,South,245.68
4697,2024-03-03,494,8,3,147.59,West,442.77
4698,2024-11-28,756,37,2,117.44,East,234.88
4699,2022-04-29,164,22,5,262.06,North,1310.3
4700,2022-12-01,644,8,2,152.53,East,305.06
4701,2022-11-20,203,38,3,49.31,South,147.93
4702,2024-10-07,408,10,4,344.54,North,1378.16
4703,2022-10-11,210,3,4,296.95,South,1187.8
4704,2022-08-01,859,13,4,113.94,West,455.76
4705,2024-07-17,101,39,2,295.3,East,590.6
4706,2024-01-22,446,30,1,478.24,West,478.24
4707,2022-12-05,898,4,5,478.67,West,2393.35
4708,2024-11-11,783,45,5,270.65,North,1353.25
4709,2022-04-15,971,6,2,58.03,South,116.06
4710,2024-02-09,987,16,3,234.51,East,703.53
4711,2023-12-17,561,22,2,23.22,North,46.44
4712,2024-02-02,368,27,4,213.45,East,853.8
4713,2023-01-14,239,21,3,455.62,West,1366.8600000000001
4714,2023-12-14,727,29,5,239.05,North,1195.25
4715,2022-08-13,291,1,2,279.74,West,559.48
4716,2024-01-08,372,30,1,87.44,East,87.44
4717,2022-08-24,862,24,1,17.67,West,17.67
4718,2022-07-02,431,13,5,496.76,West,2483.8
4719,2023-12-13,280,30,3,175.75,North,527.25
4720,2023-03-20,467,26,4,146.88,West,587.52
4721,2023-09-15,316,34,1,289.93,West,289.93
4722,2024-10-26,989,20,1,375.21,South,375.21
4723,2024-01-19,77,6,2,133.19,East,266.38
4724,2022-06-04,816,43,5,266.82,East,1334.1
4725,2022-09-14,151,49,1,172.99,West,172.99
4726,2022-08-23,396,9,2,245.67,East,491.34
4727,2023-05-15,496,37,3,89.04,North,267.12
4728,2022-10-16,297,37,1,259.96,North,259.96
4729,2023-05-25,669,16,5,33.2,East,166.0
4730,2023-12-10,710,4,2,421.6,North,843.2
4731,2024-02-24,947,32,3,317.55,South,952.6500000000001
4732,2024-06-12,896,20,2,471.33,West,942.66
4733,2024-02-15,407,29,4,303.87,East,1215.48
4734,2022-10-25,287,31,5,99.26,South,496.3
4735,2022-05-17,493,45,5,247.18,East,1235.9
4736,2023-01-11,917,17,1,335.7,East,335.7
4737,2022-03-28,536,41,2,193.37,East,386.74
4738,2023-03-13,456,25,3,280.8,South,842.4000000000001
4739,2024-02-03,492,45,1,89.72,North,89.72
4740,2023-12-03,9,16,5,390.79,South,1953.95
4741,2024-07-30,918,20,2,455.67,South,911.34
4742,2022-06-01,132,42,3,164.29,South,492.87
4743,2024-10-28,77,10,5,398.73,West,1993.65
4744,2024-03-17,738,48,3,55.05,East,165.14999999999998
4745,2022-08-23,131,23,2,130.89,West,261.78
4746,2023-11-06,997,33,3,236.32,North,708.96
4747,2023-07-15,888,43,1,199.34,North,199.34
4748,2022-02-07,412,13,1,313.62,North,313.62
4749,2024-04-01,90,25,2,285.86,North,571.72
4750,2023-02-25,498,50,5,52.76,South,263.8
4751,2022-12-14,629,37,4,74.53,West,298.12
4752,2024-01-18,622,36,4,35.34,West,141.36
4753,2022-09-30,889,24,4,476.78,North,1907.12
4754,2022-11-04,354,6,5,326.22,West,1631.1000000000001
4755,2024-09-02,271,15,1,429.24,West,429.24
4756,2024-01-03,392,34,1,275.22,West,275.22
4757,2024-10-29,432,4,1,104.98,West,104.98
4758,2023-03-20,739,14,2,317.03,West,634.06
4759,2023-02-09,472,4,1,257.62,South,257.62
4760,2024-05-02,756,28,1,210.01,South,210.01
4761,2024-02-17,308,29,1,192.18,West,192.18
4762,2022-04-25,508,18,4,328.54,West,1314.16
4763,2022-03-06,55,20,3,312.7,West,938.0999999999999
4764,2024-04-04,37,48,1,84.27,North,84.27
4765,2022-08-27,900,41,3,409.95,North,1229.85
4766,2022-10-29,55,32,1,321.68,West,321.68
4767,2024-08-26,524,8,4,272.55,South,1090.2
4768,2023-01-04,915,43,4,376.97,North,1507.88
4769,2022-08-21,463,46,3,85.3,East,255.89999999999998
4770,2022-07-14,697,49,4,460.66,North,1842.64
4771,2024-06-25,478,13,2,142.59,North,285.18
4772,2024-11-01,749,40,5,138.75,East,693.75
4773,2024-07-09,805,46,5,409.3,West,2046.5
4774,2023-11-20,716,43,1,173.66,North,173.66
4775,2022-06-26,211,9,4,417.05,North,1668.2
4776,2022-08-05,226,40,5,170.72,West,853.6
4777,2024-10-31,7,46,3,279.84,North,839.52
4778,2023-09-22,732,47,3,123.11,North,369.33
4779,2022-06-13,823,33,3,368.44,West,1105.32
4780,2022-02-22,540,12,1,91.8,North,91.8
4781,2022-08-06,989,37,5,450.72,West,2253.6000000000004
4782,2024-09-25,805,25,5,192.11,North,960.5500000000001
4783,2024-04-03,212,46,5,241.07,West,1205.35
4784,2023-01-20,189,25,3,21.77,East,65.31
4785,2022-02-25,75,16,3,488.14,North,1464.42
4786,2022-04-28,754,16,1,408.46,East,408.46
4787,2024-06-18,114,39,2,229.03,South,458.06
4788,2024-03-08,679,35,5,460.93,South,2304.65
4789,2024-02-19,618,23,1,466.22,East,466.22
4790,2024-10-12,151,8,3,271.2,North,813.5999999999999
4791,2024-03-13,436,46,2,124.59,East,249.18
4792,2024-04-24,878,3,4,248.68,East,994.72
4793,2024-05-04,84,24,2,169.15,West,338.3
4794,2023-12-09,212,43,1,229.51,East,229.51
4795,2022-01-22,779,22,2,456.58,East,913.16
4796,2024-04-22,834,14,3,148.1,West,444.29999999999995
4797,2022-07-11,781,22,2,421.09,West,842.18
4798,2024-10-15,461,34,3,468.3,West,1404.9
4799,2023-01-31,937,36,2,404.48,East,808.96
4800,2024-10-27,177,31,1,268.35,North,268.35
4801,2023-10-02,783,21,4,286.35,South,1145.4
4802,2024-10-15,312,5,5,411.62,East,2058.1
4803,2023-07-21,694,19,2,31.81,North,63.62
4804,2022-08-19,159,42,4,370.61,West,1482.44
4805,2024-05-23,701,21,2,269.15,East,538.3
4806,2023-07-28,186,2,4,204.6,East,818.4
4807,2022-08-28,471,3,3,385.79,East,1157.3700000000001
4808,2022-03-31,956,47,4,140.46,West,561.84
4809,2022-08-20,309,30,5,448.81,West,2244.05
4810,2023-04-02,982,34,4,347.36,South,1389.44
4811,2022-08-21,246,25,5,308.98,West,1544.9
4812,2022-12-20,829,35,5,266.33,West,1331.6499999999999
4813,2024-10-01,976,29,4,114.25,West,457.0
4814,2023-03-15,384,12,5,312.3,West,1561.5
4815,2022-12-11,42,23,5,365.21,North,1826.05
4816,2023-10-26,285,28,3,15.73,North,47.19
4817,2023-10-19,980,46,1,189.55,East,189.55
4818,2022-05-10,988,17,3,417.91,North,1253.73
4819,2022-05-21,923,16,1,319.78,West,319.78
4820,2023-02-19,300,49,1,311.48,West,311.48
4821,2023-09-18,989,9,3,122.02,South,366.06
4822,2022-10-11,901,3,5,319.72,West,1598.6000000000001
4823,2022-08-11,436,22,3,395.21,West,1185.6299999999999
4824,2024-01-14,369,31,5,206.86,East,1034.3000000000002
4825,2023-04-08,874,14,3,99.23,West,297.69
4826,2022-12-23,486,3,3,47.86,East,143.57999999999998
4827,2024-11-12,949,38,2,257.79,West,515.58
4828,2024-05-08,436,23,4,345.09,East,1380.36
4829,2023-10-27,806,21,3,89.69,East,269.07
4830,2024-10-11,428,24,4,216.51,East,866.04
4831,2022-03-26,181,32,5,288.64,North,1443.1999999999998
4832,2023-09-13,883,45,2,86.37,West,172.74
4833,2024-11-20,898,5,2,142.25,West,284.5
4834,2022-08-28,877,33,1,308.12,South,308.12
4835,2022-12-29,694,44,4,365.26,East,1461.04
4836,2024-04-01,340,47,2,321.64,West,643.28
4837,2023-10-30,491,19,5,359.68,South,1798.4
4838,2022-04-09,495,34,1,294.94,West,294.94
4839,2022-02-16,973,3,2,419.56,East,839.12
4840,2024-04-18,730,39,5,415.1,North,2075.5
4841,2023-02-26,163,28,4,400.16,South,1600.64
4842,2022-03-03,558,11,5,291.97,South,1459.8500000000001
4843,2024-10-06,456,10,5,497.12,East,2485.6
4844,2023-08-21,92,40,5,29.16,East,145.8
4845,2023-01-27,105,2,3,105.87,South,317.61
4846,2024-09-03,719,46,2,406.35,West,812.7
4847,2024-12-11,439,45,5,414.88,North,2074.4
4848,2023-08-26,498,39,1,411.19,West,411.19
4849,2022-12-03,328,27,3,437.63,East,1312.8899999999999
4850,2024-03-20,651,9,5,217.08,East,1085.4
4851,2024-01-22,541,39,5,466.6,West,2333.0
4852,2024-05-30,509,1,2,112.49,East,224.98
4853,2023-09-27,251,33,3,469.1,East,1407.3000000000002
4854,2022-09-11,965,38,5,282.77,South,1413.85
4855,2022-01-20,191,33,5,90.3,South,451.5
4856,2023-06-12,47,48,4,370.68,West,1482.72
4857,2023-01-11,879,3,1,154.98,East,154.98
4858,2022-06-15,251,32,1,118.02,East,118.02
4859,2024-05-10,775,13,2,94.32,North,188.64
4860,2023-09-09,885,21,3,24.41,East,73.23
4861,2023-09-04,64,4,5,384.68,West,1923.4
4862,2023-05-18,850,17,3,248.39,North,745.17
4863,2024-07-01,320,42,2,489.58,North,979.16
4864,2022-03-20,860,4,4,225.24,East,900.96
4865,2023-08-08,780,20,2,423.24,West,846.48
4866,2023-11-19,524,12,1,484.37,East,484.37
4867,2023-01-31,292,26,4,21.01,East,84.04
4868,2023-02-06,29,45,5,61.61,North,308.05
4869,2024-09-01,651,36,2,180.45,South,360.9
4870,2022-08-12,437,16,3,436.36,North,1309.08
4871,2023-06-02,966,7,3,420.6,East,1261.8000000000002
4872,2023-09-26,597,33,1,189.7,West,189.7
4873,2022-08-24,586,48,1,107.95,North,107.95
4874,2022-04-26,763,2,1,403.14,South,403.14
4875,2022-08-14,736,33,1,302.49,West,302.49
4876,2022-08-18,47,14,5,25.48,South,127.4
4877,2022-07-01,417,20,4,404.07,North,1616.28
4878,2022-07-29,593,37,1,478.91,West,478.91
4879,2022-04-06,451,27,2,30.62,North,61.24
4880,2024-06-12,633,47,5,150.08,East,750.4000000000001
4881,2024-01-26,555,42,4,411.54,South,1646.16
4882,2023-02-19,658,21,5,296.48,North,1482.4
4883,2023-01-29,74,2,3,494.78,West,1484.34
4884,2023-11-27,53,43,5,458.6,North,2293.0
4885,2024-04-23,233,16,5,97.35,North,486.75
4886,2023-08-27,807,19,3,340.27,North,1020.81
4887,2023-08-05,875,4,3,330.11,East,990.33
4888,2022-05-13,200,10,3,64.32,East,192.95999999999998
4889,2024-03-01,674,22,5,53.86,North,269.3
4890,2023-10-11,549,12,3,289.03,West,867.0899999999999
4891,2022-08-09,937,2,1,207.46,West,207.46
4892,2024-09-02,97,2,2,277.27,West,554.54
4893,2024-12-05,49,41,2,127.03,East,254.06
4894,2024-02-27,896,44,3,282.76,North,848.28
4895,2023-11-22,522,34,4,197.86,West,791.44
4896,2022-02-08,40,18,5,444.89,North,2224.45
4897,2023-11-21,914,16,2,159.98,South,319.96
4898,2022-06-11,153,19,1,436.71,South,436.71
4899,2022-06-10,106,47,4,201.1,West,804.4
4900,2024-12-13,553,25,4,293.3,West,1173.2
4901,2024-11-23,676,30,1,150.32,West,150.32
4902,2022-08-30,770,48,5,406.45,East,2032.25
4903,2024-08-24,211,6,5,423.39,West,2116.95
4904,2024-06-08,202,27,3,406.43,North,1219.29
4905,2022-04-23,433,15,1,323.52,West,323.52
4906,2024-10-10,707,31,1,159.34,West,159.34
4907,2022-11-14,565,44,1,321.88,West,321.88
4908,2022-01-23,147,22,3,480.16,East,1440.48
4909,2024-04-03,499,12,2,327.71,West,655.42
4910,2023-12-02,282,10,5,478.63,South,2393.15
4911,2024-10-15,310,21,3,159.24,East,477.72
4912,2024-12-03,755,47,3,424.54,North,1273.6200000000001
4913,2022-05-08,51,31,3,362.05,East,1086.15
4914,2024-05-25,495,36,1,411.41,North,411.41
4915,2022-06-07,409,10,3,358.27,South,1074.81
4916,2024-04-06,626,19,2,245.38,West,490.76
4917,2024-05-01,273,23,4,346.42,South,1385.68
4918,2023-05-27,458,46,3,466.72,East,1400.16
4919,2022-02-14,120,10,2,214.6,East,429.2
4920,2022-08-07,701,49,1,476.36,North,476.36
4921,2023-03-19,46,27,4,34.21,East,136.84
4922,2022-11-11,243,43,5,16.94,East,84.7
4923,2022-06-26,311,50,5,251.96,North,1259.8
4924,2022-08-16,562,2,1,425.77,South,425.77
4925,2022-09-24,331,11,1,131.44,East,131.44
4926,2024-05-19,11,8,5,349.78,West,1748.8999999999999
4927,2024-04-17,908,19,1,277.98,East,277.98
4928,2023-05-04,424,16,5,152.49,South,762.45
4929,2023-12-03,48,4,1,150.04,North,150.04
4930,2023-11-18,377,14,5,45.91,East,229.54999999999998
4931,2024-09-22,568,22,2,272.74,North,545.48
4932,2022-12-23,8,17,1,230.57,East,230.57
4933,2024-05-21,984,43,5,151.82,West,759.0999999999999
4934,2022-07-23,526,26,1,485.51,North,485.51
4935,2023-07-06,727,35,5,411.05,West,2055.25
4936,2022-11-19,370,36,5,267.23,East,1336.15
4937,2023-08-17,440,45,4,265.64,North,1062.56
4938,2022-06-30,757,49,1,104.87,North,104.87
4939,2023-05-14,566,30,2,328.07,East,656.14
4940,2022-03-24,484,21,3,477.28,East,1431.84
4941,2022-10-30,273,20,3,450.16,West,1350.48
4942,2022-09-19,941,42,1,51.54,East,51.54
4943,2024-02-23,901,26,5,36.02,East,180.10000000000002
4944,2024-07-02,131,12,5,481.01,South,2405.05
4945,2023-11-23,521,8,2,107.95,East,215.9
4946,2024-08-01,724,35,1,279.7,North,279.7
4947,2023-11-14,634,29,3,46.61,East,139.82999999999998
4948,2023-11-20,114,42,2,423.22,West,846.44
4949,2023-01-31,532,7,1,67.75,East,67.75
4950,2024-04-18,499,10,1,325.44,South,325.44
4951,2024-05-27,339,39,1,37.75,South,37.75
4952,2024-04-02,21,50,4,86.77,South,347.08
4953,2022-02-18,720,20,2,260.95,North,521.9
4954,2024-02-28,33,28,1,32.39,South,32.39
4955,2022-10-20,133,14,2,105.85,West,211.7
4956,2023-06-20,920,12,3,76.72,South,230.16
4957,2022-11-07,703,8,1,29.88,West,29.88
4958,2023-06-21,975,7,5,485.79,East,2428.9500000000003
4959,2023-10-01,26,5,1,230.58,North,230.58
4960,2022-08-22,364,1,1,430.88,East,430.88
4961,2023-08-28,601,47,2,185.53,West,371.06
4962,2022-04-04,92,9,2,30.87,North,61.74
4963,2022-11-23,545,44,4,350.87,West,1403.48
4964,2022-08-13,238,18,1,28.99,North,28.99
4965,2024-08-24,18,43,3,280.86,South,842.58
4966,2024-06-08,274,42,2,78.16,East,156.32
4967,2022-01-11,934,10,4,338.7,South,1354.8
4968,2024-11-01,289,50,5,447.42,North,2237.1
4969,2022-02-04,27,1,5,478.32,West,2391.6
4970,2023-03-23,817,20,4,268.61,North,1074.44
4971,2023-03-17,434,43,5,271.02,North,1355.1
4972,2023-10-15,911,29,1,28.76,South,28.76
4973,2023-08-18,108,2,2,387.24,North,774.48
4974,2022-08-17,973,26,3,478.54,East,1435.6200000000001
4975,2022-12-10,948,11,5,224.73,East,1123.6499999999999
4976,2024-09-15,738,25,1,398.91,South,398.91
4977,2024-06-27,324,34,2,400.75,South,801.5
4978,2023-06-11,867,41,1,394.99,East,394.99
4979,2022-03-16,531,1,1,381.75,South,381.75
4980,2022-07-15,735,31,2,115.4,East,230.8
4981,2022-01-29,793,38,5,378.2,East,1891.0
4982,2023-12-07,104,22,5,80.75,South,403.75
4983,2024-10-17,844,2,1,359.13,West,359.13
4984,2022-01-16,332,47,4,11.73,South,46.92
4985,2024-03-15,362,1,5,460.22,West,2301.1000000000004
4986,2024-07-28,921,24,1,415.42,South,415.42
4987,2024-08-24,289,50,3,344.65,East,1033.9499999999998
4988,2022-08-17,444,36,3,56.29,West,168.87
4989,2024-08-19,37,45,4,414.24,South,1656.96
4990,2023-12-16,348,36,1,438.84,South,438.84
4991,2024-09-10,892,47,3,347.11,East,1041.33
4992,2023-07-27,756,34,5,488.18,West,2440.9
4993,2023-09-07,43,9,1,55.51,South,55.51
4994,2022-11-22,126,12,4,357.24,North,1428.96
4995,2024-05-24,9,46,4,267.15,North,1068.6
4996,2022-12-25,526,20,5,81.35,South,406.75
4997,2022-11-20,131,4,3,332.62,East,997.86
4998,2022-06-14,325,15,3,401.77,East,1205.31
4999,2024-03-08,184,4,4,90.73,South,362.92
5000,2023-03-31,282,5,2,398.81,South,797.62
5001,2022-07-12,895,10,4,55.56,East,222.24
5002,2023-09-19,53,44,4,299.79,East,1199.16
5003,2023-06-14,553,44,1,401.25,East,401.25
5004,2024-10-30,850,40,5,81.52,South,407.59999999999997
5005,2022-04-02,870,36,1,290.04,East,290.04
5006,2022-05-19,533,35,4,218.19,South,872.76
5007,2023-04-26,377,1,1,307.56,West,307.56
5008,2023-03-25,295,18,3,217.87,North,653.61
5009,2024-05-18,208,31,4,132.95,West,531.8
5010,2022-12-06,1000,46,3,134.37,North,403.11
5011,2024-12-11,663,49,3,433.7,South,1301.1
5012,2023-04-11,477,6,5,86.66,South,433.29999999999995
5013,2023-12-19,970,6,3,70.33,West,210.99
5014,2024-03-09,954,42,1,57.57,South,57.57
5015,2023-04-20,69,19,1,46.34,South,46.34
5016,2023-02-05,843,32,2,17.1,East,34.2
5017,2023-08-28,925,42,5,88.6,West,443.0
5018,2024-07-20,830,30,2,104.44,North,208.88
5019,2024-09-23,437,26,3,142.16,West,426.48
5020,2024-07-10,301,3,4,70.78,South,283.12
5021,2024-03-31,27,33,1,56.14,South,56.14
5022,2023-10-19,628,50,4,275.32,West,1101.28
5023,2023-08-21,930,31,2,362.16,South,724.32
5024,2023-05-29,654,47,2,318.79,South,637.58
5025,2024-10-26,553,20,1,282.79,South,282.79
5026,2023-05-15,106,4,2,225.88,East,451.76
5027,2023-12-18,586,32,4,320.65,South,1282.6
5028,2023-08-24,572,18,2,451.91,South,903.82
5029,2023-10-28,810,10,4,317.44,South,1269.76
5030,2023-04-13,634,22,3,39.82,South,119.46000000000001
5031,2022-06-10,947,17,5,289.51,South,1447.55
5032,2022-09-27,715,42,1,266.87,South,266.87
5033,2024-12-15,11,4,2,231.49,South,462.98
5034,2022-08-16,931,37,1,288.71,North,288.71
5035,2024-04-28,659,7,2,339.58,West,679.16
5036,2022-05-29,216,8,3,28.26,North,84.78
5037,2024-12-05,886,1,4,245.3,South,981.2
5038,2023-09-24,321,8,1,410.44,West,410.44
5039,2023-02-17,460,19,3,270.08,North,810.24
5040,2023-06-04,957,17,3,43.25,West,129.75
5041,2023-01-22,815,41,5,389.78,South,1948.8999999999999
5042,2022-10-02,526,48,3,471.25,West,1413.75
5043,2022-12-19,579,9,5,427.4,West,2137.0
5044,2024-12-25,692,16,3,187.66,West,562.98
5045,2023-08-21,877,45,4,272.06,West,1088.24
5046,2023-07-12,754,37,3,299.74,South,899.22
5047,2022-04-23,160,27,4,360.74,East,1442.96
5048,2022-05-21,464,2,2,336.37,East,672.74
5049,2023-12-31,998,36,3,107.55,West,322.65
5050,2023-08-12,522,12,3,423.09,South,1269.27
5051,2023-02-15,636,50,2,426.1,South,852.2
5052,2023-01-12,273,35,5,208.13,East,1040.65
5053,2024-01-21,241,31,4,74.15,South,296.6
5054,2023-09-19,936,19,2,308.2,West,616.4
5055,2024-09-21,964,26,2,185.06,West,370.12
5056,2023-12-04,959,36,1,373.28,East,373.28
5057,2023-04-07,655,4,2,164.67,South,329.34
5058,2022-01-12,865,48,5,138.87,West,694.35
5059,2023-04-22,167,43,5,435.18,East,2175.9
5060,2024-07-27,569,31,5,311.75,North,1558.75
5061,2023-02-05,650,13,4,52.14,East,208.56
5062,2024-03-18,327,43,4,347.79,South,1391.16
5063,2022-06-26,865,39,3,378.84,North,1136.52
5064,2022-02-26,529,46,2,125.25,West,250.5
5065,2023-03-24,844,4,5,484.15,South,2420.75
5066,2022-07-22,273,40,2,192.7,West,385.4
5067,2024-01-08,879,44,3,470.88,East,1412.6399999999999
5068,2022-07-21,376,13,3,153.87,South,461.61
5069,2022-12-29,912,41,5,308.51,North,1542.55
5070,2024-06-10,375,9,2,263.61,North,527.22
5071,2023-03-30,334,2,3,496.16,West,1488.48
5072,2022-12-22,3,35,1,210.09,West,210.09
5073,2022-08-04,243,12,4,97.85,East,391.4
5074,2024-08-29,620,17,2,418.27,West,836.54
5075,2023-07-09,51,4,5,30.6,South,153.0
5076,2024-06-05,882,14,3,443.63,North,1330.8899999999999
5077,2022-01-23,350,21,3,64.19,South,192.57
5078,2022-06-04,174,41,3,290.29,East,870.8700000000001
5079,2022-09-06,116,8,4,359.57,North,1438.28
5080,2024-01-19,695,33,2,174.8,West,349.6
5081,2024-03-15,361,45,3,423.92,North,1271.76
5082,2022-05-14,355,28,4,300.92,East,1203.68
5083,2022-11-17,666,3,1,203.63,West,203.63
5084,2023-01-25,759,14,2,169.43,North,338.86
5085,2023-03-10,76,19,5,64.88,North,324.4
5086,2024-11-11,927,6,2,323.78,North,647.56
5087,2024-05-22,756,36,3,188.38,West,565.14
5088,2024-05-07,81,20,5,167.07,East,835.3499999999999
5089,2022-02-20,229,1,2,475.47,North,950.94
5090,2022-06-25,72,10,5,143.67,South,718.3499999999999
5091,2024-05-19,403,13,2,439.52,West,879.04
5092,2022-09-10,218,12,1,487.7,West,487.7
5093,2024-08-23,452,11,1,413.14,North,413.14
5094,2024-01-09,911,36,1,19.56,North,19.56
5095,2022-10-29,755,17,2,435.63,North,871.26
5096,2023-07-02,367,47,5,114.57,East,572.8499999999999
5097,2023-12-17,826,29,1,183.11,West,183.11
5098,2024-02-18,590,3,4,495.88,South,1983.52
5099,2022-09-25,670,29,4,208.44,East,833.76
5100,2024-10-06,560,10,1,330.87,East,330.87
5101,2023-07-05,312,46,1,162.25,West,162.25
5102,2022-11-10,298,19,3,191.02,North,573.0600000000001
5103,2022-07-03,24,4,4,302.84,East,1211.36
5104,2023-12-14,110,46,4,474.66,North,1898.64
5105,2022-05-08,52,38,1,148.4,West,148.4
5106,2023-12-01,939,12,3,131.21,South,393.63
5107,2023-01-21,290,31,5,22.87,South,114.35000000000001
5108,2022-09-28,444,2,3,109.03,South,327.09000000000003
5109,2024-03-21,467,49,3,138.58,North,415.74
5110,2023-02-19,259,1,4,40.81,East,163.24
5111,2022-07-17,324,17,1,286.17,South,286.17
5112,2024-12-15,651,25,1,72.11,East,72.11
5113,2024-04-10,909,5,1,260.43,South,260.43
5114,2023-09-20,818,48,3,102.6,North,307.79999999999995
5115,2023-08-27,338,14,3,468.51,North,1405.53
5116,2024-12-16,787,10,2,160.48,North,320.96
5117,2024-10-06,556,21,5,55.53,South,277.65
5118,2022-03-12,929,25,2,419.72,East,839.44
5119,2024-06-29,422,35,5,207.0,North,1035.0
5120,2023-08-17,259,3,2,411.86,East,823.72
5121,2023-08-23,625,18,2,163.12,East,326.24
5122,2023-05-29,739,50,2,255.02,South,510.04
5123,2022-03-25,65,36,2,228.23,East,456.46
5124,2024-09-20,163,39,3,283.37,North,850.11
5125,2024-12-02,164,33,5,206.81,West,1034.05
5126,2024-04-18,678,48,2,253.43,West,506.86
5127,2023-08-29,39,17,2,342.87,North,685.74
5128,2024-03-20,665,40,1,213.19,East,213.19
5129,2022-05-13,320,6,3,345.36,West,1036.08
5130,2024-12-24,360,34,4,360.01,West,1440.04
5131,2022-10-17,269,26,1,376.97,North,376.97
5132,2023-01-11,324,42,4,240.76,West,963.04
5133,2024-02-08,326,31,2,11.86,South,23.72
5134,2023-04-12,587,49,5,379.22,North,1896.1000000000001
5135,2023-04-16,257,28,4,455.45,East,1821.8
5136,2022-05-29,200,36,4,329.78,West,1319.12
5137,2022-03-29,438,13,4,267.03,East,1068.12
5138,2023-01-31,610,21,5,284.2,East,1421.0
5139,2024-02-29,104,26,1,324.0,East,324.0
5140,2024-05-14,372,31,3,499.28,South,1497.84
5141,2022-01-24,905,16,5,40.41,West,202.04999999999998
5142,2024-08-13,164,31,1,20.38,West,20.38
5143,2022-11-07,113,13,2,482.44,West,964.88
5144,2023-10-26,615,30,1,225.83,East,225.83
5145,2023-03-14,549,32,4,310.05,North,1240.2
5146,2023-12-07,106,5,1,379.19,West,379.19
5147,2023-02-26,699,12,1,373.63,West,373.63
5148,2022-11-17,364,39,2,327.13,South,654.26
5149,2023-08-10,21,41,2,241.23,North,482.46
5150,2024-08-04,660,37,1,292.28,West,292.28
5151,2024-04-28,998,4,5,367.53,East,1837.6499999999999
5152,2022-02-11,129,42,2,426.9,South,853.8
5153,2024-07-27,483,48,4,72.38,South,289.52
5154,2023-01-22,699,43,5,146.2,North,731.0
5155,2024-06-28,796,29,1,204.82,West,204.82
5156,2023-12-17,199,41,4,336.09,West,1344.36
5157,2023-03-07,747,5,4,203.88,West,815.52
5158,2023-07-08,952,11,5,127.05,North,635.25
5159,2024-03-10,620,30,1,26.24,East,26.24
5160,2023-03-02,521,9,4,422.83,South,1691.32
5161,2022-01-26,961,49,2,215.28,West,430.56
5162,2023-01-20,420,28,2,171.32,West,342.64
5163,2022-02-25,226,22,5,270.1,West,1350.5
5164,2023-09-26,930,11,2,70.23,East,140.46
5165,2022-04-16,209,21,3,204.71,South,614.13
5166,2024-04-28,245,6,1,378.38,West,378.38
5167,2023-11-01,288,26,4,370.7,North,1482.8
5168,2023-01-11,66,16,4,388.23,West,1552.92
5169,2024-01-13,868,14,5,239.03,East,1195.15
5170,2024-08-24,153,35,5,190.77,West,953.85
5171,2022-11-04,491,42,4,417.41,South,1669.64
5172,2022-04-01,435,36,2,94.91,North,189.82
5173,2024-03-12,703,22,5,365.32,North,1826.6
5174,2022-04-20,218,2,3,445.09,East,1335.27
5175,2023-08-08,429,13,5,150.21,East,751.0500000000001
5176,2022-12-06,502,11,2,106.92,South,213.84
5177,2024-09-05,666,12,1,261.14,West,261.14
5178,2022-12-22,789,33,3,116.03,East,348.09000000000003
5179,2022-06-17,594,22,5,436.68,North,2183.4
5180,2023-07-11,221,9,1,129.76,East,129.76
5181,2024-06-23,435,44,1,163.84,West,163.84
5182,2022-04-15,280,7,4,445.33,West,1781.32
5183,2022-05-30,623,17,2,110.75,West,221.5
5184,2022-05-26,92,10,4,443.54,West,1774.16
5185,2023-12-17,524,38,2,112.8,East,225.6
5186,2024-05-23,139,39,1,456.78,West,456.78
5187,2022-10-26,667,46,5,165.64,West,828.1999999999999
5188,2023-10-08,23,25,2,130.65,South,261.3
5189,2023-12-24,417,27,2,243.82,South,487.64
5190,2024-12-07,976,30,1,190.92,North,190.92
5191,2023-09-30,732,30,3,108.86,West,326.58
5192,2022-08-27,348,43,1,175.79,North,175.79
5193,2024-10-27,237,34,1,359.48,East,359.48
5194,2023-04-09,765,33,2,417.63,South,835.26
5195,2023-03-29,934,32,1,412.17,South,412.17
5196,2024-02-23,183,42,4,380.84,West,1523.36
5197,2024-06-15,508,12,1,12.66,North,12.66
5198,2023-01-06,198,41,5,219.04,South,1095.2
5199,2023-05-02,682,23,1,92.8,East,92.8
5200,2022-06-14,123,29,1,46.0,South,46.0
5201,2022-07-11,925,43,5,370.58,North,1852.8999999999999
5202,2023-12-31,546,1,3,398.81,South,1196.43
5203,2022-08-02,381,20,3,409.16,South,1227.48
5204,2023-07-28,825,10,3,446.25,North,1338.75
5205,2024-08-14,515,19,4,299.12,East,1196.48
5206,2023-01-16,6,23,5,499.08,West,2495.4
5207,2023-11-04,304,21,4,247.02,East,988.08
5208,2024-03-08,614,43,4,442.91,North,1771.64
5209,2022-08-27,192,35,4,65.34,West,261.36
5210,2023-12-01,376,48,5,82.97,South,414.85
5211,2023-05-20,525,32,2,299.27,South,598.54
5212,2022-07-21,36,10,2,70.83,North,141.66
5213,2024-07-08,975,2,3,46.9,East,140.7
5214,2022-02-06,70,36,4,106.07,East,424.28
5215,2023-10-06,289,48,3,395.89,East,1187.67
5216,2024-02-04,105,6,4,464.45,West,1857.8
5217,2023-12-07,716,43,3,173.4,East,520.2
5218,2023-06-29,313,17,1,487.63,East,487.63
5219,2023-06-24,55,15,5,406.68,East,2033.4
5220,2024-10-13,107,36,4,120.79,West,483.16
5221,2023-01-29,653,24,4,297.2,East,1188.8
5222,2024-04-12,737,40,4,491.08,West,1964.32
5223,2024-12-01,307,29,5,425.91,West,2129.55
5224,2023-08-20,860,50,1,188.05,North,188.05
5225,2023-01-28,821,14,2,160.1,South,320.2
5226,2023-12-01,36,2,5,411.43,East,2057.15
5227,2023-03-17,133,48,1,279.09,South,279.09
5228,2024-07-06,887,22,3,90.09,West,270.27
5229,2022-11-16,25,47,4,170.64,West,682.56
5230,2023-07-07,849,6,4,334.29,North,1337.16
5231,2024-12-30,37,9,2,85.05,West,170.1
5232,2023-07-22,19,12,3,352.37,North,1057.1100000000001
5233,2024-07-07,35,42,1,357.87,South,357.87
5234,2022-08-24,363,39,3,142.67,West,428.01
5235,2024-09-13,418,5,3,205.03,North,615.09
5236,2024-10-29,822,40,2,468.37,West,936.74
5237,2022-03-01,430,44,1,377.1,North,377.1
5238,2024-06-11,518,1,2,396.03,North,792.06
5239,2022-08-13,467,10,1,262.97,South,262.97
5240,2023-12-01,897,11,5,114.44,East,572.2
5241,2023-08-05,199,27,5,299.72,South,1498.6000000000001
5242,2024-09-20,546,23,4,388.33,West,1553.32
5243,2022-06-18,568,20,2,11.9,East,23.8
5244,2024-12-21,768,5,5,65.75,West,328.75
5245,2022-01-14,211,13,3,242.4,South,727.2
5246,2022-06-13,609,50,3,224.23,West,672.6899999999999
5247,2024-01-27,794,10,5,491.32,East,2456.6
5248,2024-11-17,501,49,2,55.15,North,110.3
5249,2023-03-22,241,36,4,168.61,North,674.44
5250,2023-12-17,170,41,3,409.4,West,1228.1999999999998
5251,2024-09-02,859,50,4,310.09,South,1240.36
5252,2024-03-29,294,16,3,285.19,East,855.5699999999999
5253,2022-04-14,922,7,1,373.19,West,373.19
5254,2024-01-12,739,32,5,29.59,North,147.95
5255,2023-03-02,315,25,2,474.27,West,948.54
5256,2023-10-01,127,44,3,103.72,North,311.15999999999997
5257,2024-04-29,468,26,5,50.1,West,250.5
5258,2024-02-08,792,36,4,176.09,South,704.36
5259,2022-10-04,367,28,2,354.15,South,708.3
5260,2024-12-24,21,44,2,123.43,North,246.86
5261,2024-06-18,316,12,5,34.43,South,172.15
5262,2022-07-07,758,26,5,38.13,West,190.65
5263,2022-04-15,90,4,5,135.72,North,678.6
5264,2023-06-30,404,44,1,76.28,North,76.28
5265,2023-01-15,518,23,1,192.49,North,192.49
5266,2022-04-20,451,40,2,94.81,South,189.62
5267,2023-06-29,778,24,5,178.71,South,893.5500000000001
5268,2022-12-20,908,31,1,227.8,East,227.8
5269,2024-01-13,609,30,2,373.84,West,747.68
5270,2022-11-13,150,3,3,121.43,East,364.29
5271,2024-12-24,446,16,5,242.78,North,1213.9
5272,2022-11-29,957,34,1,409.52,West,409.52
5273,2023-08-15,80,38,2,493.32,South,986.64
5274,2024-02-22,17,28,5,283.08,East,1415.3999999999999
5275,2023-06-24,138,49,2,221.84,East,443.68
5276,2024-01-05,652,44,3,319.45,North,958.3499999999999
5277,2023-09-13,851,41,2,248.28,West,496.56
5278,2023-09-11,508,48,2,90.73,West,181.46
5279,2024-06-27,552,7,3,235.13,North,705.39
5280,2024-09-18,919,8,4,489.76,South,1959.04
5281,2022-04-09,680,7,5,323.81,West,1619.05
5282,2022-11-13,74,37,3,148.88,East,446.64
5283,2022-05-03,74,7,3,474.1,North,1422.3000000000002
5284,2024-03-09,50,50,5,200.41,East,1002.05
5285,2023-04-02,10,18,2,201.16,South,402.32
5286,2023-06-06,103,48,1,312.13,South,312.13
5287,2023-06-04,862,39,5,288.8,West,1444.0
5288,2024-07-05,388,21,3,152.31,East,456.93
5289,2023-12-18,385,34,2,238.87,South,477.74
5290,2022-11-11,299,49,4,172.93,North,691.72
5291,2023-12-10,339,27,2,371.51,South,743.02
5292,2023-12-11,389,8,1,70.03,South,70.03
5293,2024-11-09,990,34,2,377.62,West,755.24
5294,2023-07-14,474,18,1,88.97,North,88.97
5295,2024-08-26,616,41,4,159.93,South,639.72
5296,2022-12-22,802,12,4,173.33,East,693.32
5297,2024-12-13,962,22,2,495.3,North,990.6
5298,2024-06-08,792,40,5,299.01,North,1495.05
5299,2024-03-03,142,22,5,391.0,East,1955.0
5300,2022-09-22,809,8,5,282.14,East,1410.6999999999998
5301,2024-09-08,170,42,4,491.75,West,1967.0
5302,2024-03-12,13,28,1,96.92,North,96.92
5303,2022-02-12,669,50,3,306.39,East,919.17
5304,2024-05-11,449,47,2,400.72,North,801.44
5305,2022-12-16,174,32,1,317.99,North,317.99
5306,2024-06-30,674,11,3,449.5,North,1348.5
5307,2022-01-01,959,21,4,304.35,North,1217.4
5308,2023-08-07,132,26,3,414.95,North,1244.85
5309,2023-03-08,540,14,4,96.14,West,384.56
5310,2022-02-22,595,15,4,138.41,North,553.64
5311,2024-07-28,897,14,1,227.59,North,227.59
5312,2023-06-04,932,12,5,427.29,West,2136.4500000000003
5313,2022-05-27,875,36,5,219.01,East,1095.05
5314,2023-09-21,269,3,1,317.45,East,317.45
5315,2022-10-26,251,44,2,203.95,West,407.9
5316,2024-02-28,370,7,4,404.8,East,1619.2
5317,2024-04-29,618,39,2,108.14,North,216.28
5318,2022-06-27,773,46,4,300.95,East,1203.8
5319,2024-04-21,865,1,4,293.17,South,1172.68
5320,2024-05-27,526,39,5,207.59,East,1037.95
5321,2024-01-29,592,25,5,355.51,West,1777.55
5322,2024-12-27,888,31,4,23.95,East,95.8
5323,2023-03-21,506,22,5,422.33,East,2111.65
5324,2023-12-09,672,10,5,180.5,West,902.5
5325,2023-08-25,178,18,3,398.58,West,1195.74
5326,2022-05-25,667,13,3,159.48,North,478.43999999999994
5327,2022-10-02,547,8,4,102.07,West,408.28
5328,2023-05-24,259,9,5,200.85,South,1004.25
5329,2024-01-23,260,15,3,400.71,South,1202.1299999999999
5330,2023-04-22,135,8,2,354.72,West,709.44
5331,2023-10-28,461,33,4,206.51,South,826.04
5332,2023-07-22,489,35,4,469.56,North,1878.24
5333,2023-06-15,643,19,2,210.3,West,420.6
5334,2022-06-08,81,30,4,181.87,East,727.48
5335,2023-11-12,367,9,5,80.91,North,404.54999999999995
5336,2022-01-23,59,19,3,44.44,South,133.32
5337,2024-12-06,74,47,1,181.45,North,181.45
5338,2023-06-09,239,46,3,55.08,South,165.24
5339,2023-12-30,129,26,2,236.69,South,473.38
5340,2022-05-24,412,1,1,431.4,South,431.4
5341,2023-10-30,315,3,5,243.3,North,1216.5
5342,2023-11-12,374,34,5,245.48,East,1227.3999999999999
5343,2024-08-30,437,25,3,134.19,East,402.57
5344,2024-03-09,138,30,4,91.48,East,365.92
5345,2022-03-26,455,1,4,118.94,East,475.76
5346,2023-02-20,615,18,2,288.31,East,576.62
5347,2023-11-25,899,33,4,299.98,South,1199.92
5348,2023-04-27,903,9,5,117.89,East,589.45
5349,2023-04-01,9,7,1,205.47,West,205.47
5350,2024-04-06,232,30,3,288.65,South,865.9499999999999
5351,2022-10-24,611,13,3,382.63,East,1147.8899999999999
5352,2024-08-07,730,17,3,166.69,North,500.07
5353,2023-11-11,965,13,4,142.96,North,571.84
5354,2023-01-13,397,13,1,367.93,West,367.93
5355,2023-02-25,749,42,4,261.77,South,1047.08
5356,2022-04-15,734,38,4,429.81,South,1719.24
5357,2022-11-26,680,37,5,113.39,South,566.95
5358,2023-03-15,882,10,5,387.76,South,1938.8
5359,2023-01-17,574,14,4,89.4,East,357.6
5360,2022-05-18,318,43,2,296.54,South,593.08
5361,2024-07-31,999,5,2,148.98,South,297.96
5362,2024-04-22,507,36,2,59.53,North,119.06
5363,2022-09-27,522,35,4,312.21,East,1248.84
5364,2023-01-31,746,46,1,258.33,East,258.33
5365,2024-07-01,87,45,2,248.13,East,496.26
5366,2023-04-09,779,23,5,300.33,West,1501.6499999999999
5367,2023-03-26,716,5,3,192.49,East,577.47
5368,2022-01-20,318,44,3,338.38,North,1015.14
5369,2022-08-27,333,28,4,74.11,North,296.44
5370,2023-02-22,360,23,3,360.34,West,1081.02
5371,2024-11-20,241,42,4,294.11,North,1176.44
5372,2022-07-05,56,34,3,248.37,North,745.11
5373,2022-09-10,110,31,1,72.55,East,72.55
5374,2022-01-19,49,7,1,146.35,East,146.35
5375,2023-12-13,755,7,1,154.7,North,154.7
5376,2022-08-11,16,4,1,124.57,East,124.57
5377,2022-01-03,73,44,2,477.55,North,955.1
5378,2024-05-03,884,32,5,458.66,South,2293.3
5379,2022-08-16,202,28,1,277.61,South,277.61
5380,2024-07-01,93,4,2,110.78,North,221.56
5381,2023-05-14,649,39,4,456.46,East,1825.84
5382,2023-06-05,33,45,3,377.21,South,1131.6299999999999
5383,2023-12-03,600,8,3,29.0,South,87.0
5384,2024-07-05,419,14,2,250.45,South,500.9
5385,2022-10-18,203,30,3,306.42,West,919.26
5386,2024-12-12,551,3,1,42.57,North,42.57
5387,2023-12-16,626,2,3,34.42,South,103.26
5388,2024-08-05,845,10,1,237.13,East,237.13
5389,2023-10-10,759,6,1,10.96,North,10.96
5390,2024-10-24,855,7,3,32.95,North,98.85000000000001
5391,2023-11-15,921,16,2,90.92,South,181.84
5392,2024-05-19,882,6,4,455.89,South,1823.56
5393,2024-12-06,720,16,2,385.48,North,770.96
5394,2022-04-04,312,27,5,230.71,East,1153.55
5395,2024-07-28,944,12,5,244.81,West,1224.05
5396,2023-07-14,469,22,1,346.15,North,346.15
5397,2022-08-01,394,15,1,242.45,North,242.45
5398,2023-03-12,809,22,2,41.32,North,82.64
5399,2024-05-01,872,35,2,371.98,East,743.96
5400,2023-05-23,211,48,1,38.3,West,38.3
5401,2024-04-15,867,50,4,248.19,West,992.76
5402,2023-10-13,571,15,4,432.24,North,1728.96
5403,2022-07-24,156,23,5,67.52,South,337.59999999999997
5404,2023-01-16,634,38,4,356.25,South,1425.0
5405,2022-03-18,632,49,3,32.7,East,98.10000000000001
5406,2024-03-26,809,2,1,496.6,South,496.6
5407,2024-02-07,322,2,2,344.22,East,688.44
5408,2023-02-14,435,49,1,484.8,South,484.8
5409,2022-04-16,574,19,3,337.43,North,1012.29
5410,2023-07-05,670,5,4,128.72,East,514.88
5411,2024-04-05,40,4,1,463.92,South,463.92
5412,2022-03-29,754,28,3,317.07,North,951.21
5413,2024-05-30,40,18,4,292.21,East,1168.84
5414,2023-06-24,453,40,5,220.26,East,1101.3
5415,2022-09-02,870,41,5,149.45,South,747.25
5416,2023-08-01,190,50,5,269.73,South,1348.65
5417,2024-09-08,746,31,3,189.37,North,568.11
5418,2023-12-18,15,22,3,428.47,West,1285.41
5419,2022-05-22,124,11,2,24.11,East,48.22
5420,2024-06-11,740,48,2,269.74,North,539.48
5421,2022-12-18,899,16,5,419.92,North,2099.6
5422,2023-06-29,280,4,1,23.53,South,23.53
5423,2024-07-01,937,21,4,148.33,South,593.32
5424,2022-06-01,959,41,2,35.25,West,70.5
5425,2023-10-15,48,45,4,301.55,South,1206.2
5426,2024-08-15,189,25,1,165.2,South,165.2
5427,2024-02-02,304,20,5,480.27,East,2401.35
5428,2023-09-16,559,8,4,311.98,North,1247.92
5429,2023-10-18,696,43,5,285.28,East,1426.3999999999999
5430,2023-03-26,105,9,4,459.45,North,1837.8
5431,2023-12-22,369,18,1,119.55,East,119.55
5432,2022-02-12,501,31,2,285.5,North,571.0
5433,2022-09-21,460,35,3,275.96,East,827.8799999999999
5434,2024-10-23,247,30,5,50.24,South,251.20000000000002
5435,2023-08-19,264,18,2,466.71,South,933.42
5436,2024-11-05,206,19,4,353.12,North,1412.48
5437,2024-12-18,507,41,2,445.17,North,890.34
5438,2024-10-09,530,24,3,491.44,North,1474.32
5439,2022-06-26,364,50,5,245.03,South,1225.15
5440,2022-03-04,763,22,5,403.79,West,2018.95
5441,2024-08-15,750,48,2,293.0,North,586.0
5442,2024-09-29,340,14,1,488.79,North,488.79
5443,2023-07-15,407,19,4,131.14,South,524.56
5444,2024-08-12,453,29,2,16.77,East,33.54
5445,2024-04-29,833,22,1,101.11,North,101.11
5446,2023-08-27,877,30,5,72.73,North,363.65000000000003
5447,2023-08-29,814,15,4,224.11,North,896.44
5448,2024-04-09,578,21,5,47.93,South,239.65
5449,2024-01-16,848,26,3,117.9,East,353.70000000000005
5450,2023-07-12,965,36,1,57.17,South,57.17
5451,2022-03-05,150,12,3,248.51,West,745.53
5452,2024-07-30,193,7,3,140.72,West,422.15999999999997
5453,2022-09-06,908,11,3,240.79,South,722.37
5454,2024-07-28,147,39,1,53.56,East,53.56
5455,2022-06-06,406,20,4,263.27,South,1053.08
5456,2024-01-05,183,35,5,73.73,North,368.65000000000003
5457,2024-09-11,106,4,4,58.68,North,234.72
5458,2024-12-25,236,2,4,161.91,South,647.64
5459,2023-10-24,638,20,4,438.46,East,1753.84
5460,2024-11-09,958,47,5,396.38,North,1981.9
5461,2022-02-02,179,20,5,479.98,East,2399.9
5462,2023-07-12,432,12,1,235.5,West,235.5
5463,2022-03-14,401,17,2,163.1,West,326.2
5464,2024-04-04,525,18,5,485.74,East,2428.7
5465,2024-12-14,743,40,5,197.07,West,985.3499999999999
5466,2022-03-02,540,24,2,14.46,North,28.92
5467,2022-09-29,891,8,5,411.85,North,2059.25
5468,2022-09-03,323,37,4,92.91,West,371.64
5469,2023-09-20,261,41,5,361.78,North,1808.8999999999999
5470,2023-12-06,612,30,1,17.41,North,17.41
5471,2023-10-24,700,20,5,64.39,North,321.95
5472,2022-11-06,399,23,2,246.95,West,493.9
5473,2023-05-10,337,37,4,43.27,West,173.08
5474,2022-12-04,300,10,2,445.43,South,890.86
5475,2023-08-02,119,33,5,377.44,West,1887.2
5476,2022-01-10,558,24,5,170.81,West,854.05
5477,2022-02-18,413,36,1,302.79,South,302.79
5478,2023-09-15,580,16,4,360.61,South,1442.44
5479,2024-01-01,384,50,5,380.15,North,1900.75
5480,2024-03-05,480,28,1,203.88,East,203.88
5481,2024-08-28,305,12,1,450.41,South,450.41
5482,2022-05-13,683,20,2,471.47,East,942.94
5483,2022-03-24,870,47,4,105.9,West,423.6
5484,2022-02-26,196,18,3,456.51,North,1369.53
5485,2023-01-11,333,37,1,359.21,North,359.21
5486,2022-12-15,20,26,3,445.19,South,1335.57
5487,2022-09-28,623,46,2,218.13,East,436.26
5488,2022-04-21,658,7,1,333.99,East,333.99
5489,2024-05-18,704,43,4,125.34,East,501.36
5490,2024-06-05,433,47,3,378.04,East,1134.1200000000001
5491,2022-03-17,883,21,4,295.05,East,1180.2
5492,2022-11-25,426,43,3,245.66,North,736.98
5493,2022-05-02,229,32,2,349.41,East,698.82
5494,2022-02-10,524,7,1,280.65,East,280.65
5495,2024-07-10,217,23,1,385.02,East,385.02
5496,2023-10-04,990,20,2,430.63,South,861.26
5497,2024-11-12,591,20,5,402.3,West,2011.5
5498,2022-10-06,375,32,3,160.68,North,482.04
5499,2024-02-02,36,26,3,488.3,West,1464.9
5500,2023-04-14,776,36,5,328.37,South,1641.85
5501,2022-01-09,28,24,2,168.5,West,337.0
5502,2022-01-13,372,1,4,30.86,South,123.44
5503,2024-07-12,86,28,4,494.17,South,1976.68
5504,2024-07-11,188,26,2,303.52,West,607.04
5505,2024-12-11,305,34,4,121.49,South,485.96
5506,2024-12-10,766,26,2,250.65,South,501.3
5507,2023-10-15,422,36,3,204.79,North,614.37
5508,2023-09-13,80,5,3,476.17,West,1428.51
5509,2022-07-15,186,2,5,251.4,East,1257.0
5510,2023-02-21,5,32,2,247.49,South,494.98
5511,2023-10-26,558,34,4,399.35,North,1597.4
5512,2022-05-28,866,50,2,201.55,South,403.1
5513,2024-09-27,497,30,1,106.29,West,106.29
5514,2022-12-30,509,24,5,386.52,East,1932.6
5515,2023-02-06,614,28,1,455.95,South,455.95
5516,2023-08-29,971,46,5,32.41,North,162.04999999999998
5517,2022-08-17,2,3,5,431.35,West,2156.75
5518,2023-06-21,217,50,5,224.55,West,1122.75
5519,2022-09-25,537,10,1,151.68,East,151.68
5520,2024-10-31,257,6,5,29.2,East,146.0
5521,2022-05-06,735,34,2,110.71,East,221.42
5522,2022-11-02,453,31,2,173.11,West,346.22
5523,2023-09-20,424,43,1,44.64,East,44.64
5524,2023-11-20,324,50,3,102.51,East,307.53000000000003
5525,2024-11-03,499,46,3,371.05,West,1113.15
5526,2022-10-08,581,13,1,346.56,South,346.56
5527,2023-03-19,197,39,5,387.22,North,1936.1000000000001
5528,2024-04-16,504,20,5,90.98,North,454.90000000000003
5529,2023-01-24,272,32,5,31.08,North,155.39999999999998
5530,2023-09-09,694,10,1,239.61,South,239.61
5531,2022-05-27,959,26,5,177.96,West,889.8000000000001
5532,2023-06-05,18,19,2,390.6,West,781.2
5533,2023-09-22,107,29,5,274.03,North,1370.1499999999999
5534,2023-03-10,529,13,1,466.28,South,466.28
5535,2022-05-24,125,34,5,39.99,East,199.95000000000002
5536,2022-10-16,483,20,2,188.2,East,376.4
5537,2022-01-14,594,44,1,208.57,East,208.57
5538,2022-09-14,4,40,3,71.69,North,215.07
5539,2024-05-07,627,18,1,295.68,North,295.68
5540,2024-07-31,351,34,4,29.7,West,118.8
5541,2023-04-09,351,48,3,359.24,North,1077.72
5542,2022-09-27,649,8,3,28.35,North,85.05000000000001
5543,2023-09-15,799,16,1,438.0,East,438.0
5544,2022-03-13,901,40,4,41.86,South,167.44
5545,2022-03-15,228,23,3,233.61,West,700.83
5546,2022-12-21,16,32,5,86.14,South,430.7
5547,2023-05-12,810,13,4,75.23,North,300.92
5548,2024-09-14,425,26,4,363.4,East,1453.6
5549,2023-08-03,464,38,1,389.38,West,389.38
5550,2024-06-28,724,1,1,372.21,East,372.21
5551,2023-01-08,246,2,1,207.96,South,207.96
5552,2022-12-28,798,39,4,495.49,East,1981.96
5553,2022-04-03,794,13,2,176.58,North,353.16
5554,2022-11-20,177,27,1,130.19,East,130.19
5555,2023-01-19,543,4,2,498.29,South,996.58
5556,2023-07-29,509,41,3,488.87,South,1466.6100000000001
5557,2024-01-06,562,20,5,300.0,North,1500.0
5558,2024-01-07,655,3,5,112.43,North,562.1500000000001
5559,2022-12-12,564,23,2,126.86,West,253.72
5560,2023-12-20,233,2,4,265.23,South,1060.92
5561,2024-02-20,678,16,5,390.29,North,1951.45
5562,2024-10-16,38,10,2,47.95,West,95.9
5563,2023-10-26,491,28,1,346.96,West,346.96
5564,2023-08-23,444,44,2,60.52,West,121.04
5565,2022-01-11,20,18,3,423.61,West,1270.83
5566,2022-07-06,611,2,2,270.74,South,541.48
5567,2023-12-27,727,14,1,494.95,South,494.95
5568,2024-11-04,556,44,2,378.96,North,757.92
5569,2024-02-17,111,20,1,253.64,East,253.64
5570,2023-02-15,487,40,1,79.18,South,79.18
5571,2024-08-13,89,23,3,275.77,South,827.31
5572,2023-08-08,319,7,3,66.08,West,198.24
5573,2024-12-11,118,45,5,453.53,South,2267.6499999999996
5574,2024-11-17,434,47,1,122.73,North,122.73
5575,2023-07-31,918,14,1,434.03,East,434.03
5576,2024-11-06,239,37,1,158.91,North,158.91
5577,2024-09-15,72,8,5,118.73,South,593.65
5578,2024-01-13,822,50,4,159.08,West,636.32
5579,2022-07-23,905,5,3,356.7,North,1070.1
5580,2024-12-12,399,23,3,267.36,East,802.08
5581,2024-08-31,816,41,1,62.66,West,62.66
5582,2024-07-28,404,10,5,77.16,West,385.79999999999995
5583,2024-12-13,675,49,1,195.48,North,195.48
5584,2024-11-20,251,27,3,175.89,North,527.67
5585,2024-12-17,869,35,5,427.35,West,2136.75
5586,2022-04-15,195,1,2,290.4,East,580.8
5587,2022-09-10,572,7,3,101.49,South,304.46999999999997
5588,2022-10-22,610,47,2,23.89,South,47.78
5589,2023-10-30,930,8,4,60.16,North,240.64
5590,2023-07-03,868,11,2,353.2,North,706.4
5591,2023-09-23,867,34,5,425.08,North,2125.4
5592,2024-12-26,585,28,2,393.44,North,786.88
5593,2022-10-26,222,34,4,397.04,East,1588.16
5594,2022-04-11,631,43,3,137.87,South,413.61
5595,2024-12-15,182,20,4,494.65,West,1978.6
5596,2022-11-28,896,28,5,52.34,South,261.70000000000005
5597,2024-04-15,730,49,2,412.34,North,824.68
5598,2023-01-28,256,42,2,57.44,West,114.88
5599,2024-05-23,908,37,5,141.09,East,705.45
5600,2023-01-16,88,3,1,252.75,East,252.75
5601,2022-04-02,873,9,5,36.14,North,180.7
5602,2023-03-23,787,22,5,203.14,North,1015.6999999999999
5603,2022-04-19,492,25,4,181.56,South,726.24
5604,2022-11-13,336,2,4,327.11,North,1308.44
5605,2023-03-18,538,23,5,361.83,North,1809.1499999999999
5606,2022-08-06,407,17,3,54.34,West,163.02
5607,2023-11-04,633,25,2,28.65,West,57.3
5608,2022-10-05,289,12,5,390.19,South,1950.95
5609,2024-10-05,362,27,1,268.72,South,268.72
5610,2023-07-23,441,20,2,271.97,East,543.94
5611,2024-10-06,30,9,3,490.55,West,1471.65
5612,2024-05-24,919,23,5,224.49,West,1122.45
5613,2023-04-11,714,36,3,106.13,South,318.39
5614,2024-04-18,894,28,2,343.51,North,687.02
5615,2024-01-24,548,50,1,409.68,East,409.68
5616,2024-04-17,637,48,2,256.16,North,512.32
5617,2022-01-30,223,29,2,348.99,West,697.98
5618,2022-12-25,747,42,5,261.83,South,1309.1499999999999
5619,2022-03-27,124,32,2,209.6,East,419.2
5620,2024-01-17,982,12,5,26.8,East,134.0
5621,2022-11-09,683,30,5,95.13,West,475.65
5622,2022-12-31,998,11,3,245.09,East,735.27
5623,2024-06-23,962,37,1,204.3,South,204.3
5624,2023-11-29,693,20,5,423.01,West,2115.05
5625,2022-05-11,215,11,4,63.14,South,252.56
5626,2024-03-13,118,48,3,34.56,South,103.68
5627,2024-02-28,227,47,5,52.7,West,263.5
5628,2022-12-17,891,38,5,342.27,East,1711.35
5629,2022-06-29,444,45,3,301.29,West,903.8700000000001
5630,2024-02-13,549,16,2,319.79,South,639.58
5631,2023-05-25,829,35,5,86.89,South,434.45
5632,2022-12-31,608,50,1,263.01,North,263.01
5633,2024-09-07,632,1,5,386.16,South,1930.8000000000002
5634,2022-12-19,437,25,3,345.1,South,1035.3000000000002
5635,2024-03-10,12,49,4,224.96,South,899.84
5636,2023-02-16,122,27,3,60.72,West,182.16
5637,2024-01-05,547,32,3,436.62,South,1309.8600000000001
5638,2024-09-07,489,6,1,267.84,West,267.84
5639,2022-04-28,251,41,2,445.93,West,891.86
5640,2023-04-27,579,36,1,224.96,North,224.96
5641,2022-07-11,482,39,1,126.14,South,126.14
5642,2023-08-14,550,23,5,160.63,South,803.15
5643,2023-08-13,280,29,4,214.89,South,859.56
5644,2023-10-21,742,30,3,310.97,South,932.9100000000001
5645,2022-04-17,337,22,1,386.77,East,386.77
5646,2023-01-17,168,11,1,128.89,South,128.89
5647,2024-02-22,961,26,2,101.98,North,203.96
5648,2023-01-25,953,23,2,109.3,West,218.6
5649,2022-09-01,328,3,4,467.9,East,1871.6
5650,2023-08-08,246,48,3,90.33,South,270.99
5651,2024-05-18,591,6,1,179.41,North,179.41
5652,2023-04-13,626,7,5,248.08,South,1240.4
5653,2024-05-15,301,44,2,282.54,East,565.08
5654,2024-07-22,729,39,1,430.46,East,430.46
5655,2023-08-27,200,22,5,65.31,North,326.55
5656,2024-10-11,893,48,1,62.93,West,62.93
5657,2024-05-09,500,50,4,165.04,North,660.16
5658,2022-01-13,864,42,4,212.47,East,849.88
5659,2022-10-26,754,33,5,193.15,South,965.75
5660,2024-12-10,13,40,2,202.03,East,404.06
5661,2024-02-26,366,3,4,427.21,South,1708.84
5662,2022-05-29,719,30,2,419.97,North,839.94
5663,2022-05-02,774,48,5,404.7,East,2023.5
5664,2023-06-22,97,24,5,380.09,South,1900.4499999999998
5665,2023-01-11,71,3,1,29.79,West,29.79
5666,2022-03-23,993,2,5,83.2,West,416.0
5667,2023-05-07,815,44,1,368.77,West,368.77
5668,2022-12-22,861,40,2,301.47,South,602.94
5669,2024-07-13,742,19,1,340.23,East,340.23
5670,2024-12-03,357,24,2,361.3,East,722.6
5671,2024-10-01,812,50,4,456.57,South,1826.28
5672,2022-05-03,544,20,2,321.22,South,642.44
5673,2023-12-09,250,47,3,145.03,North,435.09000000000003
5674,2022-11-26,254,49,1,50.68,South,50.68
5675,2024-09-17,771,50,4,221.72,East,886.88
5676,2022-11-19,182,31,2,357.83,East,715.66
5677,2024-02-09,852,50,5,148.13,South,740.65
5678,2023-03-09,974,41,1,68.84,South,68.84
5679,2023-12-11,988,31,2,499.38,South,998.76
5680,2024-03-04,166,37,4,215.25,North,861.0
5681,2023-12-13,4,43,5,115.99,East,579.9499999999999
5682,2023-06-23,463,29,1,90.63,East,90.63
5683,2023-08-24,145,4,4,432.76,West,1731.04
5684,2022-09-14,165,10,5,411.61,South,2058.05
5685,2024-05-20,344,36,3,310.53,North,931.5899999999999
5686,2024-06-17,998,35,5,278.12,West,1390.6
5687,2024-03-19,874,48,1,476.21,North,476.21
5688,2023-11-08,105,21,3,121.85,South,365.54999999999995
5689,2022-09-28,548,43,2,213.54,East,427.08
5690,2023-07-04,314,41,3,22.09,North,66.27
5691,2023-07-22,169,1,3,215.11,South,645.33
5692,2024-09-12,520,42,3,198.27,West,594.8100000000001
5693,2022-12-25,963,12,5,475.25,East,2376.25
5694,2024-03-08,926,24,3,185.53,East,556.59
5695,2024-06-05,598,2,3,419.05,South,1257.15
5696,2022-07-30,436,47,2,385.63,East,771.26
5697,2022-10-14,609,20,3,82.16,North,246.48
5698,2024-01-13,512,16,5,481.73,East,2408.65
5699,2024-11-12,409,34,4,319.17,North,1276.68
5700,2022-10-23,436,13,4,302.31,West,1209.24
5701,2022-01-06,315,18,5,15.74,North,78.7
5702,2023-07-04,542,29,5,352.61,South,1763.0500000000002
5703,2023-11-12,613,43,3,37.26,South,111.78
5704,2024-03-05,579,14,5,100.84,East,504.20000000000005
5705,2022-07-22,900,30,3,58.32,North,174.96
5706,2022-11-21,861,35,1,195.32,West,195.32
5707,2024-04-04,953,9,2,399.9,North,799.8
5708,2022-09-01,63,37,2,356.62,North,713.24
5709,2022-11-23,32,46,2,62.28,North,124.56
5710,2024-09-13,599,39,1,401.25,North,401.25
5711,2024-12-06,211,12,2,235.82,East,471.64
5712,2024-01-31,463,21,3,25.99,North,77.97
5713,2024-11-02,563,18,4,119.67,West,478.68
5714,2024-06-25,575,11,2,394.74,South,789.48
5715,2022-12-31,80,27,2,369.32,South,738.64
5716,2022-03-14,343,24,3,102.29,North,306.87
5717,2024-12-05,232,41,3,28.62,East,85.86
5718,2022-10-01,878,43,2,154.65,South,309.3
5719,2022-07-27,613,50,5,399.51,East,1997.55
5720,2022-05-04,129,34,1,469.81,South,469.81
5721,2024-10-30,19,20,4,290.71,North,1162.84
5722,2023-06-27,357,13,4,54.64,South,218.56
5723,2022-03-01,419,47,1,256.02,West,256.02
5724,2024-06-17,959,8,2,499.41,North,998.82
5725,2024-06-04,606,37,2,469.95,North,939.9
5726,2024-02-21,81,5,2,496.67,West,993.34
5727,2023-03-18,615,7,2,352.71,North,705.42
5728,2024-06-29,881,44,2,218.78,South,437.56
5729,2024-10-22,666,12,4,447.63,West,1790.52
5730,2024-04-11,781,41,2,448.64,East,897.28
5731,2024-10-04,118,4,3,80.74,West,242.21999999999997
5732,2023-09-18,854,40,5,389.94,South,1949.7
5733,2024-09-24,494,19,2,460.46,East,920.92
5734,2024-01-04,791,1,3,450.27,North,1350.81
5735,2022-04-01,492,43,4,356.35,East,1425.4
5736,2022-06-16,875,13,3,273.31,West,819.9300000000001
5737,2024-08-16,225,50,1,390.61,North,390.61
5738,2022-07-26,987,42,1,262.92,West,262.92
5739,2024-12-24,419,45,3,167.4,West,502.20000000000005
5740,2023-05-31,780,25,2,136.88,West,273.76
5741,2024-01-17,137,44,2,274.92,West,549.84
5742,2022-11-02,226,45,2,233.42,South,466.84
5743,2023-01-30,334,34,3,267.0,East,801.0
5744,2022-07-06,229,35,1,137.74,West,137.74
5745,2023-09-15,323,17,1,299.39,East,299.39
5746,2023-12-31,108,26,4,334.42,East,1337.68
5747,2022-08-28,812,21,1,405.36,South,405.36
5748,2023-06-17,445,12,1,299.09,West,299.09
5749,2022-05-21,917,16,5,380.47,West,1902.3500000000001
5750,2022-05-19,7,20,1,93.0,East,93.0
5751,2023-04-04,128,10,3,69.32,West,207.95999999999998
5752,2022-03-11,353,23,2,98.02,North,196.04
5753,2023-01-20,995,47,3,424.67,South,1274.01
5754,2023-09-22,267,30,2,282.51,North,565.02
5755,2022-07-17,685,8,2,233.1,North,466.2
5756,2022-07-24,928,5,4,383.46,South,1533.84
5757,2023-07-22,214,12,1,70.8,West,70.8
5758,2024-09-08,247,42,4,13.04,West,52.16
5759,2024-03-15,618,14,2,162.37,North,324.74
5760,2024-05-08,595,12,5,131.96,West,659.8000000000001
5761,2024-05-31,804,24,5,160.59,West,802.95
5762,2024-08-31,374,45,4,487.05,West,1948.2
5763,2023-10-02,421,17,4,288.2,East,1152.8
5764,2022-11-21,715,1,1,298.66,North,298.66
5765,2023-03-18,41,42,4,331.28,East,1325.12
5766,2024-03-14,717,37,4,204.89,West,819.56
5767,2022-10-15,348,11,3,489.7,South,1469.1
5768,2022-08-14,561,42,4,486.9,West,1947.6
5769,2024-12-23,143,6,4,386.93,North,1547.72
5770,2024-08-24,141,15,3,113.73,North,341.19
5771,2024-07-26,565,41,2,441.3,East,882.6
5772,2023-07-14,107,40,2,59.45,North,118.9
5773,2023-12-15,33,23,3,318.65,West,955.9499999999999
5774,2023-05-13,200,23,1,234.04,East,234.04
5775,2024-04-28,119,38,4,29.22,West,116.88
5776,2024-07-14,800,38,1,452.91,West,452.91
5777,2022-03-01,229,49,5,480.94,North,2404.7
5778,2022-09-14,630,12,1,454.62,South,454.62
5779,2023-07-31,688,7,4,104.31,East,417.24
5780,2022-08-27,964,37,2,173.16,West,346.32
5781,2022-02-07,185,16,4,478.31,North,1913.24
5782,2022-01-25,830,38,4,62.15,North,248.6
5783,2023-02-14,850,40,4,295.82,East,1183.28
5784,2023-04-06,215,35,1,247.91,West,247.91
5785,2024-09-14,733,40,2,84.43,North,168.86
5786,2022-12-23,130,29,2,444.42,North,888.84
5787,2023-01-18,845,39,1,75.74,East,75.74
5788,2023-07-23,272,17,1,300.43,West,300.43
5789,2024-12-07,758,26,1,165.91,East,165.91
5790,2023-03-09,635,20,5,214.81,South,1074.05
5791,2022-02-25,8,46,5,113.57,South,567.8499999999999
5792,2023-07-31,403,25,4,316.09,East,1264.36
5793,2022-09-25,928,38,5,494.45,North,2472.25
5794,2022-03-10,579,39,1,418.44,East,418.44
5795,2024-06-20,627,37,1,344.77,North,344.77
5796,2024-03-03,369,19,1,380.63,South,380.63
5797,2022-09-14,800,21,2,421.25,West,842.5
5798,2023-11-03,617,32,2,241.55,East,483.1
5799,2023-05-05,981,28,5,287.85,West,1439.25
5800,2024-01-16,537,39,3,448.79,East,1346.3700000000001
5801,2022-02-18,53,41,3,351.01,South,1053.03
5802,2022-11-12,247,12,1,76.65,East,76.65
5803,2023-02-17,337,47,2,391.97,East,783.94
5804,2023-03-10,281,15,4,21.13,East,84.52
5805,2024-10-22,33,28,5,425.29,West,2126.4500000000003
5806,2023-02-24,799,21,2,396.27,East,792.54
5807,2024-04-23,548,16,1,417.07,South,417.07
5808,2024-07-04,343,23,1,21.56,North,21.56
5809,2023-03-10,891,26,3,486.5,South,1459.5
5810,2023-10-05,239,15,1,310.92,South,310.92
5811,2022-02-26,492,37,1,402.02,East,402.02
5812,2024-08-21,729,12,4,287.61,South,1150.44
5813,2024-09-03,177,4,5,176.48,East,882.4
5814,2022-02-15,44,35,4,155.11,East,620.44
5815,2023-02-21,304,31,3,44.27,North,132.81
5816,2024-04-27,670,27,2,275.83,South,551.66
5817,2022-05-19,269,32,3,80.36,South,241.07999999999998
5818,2022-09-04,683,33,1,288.08,East,288.08
5819,2022-08-18,733,13,5,316.21,East,1581.05
5820,2024-03-02,400,37,1,226.62,North,226.62
5821,2023-09-29,742,44,5,86.6,West,433.0
5822,2023-01-09,603,2,5,222.03,East,1110.15
5823,2024-01-08,922,38,5,440.55,North,2202.75
5824,2024-12-24,971,37,2,234.44,East,468.88
5825,2022-03-29,431,50,3,177.94,East,533.8199999999999
5826,2023-12-14,421,5,2,318.58,East,637.16
5827,2023-08-24,131,18,2,313.24,West,626.48
5828,2023-06-23,410,48,2,54.4,West,108.8
5829,2022-08-02,738,17,4,125.88,East,503.52
5830,2022-03-15,225,2,4,252.26,South,1009.04
5831,2022-03-02,143,49,4,189.5,North,758.0
5832,2023-11-29,578,42,2,166.78,South,333.56
5833,2022-01-12,540,35,1,228.4,South,228.4
5834,2024-03-24,125,14,4,152.25,North,609.0
5835,2022-02-01,212,12,4,180.26,East,721.04
5836,2024-09-27,934,33,2,389.08,West,778.16
5837,2022-08-25,428,7,3,260.01,East,780.03
5838,2023-07-12,437,39,1,437.7,West,437.7
5839,2023-10-09,592,45,5,474.79,East,2373.9500000000003
5840,2024-09-13,238,9,5,461.82,North,2309.1
5841,2024-03-30,644,5,1,134.32,South,134.32
5842,2023-04-18,328,4,2,241.71,South,483.42
5843,2022-04-22,812,32,3,272.18,South,816.54
5844,2023-01-18,119,5,3,427.57,South,1282.71
5845,2022-01-17,46,44,5,283.92,North,1419.6000000000001
5846,2023-05-08,84,8,3,133.83,South,401.49
5847,2024-07-14,794,13,5,278.29,West,1391.45
5848,2022-04-27,352,4,4,31.7,North,126.8
5849,2024-05-29,13,11,2,418.73,South,837.46
5850,2022-04-25,637,15,3,287.34,West,862.02
5851,2024-03-24,837,46,2,329.34,North,658.68
5852,2023-10-06,172,18,4,108.46,South,433.84
5853,2022-12-02,234,20,1,283.49,South,283.49
5854,2024-07-10,181,1,1,270.01,South,270.01
5855,2022-05-27,51,1,1,313.62,North,313.62
5856,2022-05-02,781,11,5,425.24,North,2126.2
5857,2022-03-22,681,29,5,384.62,South,1923.1
5858,2023-11-16,395,29,1,277.97,East,277.97
5859,2023-10-24,933,24,4,447.77,North,1791.08
5860,2023-01-10,828,20,5,185.62,West,928.1
5861,2022-03-04,800,30,1,251.35,West,251.35
5862,2023-05-19,429,38,2,328.22,East,656.44
5863,2023-10-30,274,5,1,225.98,West,225.98
5864,2023-03-25,861,45,1,187.09,West,187.09
5865,2024-05-17,207,10,2,65.07,West,130.14
5866,2023-11-11,148,6,5,321.59,North,1607.9499999999998
5867,2023-04-06,300,4,2,104.38,West,208.76
5868,2023-04-04,932,4,5,77.74,East,388.7
5869,2023-04-09,453,7,4,99.25,South,397.0
5870,2024-06-30,1000,48,5,347.36,North,1736.8000000000002
5871,2023-01-14,549,33,3,77.8,North,233.39999999999998
5872,2024-10-22,673,9,5,488.36,East,2441.8
5873,2022-12-30,978,26,3,381.69,South,1145.07
5874,2022-03-13,383,47,5,202.44,North,1012.2
5875,2023-09-30,787,41,2,300.71,South,601.42
5876,2022-12-03,947,21,5,13.74,North,68.7
5877,2022-07-14,800,22,1,423.82,East,423.82
5878,2024-10-08,618,33,5,142.89,South,714.4499999999999
5879,2023-10-15,534,33,2,45.22,East,90.44
5880,2022-01-07,233,48,2,381.48,South,762.96
5881,2024-06-23,634,5,5,171.5,North,857.5
5882,2024-09-05,129,21,5,288.1,North,1440.5
5883,2023-07-20,822,27,5,423.58,West,2117.9
5884,2023-09-08,729,41,4,390.21,West,1560.84
5885,2023-07-27,660,1,3,175.05,East,525.1500000000001
5886,2023-08-22,570,16,5,435.66,West,2178.3
5887,2024-02-09,931,35,5,200.54,South,1002.6999999999999
5888,2022-08-30,237,36,3,255.01,East,765.03
5889,2024-02-05,582,44,1,310.1,South,310.1
5890,2023-01-19,966,32,4,44.78,North,179.12
5891,2023-01-26,701,29,4,302.61,West,1210.44
5892,2024-06-14,754,39,1,292.93,North,292.93
5893,2023-11-19,575,47,3,438.01,West,1314.03
5894,2022-02-16,485,23,3,183.3,North,549.9000000000001
5895,2023-09-11,241,15,2,128.67,West,257.34
5896,2023-04-09,957,26,3,243.49,South,730.47
5897,2022-05-03,697,37,4,346.79,North,1387.16
5898,2022-05-14,771,25,2,285.33,West,570.66
5899,2024-04-20,741,2,5,77.72,North,388.6
5900,2024-04-28,223,12,5,180.47,South,902.35
5901,2023-08-30,99,19,5,41.26,West,206.29999999999998
5902,2022-01-23,759,32,2,372.27,North,744.54
5903,2023-07-20,557,23,4,442.64,South,1770.56
5904,2024-02-05,911,5,3,32.38,North,97.14000000000001
5905,2024-08-22,273,25,2,267.46,South,534.92
5906,2022-08-23,399,35,4,287.33,West,1149.32
5907,2024-09-22,517,29,3,225.03,East,675.09
5908,2024-12-18,982,38,1,256.34,South,256.34
5909,2024-04-05,430,45,4,358.07,South,1432.28
5910,2022-08-04,523,20,1,247.03,North,247.03
5911,2023-10-19,960,47,5,460.63,West,2303.15
5912,2024-07-23,348,36,5,275.03,West,1375.1499999999999
5913,2022-11-07,910,7,4,45.18,North,180.72
5914,2023-07-11,551,22,1,477.13,North,477.13
5915,2024-08-29,451,18,2,81.94,West,163.88
5916,2022-09-14,951,21,3,394.39,North,1183.17
5917,2023-06-17,42,22,5,268.18,East,1340.9
5918,2022-02-21,715,39,5,373.04,North,1865.2
5919,2024-12-26,94,12,5,261.58,East,1307.8999999999999
5920,2022-10-27,486,11,5,38.9,North,194.5
5921,2023-11-03,517,12,4,193.71,South,774.84
5922,2024-02-17,564,26,4,314.14,West,1256.56
5923,2024-04-11,150,30,1,318.15,South,318.15
5924,2022-08-20,717,15,2,486.79,South,973.58
5925,2024-09-01,812,8,1,307.1,North,307.1
5926,2024-12-27,499,43,2,150.36,West,300.72
5927,2022-01-28,371,18,4,31.28,East,125.12
5928,2024-12-10,981,10,5,396.32,South,1981.6
5929,2023-08-14,699,8,1,445.75,West,445.75
5930,2024-02-24,485,38,2,310.68,South,621.36
5931,2023-09-12,665,35,3,246.36,East,739.08
5932,2023-08-09,383,20,2,431.88,East,863.76
5933,2024-09-28,628,12,1,127.77,East,127.77
5934,2022-07-03,661,49,4,205.38,South,821.52
5935,2024-11-12,732,3,5,258.75,West,1293.75
5936,2022-05-09,192,20,3,34.19,East,102.57
5937,2022-10-18,745,50,1,347.4,North,347.4
5938,2023-05-16,836,12,4,102.39,West,409.56
5939,2022-07-05,221,24,2,173.25,North,346.5
5940,2023-04-24,47,16,4,213.1,North,852.4
5941,2023-05-07,127,10,4,322.87,West,1291.48
5942,2023-05-28,803,19,5,42.09,West,210.45000000000002
5943,2024-12-26,727,41,1,177.02,North,177.02
5944,2023-04-12,7,14,4,144.44,North,577.76
5945,2022-10-12,696,14,2,10.74,North,21.48
5946,2023-08-24,116,22,2,348.91,West,697.82
5947,2022-07-08,564,4,5,125.61,North,628.05
5948,2024-09-15,366,47,4,91.55,South,366.2
5949,2024-06-08,46,34,2,401.0,North,802.0
5950,2023-01-23,393,18,2,29.21,East,58.42
5951,2022-08-29,954,34,5,451.12,South,2255.6
5952,2023-02-21,23,18,4,346.58,West,1386.32
5953,2022-06-25,131,40,5,94.16,West,470.79999999999995
5954,2023-01-22,127,31,4,181.55,South,726.2
5955,2024-05-02,445,42,2,475.49,North,950.98
5956,2023-10-25,777,20,1,313.23,North,313.23
5957,2023-03-28,309,36,2,308.27,West,616.54
5958,2022-10-04,708,42,1,330.0,South,330.0
5959,2022-08-01,433,10,4,236.74,North,946.96
5960,2022-02-10,473,3,4,91.98,East,367.92
5961,2022-10-21,966,21,3,83.94,South,251.82
5962,2023-08-23,48,36,4,346.78,West,1387.12
5963,2023-06-25,891,10,4,443.13,North,1772.52
5964,2023-03-27,82,7,3,157.1,North,471.29999999999995
5965,2024-12-20,109,22,1,256.67,North,256.67
5966,2024-02-29,263,23,4,496.2,West,1984.8
5967,2022-11-30,867,12,5,136.01,West,680.05
5968,2024-06-09,31,39,4,201.2,South,804.8
5969,2022-02-13,358,13,4,188.13,East,752.52
5970,2022-05-24,568,40,2,25.97,East,51.94
5971,2022-11-29,480,13,4,259.66,West,1038.64
5972,2024-09-24,867,33,4,112.25,South,449.0
5973,2022-02-24,189,31,5,73.01,South,365.05
5974,2024-05-19,988,48,3,358.1,West,1074.3000000000002
5975,2024-03-07,5,28,3,385.22,West,1155.66
5976,2022-11-21,286,19,3,445.56,North,1336.68
5977,2022-03-21,790,21,2,467.72,East,935.44
5978,2024-11-20,657,32,4,435.84,North,1743.36
5979,2024-09-11,394,26,1,70.02,West,70.02
5980,2023-07-12,455,13,1,119.58,South,119.58
5981,2024-05-14,708,29,5,70.01,East,350.05
5982,2023-12-18,426,7,2,183.23,South,366.46
5983,2023-04-17,27,47,2,70.8,West,141.6
5984,2022-03-15,127,26,4,330.11,East,1320.44
5985,2023-08-12,135,6,1,361.19,West,361.19
5986,2023-07-18,535,32,2,88.2,South,176.4
5987,2023-04-12,331,36,5,314.57,West,1572.85
5988,2023-08-22,629,23,1,21.26,North,21.26
5989,2024-09-18,392,11,2,222.84,East,445.68
5990,2024-01-07,8,21,4,149.82,West,599.28
5991,2024-09-20,613,19,4,499.26,East,1997.04
5992,2022-09-05,261,34,4,462.16,East,1848.64
5993,2022-03-08,199,49,4,82.31,South,329.24
5994,2023-07-27,598,47,1,459.51,North,459.51
5995,2023-12-04,740,50,1,215.21,North,215.21
5996,2023-04-15,386,44,2,292.56,West,585.12
5997,2023-05-08,472,35,5,271.54,East,1357.7
5998,2023-10-25,179,49,3,365.82,North,1097.46
5999,2022-10-13,450,31,3,174.13,West,522.39
6000,2022-11-08,240,46,4,44.14,West,176.56
6001,2022-11-05,524,29,2,214.64,South,429.28
6002,2024-02-14,815,6,3,276.81,East,830.4300000000001
6003,2024-08-22,746,36,3,281.91,South,845.73
6004,2023-04-01,183,31,3,398.37,West,1195.1100000000001
6005,2022-05-12,794,32,3,31.67,South,95.01
6006,2024-07-18,358,40,3,494.17,North,1482.51
6007,2024-08-22,376,20,2,495.38,East,990.76
6008,2024-07-17,941,22,3,58.52,South,175.56
6009,2022-05-01,702,3,3,178.57,East,535.71
6010,2023-09-26,838,8,2,299.25,East,598.5
6011,2024-06-15,727,45,1,192.93,South,192.93
6012,2024-02-11,770,19,1,248.94,West,248.94
6013,2024-11-28,538,31,1,169.7,West,169.7
6014,2023-07-20,782,32,3,358.95,West,1076.85
6015,2023-05-27,82,15,2,188.37,North,376.74
6016,2022-10-16,358,39,1,220.64,West,220.64
6017,2022-07-19,185,31,4,292.19,North,1168.76
6018,2023-06-12,288,3,4,484.91,East,1939.64
6019,2024-07-05,62,32,2,324.48,North,648.96
6020,2024-12-21,883,10,3,57.49,East,172.47
6021,2024-03-09,507,28,1,166.26,East,166.26
6022,2024-12-01,462,27,3,215.66,South,646.98
6023,2022-01-12,30,48,1,372.69,East,372.69
6024,2024-04-12,909,46,5,228.97,South,1144.85
6025,2024-04-20,936,40,5,332.96,North,1664.8
6026,2023-10-05,31,43,3,421.35,West,1264.0500000000002
6027,2022-04-16,293,31,4,61.13,South,244.52
6028,2023-11-22,173,34,3,385.21,West,1155.6299999999999
6029,2023-06-12,614,5,1,375.33,West,375.33
6030,2024-04-25,128,11,3,411.66,North,1234.98
6031,2024-06-11,86,7,3,478.47,West,1435.41
6032,2023-01-22,315,8,1,161.7,South,161.7
6033,2023-04-26,28,17,4,220.22,West,880.88
6034,2023-02-12,122,44,5,138.71,North,693.5500000000001
6035,2024-06-16,251,50,1,170.28,East,170.28
6036,2023-12-12,573,39,3,171.61,South,514.83
6037,2023-10-01,403,41,2,436.19,North,872.38
6038,2024-11-10,683,14,3,40.82,South,122.46000000000001
6039,2024-03-25,443,24,3,109.32,East,327.96
6040,2024-07-06,272,30,2,309.17,West,618.34
6041,2022-07-22,837,50,3,384.95,North,1154.85
6042,2023-02-21,812,15,2,351.71,East,703.42
6043,2023-02-20,113,4,3,32.82,South,98.46000000000001
6044,2022-03-26,706,13,4,232.36,West,929.44
6045,2022-06-16,394,5,5,100.39,East,501.95
6046,2023-01-19,943,31,4,494.19,West,1976.76
6047,2023-04-13,19,12,1,499.46,North,499.46
6048,2024-12-31,852,30,1,34.94,East,34.94
6049,2024-03-20,605,49,3,337.18,East,1011.54
6050,2024-09-23,729,10,1,408.4,West,408.4
6051,2023-04-18,465,30,1,169.14,West,169.14
6052,2024-09-19,691,26,3,349.88,West,1049.6399999999999
6053,2022-10-02,909,44,3,101.96,North,305.88
6054,2024-11-09,191,6,5,72.7,North,363.5
6055,2023-05-05,493,27,2,463.4,West,926.8
6056,2022-11-22,912,20,3,324.84,East,974.52
6057,2023-06-13,949,28,5,410.3,South,2051.5
6058,2024-06-10,163,20,4,271.03,East,1084.12
6059,2022-03-30,612,12,1,85.82,East,85.82
6060,2023-05-01,699,45,2,194.56,North,389.12
6061,2023-12-09,295,21,4,442.01,North,1768.04
6062,2022-12-16,579,30,3,17.65,North,52.949999999999996
6063,2023-01-22,73,49,4,111.52,North,446.08
6064,2022-03-28,744,10,5,134.11,East,670.5500000000001
6065,2022-11-03,701,5,3,138.87,North,416.61
6066,2023-03-16,562,37,3,58.31,West,174.93
6067,2024-01-10,309,8,2,425.63,North,851.26
6068,2022-09-21,302,30,5,88.16,West,440.79999999999995
6069,2024-09-03,308,17,1,416.54,West,416.54
6070,2024-01-05,124,3,4,183.98,West,735.92
6071,2023-02-25,669,21,2,234.09,South,468.18
6072,2023-05-08,261,16,2,236.8,South,473.6
6073,2023-09-25,195,32,3,359.44,South,1078.32
6074,2024-09-19,842,27,4,368.34,South,1473.36
6075,2023-02-15,351,6,2,323.94,East,647.88
6076,2022-06-22,843,42,3,389.15,South,1167.4499999999998
6077,2022-01-04,768,16,3,14.07,South,42.21
6078,2024-05-03,977,45,5,257.36,South,1286.8000000000002
6079,2024-09-12,936,3,3,266.77,West,800.31
6080,2024-11-26,489,40,1,127.28,East,127.28
6081,2023-08-06,200,20,5,282.62,West,1413.1
6082,2024-11-20,884,40,5,238.91,West,1194.55
6083,2023-01-16,508,7,1,241.34,West,241.34
6084,2024-10-31,898,11,1,68.04,East,68.04
6085,2022-12-10,580,29,2,223.28,East,446.56
6086,2022-06-15,446,3,2,385.55,South,771.1
6087,2023-12-01,80,21,1,210.9,West,210.9
6088,2022-12-08,745,32,2,248.87,West,497.74
6089,2024-11-08,698,30,1,484.09,East,484.09
6090,2024-09-06,617,39,1,437.17,East,437.17
6091,2023-06-29,469,11,3,465.06,West,1395.18
6092,2024-10-30,837,17,2,48.06,South,96.12
6093,2022-07-11,442,25,5,313.1,East,1565.5
6094,2022-11-16,931,50,5,119.47,East,597.35
6095,2023-08-03,654,25,2,208.08,East,416.16
6096,2023-04-20,911,9,2,343.08,West,686.16
6097,2023-09-29,902,45,2,293.67,West,587.34
6098,2023-03-03,272,29,2,257.81,West,515.62
6099,2024-12-18,343,15,3,409.08,South,1227.24
6100,2022-04-07,124,19,1,344.47,West,344.47
6101,2023-05-11,223,15,2,412.31,West,824.62
6102,2023-10-23,490,39,2,466.65,West,933.3
6103,2022-01-09,686,35,1,358.87,East,358.87
6104,2023-04-02,703,40,1,203.74,North,203.74
6105,2022-09-30,652,13,1,114.26,East,114.26
6106,2024-07-28,297,16,4,142.75,South,571.0
6107,2024-10-28,119,3,5,204.35,North,1021.75
6108,2022-07-27,787,31,2,372.64,North,745.28
6109,2024-11-22,76,1,3,29.68,South,89.03999999999999
6110,2022-07-23,621,35,3,409.0,West,1227.0
6111,2023-06-02,631,16,1,381.49,East,381.49
6112,2023-06-01,973,1,3,254.71,South,764.13
6113,2023-03-19,881,50,5,205.84,South,1029.2
6114,2023-11-20,258,14,2,65.22,South,130.44
6115,2024-04-29,532,7,3,151.95,North,455.84999999999997
6116,2024-04-12,631,23,5,63.72,East,318.6
6117,2022-12-05,351,35,5,411.25,South,2056.25
6118,2023-01-22,649,29,4,259.58,East,1038.32
6119,2024-11-14,277,22,4,130.93,North,523.72
6120,2023-05-21,255,16,3,18.86,East,56.58
6121,2023-11-11,264,29,5,266.72,South,1333.6000000000001
6122,2023-11-21,679,6,1,378.52,North,378.52
6123,2024-06-03,677,18,4,385.58,North,1542.32
6124,2023-09-15,29,29,5,115.07,North,575.3499999999999
6125,2024-06-11,467,25,4,497.58,North,1990.32
6126,2024-08-10,35,45,2,288.7,South,577.4
6127,2024-02-23,749,2,5,172.68,South,863.4000000000001
6128,2023-05-10,294,44,5,202.48,West,1012.4
6129,2024-11-27,602,32,2,70.97,East,141.94
6130,2024-01-17,203,36,4,251.74,North,1006.96
6131,2023-03-13,740,32,2,379.11,East,758.22
6132,2022-12-11,931,41,3,210.61,North,631.83
6133,2023-07-04,68,20,1,434.76,East,434.76
6134,2024-03-30,131,37,4,243.61,East,974.44
6135,2023-06-25,877,42,5,451.3,South,2256.5
6136,2022-05-24,111,38,3,354.57,West,1063.71
6137,2023-08-11,524,33,4,36.95,North,147.8
6138,2023-10-19,288,5,1,42.84,West,42.84
6139,2022-12-11,687,6,5,402.05,East,2010.25
6140,2023-11-27,831,22,2,184.84,East,369.68
6141,2022-09-25,666,21,1,102.73,North,102.73
6142,2022-06-18,43,19,4,434.01,West,1736.04
6143,2022-02-02,875,43,5,491.82,East,2459.1
6144,2023-01-12,717,15,4,406.29,North,1625.16
6145,2023-01-28,684,34,1,365.31,West,365.31
6146,2023-05-04,294,47,5,10.47,East,52.35
6147,2023-12-23,285,7,1,61.93,South,61.93
6148,2024-08-03,823,17,4,338.76,South,1355.04
6149,2024-11-18,564,44,5,210.69,West,1053.45
6150,2022-02-08,627,44,5,19.54,East,97.69999999999999
6151,2024-11-06,19,5,5,373.03,South,1865.1499999999999
6152,2024-12-15,507,39,4,215.19,East,860.76
6153,2022-08-14,547,2,3,332.82,South,998.46
6154,2022-03-08,48,27,4,239.48,South,957.92
6155,2024-04-14,745,45,2,22.98,North,45.96
6156,2024-11-12,219,24,3,321.6,North,964.8000000000001
6157,2024-09-25,622,41,4,396.16,South,1584.64
6158,2022-08-25,766,47,2,86.43,East,172.86
6159,2024-08-14,188,28,1,446.63,West,446.63
6160,2024-07-07,31,47,2,98.97,East,197.94
6161,2023-04-18,259,1,5,217.19,North,1085.95
6162,2023-07-07,675,21,3,268.32,North,804.96
6163,2023-11-26,344,28,4,163.79,South,655.16
6164,2022-11-13,308,3,4,255.22,East,1020.88
6165,2023-08-21,71,30,5,361.99,East,1809.95
6166,2024-02-07,307,1,3,360.08,South,1080.24
6167,2024-06-04,568,45,3,461.92,West,1385.76
6168,2023-07-15,99,47,5,432.42,North,2162.1
6169,2022-09-15,21,45,3,492.7,West,1478.1
6170,2024-01-27,897,18,5,301.74,East,1508.7
6171,2022-05-03,620,49,2,206.25,South,412.5
6172,2022-12-08,565,33,5,127.65,South,638.25
6173,2024-12-18,6,15,4,129.54,East,518.16
6174,2022-09-17,231,24,1,83.95,South,83.95
6175,2022-04-05,994,36,2,366.07,South,732.14
6176,2022-02-10,82,34,4,330.58,North,1322.32
6177,2022-09-11,958,26,2,153.22,North,306.44
6178,2022-01-07,217,40,4,447.15,North,1788.6
6179,2023-12-29,335,22,3,280.62,West,841.86
6180,2022-03-10,559,16,5,43.82,North,219.1
6181,2023-06-26,864,40,4,40.11,West,160.44
6182,2022-03-30,874,42,4,80.16,East,320.64
6183,2022-08-01,753,16,3,113.52,West,340.56
6184,2024-04-13,690,5,1,444.84,North,444.84
6185,2022-09-23,594,6,1,391.44,East,391.44
6186,2024-06-30,799,42,5,108.84,East,544.2
6187,2022-10-20,704,24,3,131.76,East,395.28
6188,2022-11-29,925,30,2,322.03,East,644.06
6189,2024-10-01,655,37,4,437.05,East,1748.2
6190,2022-02-16,826,32,5,165.2,North,826.0
6191,2023-09-14,791,19,1,267.49,West,267.49
6192,2023-03-03,934,45,2,446.28,East,892.56
6193,2022-07-29,553,28,3,387.61,West,1162.83
6194,2024-06-06,459,47,4,446.84,East,1787.36
6195,2022-06-03,783,8,4,146.26,West,585.04
6196,2023-02-19,87,43,1,348.56,South,348.56
6197,2024-02-08,515,1,1,65.87,North,65.87
6198,2024-09-09,723,4,5,311.94,South,1559.7
6199,2023-08-02,513,22,4,158.97,North,635.88
6200,2024-01-10,984,22,4,353.73,North,1414.92
6201,2022-06-12,587,30,4,79.52,East,318.08
6202,2024-11-04,478,27,4,336.13,South,1344.52
6203,2022-07-14,498,27,2,357.17,South,714.34
6204,2023-06-26,907,13,3,430.01,West,1290.03
6205,2022-12-25,956,39,2,346.67,East,693.34
6206,2024-04-29,743,27,3,266.2,South,798.5999999999999
6207,2023-03-03,449,39,2,394.24,North,788.48
6208,2023-05-12,588,38,5,149.37,West,746.85
6209,2024-04-07,260,8,3,341.96,North,1025.8799999999999
6210,2023-05-01,537,12,4,365.02,North,1460.08
6211,2022-11-26,200,24,3,202.35,West,607.05
6212,2024-06-07,463,18,4,494.59,North,1978.36
6213,2024-09-17,939,15,5,184.48,West,922.4
6214,2022-09-16,94,16,3,51.4,West,154.2
6215,2022-10-19,936,33,1,158.7,East,158.7
6216,2022-05-23,352,10,4,58.72,West,234.88
6217,2024-01-17,108,47,3,176.26,East,528.78
6218,2023-09-19,355,24,2,72.66,West,145.32
6219,2022-03-31,469,45,3,225.37,East,676.11
6220,2023-12-21,95,19,4,391.21,South,1564.84
6221,2023-04-26,868,27,1,43.05,West,43.05
6222,2022-03-25,91,45,1,285.92,South,285.92
6223,2023-11-04,44,41,2,31.48,South,62.96
6224,2023-06-01,456,31,5,443.46,West,2217.2999999999997
6225,2023-04-30,955,21,1,461.48,West,461.48
6226,2024-02-21,384,16,5,251.26,South,1256.3
6227,2022-04-14,23,23,4,386.92,West,1547.68
6228,2022-12-05,702,14,3,300.53,East,901.5899999999999
6229,2023-11-18,23,23,5,176.92,South,884.5999999999999
6230,2024-06-18,234,41,4,130.12,West,520.48
6231,2023-08-30,698,18,4,381.71,South,1526.84
6232,2022-08-11,311,36,4,220.69,South,882.76
6233,2024-10-29,417,12,2,460.92,North,921.84
6234,2024-12-12,333,37,2,488.09,West,976.18
6235,2023-05-18,575,11,5,113.09,East,565.45
6236,2024-04-01,103,5,4,284.92,East,1139.68
6237,2023-09-16,500,21,5,273.1,East,1365.5
6238,2022-06-14,828,32,1,435.37,North,435.37
6239,2024-11-16,483,29,5,348.58,East,1742.8999999999999
6240,2024-12-29,189,7,3,307.61,East,922.83
6241,2022-01-19,848,36,4,342.72,East,1370.88
6242,2024-11-11,460,40,5,200.83,West,1004.1500000000001
6243,2024-09-15,189,27,2,480.54,South,961.08
6244,2023-03-26,351,6,3,38.24,South,114.72
6245,2023-07-06,581,38,5,24.27,East,121.35
6246,2024-12-07,114,4,5,213.64,West,1068.1999999999998
6247,2023-11-26,104,46,5,85.74,West,428.7
6248,2023-08-10,620,35,2,276.95,West,553.9
6249,2023-12-22,508,10,5,14.41,North,72.05
6250,2022-04-17,345,38,1,235.24,West,235.24
6251,2024-02-15,21,50,1,154.51,South,154.51
6252,2024-06-16,387,30,1,109.16,North,109.16
6253,2022-12-02,944,42,5,227.88,West,1139.4
6254,2023-08-30,778,9,3,428.73,North,1286.19
6255,2024-04-17,855,16,2,331.14,North,662.28
6256,2023-08-25,209,4,1,88.37,East,88.37
6257,2023-02-07,682,26,1,254.45,West,254.45
6258,2023-06-24,483,29,3,466.52,South,1399.56
6259,2024-12-31,473,28,1,225.22,West,225.22
6260,2022-01-24,706,11,2,240.57,East,481.14
6261,2023-09-16,859,28,3,471.27,East,1413.81
6262,2024-12-15,942,44,4,76.55,West,306.2
6263,2024-09-12,393,32,2,370.17,South,740.34
6264,2022-08-11,635,24,2,156.59,West,313.18
6265,2022-06-28,689,42,5,434.29,North,2171.4500000000003
6266,2024-03-10,516,39,4,36.64,East,146.56
6267,2023-03-10,188,7,4,495.3,North,1981.2
6268,2024-03-03,346,18,3,386.62,West,1159.8600000000001
6269,2024-06-02,352,3,1,149.32,North,149.32
6270,2023-05-07,541,44,4,382.82,North,1531.28
6271,2024-03-20,598,46,3,462.26,West,1386.78
6272,2024-08-18,47,20,4,65.33,South,261.32
6273,2023-02-24,77,34,2,457.65,West,915.3
6274,2023-10-11,343,30,4,186.49,North,745.96
6275,2023-04-21,191,9,1,13.17,South,13.17
6276,2022-06-19,543,10,3,65.09,South,195.27
6277,2022-06-23,819,6,1,443.55,East,443.55
6278,2023-04-15,681,17,5,491.51,North,2457.55
6279,2022-12-11,36,15,1,448.73,West,448.73
6280,2023-03-21,757,33,1,226.35,West,226.35
6281,2024-11-07,424,13,3,481.09,East,1443.27
6282,2024-12-29,351,42,2,209.36,West,418.72
6283,2023-09-20,188,44,4,65.71,East,262.84
6284,2023-08-15,527,22,4,177.06,South,708.24
6285,2023-06-11,334,16,3,499.23,East,1497.69
6286,2023-04-01,483,34,3,316.71,North,950.1299999999999
6287,2024-03-21,216,3,2,176.6,West,353.2
6288,2022-07-07,158,8,2,315.85,North,631.7
6289,2024-10-17,926,20,5,220.28,South,1101.4
6290,2023-12-12,667,47,4,34.28,North,137.12
6291,2023-06-13,241,24,4,108.55,South,434.2
6292,2023-03-10,296,18,5,19.43,South,97.15
6293,2022-10-15,462,23,3,134.85,South,404.54999999999995
6294,2023-05-14,45,1,4,372.39,North,1489.56
6295,2022-10-30,495,2,1,104.73,East,104.73
6296,2022-03-28,971,5,3,268.75,West,806.25
6297,2024-04-09,175,18,3,353.79,South,1061.3700000000001
6298,2023-03-14,346,16,2,278.85,South,557.7
6299,2023-06-25,56,10,5,17.53,East,87.65
6300,2024-11-11,566,29,3,188.04,South,564.12
6301,2024-04-12,341,35,2,226.4,East,452.8
6302,2024-03-07,777,25,1,177.95,South,177.95
6303,2023-07-14,886,42,1,277.67,East,277.67
6304,2024-02-01,751,24,4,261.45,West,1045.8
6305,2023-04-12,833,13,5,101.85,South,509.25
6306,2023-11-06,108,21,5,378.47,South,1892.3500000000001
6307,2023-11-16,710,42,2,88.97,South,177.94
6308,2022-05-18,897,43,4,234.89,South,939.56
6309,2023-08-01,214,39,5,380.59,North,1902.9499999999998
6310,2023-12-11,499,34,4,351.66,North,1406.64
6311,2022-08-16,758,19,2,221.77,South,443.54
6312,2022-10-08,397,28,4,396.57,East,1586.28
6313,2023-11-15,550,27,3,359.74,South,1079.22
6314,2024-04-07,497,50,3,198.42,East,595.26
6315,2023-03-07,173,26,3,448.8,East,1346.4
6316,2024-11-29,105,11,3,79.56,North,238.68
6317,2022-10-29,552,49,1,185.66,West,185.66
6318,2023-06-17,479,35,1,351.93,East,351.93
6319,2024-02-08,399,20,5,437.76,South,2188.8
6320,2023-03-20,434,12,1,168.06,West,168.06
6321,2024-11-22,642,28,4,285.01,North,1140.04
6322,2022-09-17,693,2,4,15.8,North,63.2
6323,2024-01-09,991,1,1,191.71,West,191.71
6324,2024-03-06,922,9,4,172.16,North,688.64
6325,2022-03-11,194,22,5,422.81,South,2114.05
6326,2024-09-09,843,40,2,46.25,East,92.5
6327,2023-04-26,801,27,1,40.44,East,40.44
6328,2022-01-24,466,9,3,226.92,South,680.76
6329,2024-08-22,341,7,4,209.62,South,838.48
6330,2024-01-16,59,36,4,89.16,North,356.64
6331,2024-04-24,863,48,2,139.04,South,278.08
6332,2022-11-21,538,38,5,487.36,East,2436.8
6333,2024-03-08,478,50,4,261.46,South,1045.84
6334,2022-01-18,103,2,3,53.05,East,159.14999999999998
6335,2022-02-13,533,43,2,34.38,South,68.76
6336,2022-06-04,945,5,4,30.55,West,122.2
6337,2024-05-16,592,17,3,200.62,West,601.86
6338,2024-07-10,839,37,4,434.15,East,1736.6
6339,2024-01-13,982,35,3,418.13,South,1254.3899999999999
6340,2022-08-13,711,8,2,190.26,South,380.52
6341,2022-08-05,322,43,5,389.47,North,1947.3500000000001
6342,2022-01-31,549,3,1,378.6,North,378.6
6343,2024-12-18,14,3,1,246.67,South,246.67
6344,2024-06-16,456,1,5,208.15,East,1040.75
6345,2024-07-23,221,24,4,98.47,East,393.88
6346,2023-03-21,876,45,2,146.6,South,293.2
6347,2023-06-14,391,30,3,175.96,North,527.88
6348,2024-01-08,678,42,2,408.23,East,816.46
6349,2024-05-23,173,26,5,280.95,North,1404.75
6350,2023-07-20,662,38,4,108.45,West,433.8
6351,2022-03-17,684,43,4,56.96,North,227.84
6352,2023-07-01,81,40,5,253.37,North,1266.85
6353,2022-09-24,336,43,2,336.5,South,673.0
6354,2022-11-13,225,38,1,411.25,West,411.25
6355,2022-01-25,871,44,2,400.68,East,801.36
6356,2022-06-09,35,50,4,413.84,South,1655.36
6357,2023-08-19,870,3,4,229.45,North,917.8
6358,2024-06-18,188,13,5,434.17,West,2170.85
6359,2023-05-17,224,36,2,227.86,East,455.72
6360,2024-10-09,643,41,1,92.38,East,92.38
6361,2023-12-04,886,48,2,204.72,West,409.44
6362,2022-01-01,963,12,4,176.61,South,706.44
6363,2024-01-11,968,20,2,202.17,West,404.34
6364,2022-11-16,494,39,4,332.72,East,1330.88
6365,2023-01-17,863,44,4,331.89,East,1327.56
6366,2024-06-16,311,8,3,120.2,West,360.6
6367,2023-12-18,521,47,1,164.81,South,164.81
6368,2022-11-03,581,2,5,301.72,West,1508.6000000000001
6369,2023-01-26,540,11,1,51.22,North,51.22
6370,2024-09-16,911,21,2,347.45,North,694.9
6371,2022-10-25,369,37,3,97.66,East,292.98
6372,2022-08-21,475,6,4,426.85,North,1707.4
6373,2022-09-28,746,19,1,206.78,North,206.78
6374,2024-12-19,31,30,4,118.19,West,472.76
6375,2023-11-08,827,46,4,337.23,South,1348.92
6376,2023-12-07,232,39,3,281.48,North,844.44
6377,2022-08-22,850,44,1,94.25,South,94.25
6378,2024-04-24,998,49,3,415.31,West,1245.93
6379,2023-05-06,497,36,4,232.11,West,928.44
6380,2023-05-18,566,20,1,84.6,South,84.6
6381,2024-06-08,964,10,4,400.13,North,1600.52
6382,2023-08-15,981,24,4,75.38,South,301.52
6383,2024-01-16,175,33,1,484.34,East,484.34
6384,2023-03-04,298,29,5,226.49,South,1132.45
6385,2023-11-28,791,30,3,366.83,South,1100.49
6386,2023-10-08,365,36,2,231.46,South,462.92
6387,2024-01-02,86,45,4,101.91,West,407.64
6388,2024-03-10,577,6,3,381.48,North,1144.44
6389,2022-12-30,89,47,3,151.78,West,455.34000000000003
6390,2022-07-21,54,14,1,344.38,South,344.38
6391,2024-05-31,630,3,1,136.11,West,136.11
6392,2022-05-26,361,24,1,128.14,East,128.14
6393,2024-04-15,476,19,3,234.15,North,702.45
6394,2023-10-01,229,38,1,409.96,North,409.96
6395,2022-05-15,779,34,2,310.68,West,621.36
6396,2023-09-18,831,9,3,41.69,North,125.07
6397,2022-03-05,534,30,1,369.59,West,369.59
6398,2023-05-06,950,32,4,294.09,East,1176.36
6399,2022-02-10,759,13,3,315.55,South,946.6500000000001
6400,2024-10-23,985,18,5,183.25,South,916.25
6401,2024-07-01,373,44,5,282.52,East,1412.6
6402,2024-09-01,469,22,3,192.23,East,576.6899999999999
6403,2023-01-03,420,4,3,49.94,North,149.82
6404,2024-07-06,826,23,5,423.77,West,2118.85
6405,2024-10-24,532,7,4,342.23,East,1368.92
6406,2022-09-01,400,44,4,338.52,West,1354.08
6407,2024-06-20,988,11,4,104.9,South,419.6
6408,2022-06-15,184,39,2,335.16,North,670.32
6409,2024-11-15,861,42,2,123.7,West,247.4
6410,2024-11-06,562,41,4,346.89,East,1387.56
6411,2023-12-29,90,34,5,173.43,North,867.1500000000001
6412,2023-04-28,616,5,2,87.18,East,174.36
6413,2023-06-27,706,42,1,454.07,South,454.07
6414,2024-07-19,383,25,2,61.28,East,122.56
6415,2023-02-04,369,28,5,383.28,South,1916.3999999999999
6416,2023-09-11,74,14,5,59.87,East,299.34999999999997
6417,2024-05-28,269,27,3,345.51,East,1036.53
6418,2022-04-11,15,16,5,64.09,North,320.45000000000005
6419,2024-05-29,329,27,4,259.32,South,1037.28
6420,2024-04-09,795,2,5,102.12,East,510.6
6421,2024-01-29,392,19,2,434.62,East,869.24
6422,2022-06-12,710,23,2,206.73,West,413.46
6423,2023-05-17,996,41,2,17.56,East,35.12
6424,2023-07-01,434,14,5,317.8,North,1589.0
6425,2023-01-16,344,47,4,228.12,West,912.48
6426,2024-05-19,195,26,4,431.27,South,1725.08
6427,2024-06-23,922,8,3,222.24,North,666.72
6428,2024-09-28,36,27,1,211.46,North,211.46
6429,2023-09-01,917,47,4,232.51,West,930.04
6430,2022-11-03,205,40,2,431.33,North,862.66
6431,2022-02-24,820,28,3,297.54,East,892.6200000000001
6432,2024-09-09,651,4,4,337.99,West,1351.96
6433,2022-11-29,776,38,4,363.0,West,1452.0
6434,2022-05-07,57,11,1,469.38,North,469.38
6435,2023-12-06,110,44,1,420.39,South,420.39
6436,2022-08-31,686,24,1,464.37,South,464.37
6437,2023-08-23,496,28,4,178.22,South,712.88
6438,2023-05-18,718,41,4,115.27,South,461.08
6439,2023-08-27,225,18,2,109.66,North,219.32
6440,2022-10-30,386,49,5,430.32,East,2151.6
6441,2022-08-23,64,21,1,416.99,East,416.99
6442,2024-11-27,764,26,2,328.7,West,657.4
6443,2022-05-19,948,3,2,40.84,East,81.68
6444,2022-07-14,961,13,3,165.84,South,497.52
6445,2023-10-09,779,38,2,369.76,West,739.52
6446,2022-01-01,902,28,1,131.8,South,131.8
6447,2023-07-15,352,14,5,315.79,West,1578.95
6448,2023-12-14,463,1,2,275.94,West,551.88
6449,2023-02-17,844,28,4,138.71,West,554.84
6450,2023-06-22,320,36,4,467.83,North,1871.32
6451,2023-03-05,357,50,2,135.8,South,271.6
6452,2022-08-23,93,11,1,448.45,North,448.45
6453,2022-12-15,695,43,5,275.06,North,1375.3
6454,2023-01-31,300,40,5,55.0,West,275.0
6455,2023-02-20,726,4,1,418.48,South,418.48
6456,2024-07-04,494,34,4,397.8,East,1591.2
6457,2024-12-10,654,1,4,417.18,South,1668.72
6458,2022-03-22,595,10,3,322.69,West,968.0699999999999
6459,2022-02-05,389,17,2,358.69,West,717.38
6460,2024-12-26,611,7,2,454.46,West,908.92
6461,2023-10-03,793,39,4,72.57,South,290.28
6462,2024-05-31,434,13,2,50.69,West,101.38
6463,2024-01-27,102,22,1,71.29,West,71.29
6464,2023-09-15,841,1,5,436.34,South,2181.7
6465,2023-04-13,378,28,3,285.84,East,857.52
6466,2022-12-22,583,33,1,96.27,North,96.27
6467,2023-12-10,885,13,1,79.44,North,79.44
6468,2024-10-16,338,1,1,228.26,North,228.26
6469,2024-06-20,898,38,2,409.71,East,819.42
6470,2023-11-04,884,25,5,404.54,East,2022.7
6471,2023-03-15,778,42,3,427.11,West,1281.33
6472,2023-06-15,492,21,4,386.78,East,1547.12
6473,2022-05-07,642,33,1,40.19,West,40.19
6474,2022-07-24,60,37,1,362.88,North,362.88
6475,2022-01-29,813,34,1,264.29,North,264.29
6476,2023-03-21,509,3,4,365.94,East,1463.76
6477,2024-08-23,392,30,2,247.3,North,494.6
6478,2023-04-09,954,3,2,246.93,East,493.86
6479,2022-05-31,119,18,5,71.81,North,359.05
6480,2022-08-28,775,23,2,453.56,South,907.12
6481,2022-09-23,995,8,2,193.56,East,387.12
6482,2024-07-01,471,9,3,295.36,South,886.08
6483,2023-05-12,328,2,3,111.51,West,334.53000000000003
6484,2023-11-16,21,2,2,190.76,East,381.52
6485,2022-06-07,97,27,3,436.58,West,1309.74
6486,2022-06-21,815,48,5,112.7,West,563.5
6487,2023-05-09,513,39,2,110.99,West,221.98
6488,2024-08-27,908,36,3,137.64,North,412.91999999999996
6489,2023-11-07,715,5,4,291.58,South,1166.32
6490,2023-10-21,944,1,3,265.14,North,795.42
6491,2024-06-21,640,22,3,95.91,East,287.73
6492,2023-10-28,350,10,4,349.06,North,1396.24
6493,2023-01-02,132,45,5,454.69,North,2273.45
6494,2023-07-04,546,24,4,107.43,South,429.72
6495,2023-10-05,599,15,5,339.75,North,1698.75
6496,2022-09-12,32,33,4,297.33,North,1189.32
6497,2022-07-27,259,50,5,171.18,East,855.9000000000001
6498,2023-03-26,476,23,5,312.74,North,1563.7
6499,2022-04-05,836,14,1,112.86,South,112.86
6500,2024-04-18,825,18,1,418.64,East,418.64
6501,2023-04-23,882,25,3,20.88,East,62.64
6502,2023-11-14,972,22,4,287.86,West,1151.44
6503,2024-02-01,920,44,5,166.2,West,831.0
6504,2022-07-09,33,44,1,441.87,West,441.87
6505,2023-12-12,899,37,3,254.69,North,764.0699999999999
6506,2024-01-26,388,7,3,403.22,South,1209.66
6507,2024-04-15,798,26,3,462.67,South,1388.01
6508,2022-05-13,838,24,1,173.83,West,173.83
6509,2022-02-24,561,13,2,441.37,North,882.74
6510,2023-05-25,798,41,3,365.88,South,1097.6399999999999
6511,2023-11-01,456,6,2,63.01,North,126.02
6512,2023-02-14,594,21,2,60.92,West,121.84
6513,2024-09-13,144,7,2,410.5,North,821.0
6514,2024-01-04,949,18,3,239.47,East,718.41
6515,2022-09-16,902,15,5,252.62,West,1263.1
6516,2022-10-26,792,8,2,446.71,North,893.42
6517,2023-07-15,883,16,1,452.86,South,452.86
6518,2022-10-24,604,49,1,65.23,East,65.23
6519,2022-12-28,224,3,2,193.09,North,386.18
6520,2023-08-12,217,45,2,448.66,South,897.32
6521,2022-05-07,156,9,2,411.73,East,823.46
6522,2022-07-16,789,47,1,363.29,East,363.29
6523,2022-08-09,520,26,4,59.96,East,239.84
6524,2024-09-21,36,26,5,314.39,East,1571.9499999999998
6525,2022-04-01,636,30,4,295.11,North,1180.44
6526,2023-02-15,9,27,1,91.91,West,91.91
6527,2022-01-08,40,16,1,389.19,West,389.19
6528,2023-06-28,469,48,3,162.87,North,488.61
6529,2023-04-13,179,4,4,314.11,West,1256.44
6530,2022-11-16,641,19,2,187.3,South,374.6
6531,2022-09-26,959,34,2,51.35,South,102.7
6532,2022-03-02,501,6,1,267.15,North,267.15
6533,2024-03-07,373,45,3,160.26,North,480.78
6534,2023-07-07,68,15,4,44.94,West,179.76
6535,2024-07-14,970,10,3,107.27,East,321.81
6536,2023-10-23,666,42,5,313.24,East,1566.2
6537,2023-12-17,424,36,3,59.68,West,179.04
6538,2024-02-18,515,46,5,52.86,East,264.3
6539,2022-07-13,364,40,4,472.57,West,1890.28
6540,2023-04-27,890,6,2,62.69,West,125.38
6541,2024-05-04,777,44,5,194.27,East,971.35
6542,2023-05-13,928,40,2,75.37,South,150.74
6543,2022-07-31,451,6,3,470.24,South,1410.72
6544,2023-10-27,516,15,3,245.77,South,737.3100000000001
6545,2023-11-01,774,29,4,64.45,North,257.8
6546,2022-08-09,329,25,2,386.72,East,773.44
6547,2022-09-30,794,19,4,392.59,North,1570.36
6548,2022-10-06,898,14,5,451.59,West,2257.95
6549,2024-03-26,962,3,3,355.77,East,1067.31
6550,2022-10-03,370,50,3,36.81,North,110.43
6551,2024-10-01,597,42,3,279.65,East,838.9499999999999
6552,2023-05-29,854,46,3,198.18,North,594.54
6553,2024-07-11,387,14,3,376.8,West,1130.4
6554,2023-10-04,547,39,5,299.56,South,1497.8
6555,2023-05-20,114,39,5,365.35,North,1826.75
6556,2023-08-13,571,21,4,98.42,North,393.68
6557,2024-02-11,38,11,1,224.16,North,224.16
6558,2024-01-10,545,50,3,221.73,West,665.1899999999999
6559,2023-11-06,377,10,3,490.68,West,1472.04
6560,2024-10-10,399,15,1,19.36,North,19.36
6561,2022-05-08,203,30,4,409.86,North,1639.44
6562,2023-05-18,202,44,5,57.58,South,287.9
6563,2024-06-20,100,17,3,49.39,South,148.17000000000002
6564,2023-06-27,398,29,4,170.81,South,683.24
6565,2023-05-07,450,17,1,353.38,East,353.38
6566,2024-11-10,813,33,5,342.44,North,1712.2
6567,2023-12-15,816,38,5,317.66,East,1588.3000000000002
6568,2024-03-01,940,21,4,389.53,West,1558.12
6569,2023-02-20,118,47,2,123.87,East,247.74
6570,2022-05-28,421,14,2,320.58,West,641.16
6571,2024-08-27,243,10,2,322.64,East,645.28
6572,2022-01-29,541,42,1,330.62,South,330.62
6573,2022-11-04,227,23,2,301.28,North,602.56
6574,2022-06-11,501,39,4,118.55,South,474.2
6575,2024-05-18,852,39,5,458.01,West,2290.05
6576,2024-05-01,213,14,4,488.24,East,1952.96
6577,2022-03-02,930,47,4,347.7,North,1390.8
6578,2022-05-05,699,22,3,227.6,East,682.8
6579,2024-12-30,113,41,1,273.22,East,273.22
6580,2024-04-17,373,28,5,63.1,South,315.5
6581,2023-04-11,299,47,3,188.06,South,564.1800000000001
6582,2022-08-31,673,9,1,488.31,South,488.31
6583,2023-04-18,19,23,5,278.38,West,1391.9
6584,2024-08-16,776,7,3,284.71,South,854.1299999999999
6585,2023-06-17,671,24,2,477.45,North,954.9
6586,2023-05-09,11,43,4,444.31,East,1777.24
6587,2024-06-17,8,37,2,288.67,West,577.34
6588,2022-03-23,153,9,5,141.81,North,709.05
6589,2024-05-05,625,38,3,67.3,West,201.89999999999998
6590,2024-05-28,660,7,3,433.19,North,1299.57
6591,2024-07-11,550,23,3,460.84,West,1382.52
6592,2022-01-12,135,25,4,252.2,East,1008.8
6593,2023-03-25,373,46,3,56.33,West,168.99
6594,2024-02-01,461,22,1,307.05,East,307.05
6595,2022-01-26,935,43,1,190.06,West,190.06
6596,2023-05-23,235,7,1,87.35,West,87.35
6597,2022-03-03,255,6,2,460.38,North,920.76
6598,2022-08-17,586,36,5,127.33,East,636.65
6599,2023-08-30,328,46,2,358.47,North,716.94
6600,2024-11-24,362,22,2,220.4,West,440.8
6601,2024-06-09,374,35,4,415.68,West,1662.72
6602,2024-01-31,788,49,2,353.41,East,706.82
6603,2023-08-18,209,47,4,70.35,East,281.4
6604,2024-11-14,267,33,1,230.31,South,230.31
6605,2024-11-21,656,21,1,137.3,East,137.3
6606,2024-11-01,997,11,2,359.66,North,719.32
6607,2022-01-01,554,13,2,276.9,East,553.8
6608,2022-05-13,736,3,1,176.69,West,176.69
6609,2022-03-27,858,13,3,171.44,East,514.3199999999999
6610,2023-05-31,506,50,1,66.1,South,66.1
6611,2022-06-24,564,41,3,114.77,West,344.31
6612,2024-02-02,421,34,1,359.6,East,359.6
6613,2024-11-10,308,28,5,308.85,West,1544.25
6614,2024-09-23,137,40,4,184.24,West,736.96
6615,2023-08-01,419,34,4,419.7,East,1678.8
6616,2022-02-18,195,32,5,247.36,South,1236.8000000000002
6617,2023-06-12,95,23,3,399.27,South,1197.81
6618,2022-05-25,490,24,2,392.78,South,785.56
6619,2024-02-01,903,1,2,425.52,South,851.04
6620,2024-07-17,258,24,4,426.39,East,1705.56
6621,2024-03-04,25,3,2,342.74,West,685.48
6622,2022-11-15,232,17,3,377.22,West,1131.66
6623,2023-11-29,332,7,2,390.68,South,781.36
6624,2024-04-26,606,10,1,92.89,North,92.89
6625,2024-02-22,862,19,5,157.12,South,785.6
6626,2022-02-11,221,24,4,61.08,West,244.32
6627,2023-06-13,297,9,2,102.79,West,205.58
6628,2022-10-19,203,50,3,391.36,West,1174.08
6629,2024-08-26,948,15,2,474.08,North,948.16
6630,2022-04-07,343,49,5,340.08,East,1700.3999999999999
6631,2022-03-15,593,22,1,444.16,East,444.16
6632,2024-12-27,205,17,4,165.81,West,663.24
6633,2024-01-28,993,19,4,424.44,South,1697.76
6634,2022-07-27,961,9,3,176.01,East,528.03
6635,2023-02-14,892,38,1,448.14,West,448.14
6636,2022-11-27,1000,19,2,401.04,North,802.08
6637,2022-12-10,77,8,2,491.96,West,983.92
6638,2024-09-15,550,6,3,415.36,West,1246.08
6639,2024-02-10,707,49,1,205.12,South,205.12
6640,2022-03-15,976,38,3,63.94,North,191.82
6641,2022-09-11,42,45,5,438.39,North,2191.95
6642,2024-08-16,455,21,5,289.88,South,1449.4
6643,2024-03-30,182,29,2,430.49,South,860.98
6644,2024-09-12,757,34,5,199.69,West,998.45
6645,2022-11-28,195,12,3,24.19,North,72.57000000000001
6646,2024-01-17,590,39,4,35.68,West,142.72
6647,2024-04-15,832,32,5,338.54,West,1692.7
6648,2023-03-31,976,6,3,66.09,South,198.27
6649,2022-11-09,388,17,4,375.28,West,1501.12
6650,2024-10-14,927,32,4,215.53,West,862.12
6651,2022-08-16,637,8,5,285.92,South,1429.6000000000001
6652,2024-04-13,141,38,1,402.59,East,402.59
6653,2024-05-07,27,29,5,134.01,East,670.05
6654,2024-03-28,315,31,5,212.32,South,1061.6
6655,2024-10-14,321,19,1,367.48,North,367.48
6656,2023-06-12,448,9,5,460.03,South,2300.1499999999996
6657,2024-08-07,793,28,3,152.25,West,456.75
6658,2023-03-03,293,48,1,315.13,East,315.13
6659,2022-02-11,754,50,3,476.09,South,1428.27
6660,2023-04-10,236,39,4,327.94,East,1311.76
6661,2022-10-05,715,40,1,447.47,West,447.47
6662,2024-04-15,457,31,4,470.47,East,1881.88
6663,2022-01-19,892,19,2,465.38,North,930.76
6664,2022-03-07,839,33,2,381.65,South,763.3
6665,2022-06-16,654,26,3,280.53,East,841.5899999999999
6666,2024-10-16,606,45,4,57.41,West,229.64
6667,2023-02-07,664,1,4,119.13,South,476.52
6668,2023-02-13,765,11,1,135.33,West,135.33
6669,2022-04-22,67,2,2,26.3,North,52.6
6670,2023-08-20,176,35,3,59.94,North,179.82
6671,2023-10-13,510,13,3,154.43,North,463.29
6672,2024-11-28,615,39,1,54.46,North,54.46
6673,2022-04-15,91,34,1,93.07,South,93.07
6674,2022-11-20,705,34,3,36.66,West,109.97999999999999
6675,2024-09-18,166,35,1,214.1,West,214.1
6676,2023-03-05,602,32,4,412.45,West,1649.8
6677,2023-09-27,838,45,3,408.0,East,1224.0
6678,2023-12-31,827,12,5,453.4,South,2267.0
6679,2024-06-07,780,33,2,375.34,South,750.68
6680,2024-12-20,438,18,2,129.78,East,259.56
6681,2023-01-28,51,5,5,354.17,North,1770.8500000000001
6682,2022-07-23,678,19,5,379.37,West,1896.85
6683,2022-09-15,686,31,4,276.12,South,1104.48
6684,2023-05-01,739,27,3,405.44,North,1216.32
6685,2023-03-22,266,42,1,44.92,East,44.92
6686,2024-10-20,521,38,2,301.44,West,602.88
6687,2022-12-08,87,50,5,245.15,West,1225.75
6688,2022-05-13,606,15,3,404.55,East,1213.65
6689,2023-03-19,52,46,1,72.7,East,72.7
6690,2022-09-10,179,48,2,114.19,North,228.38
6691,2022-09-22,278,4,3,283.76,North,851.28
6692,2022-04-03,239,19,2,474.13,East,948.26
6693,2022-05-18,585,21,4,50.77,North,203.08
6694,2024-09-28,339,40,2,374.25,North,748.5
6695,2022-11-03,72,1,4,110.65,East,442.6
6696,2022-09-23,374,20,4,61.67,North,246.68
6697,2023-10-08,580,22,4,203.44,South,813.76
6698,2022-11-14,517,13,1,295.7,East,295.7
6699,2024-06-19,851,41,1,415.24,West,415.24
6700,2023-03-30,238,1,4,321.0,East,1284.0
6701,2022-07-10,466,15,3,250.92,East,752.76
6702,2024-04-10,121,15,4,149.98,North,599.92
6703,2022-07-06,413,14,3,153.35,East,460.04999999999995
6704,2024-03-29,723,5,2,387.58,North,775.16
6705,2024-10-17,774,49,1,65.89,North,65.89
6706,2022-05-12,837,6,3,81.77,South,245.31
6707,2024-05-21,570,41,3,362.67,North,1088.01
6708,2023-09-27,43,31,3,480.91,West,1442.73
6709,2023-11-22,504,26,5,68.91,West,344.54999999999995
6710,2023-11-23,197,25,1,308.62,South,308.62
6711,2024-11-23,72,49,5,127.2,South,636.0
6712,2023-08-05,91,39,2,22.62,South,45.24
6713,2022-06-20,549,40,3,417.81,South,1253.43
6714,2024-02-23,491,15,1,259.22,South,259.22
6715,2024-12-18,826,6,1,21.71,West,21.71
6716,2022-06-30,749,1,1,448.77,North,448.77
6717,2022-01-19,998,41,3,272.49,North,817.47
6718,2024-05-30,383,7,4,371.16,South,1484.64
6719,2022-06-24,805,4,4,217.52,North,870.08
6720,2022-02-23,466,1,4,100.59,North,402.36
6721,2023-11-26,154,41,5,238.13,South,1190.65
6722,2024-05-12,170,2,3,150.96,East,452.88
6723,2022-12-15,272,48,2,155.4,West,310.8
6724,2023-03-19,918,34,5,325.5,North,1627.5
6725,2024-04-12,110,35,1,56.1,North,56.1
6726,2023-08-03,151,46,4,204.54,West,818.16
6727,2022-10-09,431,13,1,277.86,West,277.86
6728,2022-12-26,451,17,5,357.83,East,1789.1499999999999
6729,2024-07-03,643,10,4,320.12,North,1280.48
6730,2024-04-02,780,3,3,444.26,North,1332.78
6731,2024-06-10,23,4,4,496.27,East,1985.08
6732,2024-08-10,367,25,4,469.34,West,1877.36
6733,2023-10-03,651,37,4,384.43,South,1537.72
6734,2024-10-28,820,43,5,346.15,South,1730.75
6735,2023-07-17,239,38,4,27.36,North,109.44
6736,2023-05-06,434,29,5,271.41,West,1357.0500000000002
6737,2022-12-07,953,1,1,335.22,North,335.22
6738,2023-04-17,704,30,3,212.34,West,637.02
6739,2022-09-06,127,39,4,198.55,West,794.2
6740,2022-08-23,942,10,5,275.84,South,1379.1999999999998
6741,2024-04-03,541,29,4,454.25,South,1817.0
6742,2023-09-24,633,44,4,137.85,North,551.4
6743,2023-06-13,198,32,4,205.54,East,822.16
6744,2022-05-02,686,44,2,330.01,East,660.02
6745,2024-06-10,656,1,3,101.14,South,303.42
6746,2022-01-10,482,41,3,419.1,South,1257.3000000000002
6747,2024-04-17,179,17,5,336.37,North,1681.85
6748,2024-01-23,869,12,1,182.61,East,182.61
6749,2024-06-04,523,2,1,363.86,West,363.86
6750,2023-04-09,651,9,1,146.88,East,146.88
6751,2023-12-13,959,12,4,389.49,West,1557.96
6752,2023-12-29,437,25,5,44.64,North,223.2
6753,2023-12-18,765,36,4,219.11,West,876.44
6754,2022-03-21,857,44,2,138.2,West,276.4
6755,2023-04-25,314,50,5,410.18,East,2050.9
6756,2024-06-20,19,35,5,378.85,East,1894.25
6757,2024-06-09,160,22,5,422.51,East,2112.55
6758,2022-01-18,818,33,2,329.27,East,658.54
6759,2022-07-21,122,50,5,399.71,West,1998.55
6760,2024-01-11,72,21,2,225.01,East,450.02
6761,2022-11-15,55,40,1,342.25,West,342.25
6762,2022-08-05,460,22,5,25.25,South,126.25
6763,2024-11-23,169,28,4,441.56,North,1766.24
6764,2022-09-23,611,4,3,345.54,South,1036.6200000000001
6765,2023-12-25,582,26,2,434.39,South,868.78
6766,2024-02-14,149,23,1,387.72,West,387.72
6767,2023-02-17,629,48,1,150.32,East,150.32
6768,2024-11-01,26,49,3,143.71,North,431.13
6769,2023-02-05,248,23,5,401.82,South,2009.1
6770,2023-12-25,897,41,4,100.51,East,402.04
6771,2022-10-09,721,8,3,64.22,East,192.66
6772,2023-12-24,227,32,5,17.37,West,86.85000000000001
6773,2024-01-21,923,39,5,156.23,West,781.15
6774,2022-09-25,946,44,2,58.64,East,117.28
6775,2022-10-25,626,1,4,402.83,North,1611.32
6776,2023-07-24,706,30,4,247.43,South,989.72
6777,2023-05-24,484,28,2,133.73,South,267.46
6778,2023-06-30,833,17,5,305.02,West,1525.1
6779,2024-02-14,10,23,5,44.47,North,222.35
6780,2022-12-31,95,38,4,365.8,North,1463.2
6781,2023-07-01,121,24,4,255.68,East,1022.72
6782,2022-09-28,126,22,4,13.17,East,52.68
6783,2024-01-09,549,5,4,166.42,West,665.68
6784,2023-06-21,69,25,5,377.59,West,1887.9499999999998
6785,2022-02-28,297,7,4,102.18,South,408.72
6786,2022-03-27,686,22,5,481.32,East,2406.6
6787,2024-02-02,501,44,2,449.35,West,898.7
6788,2023-01-25,973,37,1,391.34,East,391.34
6789,2023-12-20,45,34,2,48.49,North,96.98
6790,2024-05-05,635,36,2,183.38,South,366.76
6791,2022-05-29,382,49,3,156.12,East,468.36
6792,2023-08-06,984,40,2,77.44,East,154.88
6793,2022-05-01,27,20,3,499.81,East,1499.43
6794,2024-02-04,705,37,3,82.13,North,246.39
6795,2023-08-28,497,17,3,164.51,South,493.53
6796,2022-09-13,852,4,2,441.27,North,882.54
6797,2024-02-05,136,50,1,80.75,East,80.75
6798,2024-05-13,707,18,3,240.07,South,720.21
6799,2024-03-10,49,28,4,488.09,East,1952.36
6800,2022-02-28,608,50,4,131.17,South,524.68
6801,2024-10-18,507,16,5,354.5,West,1772.5
6802,2024-12-28,121,43,4,49.22,North,196.88
6803,2023-01-23,761,8,4,304.43,North,1217.72
6804,2024-02-25,985,44,3,176.13,East,528.39
6805,2023-08-16,217,18,2,352.79,East,705.58
6806,2024-06-27,626,50,4,222.12,East,888.48
6807,2023-07-20,526,29,2,156.51,North,313.02
6808,2023-02-03,574,40,1,277.54,West,277.54
6809,2024-06-17,43,16,4,78.45,West,313.8
6810,2022-10-20,923,30,1,409.07,North,409.07
6811,2023-04-30,752,49,1,377.85,South,377.85
6812,2024-03-13,96,34,5,277.03,West,1385.1499999999999
6813,2024-06-08,27,30,2,189.85,West,379.7
6814,2022-09-01,836,21,2,458.46,South,916.92
6815,2024-08-17,895,22,5,320.88,South,1604.4
6816,2024-03-26,242,47,3,149.55,North,448.65000000000003
6817,2022-09-30,487,25,5,405.29,South,2026.45
6818,2023-06-04,971,22,5,321.16,East,1605.8000000000002
6819,2023-07-22,240,28,5,72.24,East,361.2
6820,2023-09-30,304,39,1,65.97,West,65.97
6821,2022-06-08,67,33,2,469.67,North,939.34
6822,2023-10-14,281,2,3,151.08,North,453.24
6823,2022-06-25,192,4,4,335.11,South,1340.44
6824,2023-09-12,119,16,4,27.85,West,111.4
6825,2022-07-30,152,12,4,282.69,West,1130.76
6826,2023-03-23,777,17,3,123.25,West,369.75
6827,2023-08-09,392,36,4,78.42,North,313.68
6828,2022-06-16,231,16,3,389.02,North,1167.06
6829,2023-04-05,351,39,4,406.68,East,1626.72
6830,2024-07-04,761,23,4,360.45,South,1441.8
6831,2024-11-18,571,8,3,15.48,North,46.44
6832,2023-12-15,529,9,2,149.61,West,299.22
6833,2024-04-20,171,14,3,186.87,South,560.61
6834,2024-05-17,863,9,3,348.52,North,1045.56
6835,2023-11-19,964,47,5,380.22,West,1901.1000000000001
6836,2022-11-26,132,26,1,317.65,West,317.65
6837,2022-04-05,357,36,1,396.65,South,396.65
6838,2024-02-24,648,3,2,219.38,East,438.76
6839,2023-10-11,42,10,2,275.5,West,551.0
6840,2022-12-19,305,25,2,41.48,West,82.96
6841,2024-07-18,6,4,1,219.31,West,219.31
6842,2024-07-29,329,30,2,221.99,West,443.98
6843,2024-09-10,170,50,2,309.64,East,619.28
6844,2024-11-08,968,11,3,195.17,East,585.51
6845,2023-10-08,800,19,3,126.84,East,380.52
6846,2023-09-18,911,50,1,126.42,West,126.42
6847,2022-05-19,338,13,3,75.6,East,226.79999999999998
6848,2023-12-17,727,36,2,353.5,South,707.0
6849,2024-02-01,69,3,3,315.06,West,945.1800000000001
6850,2022-09-12,882,48,5,293.83,West,1469.1499999999999
6851,2023-11-07,539,14,3,270.2,West,810.5999999999999
6852,2022-04-02,737,10,1,190.09,West,190.09
6853,2024-12-28,834,38,2,386.67,North,773.34
6854,2022-02-06,507,40,2,461.79,East,923.58
6855,2022-05-20,746,27,1,225.59,North,225.59
6856,2024-05-16,486,24,3,210.45,South,631.3499999999999
6857,2023-11-11,443,16,2,89.74,North,179.48
6858,2022-05-17,924,10,2,338.65,North,677.3
6859,2022-07-09,920,27,5,283.47,North,1417.3500000000001
6860,2022-12-08,51,7,1,494.12,North,494.12
6861,2024-10-25,149,28,3,296.32,East,888.96
6862,2024-08-29,927,26,3,151.42,East,454.26
6863,2023-10-24,587,18,2,285.84,North,571.68
6864,2022-08-31,818,13,4,492.5,North,1970.0
6865,2023-02-19,92,8,5,364.43,South,1822.15
6866,2023-12-08,368,27,5,73.0,South,365.0
6867,2022-12-09,936,14,5,178.15,West,890.75
6868,2023-11-13,580,41,2,156.36,North,312.72
6869,2023-10-15,747,44,1,429.84,West,429.84
6870,2022-05-26,874,6,1,309.47,East,309.47
6871,2022-11-19,656,20,5,406.95,East,2034.75
6872,2022-05-02,76,28,4,96.36,East,385.44
6873,2022-11-07,86,23,4,454.94,East,1819.76
6874,2023-08-24,227,12,3,38.57,West,115.71000000000001
6875,2023-04-20,363,24,4,193.67,North,774.68
6876,2023-07-24,959,44,5,16.93,East,84.65
6877,2023-07-29,568,22,3,100.3,South,300.9
6878,2022-12-13,592,26,5,481.49,West,2407.45
6879,2024-03-30,24,22,1,48.46,West,48.46
6880,2023-01-17,739,7,5,81.25,East,406.25
6881,2022-03-13,28,15,3,463.18,North,1389.54
6882,2023-06-05,121,48,5,357.99,South,1789.95
6883,2024-07-21,490,30,2,209.41,West,418.82
6884,2022-12-05,605,4,3,43.7,South,131.10000000000002
6885,2023-10-26,853,6,4,394.67,South,1578.68
6886,2022-02-09,624,48,1,251.44,West,251.44
6887,2023-07-28,890,47,4,168.28,North,673.12
6888,2024-08-23,345,2,5,186.77,East,933.85
6889,2023-08-04,999,31,4,257.59,South,1030.36
6890,2022-06-19,31,24,3,280.1,North,840.3000000000001
6891,2023-12-02,655,35,2,410.87,East,821.74
6892,2023-05-26,879,47,4,388.13,South,1552.52
6893,2023-08-07,810,31,5,385.86,East,1929.3000000000002
6894,2024-09-10,227,25,4,367.36,West,1469.44
6895,2023-04-04,870,8,4,381.32,North,1525.28
6896,2023-06-13,250,12,3,342.02,North,1026.06
6897,2022-12-07,50,2,5,435.33,North,2176.65
6898,2022-02-26,726,15,5,283.15,South,1415.75
6899,2022-08-06,892,40,2,265.21,North,530.42
6900,2023-09-11,389,32,3,353.64,East,1060.92
6901,2024-03-26,944,11,3,91.34,South,274.02
6902,2024-01-01,781,17,1,390.71,West,390.71
6903,2023-04-09,288,21,2,468.72,West,937.44
6904,2022-09-04,707,22,2,155.17,East,310.34
6905,2023-12-31,766,33,5,309.41,North,1547.0500000000002
6906,2023-01-08,591,29,5,25.99,West,129.95
6907,2023-02-21,475,15,2,385.25,West,770.5
6908,2024-11-20,756,21,3,284.24,North,852.72
6909,2023-01-03,603,2,1,340.09,West,340.09
6910,2023-07-13,926,42,5,80.07,West,400.34999999999997
6911,2022-04-18,6,38,1,406.63,West,406.63
6912,2023-08-07,793,3,2,135.41,West,270.82
6913,2024-04-18,412,25,3,345.55,East,1036.65
6914,2023-02-22,958,13,1,300.64,South,300.64
6915,2024-03-31,662,24,4,330.36,North,1321.44
6916,2023-11-14,324,31,2,34.62,West,69.24
6917,2022-09-13,399,15,3,373.51,West,1120.53
6918,2024-02-19,282,6,2,399.67,West,799.34
6919,2024-04-17,191,41,2,242.66,West,485.32
6920,2024-07-03,786,10,1,210.34,South,210.34
6921,2022-08-23,585,9,1,177.85,North,177.85
6922,2023-07-07,959,50,4,464.66,West,1858.64
6923,2022-06-30,830,41,5,379.98,East,1899.9
6924,2022-06-06,500,50,4,352.32,East,1409.28
6925,2023-07-25,580,41,3,463.55,South,1390.65
6926,2024-05-06,816,5,3,180.9,South,542.7
6927,2024-11-13,434,45,2,318.77,West,637.54
6928,2024-08-05,63,44,1,346.17,South,346.17
6929,2023-08-15,453,41,2,498.15,North,996.3
6930,2022-05-14,493,19,5,219.32,East,1096.6
6931,2023-02-25,646,20,2,206.09,North,412.18
6932,2022-08-01,442,33,3,51.4,South,154.2
6933,2024-06-18,307,43,3,58.24,North,174.72
6934,2023-04-27,780,37,4,260.78,South,1043.12
6935,2022-12-14,735,31,2,93.88,North,187.76
6936,2022-06-15,943,39,1,45.74,West,45.74
6937,2024-07-25,126,13,5,482.8,West,2414.0
6938,2022-12-14,265,38,5,476.19,North,2380.95
6939,2024-04-28,7,45,1,169.39,West,169.39
6940,2023-02-02,413,6,5,397.04,South,1985.2
6941,2023-08-06,206,47,1,437.55,North,437.55
6942,2023-12-27,179,8,1,237.73,South,237.73
6943,2022-11-04,468,43,4,119.61,East,478.44
6944,2024-09-17,496,10,2,73.6,West,147.2
6945,2024-03-08,695,41,3,79.0,West,237.0
6946,2023-12-20,992,4,3,400.5,South,1201.5
6947,2023-04-11,443,14,2,198.36,South,396.72
6948,2022-04-09,952,4,5,349.82,East,1749.1
6949,2022-06-07,918,24,1,273.96,North,273.96
6950,2023-09-02,228,47,3,203.39,South,610.17
6951,2023-07-08,748,21,4,70.67,North,282.68
6952,2023-10-13,146,10,5,173.39,North,866.9499999999999
6953,2024-07-08,570,46,4,421.69,South,1686.76
6954,2022-08-15,296,25,3,407.58,West,1222.74
6955,2023-02-27,241,6,2,23.9,South,47.8
6956,2024-12-31,857,16,2,78.74,South,157.48
6957,2022-08-31,287,44,4,380.39,South,1521.56
6958,2023-06-14,952,28,5,174.51,West,872.55
6959,2024-12-04,675,36,3,325.36,East,976.08
6960,2023-01-06,26,33,1,285.71,West,285.71
6961,2023-10-14,452,30,2,329.51,South,659.02
6962,2023-11-20,106,36,4,36.31,East,145.24
6963,2024-01-04,240,25,3,466.25,South,1398.75
6964,2022-04-02,852,13,5,20.28,North,101.4
6965,2024-11-11,418,39,1,13.94,South,13.94
6966,2022-06-21,332,15,1,120.81,North,120.81
6967,2022-06-28,912,38,2,496.81,East,993.62
6968,2022-08-26,891,30,1,45.54,North,45.54
6969,2024-05-26,42,14,3,438.51,East,1315.53
6970,2024-06-20,645,50,2,87.95,South,175.9
6971,2022-10-07,829,4,2,63.46,South,126.92
6972,2024-11-08,556,1,2,391.7,North,783.4
6973,2024-01-10,35,3,3,424.87,West,1274.6100000000001
6974,2023-01-06,876,45,4,398.17,West,1592.68
6975,2024-05-19,347,50,1,128.1,West,128.1
6976,2024-10-15,384,36,1,441.12,North,441.12
6977,2022-08-09,513,4,4,45.22,North,180.88
6978,2024-07-08,738,43,2,177.57,West,355.14
6979,2022-10-31,811,14,5,236.96,North,1184.8
6980,2023-03-14,288,25,3,43.19,West,129.57
6981,2023-01-10,748,39,2,294.12,East,588.24
6982,2023-01-16,871,3,2,284.1,East,568.2
6983,2024-09-12,959,7,2,496.17,North,992.34
6984,2022-01-14,33,8,1,314.62,South,314.62
6985,2024-01-13,95,44,1,204.8,North,204.8
6986,2023-10-31,205,7,5,397.19,East,1985.95
6987,2023-05-15,621,48,3,174.13,East,522.39
6988,2023-07-19,834,25,2,271.11,West,542.22
6989,2023-06-14,30,17,1,37.18,West,37.18
6990,2023-05-07,266,26,4,168.11,South,672.44
6991,2024-01-25,23,4,1,268.77,West,268.77
6992,2022-10-27,609,49,2,354.13,West,708.26
6993,2024-03-25,39,18,2,58.53,East,117.06
6994,2023-07-01,173,4,1,400.62,West,400.62
6995,2023-12-28,760,17,4,451.08,North,1804.32
6996,2024-01-01,891,47,4,147.71,East,590.84
6997,2024-04-07,413,17,2,385.02,North,770.04
6998,2023-08-25,414,45,1,98.37,South,98.37
6999,2024-10-28,674,25,3,266.47,East,799.4100000000001
7000,2024-02-07,692,3,3,400.84,South,1202.52
7001,2024-05-24,615,12,2,199.38,North,398.76
7002,2024-07-25,209,27,4,22.89,South,91.56
7003,2022-05-11,22,17,3,274.58,North,823.74
7004,2023-08-31,5,22,1,423.9,North,423.9
7005,2022-01-26,651,39,5,63.08,East,315.4
7006,2023-09-27,214,39,5,24.52,East,122.6
7007,2023-04-29,672,43,4,406.43,East,1625.72
7008,2023-11-11,920,48,5,140.89,North,704.4499999999999
7009,2024-12-10,907,36,1,188.53,West,188.53
7010,2022-01-05,139,16,2,52.62,North,105.24
7011,2023-08-12,657,37,2,57.34,North,114.68
7012,2022-07-27,672,29,1,311.13,West,311.13
7013,2022-09-14,595,14,2,280.59,West,561.18
7014,2022-01-11,667,7,1,153.28,South,153.28
7015,2024-08-06,800,41,1,231.84,North,231.84
7016,2022-01-08,317,28,5,200.22,East,1001.1
7017,2024-07-24,793,13,5,350.58,West,1752.8999999999999
7018,2022-02-01,576,16,4,432.42,East,1729.68
7019,2023-06-24,704,21,5,384.9,South,1924.5
7020,2024-10-01,156,4,2,12.16,East,24.32
7021,2023-01-22,424,39,5,58.78,North,293.9
7022,2023-10-02,500,35,1,220.39,North,220.39
7023,2022-07-26,91,15,5,427.38,East,2136.9
7024,2023-07-11,654,26,2,126.12,East,252.24
7025,2022-12-14,42,46,4,440.69,North,1762.76
7026,2024-03-03,761,7,3,63.91,West,191.73
7027,2022-08-22,295,18,1,45.58,North,45.58
7028,2024-12-03,770,25,2,457.58,West,915.16
7029,2024-10-02,337,37,2,89.37,North,178.74
7030,2024-01-07,1,21,3,237.25,East,711.75
7031,2024-07-30,109,8,4,169.72,East,678.88
7032,2022-06-25,928,20,1,82.34,North,82.34
7033,2023-03-25,979,18,4,319.73,West,1278.92
7034,2023-08-15,125,19,3,482.2,West,1446.6
7035,2022-03-23,64,3,1,332.47,West,332.47
7036,2022-05-15,206,38,5,183.31,East,916.55
7037,2024-05-05,415,18,4,358.78,South,1435.12
7038,2023-03-16,954,27,5,80.19,East,400.95
7039,2024-12-15,850,15,1,294.21,West,294.21
7040,2023-11-28,244,46,3,240.03,East,720.09
7041,2023-02-23,590,21,5,186.39,North,931.9499999999999
7042,2022-03-29,623,22,5,372.39,East,1861.9499999999998
7043,2023-10-18,654,8,2,68.06,North,136.12
7044,2024-10-28,216,11,1,271.07,East,271.07
7045,2022-08-03,965,43,3,428.65,East,1285.9499999999998
7046,2023-07-06,528,12,2,108.84,East,217.68
7047,2023-05-18,965,48,4,139.63,West,558.52
7048,2023-11-30,566,39,3,333.73,North,1001.19
7049,2022-09-02,653,27,2,388.57,East,777.14
7050,2022-11-05,380,35,4,148.83,West,595.32
7051,2022-08-19,848,2,3,186.35,East,559.05
7052,2022-06-04,79,35,2,372.56,South,745.12
7053,2024-04-27,415,31,3,149.81,North,449.43
7054,2022-04-25,453,8,5,336.46,West,1682.3
7055,2022-11-07,149,20,2,87.83,North,175.66
7056,2024-09-19,639,8,5,211.54,West,1057.7
7057,2022-10-27,670,4,2,347.45,West,694.9
7058,2024-11-07,791,31,5,235.35,East,1176.75
7059,2024-02-23,38,32,1,19.43,East,19.43
7060,2022-01-12,157,13,5,209.13,South,1045.65
7061,2022-08-20,333,22,1,151.28,West,151.28
7062,2024-08-12,288,26,3,59.63,North,178.89000000000001
7063,2023-12-31,112,17,4,14.48,West,57.92
7064,2024-10-14,702,29,4,32.3,South,129.2
7065,2024-09-25,618,27,4,475.13,North,1900.52
7066,2022-10-30,91,22,1,377.41,South,377.41
7067,2023-06-25,866,18,4,470.47,East,1881.88
7068,2023-04-15,813,5,4,66.24,North,264.96
7069,2024-03-23,49,12,5,289.55,West,1447.75
7070,2022-03-18,161,2,4,50.81,North,203.24
7071,2024-10-16,516,42,1,23.14,East,23.14
7072,2022-01-24,402,7,5,238.48,North,1192.3999999999999
7073,2024-11-04,710,47,1,326.71,East,326.71
7074,2023-11-07,320,26,2,41.15,East,82.3
7075,2023-06-09,924,39,4,188.88,South,755.52
7076,2022-12-13,364,15,1,54.18,East,54.18
7077,2022-06-21,889,48,1,187.43,West,187.43
7078,2023-12-13,442,33,5,241.18,North,1205.9
7079,2023-05-04,475,47,2,175.39,North,350.78
7080,2023-01-13,766,3,2,292.36,West,584.72
7081,2023-01-07,602,42,4,296.45,North,1185.8
7082,2024-09-26,312,48,3,173.14,East,519.42
7083,2024-09-03,532,2,3,200.9,East,602.7
7084,2024-01-27,589,17,5,226.12,North,1130.6
7085,2023-04-22,220,1,4,194.07,South,776.28
7086,2023-01-17,674,36,5,382.72,East,1913.6000000000001
7087,2022-06-04,497,43,4,78.57,North,314.28
7088,2022-09-14,343,17,2,429.95,North,859.9
7089,2023-11-05,906,2,3,172.31,North,516.9300000000001
7090,2022-03-09,627,33,1,364.74,West,364.74
7091,2022-12-10,94,29,3,443.05,North,1329.15
7092,2023-11-04,918,6,4,444.85,North,1779.4
7093,2023-01-26,133,43,3,231.66,North,694.98
7094,2022-09-16,501,36,1,135.74,North,135.74
7095,2022-11-03,172,24,2,306.82,South,613.64
7096,2024-08-07,626,11,2,100.14,West,200.28
7097,2024-08-27,9,5,4,397.39,North,1589.56
7098,2022-09-03,811,30,3,358.56,West,1075.68
7099,2024-01-03,772,10,4,399.86,North,1599.44
7100,2022-07-06,682,37,3,222.3,East,666.9000000000001
7101,2024-07-13,321,27,5,283.14,North,1415.6999999999998
7102,2024-02-24,98,27,4,60.34,North,241.36
7103,2023-02-12,169,24,3,346.95,South,1040.85
7104,2022-12-07,960,3,5,248.55,South,1242.75
7105,2023-07-17,311,38,4,259.53,South,1038.12
7106,2023-10-13,730,26,2,425.03,West,850.06
7107,2024-08-09,914,45,5,388.44,West,1942.2
7108,2024-11-28,912,48,4,272.24,South,1088.96
7109,2022-03-10,343,39,1,184.0,West,184.0
7110,2023-01-16,430,18,2,228.75,North,457.5
7111,2022-02-26,932,3,5,181.87,South,909.35
7112,2024-04-29,858,38,3,84.29,North,252.87
7113,2024-07-04,962,42,1,326.43,North,326.43
7114,2022-11-21,556,48,3,348.84,South,1046.52
7115,2023-04-06,500,25,1,485.89,South,485.89
7116,2022-06-28,773,13,4,233.3,South,933.2
7117,2024-04-23,285,25,4,498.67,North,1994.68
7118,2023-07-28,638,24,3,101.68,North,305.04
7119,2022-04-29,260,41,3,331.75,East,995.25
7120,2023-07-03,495,16,3,497.44,North,1492.32
7121,2023-10-08,355,43,5,323.76,South,1618.8
7122,2022-01-26,214,41,2,231.66,West,463.32
7123,2024-10-28,817,42,3,262.47,North,787.4100000000001
7124,2024-08-26,200,11,4,424.3,South,1697.2
7125,2023-06-17,236,21,4,470.16,South,1880.64
7126,2022-05-29,853,31,3,232.42,South,697.26
7127,2024-11-14,136,15,3,388.46,West,1165.3799999999999
7128,2023-10-17,890,45,4,467.51,West,1870.04
7129,2024-08-02,948,49,5,148.24,East,741.2
7130,2023-07-09,628,36,1,251.65,North,251.65
7131,2023-03-01,965,43,4,497.75,West,1991.0
7132,2022-10-20,917,1,1,183.2,East,183.2
7133,2023-07-08,667,28,3,313.65,South,940.9499999999999
7134,2023-03-07,422,33,2,331.95,East,663.9
7135,2023-08-27,901,3,3,85.53,East,256.59000000000003
7136,2022-11-13,341,15,3,405.24,East,1215.72
7137,2023-02-02,829,33,3,212.32,North,636.96
7138,2023-08-19,904,32,4,255.16,West,1020.64
7139,2023-06-30,342,23,4,324.99,West,1299.96
7140,2022-03-17,530,26,2,211.14,South,422.28
7141,2024-05-14,388,48,1,169.29,East,169.29
7142,2024-07-04,4,17,1,277.75,East,277.75
7143,2023-12-10,677,9,1,179.92,South,179.92
7144,2023-05-01,639,5,3,222.72,West,668.16
7145,2024-01-17,399,29,2,63.12,North,126.24
7146,2024-10-27,422,6,3,423.92,South,1271.76
7147,2023-07-04,411,47,2,211.74,South,423.48
7148,2024-09-02,213,41,5,50.56,North,252.8
7149,2024-12-11,560,35,4,397.11,West,1588.44
7150,2024-07-30,558,21,3,19.62,South,58.86
7151,2024-07-07,558,45,5,303.68,East,1518.4
7152,2022-12-29,48,45,1,354.31,North,354.31
7153,2023-01-17,187,23,5,103.69,West,518.45
7154,2022-09-28,502,35,4,74.32,South,297.28
7155,2024-11-03,632,46,4,65.8,North,263.2
7156,2022-10-25,644,2,4,496.73,East,1986.92
7157,2024-09-30,971,42,5,379.99,East,1899.95
7158,2022-08-22,531,9,1,163.23,West,163.23
7159,2023-07-29,953,13,3,174.42,North,523.26
7160,2022-01-27,787,43,1,327.83,North,327.83
7161,2022-04-03,475,34,2,234.26,North,468.52
7162,2023-09-09,744,16,2,142.96,East,285.92
7163,2022-11-05,42,5,3,37.98,West,113.94
7164,2022-02-21,604,1,4,394.09,East,1576.36
7165,2022-11-15,261,40,3,445.23,East,1335.69
7166,2022-06-30,48,22,5,110.92,West,554.6
7167,2024-05-24,921,48,4,41.07,East,164.28
7168,2024-12-02,963,46,3,68.13,West,204.39
7169,2023-10-09,794,26,3,212.99,West,638.97
7170,2022-07-16,586,34,5,156.68,South,783.4000000000001
7171,2023-10-07,728,50,5,45.99,East,229.95000000000002
7172,2024-08-28,446,21,1,232.89,West,232.89
7173,2022-09-12,221,7,2,109.92,North,219.84
7174,2024-01-02,621,25,3,42.8,West,128.39999999999998
7175,2022-12-02,647,12,1,332.38,North,332.38
7176,2024-09-16,940,31,4,290.53,West,1162.12
7177,2024-06-18,343,47,4,414.93,South,1659.72
7178,2023-05-29,238,27,2,158.12,South,316.24
7179,2022-08-30,155,22,4,76.55,West,306.2
7180,2022-05-29,938,34,2,186.48,South,372.96
7181,2024-01-27,841,17,4,391.57,North,1566.28
7182,2023-09-12,56,11,4,128.45,South,513.8
7183,2023-03-29,387,29,3,134.95,South,404.84999999999997
7184,2022-07-31,894,34,5,82.32,North,411.59999999999997
7185,2023-10-30,909,37,3,493.39,North,1480.17
7186,2023-08-17,710,49,1,483.98,East,483.98
7187,2022-05-11,315,48,5,332.45,South,1662.25
7188,2023-09-04,38,26,3,115.26,North,345.78000000000003
7189,2022-09-13,341,45,5,385.61,South,1928.0500000000002
7190,2023-07-15,851,45,5,296.13,West,1480.65
7191,2022-03-04,729,45,5,377.29,East,1886.45
7192,2023-02-11,231,32,4,431.6,South,1726.4
7193,2024-03-12,452,37,5,166.05,South,830.25
7194,2022-01-15,342,5,4,457.71,East,1830.84
7195,2022-09-16,453,20,5,450.29,South,2251.4500000000003
7196,2023-12-24,257,7,4,278.09,East,1112.36
7197,2023-09-06,434,43,5,345.44,West,1727.2
7198,2024-12-04,209,23,1,211.41,East,211.41
7199,2024-03-23,201,1,3,331.0,West,993.0
7200,2022-11-27,137,39,5,278.99,East,1394.95
7201,2022-06-14,640,3,1,168.18,South,168.18
7202,2024-12-24,565,45,3,168.19,South,504.57
7203,2023-01-22,856,3,2,329.32,North,658.64
7204,2024-11-19,394,6,5,478.75,South,2393.75
7205,2022-11-24,596,31,2,108.76,South,217.52
7206,2022-11-16,721,27,3,202.34,East,607.02
7207,2023-02-03,845,29,3,404.8,East,1214.4
7208,2022-04-15,797,15,5,70.28,West,351.4
7209,2023-11-27,36,36,1,497.14,South,497.14
7210,2024-10-13,215,5,5,342.29,South,1711.45
7211,2022-11-26,27,3,1,456.29,West,456.29
7212,2023-10-22,658,25,5,420.65,South,2103.25
7213,2024-12-06,18,32,1,390.8,North,390.8
7214,2023-08-22,630,21,4,26.12,North,104.48
7215,2024-03-31,137,48,1,209.18,West,209.18
7216,2023-10-03,579,17,1,108.91,East,108.91
7217,2022-11-10,903,9,3,436.95,West,1310.85
7218,2023-04-07,826,26,2,343.34,South,686.68
7219,2023-05-01,975,22,5,62.47,East,312.35
7220,2023-02-14,30,41,3,186.2,North,558.5999999999999
7221,2022-01-27,73,46,2,43.96,West,87.92
7222,2024-11-18,123,23,3,372.6,North,1117.8000000000002
7223,2022-09-28,957,11,3,214.98,North,644.9399999999999
7224,2023-11-17,987,10,5,124.84,East,624.2
7225,2023-05-16,228,23,4,263.67,North,1054.68
7226,2023-01-20,338,5,3,30.6,South,91.80000000000001
7227,2022-03-01,991,26,5,136.07,East,680.3499999999999
7228,2022-08-08,273,4,1,95.9,West,95.9
7229,2024-02-10,758,43,2,466.02,North,932.04
7230,2023-07-18,437,27,5,194.78,East,973.9
7231,2023-06-30,902,38,4,296.39,East,1185.56
7232,2022-04-06,39,34,5,256.44,East,1282.2
7233,2024-09-15,921,3,5,333.01,West,1665.05
7234,2024-04-07,682,50,1,146.77,North,146.77
7235,2022-08-19,426,32,2,69.18,West,138.36
7236,2024-08-25,315,26,2,49.91,North,99.82
7237,2022-10-02,614,18,4,104.76,South,419.04
7238,2022-09-03,806,7,2,246.59,West,493.18
7239,2022-04-21,509,45,1,125.65,South,125.65
7240,2022-08-22,927,13,4,222.66,South,890.64
7241,2023-02-21,755,6,1,24.36,South,24.36
7242,2023-11-09,157,35,1,317.5,West,317.5
7243,2024-03-13,872,31,5,440.3,West,2201.5
7244,2023-09-11,777,42,5,33.32,South,166.6
7245,2023-12-08,257,37,5,116.84,East,584.2
7246,2024-04-30,976,43,3,165.71,West,497.13
7247,2023-04-20,870,4,1,150.75,South,150.75
7248,2023-10-17,855,42,2,29.79,North,59.58
7249,2023-01-30,635,4,4,62.22,East,248.88
7250,2022-04-21,456,45,3,457.11,West,1371.33
7251,2022-03-31,47,8,5,358.57,South,1792.85
7252,2024-02-02,332,38,3,479.63,South,1438.8899999999999
7253,2022-05-12,10,11,3,225.83,East,677.49
7254,2024-11-02,144,2,1,440.73,West,440.73
7255,2023-04-02,431,18,1,410.1,East,410.1
7256,2022-04-08,811,18,2,438.72,East,877.44
7257,2022-10-20,152,22,4,29.19,West,116.76
7258,2024-10-21,487,12,4,329.73,East,1318.92
7259,2023-07-26,136,17,5,287.65,South,1438.25
7260,2022-09-07,587,17,2,277.16,East,554.32
7261,2023-10-14,873,36,4,257.15,East,1028.6
7262,2022-05-29,26,29,3,400.03,South,1200.09
7263,2022-02-13,7,49,3,484.35,East,1453.0500000000002
7264,2024-12-03,591,16,4,416.17,North,1664.68
7265,2022-06-11,15,41,3,436.49,South,1309.47
7266,2022-09-10,432,11,3,247.11,South,741.33
7267,2022-05-12,899,44,5,348.4,East,1742.0
7268,2023-04-19,400,43,3,213.63,South,640.89
7269,2023-12-07,207,45,4,186.54,South,746.16
7270,2024-11-24,601,22,1,448.69,South,448.69
7271,2022-10-02,609,30,3,453.55,North,1360.65
7272,2022-07-06,910,8,4,344.29,South,1377.16
7273,2024-08-06,216,46,3,420.54,North,1261.6200000000001
7274,2022-08-31,502,18,2,186.58,North,373.16
7275,2022-09-21,459,46,5,222.54,West,1112.7
7276,2023-06-06,259,16,1,412.3,South,412.3
7277,2024-08-20,329,47,3,205.04,South,615.12
7278,2024-02-22,454,20,4,29.58,East,118.32
7279,2023-06-19,799,39,1,183.12,North,183.12
7280,2022-07-29,375,8,3,205.13,South,615.39
7281,2022-02-15,464,30,2,85.77,South,171.54
7282,2022-01-26,75,38,4,178.62,North,714.48
7283,2022-06-24,242,29,5,467.87,North,2339.35
7284,2022-11-18,17,13,3,430.68,West,1292.04
7285,2022-02-24,689,17,4,228.5,West,914.0
7286,2023-10-30,259,40,3,357.85,West,1073.5500000000002
7287,2022-05-27,123,43,5,84.41,South,422.04999999999995
7288,2023-08-22,979,17,2,378.75,West,757.5
7289,2022-01-20,984,9,5,243.13,North,1215.65
7290,2022-11-29,311,2,5,364.06,South,1820.3
7291,2024-06-25,111,42,5,325.57,South,1627.85
7292,2024-08-01,256,24,1,124.05,North,124.05
7293,2024-06-29,234,21,4,419.0,South,1676.0
7294,2023-02-05,968,46,3,290.37,South,871.11
7295,2024-08-07,497,2,2,394.26,North,788.52
7296,2022-01-28,868,5,3,56.05,East,168.14999999999998
7297,2023-04-12,40,17,1,311.52,West,311.52
7298,2024-09-08,122,24,2,153.02,South,306.04
7299,2022-04-11,450,8,1,431.84,South,431.84
7300,2023-07-05,727,30,3,475.26,North,1425.78
7301,2024-03-12,808,50,2,37.36,North,74.72
7302,2022-12-19,798,22,3,364.9,North,1094.6999999999998
7303,2022-10-23,793,24,4,60.46,North,241.84
7304,2022-12-19,519,26,1,430.18,North,430.18
7305,2024-06-26,92,8,4,71.02,East,284.08
7306,2024-10-15,361,12,4,105.55,East,422.2
7307,2023-03-31,946,14,3,133.29,South,399.87
7308,2023-12-13,123,30,3,366.64,South,1099.92
7309,2024-09-06,337,35,5,153.34,East,766.7
7310,2024-01-09,608,31,5,302.08,East,1510.3999999999999
7311,2024-09-03,513,28,2,290.25,North,580.5
7312,2022-08-21,603,46,3,207.11,South,621.33
7313,2024-10-20,428,27,1,274.35,North,274.35
7314,2022-04-12,996,36,3,67.91,North,203.73
7315,2024-08-10,433,1,3,439.33,North,1317.99
7316,2023-04-26,7,41,4,111.47,South,445.88
7317,2022-04-18,120,14,4,441.31,West,1765.24
7318,2024-08-30,387,10,5,264.18,South,1320.9
7319,2023-12-05,350,50,2,310.83,West,621.66
7320,2022-12-01,641,42,2,136.08,North,272.16
7321,2022-03-27,691,7,3,118.94,West,356.82
7322,2024-01-04,98,40,1,250.44,South,250.44
7323,2024-05-24,934,14,4,141.01,East,564.04
7324,2022-12-30,43,36,1,217.34,North,217.34
7325,2022-03-01,183,27,4,225.71,North,902.84
7326,2023-07-14,697,11,3,142.75,North,428.25
7327,2022-04-27,565,42,2,152.95,North,305.9
7328,2024-05-23,740,49,3,486.73,West,1460.19
7329,2024-07-03,673,37,4,297.85,North,1191.4
7330,2024-08-25,235,42,2,417.62,East,835.24
7331,2024-09-25,976,10,1,32.41,North,32.41
7332,2022-02-13,446,7,1,10.94,South,10.94
7333,2023-05-24,870,17,5,264.36,South,1321.8000000000002
7334,2024-04-28,907,12,1,415.13,East,415.13
7335,2024-07-05,200,37,5,309.35,North,1546.75
7336,2024-06-16,948,37,2,313.23,West,626.46
7337,2024-03-09,513,36,3,78.29,East,234.87
7338,2024-05-25,526,7,3,489.5,East,1468.5
7339,2022-10-13,990,24,2,269.55,South,539.1
7340,2023-11-15,213,34,2,60.27,North,120.54
7341,2024-03-29,378,1,4,212.96,North,851.84
7342,2022-05-01,789,29,1,45.27,North,45.27
7343,2024-08-02,546,26,1,214.89,East,214.89
7344,2024-10-14,486,10,1,358.67,West,358.67
7345,2024-06-25,986,1,5,168.53,North,842.65
7346,2022-01-13,361,45,1,163.42,East,163.42
7347,2023-08-26,782,17,4,262.03,East,1048.12
7348,2022-07-19,168,41,3,254.26,South,762.78
7349,2023-08-09,890,36,3,238.9,North,716.7
7350,2023-03-24,931,9,5,263.25,East,1316.25
7351,2024-04-20,682,39,4,33.5,South,134.0
7352,2024-12-30,594,23,2,242.39,South,484.78
7353,2023-08-13,404,29,3,496.09,North,1488.27
7354,2024-06-07,828,2,4,384.52,West,1538.08
7355,2022-02-12,137,18,2,150.91,West,301.82
7356,2023-06-04,233,28,5,342.08,South,1710.3999999999999
7357,2024-11-02,115,47,1,171.65,South,171.65
7358,2023-12-26,252,42,4,103.84,West,415.36
7359,2023-09-15,493,49,3,389.04,East,1167.1200000000001
7360,2024-09-14,289,7,5,112.7,South,563.5
7361,2024-03-13,49,11,4,430.73,East,1722.92
7362,2023-06-19,452,7,5,196.4,North,982.0
7363,2022-10-29,516,43,2,380.85,West,761.7
7364,2023-06-11,891,24,4,137.2,West,548.8
7365,2023-04-05,688,15,1,329.84,East,329.84
7366,2024-04-11,272,31,2,114.14,East,228.28
7367,2023-05-20,431,19,1,20.7,South,20.7
7368,2024-07-20,26,10,5,409.16,North,2045.8000000000002
7369,2022-11-21,70,48,1,429.52,West,429.52
7370,2023-08-02,293,8,2,441.48,West,882.96
7371,2024-01-31,406,1,2,27.79,South,55.58
7372,2024-04-30,234,2,2,382.85,East,765.7
7373,2024-08-17,231,29,5,419.58,East,2097.9
7374,2023-05-17,263,42,3,162.73,East,488.18999999999994
7375,2022-11-30,938,10,5,240.52,North,1202.6000000000001
7376,2022-10-11,798,42,2,209.88,West,419.76
7377,2023-04-20,586,9,5,225.65,West,1128.25
7378,2024-12-13,121,50,4,424.89,West,1699.56
7379,2023-09-24,463,31,4,214.76,North,859.04
7380,2023-12-04,518,32,3,158.16,North,474.48
7381,2023-02-13,24,2,5,73.89,South,369.45
7382,2024-09-08,706,24,5,340.67,South,1703.3500000000001
7383,2023-07-13,680,37,4,51.26,West,205.04
7384,2022-08-10,377,43,2,39.98,South,79.96
7385,2022-06-07,500,6,1,343.97,South,343.97
7386,2022-12-14,911,8,2,350.2,West,700.4
7387,2024-06-07,437,40,3,107.55,West,322.65
7388,2024-07-10,853,25,1,479.02,North,479.02
7389,2023-10-24,722,42,2,396.03,North,792.06
7390,2023-02-09,645,43,5,346.35,West,1731.75
7391,2023-11-08,857,25,5,379.63,East,1898.15
7392,2023-08-12,804,46,4,211.82,North,847.28
7393,2023-07-12,970,11,5,233.26,South,1166.3
7394,2024-06-23,499,35,5,436.41,West,2182.05
7395,2024-12-06,174,1,3,22.46,South,67.38
7396,2023-04-24,663,23,1,403.19,South,403.19
7397,2023-05-02,600,3,2,229.31,North,458.62
7398,2023-07-20,813,41,2,237.34,West,474.68
7399,2023-06-08,509,1,3,169.59,North,508.77
7400,2023-12-05,778,44,1,307.47,North,307.47
7401,2024-10-26,310,12,5,341.08,North,1705.3999999999999
7402,2024-03-31,70,38,3,88.77,South,266.31
7403,2024-05-07,205,40,5,287.2,North,1436.0
7404,2023-08-08,341,31,2,237.81,East,475.62
7405,2023-11-17,32,29,3,393.14,West,1179.42
7406,2022-08-20,43,35,3,277.19,East,831.5699999999999
7407,2022-09-27,118,28,3,220.49,North,661.47
7408,2024-07-28,889,21,2,269.18,West,538.36
7409,2024-05-23,15,11,2,250.38,East,500.76
7410,2022-02-21,322,26,4,468.24,North,1872.96
7411,2022-04-26,911,11,2,162.82,West,325.64
7412,2023-06-22,627,5,2,28.3,East,56.6
7413,2023-06-25,337,7,5,334.38,West,1671.9
7414,2024-11-08,532,31,2,305.88,West,611.76
7415,2024-03-25,690,39,1,455.88,North,455.88
7416,2024-03-01,774,42,5,67.56,North,337.8
7417,2023-09-10,591,8,4,266.1,North,1064.4
7418,2023-02-23,381,27,1,83.88,West,83.88
7419,2022-11-05,511,21,4,233.3,South,933.2
7420,2024-05-13,913,30,3,401.69,East,1205.07
7421,2022-07-05,120,14,3,430.12,East,1290.3600000000001
7422,2022-09-18,26,1,3,418.59,West,1255.77
7423,2022-06-09,534,45,2,278.23,North,556.46
7424,2024-05-19,713,24,2,320.64,South,641.28
7425,2024-02-01,64,6,5,280.27,West,1401.35
7426,2022-08-12,460,6,1,285.01,West,285.01
7427,2022-06-29,726,5,1,443.72,South,443.72
7428,2022-01-20,314,35,3,112.54,West,337.62
7429,2023-09-24,983,44,3,225.0,West,675.0
7430,2022-02-27,805,15,2,308.93,West,617.86
7431,2023-12-24,590,35,4,385.02,South,1540.08
7432,2023-09-07,216,48,1,383.33,South,383.33
7433,2023-07-16,456,50,1,67.45,West,67.45
7434,2023-01-09,986,41,4,118.74,East,474.96
7435,2023-09-14,736,8,1,456.64,South,456.64
7436,2022-03-29,889,43,1,185.18,East,185.18
7437,2024-11-09,540,35,2,11.33,West,22.66
7438,2024-10-10,992,5,1,107.9,North,107.9
7439,2022-01-14,982,31,3,485.08,North,1455.24
7440,2022-05-13,817,42,3,161.78,North,485.34000000000003
7441,2024-11-23,713,31,5,310.72,West,1553.6000000000001
7442,2024-06-10,579,37,2,366.06,South,732.12
7443,2023-08-15,473,8,2,326.83,East,653.66
7444,2023-08-06,359,6,3,195.01,East,585.03
7445,2022-10-16,126,23,2,220.9,South,441.8
7446,2024-10-09,972,16,2,420.61,East,841.22
7447,2024-05-28,861,44,5,334.76,West,1673.8
7448,2022-01-07,707,49,4,21.48,South,85.92
7449,2022-08-28,937,8,1,109.69,South,109.69
7450,2023-06-20,686,4,5,150.29,South,751.4499999999999
7451,2022-03-11,87,32,4,189.09,East,756.36
7452,2022-08-04,343,49,1,292.68,South,292.68
7453,2024-12-13,823,3,3,189.59,South,568.77
7454,2024-03-16,978,50,4,414.26,North,1657.04
7455,2022-11-26,395,16,1,242.18,North,242.18
7456,2024-04-27,484,34,5,256.07,South,1280.35
7457,2022-02-14,666,13,1,219.42,South,219.42
7458,2024-04-08,456,33,2,162.13,North,324.26
7459,2022-07-17,476,22,1,365.15,West,365.15
7460,2024-06-14,210,31,3,122.49,North,367.46999999999997
7461,2022-11-28,525,24,5,347.85,West,1739.25
7462,2023-11-27,676,3,4,269.56,West,1078.24
7463,2022-01-27,1000,33,1,60.11,East,60.11
7464,2022-11-14,767,30,5,18.8,West,94.0
7465,2022-12-31,896,26,3,93.03,East,279.09000000000003
7466,2024-08-17,576,34,4,382.9,North,1531.6
7467,2023-01-08,307,22,1,198.45,West,198.45
7468,2022-09-02,76,30,3,404.39,West,1213.17
7469,2023-04-23,22,35,2,255.93,East,511.86
7470,2022-05-05,60,25,5,26.05,East,130.25
7471,2023-06-21,386,28,5,424.59,West,2122.95
7472,2023-12-07,56,33,1,468.77,East,468.77
7473,2023-06-15,168,23,3,46.37,West,139.10999999999999
7474,2024-02-25,412,26,4,112.09,South,448.36
7475,2022-09-11,717,9,4,360.62,North,1442.48
7476,2022-05-01,865,8,4,498.62,East,1994.48
7477,2024-11-21,771,37,4,439.39,North,1757.56
7478,2023-10-23,191,33,1,58.48,South,58.48
7479,2024-11-26,482,15,1,307.55,West,307.55
7480,2024-11-02,919,49,5,335.95,East,1679.75
7481,2022-03-29,567,47,3,319.11,West,957.33
7482,2022-02-15,416,8,2,288.35,West,576.7
7483,2024-07-21,340,21,1,153.18,South,153.18
7484,2024-01-15,796,3,4,337.57,West,1350.28
7485,2024-08-24,892,9,2,366.94,South,733.88
7486,2024-02-02,776,14,5,292.13,East,1460.65
7487,2024-02-01,259,38,4,253.61,South,1014.44
7488,2024-03-04,350,27,3,117.32,North,351.96
7489,2024-01-14,601,20,2,276.91,West,553.82
7490,2024-12-05,437,4,5,72.84,South,364.20000000000005
7491,2023-07-12,222,24,1,45.63,South,45.63
7492,2023-06-10,413,27,3,391.15,West,1173.4499999999998
7493,2023-08-20,350,12,4,341.37,East,1365.48
7494,2024-04-19,482,28,2,328.03,North,656.06
7495,2022-01-03,601,35,5,464.78,North,2323.8999999999996
7496,2024-11-17,977,24,2,196.58,East,393.16
7497,2022-06-06,59,31,3,205.87,West,617.61
7498,2024-05-04,152,3,1,212.74,East,212.74
7499,2023-05-26,934,30,1,237.99,East,237.99
7500,2023-11-18,540,27,3,261.29,North,783.8700000000001
7501,2023-07-25,225,17,4,391.23,East,1564.92
7502,2023-12-16,318,6,2,116.67,West,233.34
7503,2022-08-27,996,47,4,222.7,East,890.8
7504,2022-10-30,563,43,5,257.51,North,1287.55
7505,2023-08-30,775,18,4,92.87,East,371.48
7506,2024-09-17,279,35,3,353.95,East,1061.85
7507,2022-11-30,558,27,1,37.57,West,37.57
7508,2022-04-23,474,17,3,297.1,South,891.3000000000001
7509,2022-12-28,846,11,3,109.05,South,327.15
7510,2024-03-11,618,38,2,14.15,North,28.3
7511,2022-04-07,796,37,3,164.73,West,494.18999999999994
7512,2022-01-16,24,42,5,220.28,West,1101.4
7513,2023-07-10,519,34,2,410.48,South,820.96
7514,2023-01-11,368,47,2,209.84,East,419.68
7515,2024-01-12,996,32,4,458.56,North,1834.24
7516,2023-01-25,999,43,3,422.84,East,1268.52
7517,2023-09-12,335,46,4,104.44,West,417.76
7518,2024-04-03,433,46,4,86.3,West,345.2
7519,2022-11-16,3,35,2,129.48,South,258.96
7520,2022-07-15,258,28,4,186.24,South,744.96
7521,2023-02-22,263,22,4,295.91,South,1183.64
7522,2023-08-30,121,16,2,70.8,West,141.6
7523,2023-07-22,720,46,2,270.7,East,541.4
7524,2023-06-28,21,42,1,294.58,West,294.58
7525,2022-08-19,905,40,3,333.84,North,1001.52
7526,2024-06-02,140,12,1,279.55,West,279.55
7527,2023-06-05,477,5,2,414.33,West,828.66
7528,2023-12-04,792,26,5,324.38,East,1621.9
7529,2024-04-25,289,26,4,463.03,South,1852.12
7530,2023-11-04,206,13,4,353.45,North,1413.8
7531,2022-01-21,43,24,2,223.69,East,447.38
7532,2023-08-11,850,44,4,112.75,North,451.0
7533,2024-06-16,118,3,1,15.16,East,15.16
7534,2023-01-06,5,32,4,54.3,South,217.2
7535,2022-03-19,207,23,5,102.94,West,514.7
7536,2023-10-10,635,49,3,116.06,North,348.18
7537,2022-05-20,839,37,1,373.6,East,373.6
7538,2023-07-07,345,38,3,199.17,North,597.51
7539,2024-09-24,142,45,3,169.02,East,507.06000000000006
7540,2022-10-09,372,38,5,35.66,West,178.29999999999998
7541,2023-03-16,232,13,5,273.94,East,1369.7
7542,2022-09-27,164,15,5,310.33,West,1551.6499999999999
7543,2024-01-16,547,2,5,440.15,North,2200.75
7544,2022-04-14,364,11,1,256.39,East,256.39
7545,2024-02-05,946,16,5,13.78,North,68.89999999999999
7546,2022-04-05,984,18,1,41.99,West,41.99
7547,2023-12-30,335,34,4,142.79,South,571.16
7548,2023-04-25,11,10,3,78.2,East,234.60000000000002
7549,2024-02-19,408,13,4,387.59,East,1550.36
7550,2022-01-13,75,32,4,62.85,South,251.4
7551,2023-08-24,300,8,2,88.78,North,177.56
7552,2022-04-05,947,7,4,336.73,East,1346.92
7553,2022-10-20,913,48,4,127.42,North,509.68
7554,2022-01-25,381,17,2,484.85,West,969.7
7555,2024-07-27,710,41,4,432.96,North,1731.84
7556,2024-02-01,853,27,2,374.82,West,749.64
7557,2023-10-16,776,8,1,178.14,East,178.14
7558,2024-09-11,847,29,3,37.82,West,113.46000000000001
7559,2023-09-30,886,37,5,174.84,East,874.2
7560,2023-05-06,736,27,4,194.6,West,778.4
7561,2023-07-29,634,37,1,72.44,South,72.44
7562,2022-10-21,586,24,3,69.11,North,207.32999999999998
7563,2024-06-14,28,45,1,337.37,West,337.37
7564,2022-02-09,463,16,2,123.88,South,247.76
7565,2024-02-15,396,26,1,342.23,South,342.23
7566,2023-06-04,683,31,4,278.67,South,1114.68
7567,2023-06-30,978,27,4,451.72,North,1806.88
7568,2022-08-24,376,26,5,400.61,West,2003.0500000000002
7569,2023-04-08,421,43,5,84.17,North,420.85
7570,2023-04-28,364,15,4,308.98,West,1235.92
7571,2023-03-06,895,49,1,330.03,South,330.03
7572,2024-11-11,216,15,4,432.41,South,1729.64
7573,2022-12-09,831,23,1,324.07,South,324.07
7574,2024-11-29,101,25,4,78.95,North,315.8
7575,2022-05-13,758,44,3,136.64,South,409.91999999999996
7576,2022-12-17,93,4,1,322.42,East,322.42
7577,2023-05-21,575,36,2,456.85,East,913.7
7578,2022-03-25,266,16,2,446.85,South,893.7
7579,2024-09-19,206,47,5,186.0,North,930.0
7580,2024-04-09,80,40,3,417.03,South,1251.09
7581,2024-05-10,37,21,2,260.53,West,521.06
7582,2022-12-09,11,40,4,237.53,East,950.12
7583,2024-05-15,627,43,2,181.93,West,363.86
7584,2022-10-20,90,17,4,342.32,South,1369.28
7585,2023-08-21,744,3,3,303.8,South,911.4000000000001
7586,2023-10-07,19,7,5,193.59,West,967.95
7587,2023-03-24,564,12,2,383.79,East,767.58
7588,2023-11-21,374,1,5,195.88,North,979.4
7589,2024-09-28,786,43,3,296.35,East,889.0500000000001
7590,2024-05-04,94,37,1,202.27,South,202.27
7591,2023-05-17,32,6,3,67.27,West,201.81
7592,2024-02-03,663,46,3,88.99,North,266.96999999999997
7593,2024-01-05,140,49,3,331.8,North,995.4000000000001
7594,2022-09-07,570,23,1,407.5,North,407.5
7595,2023-08-24,973,25,1,239.55,East,239.55
7596,2022-05-05,21,25,3,169.54,North,508.62
7597,2022-04-23,149,3,1,174.88,West,174.88
7598,2024-09-07,221,4,4,302.85,North,1211.4
7599,2022-05-30,733,30,3,239.17,East,717.51
7600,2024-05-24,754,33,2,10.36,North,20.72
7601,2022-12-09,219,29,4,388.02,West,1552.08
7602,2023-08-03,541,4,3,79.74,West,239.21999999999997
7603,2024-02-22,975,14,2,340.66,East,681.32
7604,2022-11-17,559,21,2,178.66,East,357.32
7605,2024-04-01,908,7,5,293.22,West,1466.1000000000001
7606,2023-06-16,58,21,5,429.01,West,2145.05
7607,2023-05-07,425,7,2,85.59,West,171.18
7608,2023-09-04,275,1,3,391.04,West,1173.1200000000001
7609,2022-09-09,140,34,3,28.77,East,86.31
7610,2022-06-22,23,23,3,461.47,South,1384.41
7611,2024-05-24,901,3,3,108.78,South,326.34000000000003
7612,2022-07-20,378,18,2,399.26,North,798.52
7613,2022-08-05,922,43,1,42.94,West,42.94
7614,2023-01-11,373,12,1,170.25,North,170.25
7615,2022-01-11,63,14,3,320.44,East,961.3199999999999
7616,2024-11-01,564,41,5,332.82,North,1664.1
7617,2024-06-10,778,28,2,352.42,North,704.84
7618,2023-03-11,342,42,1,181.92,North,181.92
7619,2024-03-28,167,45,2,336.34,North,672.68
7620,2024-07-19,151,24,5,219.97,South,1099.85
7621,2023-11-22,523,24,2,287.3,South,574.6
7622,2024-05-04,988,3,5,278.14,West,1390.6999999999998
7623,2024-02-23,607,9,5,92.39,West,461.95
7624,2022-11-15,584,24,4,424.83,North,1699.32
7625,2024-04-23,501,2,5,434.9,West,2174.5
7626,2023-09-13,896,40,4,109.83,North,439.32
7627,2024-02-24,999,28,5,214.1,North,1070.5
7628,2023-02-01,560,7,5,237.79,East,1188.95
7629,2024-12-17,348,9,2,278.97,South,557.94
7630,2023-04-05,272,45,4,20.91,North,83.64
7631,2022-03-02,430,39,1,381.82,East,381.82
7632,2023-01-04,943,39,1,432.36,South,432.36
7633,2023-12-20,607,33,2,79.68,West,159.36
7634,2023-06-30,233,34,1,449.35,West,449.35
7635,2024-11-06,560,21,1,426.95,South,426.95
7636,2023-05-11,208,29,5,275.71,South,1378.55
7637,2023-05-12,453,27,3,144.62,North,433.86
7638,2023-05-20,739,17,3,111.67,West,335.01
7639,2024-08-26,501,42,1,249.67,South,249.67
7640,2024-12-28,921,47,2,258.53,North,517.06
7641,2022-06-10,589,48,2,329.42,North,658.84
7642,2023-12-19,861,23,4,402.8,South,1611.2
7643,2024-09-19,219,45,2,467.9,North,935.8
7644,2022-09-26,872,21,2,400.18,East,800.36
7645,2023-11-30,81,8,5,455.43,East,2277.15
7646,2024-05-14,549,9,5,254.69,East,1273.45
7647,2022-12-16,614,33,1,29.05,West,29.05
7648,2022-04-20,703,4,2,35.4,South,70.8
7649,2023-02-11,541,18,3,141.56,East,424.68
7650,2023-10-12,826,32,2,310.85,West,621.7
7651,2022-02-20,765,30,2,174.26,South,348.52
7652,2024-12-27,251,25,1,91.41,North,91.41
7653,2023-08-19,738,33,3,426.74,North,1280.22
7654,2024-09-05,606,35,1,492.65,South,492.65
7655,2024-12-01,415,42,2,18.15,South,36.3
7656,2024-01-01,86,34,3,53.82,North,161.46
7657,2022-02-26,622,50,2,254.68,South,509.36
7658,2024-01-08,217,2,1,175.46,West,175.46
7659,2022-07-15,196,13,1,393.25,South,393.25
7660,2024-12-21,995,41,5,330.61,North,1653.0500000000002
7661,2022-04-22,297,23,3,43.57,West,130.71
7662,2024-02-04,946,23,5,276.99,West,1384.95
7663,2023-12-12,44,31,3,174.9,East,524.7
7664,2024-08-05,393,2,4,482.91,North,1931.64
7665,2022-01-26,443,2,3,242.89,North,728.67
7666,2023-02-14,90,5,2,464.56,West,929.12
7667,2024-01-28,987,14,3,24.79,South,74.37
7668,2023-06-15,155,23,5,60.6,South,303.0
7669,2024-01-19,978,35,1,199.27,North,199.27
7670,2022-09-03,478,46,1,444.61,North,444.61
7671,2023-10-24,621,1,3,276.86,East,830.58
7672,2024-06-27,59,41,4,413.83,North,1655.32
7673,2023-01-31,110,48,1,148.93,West,148.93
7674,2023-06-06,479,49,1,64.63,North,64.63
7675,2024-07-14,618,40,1,130.56,West,130.56
7676,2022-09-21,899,15,4,326.2,West,1304.8
7677,2024-02-29,733,30,5,436.99,West,2184.95
7678,2022-06-21,775,21,3,232.95,North,698.8499999999999
7679,2022-09-22,594,8,4,104.87,East,419.48
7680,2024-11-15,784,7,3,322.43,West,967.29
7681,2023-04-21,49,41,2,106.5,West,213.0
7682,2022-12-22,377,34,3,289.44,North,868.3199999999999
7683,2024-11-15,32,42,1,60.12,West,60.12
7684,2022-02-03,486,37,4,407.46,East,1629.84
7685,2022-09-21,601,48,4,404.53,East,1618.12
7686,2024-03-26,940,32,5,275.22,West,1376.1000000000001
7687,2024-05-24,992,33,2,28.71,North,57.42
7688,2024-01-24,531,6,5,147.29,West,736.4499999999999
7689,2023-07-20,3,42,5,77.76,East,388.8
7690,2023-04-07,378,10,2,266.49,South,532.98
7691,2023-10-17,572,26,1,59.85,East,59.85
7692,2022-03-22,931,45,4,436.17,South,1744.68
7693,2024-01-27,242,26,3,426.58,South,1279.74
7694,2024-05-19,541,19,2,86.49,South,172.98
7695,2024-12-05,587,35,5,350.5,West,1752.5
7696,2023-08-22,582,45,3,351.29,North,1053.8700000000001
7697,2024-03-17,595,4,2,204.41,North,408.82
7698,2024-12-12,357,25,2,84.97,West,169.94
7699,2024-09-10,685,8,1,74.73,East,74.73
7700,2023-12-05,923,12,1,372.34,West,372.34
7701,2023-04-21,197,24,4,117.89,North,471.56
7702,2023-08-15,858,24,4,305.69,East,1222.76
7703,2022-01-16,419,17,3,434.28,North,1302.84
7704,2023-05-02,659,25,4,300.62,West,1202.48
7705,2023-12-07,273,33,2,487.24,West,974.48
7706,2023-09-12,502,27,2,326.3,West,652.6
7707,2024-10-15,35,2,2,164.16,West,328.32
7708,2024-02-16,625,9,2,427.71,East,855.42
7709,2023-03-23,461,33,1,162.35,North,162.35
7710,2022-10-17,718,19,2,486.07,East,972.14
7711,2022-07-28,670,49,2,244.09,West,488.18
7712,2023-02-17,253,5,2,477.09,South,954.18
7713,2023-11-08,634,47,5,99.96,East,499.79999999999995
7714,2023-10-26,512,20,3,15.59,South,46.769999999999996
7715,2022-10-17,48,24,3,106.1,South,318.29999999999995
7716,2022-05-31,185,31,2,58.2,East,116.4
7717,2024-05-04,491,44,2,369.64,South,739.28
7718,2023-08-31,273,4,3,139.63,North,418.89
7719,2023-01-05,613,32,4,323.34,East,1293.36
7720,2023-12-06,527,47,5,337.64,North,1688.1999999999998
7721,2024-04-05,128,35,5,347.24,West,1736.2
7722,2024-10-01,210,14,4,417.98,North,1671.92
7723,2023-01-12,624,36,2,82.99,West,165.98
7724,2024-08-30,782,6,3,34.73,West,104.19
7725,2022-04-28,142,17,5,24.56,East,122.8
7726,2024-10-25,173,18,4,60.86,West,243.44
7727,2023-03-20,865,8,4,195.8,North,783.2
7728,2024-01-25,678,12,1,484.01,West,484.01
7729,2023-10-02,447,17,4,183.08,East,732.32
7730,2022-05-04,119,31,1,231.93,West,231.93
7731,2023-10-20,715,1,1,409.05,West,409.05
7732,2024-04-01,11,11,5,460.11,East,2300.55
7733,2023-10-26,761,42,2,486.01,North,972.02
7734,2022-12-26,304,16,2,414.96,East,829.92
7735,2023-09-15,760,37,4,256.23,East,1024.92
7736,2024-12-16,154,49,3,122.44,East,367.32
7737,2024-07-07,323,28,3,303.2,West,909.5999999999999
7738,2023-03-28,537,9,1,106.43,North,106.43
7739,2022-04-30,977,8,4,37.31,West,149.24
7740,2023-08-05,445,25,4,460.48,West,1841.92
7741,2022-04-09,342,10,2,247.55,East,495.1
7742,2023-05-29,221,40,3,259.04,West,777.1200000000001
7743,2023-10-26,110,3,5,308.52,South,1542.6
7744,2023-02-05,410,23,4,231.19,West,924.76
7745,2022-12-31,418,23,4,227.77,West,911.08
7746,2023-08-04,602,44,2,458.42,South,916.84
7747,2023-09-13,505,4,5,410.11,West,2050.55
7748,2024-04-07,777,50,5,114.17,West,570.85
7749,2022-09-04,40,23,5,152.97,South,764.85
7750,2023-03-10,509,9,5,333.71,North,1668.55
7751,2023-09-07,459,4,3,289.84,North,869.52
7752,2024-07-31,263,34,1,385.42,North,385.42
7753,2024-08-20,670,39,5,366.54,East,1832.7
7754,2023-09-16,118,18,1,357.19,East,357.19
7755,2022-11-17,450,34,1,441.31,North,441.31
7756,2024-05-05,768,34,2,385.61,West,771.22
7757,2022-03-03,414,42,5,129.0,North,645.0
7758,2022-10-27,708,3,3,437.69,South,1313.07
7759,2023-02-07,826,19,2,174.41,South,348.82
7760,2024-08-12,823,34,2,456.34,West,912.68
7761,2022-09-10,526,26,1,413.89,South,413.89
7762,2023-04-23,461,35,4,46.3,South,185.2
7763,2022-06-09,118,41,3,387.93,North,1163.79
7764,2024-08-18,217,43,5,255.06,North,1275.3
7765,2022-07-24,717,31,5,488.79,South,2443.9500000000003
7766,2024-05-07,77,43,3,234.63,South,703.89
7767,2024-01-30,421,27,5,42.83,West,214.14999999999998
7768,2023-12-22,892,3,4,153.64,South,614.56
7769,2024-11-06,172,37,4,220.8,North,883.2
7770,2022-03-09,390,12,5,300.04,North,1500.2
7771,2022-05-13,26,47,2,84.53,North,169.06
7772,2024-07-07,128,23,5,262.39,East,1311.9499999999998
7773,2023-03-06,374,17,5,246.9,North,1234.5
7774,2022-11-04,654,16,3,419.96,East,1259.8799999999999
7775,2023-10-12,904,17,4,158.18,North,632.72
7776,2023-02-16,24,15,2,230.26,North,460.52
7777,2022-04-07,470,26,3,200.42,West,601.26
7778,2024-11-16,744,45,3,319.79,East,959.3700000000001
7779,2024-12-19,423,2,2,419.73,South,839.46
7780,2022-07-21,177,17,2,341.06,South,682.12
7781,2024-02-01,853,1,3,237.87,West,713.61
7782,2024-05-23,747,30,5,322.54,West,1612.7
7783,2023-08-04,831,32,2,167.9,East,335.8
7784,2023-01-05,538,30,1,80.61,East,80.61
7785,2023-06-17,266,42,2,166.66,West,333.32
7786,2024-06-17,973,4,3,227.41,East,682.23
7787,2023-08-30,874,42,1,225.24,West,225.24
7788,2024-05-22,629,44,3,371.42,North,1114.26
7789,2024-02-09,570,32,4,468.81,West,1875.24
7790,2024-04-13,270,35,4,200.59,East,802.36
7791,2024-09-25,329,1,5,52.36,North,261.8
7792,2024-07-26,455,19,2,26.37,West,52.74
7793,2022-08-24,295,33,3,11.94,East,35.82
7794,2022-06-11,122,19,1,469.67,East,469.67
7795,2023-07-08,159,36,2,497.86,East,995.72
7796,2024-02-27,178,27,5,35.18,West,175.9
7797,2024-12-27,656,13,3,185.52,West,556.5600000000001
7798,2023-07-13,328,27,3,337.98,South,1013.94
7799,2022-09-18,880,46,4,97.68,West,390.72
7800,2022-08-05,307,14,5,301.27,West,1506.35
7801,2024-03-15,911,24,3,408.67,East,1226.01
7802,2022-07-20,89,35,4,430.46,North,1721.84
7803,2023-02-06,751,19,4,356.15,South,1424.6
7804,2022-10-02,38,25,1,50.06,South,50.06
7805,2022-07-25,873,11,5,180.71,South,903.5500000000001
7806,2024-11-29,591,9,5,484.0,South,2420.0
7807,2024-05-16,857,6,3,104.45,South,313.35
7808,2022-04-03,839,36,1,232.42,South,232.42
7809,2024-12-01,346,37,2,173.75,East,347.5
7810,2023-01-14,252,29,3,110.71,East,332.13
7811,2022-03-06,840,9,4,168.53,West,674.12
7812,2022-12-31,978,33,2,102.86,South,205.72
7813,2024-03-31,149,23,2,439.85,West,879.7
7814,2024-11-13,16,15,3,95.48,South,286.44
7815,2023-06-24,367,11,1,315.54,West,315.54
7816,2024-12-21,835,23,5,471.73,West,2358.65
7817,2023-05-06,833,26,1,476.8,West,476.8
7818,2022-08-17,781,1,3,304.21,North,912.6299999999999
7819,2024-11-09,118,30,5,142.74,North,713.7
7820,2022-01-03,704,17,2,131.47,South,262.94
7821,2024-06-29,317,47,4,376.26,North,1505.04
7822,2022-11-03,288,46,1,490.55,North,490.55
7823,2023-03-08,908,41,5,48.02,East,240.10000000000002
7824,2022-05-16,351,23,1,396.84,East,396.84
7825,2023-05-30,297,36,5,70.26,North,351.3
7826,2022-07-12,194,41,4,156.11,East,624.44
7827,2024-05-22,392,5,3,287.65,North,862.9499999999999
7828,2023-10-28,443,35,3,155.64,West,466.91999999999996
7829,2022-07-28,281,50,5,328.63,West,1643.15
7830,2024-08-09,901,9,5,214.43,West,1072.15
7831,2024-11-23,301,4,3,117.37,East,352.11
7832,2023-10-11,898,7,2,270.16,South,540.32
7833,2022-04-30,426,1,2,21.76,South,43.52
7834,2023-09-19,250,16,2,373.13,West,746.26
7835,2023-06-09,934,25,4,265.92,North,1063.68
7836,2024-02-08,743,6,5,473.88,North,2369.4
7837,2023-05-27,515,38,1,60.37,North,60.37
7838,2022-02-16,686,14,1,368.82,East,368.82
7839,2024-02-11,752,37,5,157.47,North,787.35
7840,2024-01-10,998,11,3,192.84,West,578.52
7841,2023-06-06,406,1,5,180.76,East,903.8
7842,2022-05-14,616,42,2,185.43,South,370.86
7843,2022-09-05,801,1,2,221.11,South,442.22
7844,2023-03-12,244,36,1,20.29,South,20.29
7845,2023-11-17,800,8,5,424.91,East,2124.55
7846,2023-08-09,367,32,1,442.08,East,442.08
7847,2022-12-17,785,33,3,29.38,South,88.14
7848,2022-05-23,120,8,4,390.24,East,1560.96
7849,2024-08-24,850,14,4,45.41,East,181.64
7850,2024-03-14,440,24,3,405.83,North,1217.49
7851,2023-12-19,771,49,2,310.36,East,620.72
7852,2023-10-05,504,41,2,160.11,West,320.22
7853,2023-05-16,582,29,2,310.8,East,621.6
7854,2023-01-05,433,25,1,258.26,North,258.26
7855,2024-02-26,183,6,1,321.52,South,321.52
7856,2024-01-09,461,1,4,242.93,South,971.72
7857,2024-08-07,759,23,2,388.71,North,777.42
7858,2023-06-06,118,41,2,32.18,South,64.36
7859,2023-05-04,31,33,3,178.7,South,536.0999999999999
7860,2023-02-01,977,14,4,284.05,South,1136.2
7861,2024-06-14,149,28,1,298.24,West,298.24
7862,2022-12-21,528,29,4,93.08,South,372.32
7863,2024-08-04,273,43,2,46.52,East,93.04
7864,2022-10-15,864,40,2,20.28,South,40.56
7865,2024-09-24,385,23,1,212.38,East,212.38
7866,2023-06-20,880,44,1,171.89,East,171.89
7867,2024-04-30,102,38,4,288.23,South,1152.92
7868,2024-04-17,72,49,5,230.26,North,1151.3
7869,2022-06-17,705,43,2,203.09,East,406.18
7870,2024-08-07,834,10,2,423.23,North,846.46
7871,2023-09-13,623,27,5,314.54,West,1572.7
7872,2023-03-04,805,8,4,326.59,South,1306.36
7873,2023-05-05,408,44,3,197.09,South,591.27
7874,2022-12-21,347,4,3,390.65,North,1171.9499999999998
7875,2022-07-15,852,21,2,84.52,West,169.04
7876,2023-06-29,367,21,3,206.98,East,620.9399999999999
7877,2023-12-18,830,30,4,33.12,East,132.48
7878,2024-04-03,789,13,3,66.56,West,199.68
7879,2024-07-20,618,3,1,49.95,East,49.95
7880,2024-09-29,549,20,4,226.3,East,905.2
7881,2023-10-21,291,36,5,351.69,West,1758.45
7882,2024-07-27,422,40,2,163.22,South,326.44
7883,2024-02-19,181,5,4,23.04,East,92.16
7884,2022-01-11,655,22,3,356.53,West,1069.59
7885,2023-01-31,114,2,4,111.64,South,446.56
7886,2024-01-01,238,25,5,364.11,East,1820.5500000000002
7887,2023-02-13,938,40,4,13.6,South,54.4
7888,2022-12-28,94,24,5,163.05,West,815.25
7889,2024-10-23,260,5,5,314.4,East,1572.0
7890,2022-03-25,107,16,4,436.86,North,1747.44
7891,2022-06-05,244,15,2,379.52,West,759.04
7892,2023-12-08,423,13,2,230.31,East,460.62
7893,2023-04-17,335,11,3,362.07,West,1086.21
7894,2023-09-11,23,16,4,273.4,East,1093.6
7895,2022-05-14,873,18,4,408.56,North,1634.24
7896,2024-02-27,271,25,1,388.31,South,388.31
7897,2024-06-25,986,47,2,488.17,East,976.34
7898,2024-05-13,140,38,5,61.42,North,307.1
7899,2023-10-29,466,40,1,176.95,East,176.95
7900,2022-10-04,454,4,4,104.26,West,417.04
7901,2024-05-31,384,48,1,319.08,South,319.08
7902,2022-01-13,594,21,2,335.37,East,670.74
7903,2022-12-08,377,11,4,109.87,South,439.48
7904,2022-02-04,438,34,2,216.56,West,433.12
7905,2023-07-13,856,30,1,305.05,West,305.05
7906,2023-02-09,422,4,3,332.89,South,998.67
7907,2023-10-20,156,14,5,60.3,North,301.5
7908,2022-06-08,335,11,5,461.33,West,2306.65
7909,2024-08-13,531,4,3,26.7,East,80.1
7910,2023-07-03,581,26,3,486.74,East,1460.22
7911,2024-09-11,960,3,3,165.0,West,495.0
7912,2022-10-06,132,37,2,165.01,North,330.02
7913,2023-04-24,768,38,4,228.55,South,914.2
7914,2022-04-21,721,41,3,350.53,North,1051.59
7915,2023-03-07,501,4,2,88.2,North,176.4
7916,2023-06-26,522,26,1,134.94,North,134.94
7917,2022-12-26,140,39,1,481.17,West,481.17
7918,2023-01-07,965,45,3,439.65,South,1318.9499999999998
7919,2024-11-04,135,42,1,114.07,West,114.07
7920,2024-08-12,767,44,3,290.78,South,872.3399999999999
7921,2022-09-16,812,42,1,109.76,East,109.76
7922,2024-02-17,407,11,1,279.53,North,279.53
7923,2022-04-30,770,11,4,189.23,West,756.92
7924,2024-09-02,94,38,4,187.59,North,750.36
7925,2024-07-01,884,38,1,321.18,East,321.18
7926,2023-12-24,241,20,4,133.4,South,533.6
7927,2023-06-07,749,26,3,208.09,West,624.27
7928,2022-11-21,165,38,5,463.38,South,2316.9
7929,2024-12-09,325,12,3,380.13,East,1140.3899999999999
7930,2022-03-10,660,29,4,197.81,West,791.24
7931,2023-01-26,218,14,2,122.83,West,245.66
7932,2023-01-18,940,50,1,332.92,East,332.92
7933,2022-01-16,620,25,4,405.77,East,1623.08
7934,2024-04-25,231,42,4,431.77,East,1727.08
7935,2024-05-18,582,42,4,286.5,North,1146.0
7936,2023-07-22,733,39,3,263.23,West,789.69
7937,2022-05-12,586,26,1,362.62,South,362.62
7938,2022-09-30,179,10,5,96.13,West,480.65
7939,2023-04-29,80,14,4,427.55,West,1710.2
7940,2023-07-04,354,5,2,46.22,North,92.44
7941,2022-12-23,671,22,1,305.48,South,305.48
7942,2024-12-07,868,11,5,298.95,South,1494.75
7943,2024-10-30,681,29,2,162.24,West,324.48
7944,2022-08-21,826,7,5,27.38,West,136.9
7945,2022-02-05,901,18,5,361.75,South,1808.75
7946,2023-02-17,161,31,1,21.85,East,21.85
7947,2024-10-24,427,43,3,98.01,South,294.03000000000003
7948,2022-02-13,403,20,2,276.68,South,553.36
7949,2023-07-22,32,35,4,470.59,East,1882.36
7950,2024-01-10,121,7,5,42.31,East,211.55
7951,2022-04-24,727,30,2,293.61,West,587.22
7952,2023-02-01,515,4,1,171.16,North,171.16
7953,2023-04-11,385,30,2,338.01,East,676.02
7954,2024-04-26,740,30,4,476.93,North,1907.72
7955,2023-05-17,425,30,4,141.61,West,566.44
7956,2023-03-17,476,18,1,478.4,East,478.4
7957,2022-03-10,560,43,2,436.61,West,873.22
7958,2022-11-22,167,46,3,307.46,West,922.3799999999999
7959,2022-03-08,389,10,3,381.54,North,1144.6200000000001
7960,2022-10-31,333,14,5,433.8,South,2169.0
7961,2024-08-29,523,36,5,403.7,West,2018.5
7962,2023-04-29,750,23,2,170.09,East,340.18
7963,2024-07-17,790,12,5,408.18,North,2040.9
7964,2022-05-29,753,12,4,163.62,South,654.48
7965,2024-11-16,471,34,1,434.87,South,434.87
7966,2024-09-13,704,26,5,135.18,North,675.9000000000001
7967,2023-08-07,524,6,3,290.41,South,871.23
7968,2022-09-05,53,37,4,349.53,North,1398.12
7969,2023-12-03,567,15,3,218.64,South,655.92
7970,2022-04-06,821,42,5,393.66,South,1968.3000000000002
7971,2022-10-09,21,39,5,463.42,West,2317.1
7972,2022-11-18,19,19,4,101.26,East,405.04
7973,2023-06-13,965,40,3,26.39,South,79.17
7974,2022-09-20,856,47,1,316.99,South,316.99
7975,2023-08-03,862,23,1,305.07,East,305.07
7976,2022-10-21,456,36,4,177.24,East,708.96
7977,2023-01-30,322,13,5,394.88,East,1974.4
7978,2023-05-28,827,31,4,414.81,South,1659.24
7979,2024-07-09,433,37,3,172.67,West,518.01
7980,2024-03-20,994,26,1,344.31,West,344.31
7981,2024-07-08,59,43,5,324.59,East,1622.9499999999998
7982,2023-11-24,151,48,3,177.9,North,533.7
7983,2022-08-23,771,18,1,484.88,South,484.88
7984,2024-08-09,440,47,1,179.74,West,179.74
7985,2024-10-28,884,33,2,313.94,North,627.88
7986,2023-06-23,58,40,5,196.26,North,981.3
7987,2024-03-30,728,32,4,15.8,North,63.2
7988,2022-09-29,574,4,2,54.9,West,109.8
7989,2024-10-25,658,41,1,123.84,South,123.84
7990,2023-08-16,957,19,5,407.96,South,2039.8
7991,2024-09-02,894,7,5,226.61,North,1133.0500000000002
7992,2022-04-25,751,47,2,298.43,South,596.86
7993,2022-09-20,293,35,3,472.49,South,1417.47
7994,2022-07-26,182,26,3,82.04,West,246.12
7995,2022-10-30,881,44,4,432.29,North,1729.16
7996,2022-04-22,607,23,5,195.83,South,979.1500000000001
7997,2022-07-04,78,34,2,175.37,East,350.74
7998,2024-06-19,961,7,1,316.51,South,316.51
7999,2022-08-09,654,11,3,450.33,South,1350.99
8000,2024-12-29,105,8,2,180.78,North,361.56
8001,2024-06-16,261,13,4,383.09,South,1532.36
8002,2024-12-29,607,32,4,19.43,North,77.72
8003,2023-09-14,223,41,5,315.32,West,1576.6
8004,2023-03-03,990,34,4,318.97,East,1275.88
8005,2023-10-06,484,18,4,282.47,West,1129.88
8006,2023-07-22,702,15,3,469.53,West,1408.59
8007,2023-03-19,129,43,3,469.91,West,1409.73
8008,2023-08-24,319,24,4,177.61,East,710.44
8009,2023-05-19,707,47,5,233.62,North,1168.1
8010,2022-05-11,509,21,3,398.26,North,1194.78
8011,2022-08-06,20,18,3,423.52,North,1270.56
8012,2023-11-19,811,14,4,214.8,East,859.2
8013,2022-06-20,752,19,5,181.02,East,905.1
8014,2023-09-04,235,13,4,412.1,North,1648.4
8015,2024-09-18,597,16,1,194.67,North,194.67
8016,2022-02-26,606,2,1,208.56,North,208.56
8017,2022-09-03,554,34,5,76.41,South,382.04999999999995
8018,2022-05-24,876,49,1,276.05,South,276.05
8019,2024-12-10,350,26,5,169.96,South,849.8000000000001
8020,2023-01-03,453,22,1,299.4,South,299.4
8021,2022-08-06,586,20,2,229.62,South,459.24
8022,2023-09-08,984,29,3,376.59,South,1129.77
8023,2023-03-18,877,18,4,146.11,North,584.44
8024,2024-04-20,509,29,5,94.28,West,471.4
8025,2024-08-13,627,42,1,354.45,East,354.45
8026,2023-11-30,423,44,2,198.22,South,396.44
8027,2024-05-25,190,27,1,286.17,West,286.17
8028,2024-02-15,944,35,2,471.12,South,942.24
8029,2024-02-01,125,29,4,247.21,West,988.84
8030,2024-08-02,6,6,3,84.67,North,254.01
8031,2024-07-11,458,37,3,219.08,East,657.24
8032,2024-07-23,891,25,2,244.48,South,488.96
8033,2022-01-25,554,21,1,385.33,East,385.33
8034,2024-03-16,570,31,3,105.64,North,316.92
8035,2024-02-03,939,40,1,179.98,South,179.98
8036,2024-12-19,522,50,5,34.51,East,172.54999999999998
8037,2023-03-10,89,16,1,353.97,East,353.97
8038,2024-05-28,846,14,5,374.53,South,1872.6499999999999
8039,2024-12-25,111,6,5,234.02,North,1170.1000000000001
8040,2024-06-28,551,11,3,273.75,East,821.25
8041,2023-07-19,397,27,5,377.41,South,1887.0500000000002
8042,2022-04-16,971,38,1,141.47,South,141.47
8043,2022-04-06,679,5,4,307.41,East,1229.64
8044,2022-06-17,11,15,1,482.32,East,482.32
8045,2022-02-11,622,38,2,332.4,East,664.8
8046,2022-04-14,497,16,2,48.27,South,96.54
8047,2023-06-04,16,18,1,152.23,South,152.23
8048,2022-10-09,33,33,2,264.37,North,528.74
8049,2024-12-02,745,35,4,45.61,West,182.44
8050,2024-08-04,489,24,2,341.52,West,683.04
8051,2024-01-19,188,35,3,330.56,West,991.6800000000001
8052,2024-04-10,736,7,4,439.4,East,1757.6
8053,2022-02-18,571,14,3,255.0,North,765.0
8054,2022-04-25,458,50,3,349.15,West,1047.4499999999998
8055,2023-05-18,51,30,4,99.19,North,396.76
8056,2024-09-12,271,24,3,11.41,North,34.230000000000004
8057,2022-03-12,464,15,2,94.4,West,188.8
8058,2024-10-08,43,13,1,40.49,West,40.49
8059,2022-03-08,539,19,4,219.58,West,878.32
8060,2024-08-24,568,29,1,239.47,East,239.47
8061,2022-06-30,121,22,4,325.79,North,1303.16
8062,2023-09-05,625,2,4,78.98,North,315.92
8063,2023-11-28,316,39,3,115.21,South,345.63
8064,2023-08-26,115,13,1,401.18,East,401.18
8065,2022-09-05,621,36,2,292.5,South,585.0
8066,2022-12-25,992,38,1,24.39,North,24.39
8067,2022-09-06,454,18,4,425.72,West,1702.88
8068,2023-09-30,687,15,2,318.6,South,637.2
8069,2024-08-07,624,35,3,101.45,North,304.35
8070,2023-10-25,612,17,2,133.51,West,267.02
8071,2022-06-25,520,48,2,281.24,South,562.48
8072,2023-12-24,959,13,1,284.79,East,284.79
8073,2023-03-02,985,22,4,404.54,North,1618.16
8074,2024-02-10,647,40,4,185.71,East,742.84
8075,2023-12-04,763,21,4,279.16,East,1116.64
8076,2022-03-22,337,26,5,295.44,North,1477.2
8077,2024-07-15,240,46,3,283.75,East,851.25
8078,2022-05-18,734,4,1,45.72,North,45.72
8079,2023-04-15,386,7,4,211.51,North,846.04
8080,2022-12-16,145,10,2,176.05,West,352.1
8081,2022-11-06,377,15,5,496.46,South,2482.2999999999997
8082,2024-11-09,4,26,3,238.19,North,714.5699999999999
8083,2024-09-28,794,16,4,223.26,South,893.04
8084,2022-09-26,846,40,5,247.01,North,1235.05
8085,2024-10-23,328,34,3,460.45,East,1381.35
8086,2024-02-09,197,17,2,309.61,South,619.22
8087,2022-01-16,389,38,5,200.68,North,1003.4000000000001
8088,2023-08-29,640,16,1,457.16,North,457.16
8089,2024-03-23,261,34,3,465.62,West,1396.8600000000001
8090,2023-04-27,603,29,5,139.51,East,697.55
8091,2024-06-13,837,18,5,202.76,North,1013.8
8092,2022-09-26,771,11,3,483.56,East,1450.68
8093,2023-02-18,934,12,5,275.11,South,1375.5500000000002
8094,2022-01-25,94,37,5,221.56,East,1107.8
8095,2022-11-12,257,2,3,105.75,North,317.25
8096,2023-07-25,136,18,2,198.38,East,396.76
8097,2023-12-26,525,38,1,319.31,West,319.31
8098,2024-10-04,980,33,3,28.96,West,86.88
8099,2023-01-24,710,9,4,50.82,East,203.28
8100,2023-12-23,498,15,5,12.63,West,63.150000000000006
8101,2023-03-20,178,28,1,117.27,East,117.27
8102,2024-09-25,112,8,1,99.67,West,99.67
8103,2024-12-16,264,46,3,426.9,North,1280.6999999999998
8104,2023-11-28,414,36,4,100.77,North,403.08
8105,2024-08-28,369,39,4,333.98,East,1335.92
8106,2023-12-22,936,8,2,68.0,South,136.0
8107,2023-01-03,591,42,4,300.84,North,1203.36
8108,2022-12-08,378,50,3,223.45,South,670.3499999999999
8109,2022-10-31,768,50,1,210.25,North,210.25
8110,2024-02-03,586,19,1,429.72,East,429.72
8111,2024-03-26,383,4,4,92.18,East,368.72
8112,2022-04-22,673,27,5,301.66,East,1508.3000000000002
8113,2024-05-27,511,13,2,412.71,South,825.42
8114,2024-10-26,713,38,4,359.81,South,1439.24
8115,2024-07-18,881,21,3,491.84,South,1475.52
8116,2023-12-04,820,26,2,11.03,East,22.06
8117,2024-04-25,377,45,4,443.34,East,1773.36
8118,2024-08-01,545,23,2,310.59,West,621.18
8119,2022-10-06,73,30,5,11.22,North,56.1
8120,2023-01-17,974,31,3,238.09,East,714.27
8121,2022-01-13,504,31,4,386.04,South,1544.16
8122,2022-10-30,352,16,1,99.45,West,99.45
8123,2022-06-09,805,42,3,342.45,North,1027.35
8124,2022-06-03,710,41,5,78.44,South,392.2
8125,2024-01-24,325,7,5,403.69,East,2018.45
8126,2022-06-30,388,17,1,288.55,West,288.55
8127,2023-01-12,828,24,3,26.6,South,79.80000000000001
8128,2024-02-15,240,20,4,54.53,East,218.12
8129,2022-01-16,976,39,1,433.29,East,433.29
8130,2022-09-10,74,27,4,26.17,South,104.68
8131,2024-12-19,31,2,2,156.29,West,312.58
8132,2022-01-31,479,1,4,287.79,South,1151.16
8133,2024-11-10,14,34,2,114.59,East,229.18
8134,2024-01-01,717,27,4,119.87,South,479.48
8135,2022-10-16,316,37,2,390.26,North,780.52
8136,2023-05-13,68,50,3,152.59,West,457.77
8137,2023-07-02,640,6,5,28.91,North,144.55
8138,2024-08-18,538,38,3,363.35,East,1090.0500000000002
8139,2022-05-12,920,27,1,477.64,North,477.64
8140,2024-05-07,696,48,3,417.65,East,1252.9499999999998
8141,2023-06-05,649,16,3,278.8,East,836.4000000000001
8142,2022-01-30,291,35,5,218.19,West,1090.95
8143,2023-09-19,618,27,3,463.33,South,1389.99
8144,2022-01-04,975,35,1,385.45,East,385.45
8145,2023-05-24,24,36,3,289.62,North,868.86
8146,2022-01-16,415,38,3,441.11,South,1323.33
8147,2024-09-23,851,28,3,304.84,North,914.52
8148,2024-08-13,962,3,3,487.02,North,1461.06
8149,2022-09-20,706,41,5,430.56,North,2152.8
8150,2024-12-24,681,31,5,279.72,East,1398.6000000000001
8151,2022-09-22,36,3,1,462.19,South,462.19
8152,2023-01-13,101,38,1,177.8,East,177.8
8153,2024-08-20,546,24,1,353.45,South,353.45
8154,2023-04-21,889,26,3,93.93,South,281.79
8155,2022-11-25,39,41,4,448.73,South,1794.92
8156,2023-03-14,211,47,3,131.54,West,394.62
8157,2022-01-16,742,28,4,475.03,West,1900.12
8158,2024-05-17,791,9,1,18.33,East,18.33
8159,2023-05-26,592,37,3,344.1,West,1032.3000000000002
8160,2024-09-10,750,27,1,83.53,North,83.53
8161,2023-08-04,172,48,5,387.7,South,1938.5
8162,2022-01-06,838,3,1,251.03,South,251.03
8163,2024-10-15,442,41,3,455.73,West,1367.19
8164,2024-03-17,59,49,5,360.38,North,1801.9
8165,2023-09-11,410,28,5,386.45,North,1932.25
8166,2023-02-09,534,32,4,69.03,North,276.12
8167,2024-09-23,365,35,2,57.31,West,114.62
8168,2023-08-17,367,7,5,426.77,East,2133.85
8169,2023-07-20,344,7,2,120.63,North,241.26
8170,2024-01-22,750,21,1,434.8,East,434.8
8171,2022-01-12,296,32,1,79.84,South,79.84
8172,2022-06-14,341,38,5,161.14,West,805.6999999999999
8173,2024-05-27,606,20,4,465.08,North,1860.32
8174,2022-03-19,756,8,1,421.46,South,421.46
8175,2023-09-06,523,4,2,36.58,West,73.16
8176,2024-05-18,629,26,5,229.57,South,1147.85
8177,2024-03-22,265,15,5,455.84,North,2279.2
8178,2024-12-07,524,6,4,17.23,East,68.92
8179,2024-02-06,666,48,5,62.59,West,312.95000000000005
8180,2022-03-23,38,32,3,326.15,South,978.4499999999999
8181,2022-07-28,131,5,2,61.44,South,122.88
8182,2023-06-06,382,44,3,229.93,East,689.79
8183,2024-11-18,225,46,3,258.83,South,776.49
8184,2024-09-20,143,6,2,431.52,North,863.04
8185,2023-04-10,431,3,5,479.12,East,2395.6
8186,2023-09-20,389,29,5,260.99,North,1304.95
8187,2024-02-20,54,19,3,260.08,North,780.24
8188,2023-07-13,24,10,2,366.13,North,732.26
8189,2024-08-17,395,7,1,104.33,West,104.33
8190,2022-04-01,633,45,2,471.02,South,942.04
8191,2024-12-12,119,1,3,10.59,West,31.77
8192,2024-05-09,673,1,2,10.88,South,21.76
8193,2023-07-10,983,17,2,316.58,East,633.16
8194,2022-06-05,586,22,1,177.33,West,177.33
8195,2022-01-02,185,36,4,205.08,South,820.32
8196,2024-04-04,948,14,4,118.5,North,474.0
8197,2024-03-12,192,6,1,209.82,East,209.82
8198,2024-09-09,939,30,2,415.71,East,831.42
8199,2024-12-17,732,46,3,352.63,North,1057.8899999999999
8200,2023-05-08,487,47,1,56.38,West,56.38
8201,2023-10-31,633,33,4,37.77,South,151.08
8202,2024-11-24,721,20,4,258.03,East,1032.12
8203,2022-03-16,384,16,1,367.78,South,367.78
8204,2024-08-01,812,4,2,335.6,East,671.2
8205,2023-01-06,346,34,5,433.42,North,2167.1
8206,2023-08-10,473,1,3,75.3,North,225.89999999999998
8207,2022-11-25,676,13,5,306.82,West,1534.1
8208,2023-08-13,780,48,3,385.35,East,1156.0500000000002
8209,2024-02-16,952,8,5,469.54,North,2347.7000000000003
8210,2022-10-31,3,22,5,59.43,North,297.15
8211,2023-08-02,50,4,3,127.42,North,382.26
8212,2022-08-09,925,34,3,183.75,South,551.25
8213,2024-09-05,876,45,4,274.97,East,1099.88
8214,2023-01-10,504,37,2,210.22,West,420.44
8215,2022-07-07,984,23,2,431.95,South,863.9
8216,2023-04-19,211,20,4,475.76,West,1903.04
8217,2024-04-23,973,24,5,44.34,North,221.70000000000002
8218,2023-06-15,528,27,3,352.84,West,1058.52
8219,2024-12-06,680,13,1,65.99,West,65.99
8220,2024-12-24,283,5,5,450.0,North,2250.0
8221,2024-08-20,379,16,2,79.63,East,159.26
8222,2023-04-20,326,38,3,495.84,East,1487.52
8223,2024-08-03,298,48,4,219.6,South,878.4
8224,2024-12-25,697,29,5,197.15,West,985.75
8225,2023-06-01,138,26,1,297.28,East,297.28
8226,2023-03-02,125,22,5,203.23,South,1016.15
8227,2022-05-13,934,24,4,125.0,South,500.0
8228,2022-11-10,392,13,1,318.28,East,318.28
8229,2023-08-14,402,43,5,366.9,East,1834.5
8230,2024-10-05,480,21,4,473.21,West,1892.84
8231,2022-06-08,401,1,5,210.47,East,1052.35
8232,2023-10-23,570,4,3,355.83,East,1067.49
8233,2024-01-18,362,3,5,418.47,South,2092.3500000000004
8234,2024-03-11,66,50,4,417.38,East,1669.52
8235,2023-02-14,428,23,2,26.79,North,53.58
8236,2023-11-11,852,16,4,184.29,North,737.16
8237,2022-04-24,714,45,5,16.57,East,82.85
8238,2024-06-15,521,13,3,283.95,West,851.8499999999999
8239,2024-12-14,432,39,2,433.89,West,867.78
8240,2022-03-06,935,31,4,409.31,North,1637.24
8241,2023-11-15,105,24,2,407.51,West,815.02
8242,2022-05-26,89,47,3,182.4,South,547.2
8243,2024-07-31,601,15,1,32.7,North,32.7
8244,2024-10-30,856,5,2,94.48,East,188.96
8245,2024-01-09,6,49,4,338.64,North,1354.56
8246,2022-07-05,158,22,3,75.58,North,226.74
8247,2024-04-14,379,22,4,71.41,East,285.64
8248,2024-03-19,330,11,3,183.3,South,549.9000000000001
8249,2022-06-20,103,24,4,56.32,West,225.28
8250,2022-08-01,223,45,3,171.59,South,514.77
8251,2022-01-27,402,10,5,485.15,East,2425.75
8252,2024-10-10,683,47,4,19.78,North,79.12
8253,2024-12-27,545,34,3,416.97,South,1250.91
8254,2024-02-29,509,11,1,496.87,East,496.87
8255,2023-02-12,693,43,3,223.84,West,671.52
8256,2022-03-15,184,29,1,472.1,South,472.1
8257,2023-08-01,915,22,2,137.96,West,275.92
8258,2023-11-11,87,33,3,491.33,East,1473.99
8259,2024-02-25,581,8,2,432.16,South,864.32
8260,2024-04-28,380,49,2,443.5,East,887.0
8261,2024-05-19,538,32,5,73.9,West,369.5
8262,2022-08-25,413,40,3,436.33,South,1308.99
8263,2023-12-28,920,45,5,471.49,East,2357.45
8264,2023-01-13,518,23,5,411.33,North,2056.65
8265,2023-10-23,768,5,2,54.77,East,109.54
8266,2024-04-09,694,31,4,51.54,North,206.16
8267,2024-06-24,295,29,2,185.23,East,370.46
8268,2023-01-11,260,6,2,355.41,North,710.82
8269,2023-09-11,384,25,1,16.1,West,16.1
8270,2023-10-15,826,25,4,475.82,East,1903.28
8271,2024-10-29,304,31,2,267.47,North,534.94
8272,2022-07-15,316,14,4,185.6,East,742.4
8273,2024-03-17,746,17,1,285.0,West,285.0
8274,2024-06-11,794,16,4,360.74,South,1442.96
8275,2024-12-20,719,28,3,143.91,South,431.73
8276,2024-07-25,77,9,1,152.65,South,152.65
8277,2024-04-26,680,2,4,239.41,South,957.64
8278,2024-03-28,854,4,5,338.27,West,1691.35
8279,2023-07-18,379,20,4,356.12,West,1424.48
8280,2023-09-26,461,41,1,168.79,West,168.79
8281,2023-11-10,56,36,5,168.02,East,840.1
8282,2024-10-14,807,37,4,248.68,West,994.72
8283,2022-01-08,81,6,4,275.54,South,1102.16
8284,2024-12-04,996,1,1,328.21,East,328.21
8285,2022-12-10,679,45,5,312.68,West,1563.4
8286,2024-03-06,176,50,5,192.53,North,962.65
8287,2024-11-16,793,3,4,155.47,West,621.88
8288,2024-04-28,930,37,3,160.88,South,482.64
8289,2022-03-03,383,45,1,326.25,South,326.25
8290,2024-12-21,149,42,1,222.24,South,222.24
8291,2023-02-26,768,3,2,75.83,South,151.66
8292,2023-09-25,281,43,5,12.9,East,64.5
8293,2024-03-02,345,33,5,24.54,South,122.69999999999999
8294,2023-07-05,790,15,2,435.08,South,870.16
8295,2023-08-29,791,4,4,234.34,East,937.36
8296,2023-06-09,409,15,4,332.14,West,1328.56
8297,2024-06-17,718,7,1,465.23,North,465.23
8298,2022-06-12,974,47,4,71.88,East,287.52
8299,2024-02-26,922,4,3,229.33,North,687.99
8300,2024-06-28,1000,3,3,274.14,North,822.42
8301,2024-09-08,30,23,3,422.35,East,1267.0500000000002
8302,2023-01-14,730,14,2,496.92,South,993.84
8303,2022-06-22,422,6,3,358.72,East,1076.16
8304,2024-09-26,982,33,2,324.5,South,649.0
8305,2022-03-05,231,9,1,460.95,East,460.95
8306,2024-09-01,359,12,1,420.32,West,420.32
8307,2022-03-07,162,50,3,433.87,North,1301.6100000000001
8308,2023-04-03,729,35,2,11.33,East,22.66
8309,2023-03-29,228,31,3,262.07,North,786.21
8310,2024-09-05,845,3,4,393.54,East,1574.16
8311,2022-06-27,221,46,2,98.91,West,197.82
8312,2022-10-07,746,36,2,378.21,East,756.42
8313,2022-12-10,73,13,2,14.49,South,28.98
8314,2024-11-06,399,13,2,291.83,East,583.66
8315,2022-10-23,95,34,4,427.15,South,1708.6
8316,2022-07-21,940,21,3,221.36,East,664.08
8317,2024-08-19,475,34,1,372.33,West,372.33
8318,2023-11-15,95,42,5,269.9,North,1349.5
8319,2023-01-10,906,43,5,327.17,East,1635.8500000000001
8320,2022-02-04,755,28,2,263.17,South,526.34
8321,2022-01-29,885,47,2,243.16,West,486.32
8322,2024-02-14,805,35,1,422.4,South,422.4
8323,2022-08-09,775,14,5,55.44,West,277.2
8324,2022-02-22,124,18,2,296.48,East,592.96
8325,2024-03-01,800,19,4,66.26,North,265.04
8326,2022-03-17,500,19,5,285.78,East,1428.8999999999999
8327,2023-05-09,779,33,4,482.16,South,1928.64
8328,2022-04-27,944,35,1,37.98,West,37.98
8329,2022-10-07,621,20,1,216.78,East,216.78
8330,2024-01-16,860,29,5,402.97,West,2014.8500000000001
8331,2024-08-06,964,8,3,191.15,South,573.45
8332,2024-02-03,48,25,5,264.95,West,1324.75
8333,2022-10-22,813,17,4,66.21,East,264.84
8334,2024-10-14,95,1,3,119.31,South,357.93
8335,2024-11-10,477,38,4,346.35,East,1385.4
8336,2024-04-21,33,49,4,416.01,East,1664.04
8337,2024-11-25,118,30,4,326.76,East,1307.04
8338,2023-05-12,644,28,2,420.09,North,840.18
8339,2022-07-25,251,33,3,306.77,West,920.31
8340,2023-03-02,303,13,2,407.0,South,814.0
8341,2022-02-13,122,24,2,491.61,North,983.22
8342,2023-08-28,218,44,4,50.58,North,202.32
8343,2023-03-30,53,37,1,245.03,North,245.03
8344,2023-08-18,126,22,5,103.05,West,515.25
8345,2023-05-22,159,13,1,237.96,East,237.96
8346,2024-03-04,671,40,4,254.8,South,1019.2
8347,2022-01-21,795,12,5,314.74,South,1573.7
8348,2023-09-12,601,41,5,225.26,North,1126.3
8349,2023-02-18,176,49,4,169.11,West,676.44
8350,2024-12-30,292,46,2,31.15,North,62.3
8351,2022-12-03,945,7,5,27.05,North,135.25
8352,2024-06-28,159,36,5,95.75,North,478.75
8353,2022-10-03,491,29,5,230.0,South,1150.0
8354,2024-06-10,761,29,5,214.58,North,1072.9
8355,2022-01-13,357,26,3,103.44,East,310.32
8356,2024-10-23,634,27,2,412.95,North,825.9
8357,2024-09-04,237,24,3,344.91,South,1034.73
8358,2024-08-31,428,31,3,178.15,East,534.45
8359,2022-06-24,125,7,4,400.51,South,1602.04
8360,2022-08-29,315,17,2,494.73,East,989.46
8361,2023-07-01,279,49,1,130.07,North,130.07
8362,2022-01-14,867,33,2,187.67,East,375.34
8363,2023-12-26,836,34,1,496.52,South,496.52
8364,2022-01-03,604,18,5,77.56,East,387.8
8365,2023-11-22,938,41,1,47.82,West,47.82
8366,2024-01-17,105,5,1,265.29,East,265.29
8367,2024-02-08,42,1,1,239.53,East,239.53
8368,2024-05-21,397,7,5,48.36,West,241.8
8369,2023-05-10,641,34,5,152.12,West,760.6
8370,2023-02-21,460,3,3,215.28,South,645.84
8371,2023-09-20,491,36,1,412.88,East,412.88
8372,2024-12-11,565,35,2,356.84,East,713.68
8373,2024-10-17,168,12,4,458.12,North,1832.48
8374,2022-05-22,602,15,3,172.92,West,518.76
8375,2022-02-15,759,4,1,161.6,East,161.6
8376,2024-04-23,174,33,3,236.96,North,710.88
8377,2024-10-05,372,16,1,13.69,East,13.69
8378,2022-01-10,599,29,1,111.59,South,111.59
8379,2023-10-26,881,6,3,113.62,East,340.86
8380,2023-07-27,150,49,1,39.93,East,39.93
8381,2023-10-11,249,37,1,233.01,North,233.01
8382,2024-07-01,627,23,4,453.7,South,1814.8
8383,2023-10-02,180,13,2,11.97,North,23.94
8384,2023-09-08,120,44,5,317.92,North,1589.6000000000001
8385,2023-11-29,28,1,4,440.87,South,1763.48
8386,2024-06-27,821,12,5,62.69,South,313.45
8387,2022-06-27,117,27,5,459.46,East,2297.2999999999997
8388,2024-05-18,703,25,2,411.08,North,822.16
8389,2024-10-26,657,22,4,115.14,North,460.56
8390,2024-05-02,832,34,1,453.62,South,453.62
8391,2022-11-03,262,18,2,403.97,East,807.94
8392,2023-07-02,654,41,1,64.58,South,64.58
8393,2022-11-23,626,16,1,416.99,East,416.99
8394,2023-01-30,896,29,1,275.67,West,275.67
8395,2022-10-27,785,30,1,409.82,East,409.82
8396,2024-01-19,38,30,4,312.66,East,1250.64
8397,2022-10-12,197,20,5,202.01,West,1010.05
8398,2022-11-26,525,47,5,304.56,North,1522.8
8399,2022-02-19,624,22,4,321.73,South,1286.92
8400,2024-02-12,437,42,5,385.44,East,1927.2
8401,2023-01-13,649,34,2,417.03,South,834.06
8402,2024-09-26,684,4,1,334.97,East,334.97
8403,2024-02-13,639,50,1,494.93,North,494.93
8404,2024-12-19,874,31,1,391.49,West,391.49
8405,2024-05-17,410,50,3,456.27,South,1368.81
8406,2022-01-03,333,14,2,166.55,North,333.1
8407,2024-01-18,531,8,3,164.95,East,494.84999999999997
8408,2022-10-02,944,37,4,187.54,North,750.16
8409,2022-08-03,465,5,3,225.46,North,676.38
8410,2022-11-25,720,8,5,481.09,South,2405.45
8411,2022-09-12,158,11,5,46.03,West,230.15
8412,2022-05-06,160,29,2,254.24,East,508.48
8413,2024-02-06,334,21,3,88.97,West,266.90999999999997
8414,2022-08-05,752,39,3,407.34,East,1222.02
8415,2024-04-11,376,13,1,25.26,North,25.26
8416,2022-07-01,79,49,2,233.02,South,466.04
8417,2022-11-30,844,19,1,203.42,South,203.42
8418,2023-05-26,869,3,2,55.17,South,110.34
8419,2023-01-18,843,34,2,194.59,West,389.18
8420,2022-11-28,197,38,3,406.42,West,1219.26
8421,2024-06-18,120,19,1,77.36,North,77.36
8422,2023-10-04,760,32,4,491.92,East,1967.68
8423,2023-09-26,651,47,1,38.64,East,38.64
8424,2023-03-27,226,36,4,151.66,South,606.64
8425,2022-07-15,595,39,5,389.7,South,1948.5
8426,2023-04-03,410,14,2,185.19,South,370.38
8427,2024-04-09,538,7,1,245.37,North,245.37
8428,2022-09-14,640,20,2,101.46,South,202.92
8429,2022-01-09,913,32,1,360.59,East,360.59
8430,2024-01-31,735,46,5,97.98,West,489.90000000000003
8431,2024-08-06,339,31,1,425.88,South,425.88
8432,2024-12-18,556,22,5,274.35,North,1371.75
8433,2024-06-05,596,5,2,278.6,West,557.2
8434,2023-01-28,919,31,3,467.42,East,1402.26
8435,2023-02-03,537,15,4,388.77,West,1555.08
8436,2022-11-27,220,44,2,374.14,West,748.28
8437,2023-04-25,293,17,3,430.44,East,1291.32
8438,2022-05-14,204,37,2,54.99,South,109.98
8439,2024-07-04,880,19,2,365.76,North,731.52
8440,2024-07-23,705,10,1,124.27,East,124.27
8441,2022-12-21,514,44,5,147.66,North,738.3
8442,2023-08-07,202,34,5,17.42,West,87.10000000000001
8443,2023-09-17,866,49,1,447.92,West,447.92
8444,2022-10-17,32,25,1,372.17,West,372.17
8445,2024-04-04,89,37,2,78.25,North,156.5
8446,2023-09-21,202,28,5,170.68,East,853.4000000000001
8447,2024-10-15,951,15,2,245.17,East,490.34
8448,2023-09-24,690,20,3,252.02,West,756.0600000000001
8449,2022-11-23,705,13,3,301.87,North,905.61
8450,2022-07-29,672,20,1,241.37,South,241.37
8451,2023-09-28,293,43,5,327.84,East,1639.1999999999998
8452,2024-05-17,716,31,3,443.1,South,1329.3000000000002
8453,2023-03-04,753,18,5,205.06,West,1025.3
8454,2023-01-28,115,41,5,439.59,West,2197.95
8455,2024-04-05,722,48,4,117.61,West,470.44
8456,2024-07-04,222,28,3,69.48,East,208.44
8457,2022-12-14,909,47,3,127.31,South,381.93
8458,2022-02-19,182,4,2,111.23,East,222.46
8459,2024-07-04,771,24,2,492.69,South,985.38
8460,2024-11-16,469,44,5,196.72,North,983.6
8461,2024-08-25,426,45,1,329.22,East,329.22
8462,2024-03-10,974,9,2,351.07,South,702.14
8463,2024-10-13,552,47,2,228.15,North,456.3
8464,2023-10-11,842,50,5,119.55,South,597.75
8465,2022-10-28,834,32,3,224.67,West,674.01
8466,2022-06-15,60,32,2,242.14,East,484.28
8467,2022-11-12,485,39,1,477.46,North,477.46
8468,2022-01-01,11,21,5,288.63,North,1443.15
8469,2024-10-16,632,44,3,485.24,East,1455.72
8470,2022-03-04,385,42,4,292.59,South,1170.36
8471,2023-04-28,410,39,1,81.05,East,81.05
8472,2022-08-10,42,46,3,198.34,West,595.02
8473,2022-06-01,702,27,5,398.23,South,1991.15
8474,2023-10-06,123,47,4,216.59,East,866.36
8475,2023-09-18,701,36,1,58.87,East,58.87
8476,2022-08-05,252,8,2,57.08,East,114.16
8477,2022-07-15,973,19,2,126.16,South,252.32
8478,2024-09-21,604,29,1,286.74,South,286.74
8479,2024-10-11,484,19,2,416.78,West,833.56
8480,2023-10-09,213,5,5,271.52,West,1357.6
8481,2023-12-09,830,22,1,375.58,West,375.58
8482,2024-12-16,714,35,1,326.34,South,326.34
8483,2023-12-23,268,10,2,266.81,North,533.62
8484,2023-10-02,667,15,1,115.26,North,115.26
8485,2022-04-16,707,2,4,442.75,South,1771.0
8486,2022-06-14,540,42,1,145.1,South,145.1
8487,2022-08-03,706,22,2,133.88,West,267.76
8488,2024-12-30,924,48,2,136.32,North,272.64
8489,2022-03-31,735,35,2,56.89,East,113.78
8490,2024-05-23,619,39,2,254.34,East,508.68
8491,2023-08-31,661,19,5,170.49,South,852.45
8492,2022-12-15,135,47,2,265.75,East,531.5
8493,2024-06-12,498,12,4,232.03,South,928.12
8494,2022-09-03,607,34,1,264.7,North,264.7
8495,2022-09-29,782,45,3,155.85,South,467.54999999999995
8496,2023-02-07,935,20,3,409.42,North,1228.26
8497,2024-11-05,886,7,5,271.75,East,1358.75
8498,2024-08-18,126,24,3,112.13,South,336.39
8499,2024-06-16,359,3,2,451.88,South,903.76
8500,2024-12-15,503,6,3,63.63,West,190.89000000000001
8501,2022-10-11,841,33,4,369.38,South,1477.52
8502,2023-06-01,983,34,2,342.44,North,684.88
8503,2023-09-10,318,33,3,45.7,East,137.10000000000002
8504,2023-09-04,12,29,2,451.74,South,903.48
8505,2024-01-20,477,23,5,164.99,East,824.95
8506,2023-02-04,294,4,4,373.04,North,1492.16
8507,2022-03-27,954,5,1,145.73,East,145.73
8508,2022-11-16,440,34,2,267.59,South,535.18
8509,2024-11-21,807,16,4,486.44,South,1945.76
8510,2022-12-02,854,40,5,309.28,North,1546.3999999999999
8511,2022-02-20,516,47,5,155.2,East,776.0
8512,2022-06-23,816,43,4,234.6,South,938.4
8513,2023-05-16,391,42,3,341.26,North,1023.78
8514,2022-03-17,316,3,4,228.14,East,912.56
8515,2022-11-12,680,43,3,456.27,South,1368.81
8516,2023-11-28,8,49,3,435.06,North,1305.18
8517,2024-10-06,508,42,4,81.94,West,327.76
8518,2024-01-02,124,49,5,394.62,North,1973.1
8519,2024-12-30,372,14,1,471.78,North,471.78
8520,2024-08-26,314,33,1,165.29,North,165.29
8521,2024-05-03,185,28,4,126.73,North,506.92
8522,2023-10-28,547,41,2,14.7,East,29.4
8523,2023-10-14,585,15,4,66.67,West,266.68
8524,2024-12-30,883,4,1,480.85,South,480.85
8525,2022-02-15,525,20,4,201.65,East,806.6
8526,2024-12-06,39,25,5,199.8,North,999.0
8527,2022-05-29,84,35,1,140.67,South,140.67
8528,2024-06-28,21,39,1,90.39,North,90.39
8529,2023-04-01,253,22,1,259.31,West,259.31
8530,2024-05-26,303,35,5,364.36,North,1821.8000000000002
8531,2024-08-23,979,47,1,279.89,South,279.89
8532,2024-05-18,258,28,2,27.37,East,54.74
8533,2024-07-17,812,10,1,403.7,West,403.7
8534,2024-10-20,1000,16,4,466.48,West,1865.92
8535,2024-09-27,542,49,2,225.78,South,451.56
8536,2024-02-13,983,23,3,189.57,West,568.71
8537,2022-09-01,640,19,1,122.63,East,122.63
8538,2023-04-19,823,1,3,157.92,West,473.76
8539,2023-01-17,552,1,3,325.78,West,977.3399999999999
8540,2023-05-04,461,46,5,387.37,North,1936.85
8541,2024-11-26,609,26,4,172.79,North,691.16
8542,2023-02-01,224,34,4,176.44,East,705.76
8543,2022-10-23,92,2,3,231.04,North,693.12
8544,2022-04-17,280,28,5,93.4,West,467.0
8545,2024-05-09,170,20,2,464.33,East,928.66
8546,2024-08-11,796,42,1,355.67,East,355.67
8547,2023-06-14,734,47,2,222.46,South,444.92
8548,2024-07-22,629,27,1,69.91,North,69.91
8549,2022-10-15,248,28,3,425.92,South,1277.76
8550,2023-12-07,361,31,5,247.02,South,1235.1000000000001
8551,2022-08-03,349,47,5,400.47,North,2002.3500000000001
8552,2024-01-02,866,7,4,26.36,South,105.44
8553,2022-12-10,435,8,4,144.09,West,576.36
8554,2022-07-13,406,32,2,314.83,North,629.66
8555,2022-06-07,601,11,4,249.08,North,996.32
8556,2023-04-10,78,48,1,154.59,South,154.59
8557,2022-04-14,458,26,5,108.55,North,542.75
8558,2022-02-03,586,25,5,157.89,North,789.4499999999999
8559,2023-10-01,392,7,3,373.75,North,1121.25
8560,2022-11-21,14,20,3,100.02,West,300.06
8561,2023-11-22,45,41,2,300.97,North,601.94
8562,2023-08-15,38,30,3,217.6,South,652.8
8563,2022-05-21,416,1,1,383.89,East,383.89
8564,2023-04-19,245,18,4,108.79,South,435.16
8565,2024-11-20,62,8,4,142.34,West,569.36
8566,2024-06-02,493,29,2,205.36,East,410.72
8567,2022-03-04,608,40,4,91.62,East,366.48
8568,2022-10-31,323,22,5,235.99,East,1179.95
8569,2024-12-20,252,32,4,213.86,West,855.44
8570,2023-01-31,468,40,3,495.14,North,1485.42
8571,2022-11-30,61,14,5,300.99,East,1504.95
8572,2024-02-25,781,2,3,44.04,West,132.12
8573,2023-02-15,119,35,3,235.37,North,706.11
8574,2022-10-11,87,7,2,440.47,West,880.94
8575,2023-04-11,595,3,2,434.72,West,869.44
8576,2022-03-21,80,15,5,481.28,West,2406.3999999999996
8577,2024-02-23,228,43,4,448.17,North,1792.68
8578,2024-01-03,483,34,1,96.39,North,96.39
8579,2022-03-18,815,22,4,11.75,South,47.0
8580,2023-05-24,623,18,5,311.96,East,1559.8
8581,2024-10-29,882,46,1,354.2,South,354.2
8582,2023-04-07,310,18,3,74.29,West,222.87
8583,2022-09-02,583,34,3,91.75,North,275.25
8584,2022-05-02,948,36,1,481.91,South,481.91
8585,2022-07-04,485,46,3,472.48,North,1417.44
8586,2022-02-01,840,39,4,86.92,South,347.68
8587,2024-09-24,25,47,2,131.03,North,262.06
8588,2024-02-01,791,38,4,447.14,North,1788.56
8589,2023-07-23,202,37,3,223.15,South,669.45
8590,2022-11-06,926,18,2,401.06,North,802.12
8591,2024-04-09,225,43,4,204.03,West,816.12
8592,2024-09-18,779,40,3,370.83,East,1112.49
8593,2024-12-15,510,29,4,204.44,South,817.76
8594,2024-03-01,931,12,3,450.6,West,1351.8000000000002
8595,2023-04-09,795,18,5,169.53,South,847.65
8596,2023-11-09,629,31,1,266.33,North,266.33
8597,2024-09-05,579,15,3,265.66,South,796.98
8598,2023-11-01,559,40,4,327.95,East,1311.8
8599,2023-11-29,753,30,3,160.28,South,480.84000000000003
8600,2024-09-20,690,36,3,324.9,West,974.6999999999999
8601,2022-03-19,520,28,4,79.11,West,316.44
8602,2023-06-18,183,15,4,447.87,East,1791.48
8603,2022-04-18,77,43,2,80.65,South,161.3
8604,2024-02-03,426,33,3,421.74,East,1265.22
8605,2022-01-15,67,2,5,349.64,South,1748.1999999999998
8606,2023-01-05,660,8,1,177.12,East,177.12
8607,2022-07-24,494,48,3,170.44,North,511.32
8608,2024-05-14,685,33,4,483.36,South,1933.44
8609,2023-03-17,547,35,2,105.54,South,211.08
8610,2024-05-08,77,18,3,364.25,East,1092.75
8611,2022-08-15,916,26,5,100.0,West,500.0
8612,2023-06-12,792,48,4,453.64,South,1814.56
8613,2022-12-20,697,21,5,373.55,East,1867.75
8614,2023-09-15,55,28,5,467.03,West,2335.1499999999996
8615,2024-10-21,905,20,1,440.76,North,440.76
8616,2024-07-15,606,45,1,279.25,West,279.25
8617,2022-06-10,473,20,3,84.59,West,253.77
8618,2024-05-20,656,4,1,118.52,West,118.52
8619,2023-03-20,247,36,3,108.89,West,326.67
8620,2023-04-08,439,34,3,118.11,East,354.33
8621,2024-11-19,712,45,4,243.44,South,973.76
8622,2023-04-18,748,13,4,435.22,North,1740.88
8623,2023-07-11,314,31,2,21.33,West,42.66
8624,2022-03-21,320,39,1,126.86,East,126.86
8625,2024-11-28,220,7,2,302.43,West,604.86
8626,2022-08-28,844,17,5,434.01,East,2170.05
8627,2023-07-11,371,42,3,155.77,North,467.31000000000006
8628,2023-08-13,216,12,3,197.44,West,592.3199999999999
8629,2022-09-26,49,30,4,192.98,South,771.92
8630,2022-12-01,797,48,5,153.91,South,769.55
8631,2022-11-08,463,34,3,352.39,West,1057.17
8632,2024-12-12,118,22,3,331.35,West,994.0500000000001
8633,2024-12-27,82,21,5,423.2,South,2116.0
8634,2023-11-25,263,9,5,459.61,North,2298.05
8635,2022-02-03,589,12,3,451.23,West,1353.69
8636,2023-01-21,723,17,5,274.68,West,1373.4
8637,2022-09-06,496,16,1,100.99,East,100.99
8638,2024-12-06,634,5,5,118.86,West,594.3
8639,2024-03-04,837,19,2,299.22,West,598.44
8640,2024-05-01,602,28,2,460.02,North,920.04
8641,2024-05-23,770,17,3,269.91,East,809.73
8642,2023-01-11,673,22,3,468.51,North,1405.53
8643,2023-12-25,176,35,4,138.5,West,554.0
8644,2022-07-21,805,49,5,52.31,West,261.55
8645,2023-03-21,89,15,2,400.18,East,800.36
8646,2022-10-24,639,19,4,440.9,East,1763.6
8647,2023-05-08,985,47,3,229.56,North,688.6800000000001
8648,2022-12-04,359,50,1,60.2,West,60.2
8649,2024-07-11,286,26,5,30.74,West,153.7
8650,2024-12-25,297,44,4,40.65,North,162.6
8651,2024-03-02,260,44,1,225.17,North,225.17
8652,2024-08-19,851,35,3,125.06,East,375.18
8653,2022-11-13,475,43,2,236.34,West,472.68
8654,2024-07-30,756,23,4,249.36,West,997.44
8655,2023-09-18,623,10,4,234.47,North,937.88
8656,2022-03-16,935,22,3,313.76,West,941.28
8657,2024-07-27,536,47,3,342.91,West,1028.73
8658,2022-02-28,562,11,2,204.01,East,408.02
8659,2023-01-21,37,26,2,175.15,West,350.3
8660,2022-01-15,181,1,2,190.52,East,381.04
8661,2022-07-18,765,36,1,44.39,West,44.39
8662,2022-02-04,25,21,1,167.6,West,167.6
8663,2022-06-11,349,8,3,107.96,West,323.88
8664,2024-09-08,637,20,4,152.51,North,610.04
8665,2024-03-09,543,45,1,360.05,West,360.05
8666,2024-06-13,749,17,3,494.38,West,1483.1399999999999
8667,2023-04-16,227,15,1,462.54,South,462.54
8668,2023-06-15,348,21,2,412.6,South,825.2
8669,2024-03-02,38,1,3,371.23,East,1113.69
8670,2024-05-01,383,3,2,473.02,West,946.04
8671,2022-12-14,570,31,5,378.5,East,1892.5
8672,2023-11-25,236,31,4,240.77,South,963.08
8673,2024-07-23,181,21,2,304.67,East,609.34
8674,2024-07-01,114,23,4,159.83,West,639.32
8675,2022-05-27,306,17,3,11.62,South,34.86
8676,2023-11-06,132,22,5,183.27,West,916.35
8677,2023-11-18,348,22,4,208.37,East,833.48
8678,2024-08-17,180,36,1,369.22,East,369.22
8679,2023-11-17,415,8,3,431.02,North,1293.06
8680,2022-05-01,983,47,5,481.7,South,2408.5
8681,2023-02-23,590,8,1,182.38,East,182.38
8682,2022-12-16,732,14,1,479.12,South,479.12
8683,2022-02-11,654,38,5,401.7,North,2008.5
8684,2022-01-29,385,24,2,25.11,South,50.22
8685,2024-08-23,512,22,5,301.68,East,1508.4
8686,2024-02-24,43,15,5,189.16,South,945.8
8687,2022-01-14,480,20,5,26.67,North,133.35000000000002
8688,2024-07-08,118,27,4,270.44,South,1081.76
8689,2024-03-28,571,28,2,296.56,South,593.12
8690,2024-04-04,61,22,3,133.59,South,400.77
8691,2024-05-21,553,31,1,470.54,South,470.54
8692,2022-10-22,786,9,4,309.12,East,1236.48
8693,2024-05-13,188,23,2,96.22,West,192.44
8694,2023-07-02,453,5,5,363.42,South,1817.1000000000001
8695,2024-11-26,847,45,4,254.58,North,1018.32
8696,2024-10-04,187,39,4,241.88,South,967.52
8697,2024-11-03,938,17,1,418.92,North,418.92
8698,2023-09-27,464,40,3,77.71,West,233.13
8699,2023-08-18,740,5,2,250.58,North,501.16
8700,2023-09-06,164,7,2,392.57,West,785.14
8701,2024-11-11,424,8,2,333.59,North,667.18
8702,2023-04-10,798,7,5,12.65,North,63.25
8703,2024-08-12,102,22,5,395.85,East,1979.25
8704,2024-07-18,983,44,4,472.89,West,1891.56
8705,2024-03-09,267,38,3,355.29,South,1065.8700000000001
8706,2023-01-30,636,21,1,439.19,South,439.19
8707,2022-09-03,153,4,1,186.8,East,186.8
8708,2023-07-22,429,32,3,181.8,South,545.4000000000001
8709,2022-02-07,691,29,2,167.22,East,334.44
8710,2022-09-02,427,30,3,370.14,North,1110.42
8711,2022-01-21,578,3,1,471.61,South,471.61
8712,2023-01-29,611,5,5,443.85,West,2219.25
8713,2024-09-13,943,19,3,83.6,North,250.79999999999998
8714,2022-01-08,536,8,4,316.79,West,1267.16
8715,2022-11-24,333,37,5,498.02,West,2490.1
8716,2022-10-17,761,31,4,154.73,South,618.92
8717,2023-05-26,677,27,4,321.04,South,1284.16
8718,2024-06-30,896,13,3,454.25,South,1362.75
8719,2022-12-27,440,42,4,450.78,North,1803.12
8720,2023-12-17,606,6,2,167.52,West,335.04
8721,2022-08-07,971,1,3,56.02,East,168.06
8722,2023-02-10,855,30,1,326.54,North,326.54
8723,2024-01-23,124,11,2,474.01,East,948.02
8724,2024-07-11,302,41,5,258.91,South,1294.5500000000002
8725,2024-04-11,668,31,3,234.28,West,702.84
8726,2024-03-04,349,16,1,433.33,South,433.33
8727,2023-08-18,249,15,1,218.05,South,218.05
8728,2022-04-17,948,5,3,343.66,South,1030.98
8729,2023-08-04,271,15,2,200.43,North,400.86
8730,2023-09-01,429,1,1,194.8,East,194.8
8731,2022-01-08,570,15,3,102.03,East,306.09000000000003
8732,2024-03-16,707,36,3,53.34,East,160.02
8733,2022-07-08,713,48,4,443.73,South,1774.92
8734,2022-03-22,584,39,3,98.8,North,296.4
8735,2022-04-18,247,8,1,40.49,South,40.49
8736,2023-11-17,481,22,4,295.33,East,1181.32
8737,2022-12-12,98,27,1,277.54,West,277.54
8738,2022-11-24,329,34,2,288.2,North,576.4
8739,2023-07-09,593,30,2,239.37,West,478.74
8740,2022-10-29,425,12,1,79.55,North,79.55
8741,2022-07-19,577,2,5,20.25,West,101.25
8742,2024-06-11,424,46,5,32.74,South,163.70000000000002
8743,2024-11-28,5,38,5,472.14,North,2360.7
8744,2022-11-03,990,22,1,270.61,North,270.61
8745,2024-10-24,459,17,3,205.86,North,617.58
8746,2023-04-13,796,35,4,211.31,West,845.24
8747,2022-06-28,806,42,3,329.58,South,988.74
8748,2023-10-07,593,45,1,194.56,South,194.56
8749,2022-10-03,498,23,3,400.26,North,1200.78
8750,2023-09-13,87,29,2,137.37,South,274.74
8751,2023-09-30,402,29,4,189.96,West,759.84
8752,2024-07-18,293,50,1,468.15,West,468.15
8753,2022-07-02,923,19,4,137.54,North,550.16
8754,2022-03-13,281,17,5,334.18,East,1670.9
8755,2023-12-20,197,8,5,188.64,East,943.1999999999999
8756,2023-12-27,764,50,2,240.89,North,481.78
8757,2022-09-26,83,7,1,32.14,West,32.14
8758,2024-11-09,27,11,5,91.94,East,459.7
8759,2023-08-01,845,3,4,59.94,East,239.76
8760,2024-09-21,694,2,4,423.91,East,1695.64
8761,2024-03-25,135,19,2,481.23,North,962.46
8762,2022-05-27,90,28,5,43.31,West,216.55
8763,2024-06-08,206,28,3,47.65,South,142.95
8764,2022-11-06,27,25,5,280.56,North,1402.8
8765,2023-06-02,378,11,2,256.98,North,513.96
8766,2022-01-14,571,40,5,328.78,West,1643.8999999999999
8767,2022-05-12,584,43,1,371.03,West,371.03
8768,2024-01-25,415,2,2,400.64,South,801.28
8769,2023-03-15,227,12,3,83.05,North,249.14999999999998
8770,2024-01-13,603,41,4,28.54,North,114.16
8771,2024-01-10,68,38,5,445.69,North,2228.45
8772,2024-03-05,362,12,4,240.08,East,960.32
8773,2022-09-20,260,50,2,485.91,West,971.82
8774,2023-10-05,658,25,4,271.06,North,1084.24
8775,2022-09-15,63,37,1,259.91,North,259.91
8776,2023-02-13,855,31,2,315.26,South,630.52
8777,2024-09-01,992,17,2,93.37,East,186.74
8778,2024-11-13,972,48,5,134.48,East,672.4
8779,2022-09-28,692,12,2,453.85,North,907.7
8780,2022-05-22,980,30,1,114.04,East,114.04
8781,2024-06-20,623,2,5,124.16,East,620.8
8782,2024-08-31,703,16,1,259.89,South,259.89
8783,2022-10-01,941,1,3,324.16,South,972.48
8784,2022-10-03,908,34,5,10.44,East,52.199999999999996
8785,2023-04-10,392,45,2,233.82,South,467.64
8786,2024-11-28,246,48,2,205.52,North,411.04
8787,2022-10-15,278,1,2,434.15,South,868.3
8788,2024-05-25,347,36,3,421.45,West,1264.35
8789,2024-05-27,937,3,1,453.9,North,453.9
8790,2022-06-29,372,34,2,422.6,South,845.2
8791,2023-03-23,809,12,4,395.49,East,1581.96
8792,2024-02-24,849,45,2,430.91,North,861.82
8793,2023-07-15,123,27,5,95.66,South,478.29999999999995
8794,2023-04-29,57,50,5,177.02,West,885.1
8795,2024-04-28,160,37,4,344.97,South,1379.88
8796,2023-12-23,127,25,3,462.33,North,1386.99
8797,2022-04-26,737,12,5,336.79,South,1683.95
8798,2023-06-19,607,33,3,111.89,West,335.67
8799,2023-02-11,311,9,3,472.89,West,1418.67
8800,2023-11-25,518,1,4,382.57,East,1530.28
8801,2023-05-10,935,50,5,361.11,North,1805.5500000000002
8802,2024-08-05,265,23,2,383.63,West,767.26
8803,2022-01-23,746,28,3,332.98,West,998.94
8804,2023-07-12,288,3,3,20.84,West,62.519999999999996
8805,2024-07-29,420,38,5,134.27,East,671.35
8806,2024-05-04,896,36,5,478.72,North,2393.6000000000004
8807,2024-11-04,528,44,4,151.42,West,605.68
8808,2024-06-09,140,44,1,388.1,North,388.1
8809,2022-03-19,809,5,1,218.0,West,218.0
8810,2024-03-17,707,29,1,454.69,West,454.69
8811,2024-11-07,698,13,3,283.26,North,849.78
8812,2024-02-07,987,44,4,319.62,North,1278.48
8813,2023-03-30,475,4,1,127.42,East,127.42
8814,2024-07-16,905,6,5,38.19,East,190.95
8815,2022-10-04,637,38,3,380.71,North,1142.1299999999999
8816,2024-11-16,529,6,3,43.15,North,129.45
8817,2023-05-29,878,11,5,363.68,East,1818.4
8818,2023-04-09,389,27,4,282.19,North,1128.76
8819,2024-03-17,511,46,4,411.81,North,1647.24
8820,2024-04-03,538,35,1,110.83,East,110.83
8821,2022-12-29,213,40,5,275.35,East,1376.75
8822,2024-01-21,897,4,2,310.94,East,621.88
8823,2023-06-09,513,27,4,46.41,West,185.64
8824,2022-02-25,803,16,1,372.08,South,372.08
8825,2023-05-04,265,18,3,200.62,West,601.86
8826,2024-11-17,343,7,4,73.17,North,292.68
8827,2023-12-23,38,11,2,199.66,East,399.32
8828,2022-02-10,233,8,3,58.17,West,174.51
8829,2024-09-30,260,6,3,445.12,West,1335.3600000000001
8830,2022-09-17,308,48,5,233.81,North,1169.05
8831,2023-03-17,403,5,5,77.63,West,388.15
8832,2024-07-14,997,6,4,133.53,South,534.12
8833,2024-05-05,261,38,2,365.08,East,730.16
8834,2022-03-25,476,2,5,395.18,East,1975.9
8835,2022-02-15,750,31,1,30.25,North,30.25
8836,2023-03-16,106,39,3,39.34,North,118.02000000000001
8837,2024-09-12,247,32,1,459.42,East,459.42
8838,2022-05-16,304,9,3,172.18,East,516.54
8839,2024-06-27,343,15,1,104.73,West,104.73
8840,2024-05-10,447,21,3,70.3,North,210.89999999999998
8841,2024-02-27,38,46,5,243.22,North,1216.1
8842,2023-08-13,820,28,1,387.82,East,387.82
8843,2024-08-13,855,45,4,265.35,South,1061.4
8844,2023-11-21,46,27,4,20.13,North,80.52
8845,2023-06-23,722,5,2,247.11,North,494.22
8846,2023-12-09,605,17,2,162.71,North,325.42
8847,2022-10-22,220,37,2,344.6,East,689.2
8848,2022-02-22,256,24,1,266.52,West,266.52
8849,2024-03-16,137,31,3,483.02,East,1449.06
8850,2022-02-21,231,35,2,303.1,East,606.2
8851,2023-12-29,818,41,5,319.92,North,1599.6000000000001
8852,2022-03-13,714,41,4,264.91,North,1059.64
8853,2022-01-28,578,4,4,162.39,South,649.56
8854,2023-04-14,973,20,5,319.0,East,1595.0
8855,2024-02-03,38,43,4,173.13,West,692.52
8856,2024-06-04,155,17,1,361.5,West,361.5
8857,2024-06-30,503,46,5,126.05,East,630.25
8858,2023-07-01,105,10,1,190.15,North,190.15
8859,2022-07-20,255,37,4,295.99,North,1183.96
8860,2024-03-30,404,21,5,317.96,South,1589.8
8861,2023-07-14,488,21,5,337.62,West,1688.1
8862,2023-01-14,958,49,5,353.16,North,1765.8000000000002
8863,2024-12-11,458,16,4,165.97,North,663.88
8864,2022-03-20,528,33,4,447.36,North,1789.44
8865,2024-04-13,591,10,4,24.67,South,98.68
8866,2024-10-28,525,44,2,102.33,West,204.66
8867,2022-01-25,370,18,2,44.37,South,88.74
8868,2023-03-26,102,33,3,339.05,South,1017.1500000000001
8869,2024-02-07,916,29,5,144.1,South,720.5
8870,2024-01-25,664,31,4,107.59,South,430.36
8871,2022-07-17,690,24,5,245.53,East,1227.65
8872,2023-03-13,903,12,1,313.33,North,313.33
8873,2023-11-21,599,20,1,313.43,South,313.43
8874,2023-08-10,600,6,4,283.15,West,1132.6
8875,2022-04-14,541,8,2,496.07,South,992.14
8876,2023-09-19,512,14,3,431.51,South,1294.53
8877,2024-11-28,389,5,2,127.04,West,254.08
8878,2023-04-03,363,36,5,381.77,South,1908.85
8879,2022-12-30,931,48,2,288.96,North,577.92
8880,2022-05-15,833,38,4,44.55,West,178.2
8881,2023-01-09,612,3,2,34.29,North,68.58
8882,2022-02-08,115,36,1,401.81,West,401.81
8883,2024-03-29,722,22,4,277.05,East,1108.2
8884,2022-02-16,966,8,4,289.95,North,1159.8
8885,2022-02-05,343,14,4,174.77,South,699.08
8886,2022-04-05,74,7,2,465.87,South,931.74
8887,2024-09-11,135,4,1,359.54,South,359.54
8888,2023-01-03,940,19,2,464.61,West,929.22
8889,2022-03-06,968,43,5,58.64,South,293.2
8890,2024-01-24,781,47,3,296.03,North,888.0899999999999
8891,2024-03-26,862,24,3,322.39,North,967.17
8892,2024-01-26,978,16,3,71.74,East,215.21999999999997
8893,2022-06-30,590,6,5,179.67,West,898.3499999999999
8894,2023-08-20,971,44,5,115.25,North,576.25
8895,2024-02-26,380,8,5,492.38,South,2461.9
8896,2023-09-19,490,25,1,276.27,South,276.27
8897,2023-09-08,125,32,4,164.48,North,657.92
8898,2022-04-22,38,25,5,335.6,East,1678.0
8899,2023-03-29,781,10,3,333.18,East,999.54
8900,2024-01-26,310,43,3,180.19,North,540.5699999999999
8901,2023-08-07,106,41,2,497.02,North,994.04
8902,2022-05-19,556,17,4,406.39,West,1625.56
8903,2022-08-19,225,46,5,206.16,West,1030.8
8904,2024-09-10,242,3,4,333.43,North,1333.72
8905,2022-09-10,397,9,5,358.16,South,1790.8000000000002
8906,2023-07-15,153,18,3,95.17,North,285.51
8907,2022-03-13,536,49,4,440.3,West,1761.2
8908,2022-08-10,636,30,4,414.76,North,1659.04
8909,2022-03-03,797,5,5,380.28,East,1901.3999999999999
8910,2024-03-16,996,32,5,119.11,West,595.55
8911,2022-05-05,966,27,4,76.76,East,307.04
8912,2024-01-11,402,21,5,98.47,West,492.35
8913,2022-06-10,860,24,4,55.58,West,222.32
8914,2023-06-25,773,38,2,470.74,West,941.48
8915,2023-09-18,146,3,4,427.23,South,1708.92
8916,2022-04-16,191,16,1,54.48,West,54.48
8917,2024-02-15,893,15,4,342.21,East,1368.84
8918,2022-01-02,677,25,2,130.34,West,260.68
8919,2022-08-21,583,8,2,18.46,East,36.92
8920,2023-01-04,951,41,3,153.27,North,459.81000000000006
8921,2024-08-03,201,4,3,225.61,East,676.83
8922,2022-06-29,867,32,1,19.82,East,19.82
8923,2022-10-20,12,45,5,168.62,East,843.1
8924,2023-08-07,52,35,5,353.17,West,1765.8500000000001
8925,2024-03-05,953,30,2,121.93,East,243.86
8926,2022-06-24,768,39,2,247.6,East,495.2
8927,2022-05-03,302,48,3,444.91,East,1334.73
8928,2022-08-15,872,49,2,23.91,East,47.82
8929,2023-03-20,300,30,4,394.96,East,1579.84
8930,2023-03-04,999,17,4,198.11,South,792.44
8931,2024-02-04,920,19,1,275.16,North,275.16
8932,2023-09-24,521,31,4,123.13,East,492.52
8933,2022-03-06,140,17,1,293.68,North,293.68
8934,2023-03-04,100,2,3,368.04,West,1104.1200000000001
8935,2023-09-10,485,37,4,108.75,East,435.0
8936,2024-07-13,137,48,1,178.2,West,178.2
8937,2024-03-22,871,29,5,288.02,South,1440.1
8938,2022-04-17,366,30,1,214.22,West,214.22
8939,2023-10-21,884,43,4,153.64,West,614.56
8940,2022-09-22,534,22,1,231.33,West,231.33
8941,2022-06-04,507,38,3,152.51,East,457.53
8942,2024-11-02,657,11,2,157.92,West,315.84
8943,2024-06-14,161,33,5,309.21,South,1546.05
8944,2024-09-19,761,19,3,243.76,East,731.28
8945,2022-09-02,175,3,5,341.77,East,1708.85
8946,2023-01-21,88,40,5,420.35,North,2101.75
8947,2024-01-29,399,22,1,472.05,West,472.05
8948,2023-02-18,989,18,2,84.16,West,168.32
8949,2023-12-16,480,45,1,316.83,East,316.83
8950,2024-01-29,545,30,1,295.38,East,295.38
8951,2024-01-17,477,1,4,434.8,West,1739.2
8952,2023-08-16,783,20,1,448.99,South,448.99
8953,2024-04-18,283,49,2,382.65,North,765.3
8954,2022-01-16,738,5,3,301.78,West,905.3399999999999
8955,2024-09-19,957,12,1,107.64,East,107.64
8956,2024-12-04,452,11,2,145.55,North,291.1
8957,2023-10-13,624,24,1,305.36,North,305.36
8958,2022-05-28,82,18,5,78.28,West,391.4
8959,2022-12-21,213,8,1,100.14,East,100.14
8960,2023-12-04,816,29,4,456.6,East,1826.4
8961,2023-09-05,520,22,5,478.59,East,2392.95
8962,2022-04-15,134,45,2,12.57,West,25.14
8963,2023-01-31,447,2,1,432.62,East,432.62
8964,2023-08-29,118,23,5,469.63,West,2348.15
8965,2024-04-30,596,16,5,267.61,East,1338.0500000000002
8966,2023-03-18,770,44,3,229.96,North,689.88
8967,2024-05-22,243,8,5,460.21,South,2301.0499999999997
8968,2023-10-29,749,4,2,13.69,North,27.38
8969,2024-11-17,150,14,1,421.84,East,421.84
8970,2024-03-04,886,9,5,155.32,North,776.5999999999999
8971,2023-04-20,533,11,2,324.17,South,648.34
8972,2023-09-20,646,48,3,168.37,North,505.11
8973,2023-05-17,379,38,1,266.24,East,266.24
8974,2022-12-14,608,44,4,406.08,East,1624.32
8975,2024-10-14,966,16,5,98.82,West,494.09999999999997
8976,2023-07-24,525,13,5,335.32,East,1676.6
8977,2023-11-26,513,36,3,450.19,South,1350.57
8978,2022-01-26,662,44,2,451.52,West,903.04
8979,2022-08-05,117,36,3,448.12,East,1344.3600000000001
8980,2024-04-16,664,17,2,264.05,East,528.1
8981,2024-02-13,576,14,1,386.17,East,386.17
8982,2024-11-12,937,29,5,228.96,East,1144.8
8983,2023-11-01,990,17,4,235.48,North,941.92
8984,2023-12-19,662,1,3,149.09,West,447.27
8985,2022-11-06,317,20,4,149.76,West,599.04
8986,2023-08-22,876,33,4,28.53,East,114.12
8987,2022-09-24,12,2,5,270.42,North,1352.1000000000001
8988,2023-10-08,90,17,5,161.29,South,806.4499999999999
8989,2024-10-19,388,23,4,101.97,North,407.88
8990,2023-03-26,83,22,1,69.64,North,69.64
8991,2023-07-19,976,1,4,180.03,North,720.12
8992,2024-11-25,762,12,2,450.52,West,901.04
8993,2022-01-28,896,13,2,263.04,North,526.08
8994,2022-08-08,396,14,2,282.9,North,565.8
8995,2023-02-10,545,10,2,36.62,North,73.24
8996,2022-09-28,661,12,3,264.72,South,794.1600000000001
8997,2024-03-02,640,22,1,337.13,West,337.13
8998,2024-08-20,100,18,3,83.85,East,251.54999999999998
8999,2024-04-13,457,39,3,491.94,West,1475.82
9000,2022-11-13,999,19,2,458.41,South,916.82
9001,2022-12-04,874,30,1,496.62,North,496.62
9002,2022-12-17,328,15,1,186.56,North,186.56
9003,2023-05-26,724,39,4,412.93,North,1651.72
9004,2023-06-09,74,14,3,171.08,South,513.24
9005,2023-05-07,96,9,1,377.07,North,377.07
9006,2022-01-09,92,5,5,474.44,South,2372.2
9007,2023-07-15,330,33,3,85.96,North,257.88
9008,2023-03-16,840,48,1,78.76,North,78.76
9009,2024-03-02,948,5,5,61.16,South,305.79999999999995
9010,2022-02-02,175,24,5,401.19,South,2005.95
9011,2024-11-12,737,8,5,336.65,South,1683.25
9012,2024-04-24,315,19,2,265.93,South,531.86
9013,2023-07-20,687,12,4,389.22,West,1556.88
9014,2022-02-18,568,8,4,426.46,West,1705.84
9015,2023-04-07,497,8,1,475.27,North,475.27
9016,2023-08-13,269,38,1,108.61,North,108.61
9017,2022-12-02,428,20,4,226.42,East,905.68
9018,2022-12-25,35,29,5,462.28,North,2311.3999999999996
9019,2022-12-12,119,41,1,236.05,North,236.05
9020,2022-07-12,371,34,2,248.95,North,497.9
9021,2024-01-26,925,18,2,471.8,West,943.6
9022,2023-04-23,568,1,4,369.99,North,1479.96
9023,2024-04-07,901,11,1,280.5,North,280.5
9024,2024-06-08,451,47,1,185.07,East,185.07
9025,2023-10-15,309,44,5,458.52,West,2292.6
9026,2023-02-12,357,35,1,14.38,West,14.38
9027,2022-10-13,376,32,4,167.29,South,669.16
9028,2024-04-30,828,42,1,473.58,North,473.58
9029,2022-04-21,105,16,1,254.12,North,254.12
9030,2023-09-12,390,6,2,315.69,West,631.38
9031,2024-03-03,176,9,4,270.98,South,1083.92
9032,2022-02-19,106,40,3,204.71,South,614.13
9033,2024-11-03,592,22,4,335.99,East,1343.96
9034,2023-08-11,163,48,4,385.57,East,1542.28
9035,2023-08-19,914,8,3,188.57,West,565.71
9036,2023-11-01,267,32,3,299.36,West,898.08
9037,2022-11-10,563,26,2,50.55,West,101.1
9038,2023-08-29,889,18,5,278.32,West,1391.6
9039,2022-10-24,279,37,4,376.4,East,1505.6
9040,2023-07-23,303,12,4,296.77,South,1187.08
9041,2024-04-11,587,38,4,440.44,West,1761.76
9042,2023-09-02,955,34,4,150.23,North,600.92
9043,2022-01-16,953,4,2,250.96,South,501.92
9044,2022-03-13,861,16,4,52.87,North,211.48
9045,2022-09-27,127,24,3,353.01,West,1059.03
9046,2022-10-14,246,14,3,227.02,South,681.0600000000001
9047,2022-03-07,824,17,1,269.88,West,269.88
9048,2024-05-29,234,31,2,72.91,South,145.82
9049,2022-03-09,667,4,1,498.7,South,498.7
9050,2024-12-14,585,50,4,388.24,South,1552.96
9051,2024-09-06,931,44,2,206.31,North,412.62
9052,2024-08-31,439,34,2,289.28,North,578.56
9053,2023-05-23,137,38,5,313.17,West,1565.8500000000001
9054,2024-04-16,786,38,5,480.78,North,2403.8999999999996
9055,2024-06-04,556,3,1,386.51,North,386.51
9056,2024-03-04,759,8,1,181.34,West,181.34
9057,2023-02-26,149,12,3,489.08,West,1467.24
9058,2024-02-14,56,35,3,157.88,East,473.64
9059,2023-04-23,688,2,3,292.7,East,878.0999999999999
9060,2024-07-14,356,29,2,353.33,South,706.66
9061,2022-04-30,257,23,4,142.85,North,571.4
9062,2023-05-03,923,33,1,478.62,North,478.62
9063,2022-03-19,813,50,3,115.89,South,347.67
9064,2024-11-27,63,18,2,226.47,South,452.94
9065,2023-03-17,826,40,5,98.14,South,490.7
9066,2023-04-07,936,22,4,438.74,North,1754.96
9067,2023-09-04,63,14,5,118.58,North,592.9
9068,2024-07-05,806,29,5,27.02,West,135.1
9069,2023-09-01,29,45,4,29.08,North,116.32
9070,2022-01-06,552,15,2,212.74,East,425.48
9071,2023-11-12,659,15,5,266.16,West,1330.8000000000002
9072,2024-06-13,600,45,2,30.4,South,60.8
9073,2022-09-28,568,4,5,55.5,North,277.5
9074,2024-03-21,300,36,3,57.76,South,173.28
9075,2023-07-13,705,5,4,337.57,East,1350.28
9076,2022-04-09,612,3,1,156.91,South,156.91
9077,2023-06-10,215,12,4,285.66,West,1142.64
9078,2022-07-13,141,20,5,46.11,North,230.55
9079,2023-01-31,926,44,5,447.14,South,2235.7
9080,2024-02-09,507,20,3,159.17,North,477.51
9081,2024-10-20,561,39,3,391.32,West,1173.96
9082,2024-05-29,499,39,4,415.08,West,1660.32
9083,2024-01-15,627,1,1,494.08,West,494.08
9084,2023-11-14,502,44,4,373.11,East,1492.44
9085,2022-01-15,741,3,1,226.97,West,226.97
9086,2023-01-03,764,47,2,84.79,East,169.58
9087,2023-09-30,587,9,5,33.46,North,167.3
9088,2024-05-02,191,20,2,444.27,West,888.54
9089,2023-12-01,711,9,4,228.87,West,915.48
9090,2022-01-05,675,31,1,377.48,East,377.48
9091,2022-08-19,651,46,1,253.2,West,253.2
9092,2024-10-08,49,28,2,441.04,South,882.08
9093,2023-08-09,363,35,3,377.34,East,1132.02
9094,2022-06-18,879,40,3,51.87,East,155.60999999999999
9095,2024-01-31,627,38,2,378.55,East,757.1
9096,2024-03-02,680,44,3,140.74,East,422.22
9097,2024-09-26,496,2,1,388.8,North,388.8
9098,2022-06-01,277,3,4,474.77,East,1899.08
9099,2024-10-12,47,14,3,465.76,North,1397.28
9100,2022-08-12,771,17,1,71.25,North,71.25
9101,2023-05-19,926,35,4,36.79,North,147.16
9102,2022-02-13,216,4,1,390.72,South,390.72
9103,2023-11-28,230,47,5,357.88,South,1789.4
9104,2023-05-19,639,30,4,96.32,North,385.28
9105,2024-07-18,323,39,5,345.44,West,1727.2
9106,2024-04-22,830,14,3,17.59,South,52.769999999999996
9107,2022-12-17,421,48,3,319.27,East,957.81
9108,2022-01-23,225,27,1,417.83,West,417.83
9109,2023-08-21,662,13,2,324.5,South,649.0
9110,2024-12-02,287,20,1,42.04,East,42.04
9111,2023-04-11,46,49,5,495.58,West,2477.9
9112,2022-02-09,972,49,4,184.48,South,737.92
9113,2022-10-30,813,24,2,196.43,West,392.86
9114,2022-06-24,14,10,1,51.53,North,51.53
9115,2024-09-25,633,7,5,91.89,North,459.45
9116,2023-09-13,908,17,5,142.88,South,714.4
9117,2022-09-01,375,22,3,401.61,East,1204.83
9118,2024-04-15,703,44,1,348.96,East,348.96
9119,2022-10-07,987,11,1,295.99,North,295.99
9120,2024-11-25,333,42,5,433.31,East,2166.55
9121,2023-07-11,856,23,1,498.92,North,498.92
9122,2024-06-16,166,22,3,198.54,South,595.62
9123,2024-11-12,507,40,2,201.7,South,403.4
9124,2023-12-20,117,47,5,370.68,West,1853.4
9125,2024-07-20,943,18,3,325.73,South,977.19
9126,2022-04-01,636,45,3,16.56,West,49.67999999999999
9127,2023-01-25,566,26,4,331.16,North,1324.64
9128,2023-07-04,439,48,2,362.61,West,725.22
9129,2024-07-19,304,30,3,493.11,West,1479.33
9130,2024-11-27,457,13,4,297.52,South,1190.08
9131,2024-01-03,968,4,4,345.36,West,1381.44
9132,2023-05-15,869,43,1,396.49,East,396.49
9133,2024-12-02,271,27,3,57.02,North,171.06
9134,2024-05-20,711,40,5,369.98,East,1849.9
9135,2023-06-01,216,10,1,277.96,South,277.96
9136,2022-03-09,113,44,2,59.04,North,118.08
9137,2022-05-03,16,28,5,338.24,North,1691.2
9138,2022-12-02,216,21,5,124.91,West,624.55
9139,2024-08-31,427,11,4,273.57,North,1094.28
9140,2024-02-18,135,20,3,147.67,South,443.01
9141,2023-02-27,43,36,4,61.22,North,244.88
9142,2024-07-27,764,19,4,132.92,North,531.68
9143,2024-03-14,284,10,3,225.02,West,675.0600000000001
9144,2023-09-26,834,15,3,252.12,South,756.36
9145,2024-12-18,98,45,3,82.76,South,248.28000000000003
9146,2022-04-06,60,45,4,167.28,West,669.12
9147,2022-12-20,230,18,3,431.1,West,1293.3000000000002
9148,2024-08-24,896,7,3,456.09,East,1368.27
9149,2024-07-11,643,30,5,272.24,East,1361.2
9150,2023-04-18,385,14,4,250.28,West,1001.12
9151,2023-03-06,159,37,3,294.89,East,884.67
9152,2024-09-01,824,41,4,115.14,North,460.56
9153,2023-06-21,471,30,2,496.85,South,993.7
9154,2022-03-28,596,27,1,375.18,East,375.18
9155,2022-04-19,208,49,5,126.99,East,634.9499999999999
9156,2024-09-20,174,37,5,143.35,South,716.75
9157,2024-04-01,800,48,4,327.72,North,1310.88
9158,2024-07-25,81,41,3,168.19,South,504.57
9159,2024-10-01,18,17,4,184.11,South,736.44
9160,2023-10-11,708,30,1,392.66,West,392.66
9161,2022-07-10,291,18,5,140.79,South,703.9499999999999
9162,2024-07-21,360,3,5,355.57,North,1777.85
9163,2022-05-22,868,28,1,468.09,West,468.09
9164,2024-04-19,279,37,4,70.83,East,283.32
9165,2022-06-17,975,30,5,80.7,West,403.5
9166,2023-07-20,397,21,3,472.01,East,1416.03
9167,2024-01-14,974,49,4,109.72,North,438.88
9168,2023-11-04,766,20,3,20.24,South,60.72
9169,2024-05-13,142,22,2,435.57,South,871.14
9170,2024-04-18,677,36,1,148.33,East,148.33
9171,2023-06-15,517,36,5,156.19,East,780.95
9172,2024-08-31,251,21,1,121.19,South,121.19
9173,2023-07-16,662,24,1,459.66,North,459.66
9174,2022-06-24,540,21,3,389.47,East,1168.41
9175,2022-10-29,237,7,5,302.43,North,1512.15
9176,2022-07-04,132,8,2,232.1,West,464.2
9177,2023-05-25,306,22,1,80.33,North,80.33
9178,2024-03-29,358,22,3,463.73,West,1391.19
9179,2022-06-05,285,30,3,377.34,South,1132.02
9180,2024-02-26,293,34,5,146.65,North,733.25
9181,2024-03-05,163,29,4,474.27,South,1897.08
9182,2023-03-08,916,10,4,468.24,North,1872.96
9183,2024-01-31,419,5,2,333.16,East,666.32
9184,2022-05-27,739,49,3,492.65,South,1477.9499999999998
9185,2023-04-26,468,39,4,101.75,South,407.0
9186,2023-03-11,642,34,1,368.38,South,368.38
9187,2022-03-10,884,38,2,84.57,West,169.14
9188,2024-05-24,570,10,1,348.93,South,348.93
9189,2022-07-05,507,9,4,460.73,East,1842.92
9190,2024-06-22,658,32,3,272.69,South,818.0699999999999
9191,2023-11-13,478,5,4,383.9,West,1535.6
9192,2022-07-23,362,35,2,80.13,West,160.26
9193,2023-07-08,312,11,2,320.27,South,640.54
9194,2022-01-13,634,42,1,40.96,East,40.96
9195,2023-10-28,704,16,1,28.08,North,28.08
9196,2022-02-20,245,27,2,320.69,East,641.38
9197,2023-05-15,477,20,1,290.68,North,290.68
9198,2023-01-04,615,1,5,171.33,West,856.6500000000001
9199,2023-12-25,891,26,2,261.34,West,522.68
9200,2022-12-23,436,11,1,345.33,West,345.33
9201,2024-10-23,250,15,4,325.92,South,1303.68
9202,2024-04-26,22,39,3,46.08,South,138.24
9203,2022-09-13,477,40,5,342.28,West,1711.3999999999999
9204,2022-10-06,572,48,5,333.17,North,1665.8500000000001
9205,2024-12-18,750,18,3,338.11,South,1014.33
9206,2023-03-22,906,24,3,425.2,East,1275.6
9207,2022-04-23,852,28,4,292.58,East,1170.32
9208,2024-04-15,511,25,3,469.57,East,1408.71
9209,2024-01-25,896,23,5,490.2,North,2451.0
9210,2023-01-02,336,11,4,378.4,North,1513.6
9211,2024-12-19,646,33,3,185.75,North,557.25
9212,2022-11-25,849,16,4,80.12,West,320.48
9213,2023-12-29,774,36,4,411.87,South,1647.48
9214,2024-10-02,342,23,1,81.85,West,81.85
9215,2023-12-21,338,6,3,81.62,North,244.86
9216,2024-12-22,480,43,1,460.33,East,460.33
9217,2022-07-03,924,24,5,284.34,North,1421.6999999999998
9218,2024-10-19,42,38,4,153.73,East,614.92
9219,2022-11-07,74,42,5,481.86,South,2409.3
9220,2022-06-26,809,6,4,356.59,West,1426.36
9221,2024-04-26,831,10,3,272.07,North,816.21
9222,2022-01-09,22,22,2,171.45,West,342.9
9223,2022-08-24,220,23,3,341.54,West,1024.6200000000001
9224,2023-12-11,79,5,4,368.14,East,1472.56
9225,2024-07-12,235,28,2,358.93,East,717.86
9226,2023-11-16,157,9,2,105.72,North,211.44
9227,2024-03-04,327,39,3,351.65,West,1054.9499999999998
9228,2024-11-17,114,49,5,294.91,South,1474.5500000000002
9229,2024-03-18,802,44,3,426.54,North,1279.6200000000001
9230,2022-01-27,608,28,4,316.14,South,1264.56
9231,2023-07-04,642,25,5,81.68,West,408.40000000000003
9232,2022-03-26,922,43,4,166.08,West,664.32
9233,2024-11-19,621,38,5,374.47,West,1872.3500000000001
9234,2023-04-11,587,27,1,372.58,East,372.58
9235,2022-01-12,985,24,5,119.13,North,595.65
9236,2024-10-09,275,43,1,183.75,North,183.75
9237,2024-11-19,381,43,4,17.51,East,70.04
9238,2024-11-27,20,46,3,172.54,South,517.62
9239,2023-07-26,673,16,4,22.91,North,91.64
9240,2024-07-02,209,2,3,437.71,North,1313.1299999999999
9241,2022-06-29,884,2,1,336.66,North,336.66
9242,2024-03-07,606,5,3,484.88,West,1454.6399999999999
9243,2024-11-10,594,46,4,447.04,South,1788.16
9244,2023-03-17,864,21,4,305.7,West,1222.8
9245,2024-06-05,616,10,4,256.44,East,1025.76
9246,2023-02-25,749,42,5,443.03,East,2215.1499999999996
9247,2023-04-13,772,18,4,156.22,West,624.88
9248,2023-12-14,160,26,5,119.52,East,597.6
9249,2023-01-20,915,20,2,210.91,West,421.82
9250,2022-11-10,899,41,1,36.07,South,36.07
9251,2024-02-10,998,36,2,157.97,South,315.94
9252,2024-08-16,860,49,2,51.0,East,102.0
9253,2024-07-05,573,21,5,35.8,North,179.0
9254,2022-01-23,38,2,5,280.16,South,1400.8000000000002
9255,2022-12-05,118,46,1,357.0,East,357.0
9256,2024-04-02,390,33,1,272.97,East,272.97
9257,2023-01-01,824,23,1,44.58,North,44.58
9258,2024-07-03,680,39,4,203.53,North,814.12
9259,2023-04-20,377,31,4,64.37,South,257.48
9260,2022-01-27,849,4,1,328.53,South,328.53
9261,2024-07-30,874,41,5,414.94,East,2074.7
9262,2024-03-12,376,3,2,67.19,West,134.38
9263,2024-03-11,581,37,1,42.76,South,42.76
9264,2024-05-09,595,10,1,208.92,West,208.92
9265,2024-05-13,747,42,2,158.7,West,317.4
9266,2023-11-21,42,32,3,137.74,North,413.22
9267,2024-01-09,611,36,1,113.58,West,113.58
9268,2023-02-19,470,49,1,165.29,South,165.29
9269,2024-09-08,984,27,4,483.03,South,1932.12
9270,2023-03-05,458,49,2,430.26,West,860.52
9271,2022-02-10,130,19,1,304.66,South,304.66
9272,2024-06-23,28,38,1,402.23,South,402.23
9273,2024-10-08,745,1,3,17.22,North,51.66
9274,2023-12-04,741,26,2,64.61,South,129.22
9275,2022-03-20,629,46,1,153.31,North,153.31
9276,2023-12-18,913,13,3,325.51,South,976.53
9277,2023-06-28,326,35,1,442.87,West,442.87
9278,2023-04-19,509,2,5,123.26,East,616.3000000000001
9279,2022-10-21,619,22,3,78.21,West,234.63
9280,2023-09-02,891,39,5,425.48,West,2127.4
9281,2022-05-16,325,28,1,210.48,South,210.48
9282,2023-04-29,807,44,3,352.76,North,1058.28
9283,2024-03-24,903,2,2,278.53,North,557.06
9284,2023-07-09,160,11,4,96.2,East,384.8
9285,2022-02-15,516,48,1,353.28,East,353.28
9286,2024-12-07,661,37,3,216.18,West,648.54
9287,2022-07-17,746,26,5,151.0,West,755.0
9288,2022-03-25,254,28,3,452.32,North,1356.96
9289,2023-06-27,928,26,2,12.93,North,25.86
9290,2022-03-12,248,17,3,208.39,South,625.17
9291,2023-06-04,850,3,5,157.25,North,786.25
9292,2024-06-16,353,14,1,36.69,North,36.69
9293,2024-07-01,398,16,5,49.41,East,247.04999999999998
9294,2024-12-11,582,49,5,94.42,North,472.1
9295,2024-12-04,203,36,5,257.45,West,1287.25
9296,2022-10-20,302,28,4,148.5,West,594.0
9297,2024-07-26,148,28,1,420.55,East,420.55
9298,2024-03-22,221,25,4,127.59,South,510.36
9299,2024-05-16,698,9,3,362.91,West,1088.73
9300,2023-01-15,867,11,1,113.08,East,113.08
9301,2024-10-03,848,37,1,30.85,South,30.85
9302,2022-09-19,560,43,3,139.66,East,418.98
9303,2023-08-03,263,45,3,420.41,East,1261.23
9304,2022-12-23,296,21,5,50.3,South,251.5
9305,2023-11-29,315,2,1,178.8,North,178.8
9306,2024-11-02,292,34,2,13.93,East,27.86
9307,2023-03-19,684,42,5,318.82,North,1594.1
9308,2023-12-27,876,13,1,471.95,North,471.95
9309,2022-10-13,31,5,3,198.34,North,595.02
9310,2023-07-24,682,11,3,292.69,South,878.0699999999999
9311,2024-04-19,44,29,2,231.62,East,463.24
9312,2023-05-13,939,47,1,486.93,East,486.93
9313,2023-12-06,555,28,4,370.64,North,1482.56
9314,2023-07-16,943,28,5,31.67,East,158.35000000000002
9315,2022-02-01,134,5,1,63.28,North,63.28
9316,2022-02-12,349,20,4,240.54,South,962.16
9317,2023-07-13,219,37,3,319.56,South,958.6800000000001
9318,2022-09-27,450,39,3,152.29,West,456.87
9319,2024-07-31,504,10,4,340.58,East,1362.32
9320,2024-11-08,86,32,4,292.5,North,1170.0
9321,2022-02-06,251,29,2,223.2,South,446.4
9322,2022-04-02,265,2,1,295.33,West,295.33
9323,2022-07-04,523,1,3,459.07,East,1377.21
9324,2023-12-29,80,20,5,129.17,North,645.8499999999999
9325,2024-11-17,621,1,3,397.69,North,1193.07
9326,2023-01-07,461,4,1,15.86,West,15.86
9327,2024-04-11,630,15,4,51.55,East,206.2
9328,2022-12-11,252,47,2,475.35,West,950.7
9329,2022-03-19,18,30,3,351.89,North,1055.67
9330,2022-06-16,256,6,2,320.33,East,640.66
9331,2022-09-21,245,38,4,173.69,East,694.76
9332,2023-12-25,153,1,1,100.33,South,100.33
9333,2023-05-27,609,7,3,196.16,South,588.48
9334,2023-07-30,500,5,1,303.21,West,303.21
9335,2023-12-23,458,49,5,320.85,East,1604.25
9336,2023-03-07,698,7,1,93.08,North,93.08
9337,2024-02-07,542,36,4,228.3,South,913.2
9338,2023-04-08,115,3,4,287.71,North,1150.84
9339,2022-04-11,753,12,5,480.38,East,2401.9
9340,2024-11-05,769,15,1,279.22,East,279.22
9341,2022-09-01,447,20,4,294.49,North,1177.96
9342,2022-04-15,353,41,4,384.94,West,1539.76
9343,2023-11-25,625,21,4,215.27,South,861.08
9344,2024-12-06,847,32,4,198.1,South,792.4
9345,2024-12-02,541,12,2,299.55,South,599.1
9346,2024-03-28,322,37,3,393.82,West,1181.46
9347,2022-08-09,459,40,2,322.42,South,644.84
9348,2022-05-24,949,47,4,101.2,North,404.8
9349,2024-06-08,226,7,1,204.87,South,204.87
9350,2024-11-17,756,45,2,261.17,North,522.34
9351,2024-02-29,361,31,5,266.63,South,1333.15
9352,2023-07-07,531,1,3,176.4,South,529.2
9353,2024-04-23,834,11,1,265.98,North,265.98
9354,2023-10-21,112,45,2,339.76,West,679.52
9355,2024-04-16,212,34,3,239.31,North,717.9300000000001
9356,2024-10-15,233,19,2,231.16,West,462.32
9357,2024-01-21,948,11,5,402.78,North,2013.8999999999999
9358,2022-09-06,159,33,4,380.85,East,1523.4
9359,2024-02-14,572,33,5,216.98,North,1084.8999999999999
9360,2024-02-03,885,8,4,498.05,East,1992.2
9361,2023-11-23,324,45,3,42.57,North,127.71000000000001
9362,2024-03-30,93,8,2,169.74,North,339.48
9363,2023-12-20,248,34,2,28.05,North,56.1
9364,2022-08-22,670,40,5,421.34,East,2106.7
9365,2022-01-24,141,27,1,380.26,East,380.26
9366,2024-11-15,911,29,3,345.0,East,1035.0
9367,2024-10-02,404,14,4,115.09,North,460.36
9368,2023-06-06,930,34,3,356.78,North,1070.34
9369,2022-01-17,732,45,5,184.1,East,920.5
9370,2022-09-02,404,37,2,435.6,East,871.2
9371,2023-12-19,818,1,4,107.76,North,431.04
9372,2024-02-09,601,9,4,116.74,West,466.96
9373,2023-12-18,667,10,4,480.69,South,1922.76
9374,2022-04-28,414,30,4,263.34,West,1053.36
9375,2022-01-09,440,43,3,228.73,East,686.1899999999999
9376,2023-08-21,233,18,3,182.36,North,547.08
9377,2022-01-23,980,17,5,417.29,South,2086.4500000000003
9378,2022-08-28,193,6,2,182.83,South,365.66
9379,2022-01-27,99,11,2,184.52,East,369.04
9380,2024-09-10,951,24,3,70.43,West,211.29000000000002
9381,2022-07-18,113,36,5,265.16,North,1325.8000000000002
9382,2024-02-14,619,33,1,462.64,North,462.64
9383,2022-04-02,536,33,4,479.19,East,1916.76
9384,2024-04-30,281,18,2,497.8,East,995.6
9385,2022-10-27,1000,5,4,241.8,North,967.2
9386,2022-10-23,949,31,2,389.72,South,779.44
9387,2023-10-09,716,16,1,280.74,East,280.74
9388,2024-09-27,523,2,2,278.5,North,557.0
9389,2024-12-18,350,9,1,405.06,South,405.06
9390,2024-06-27,316,2,2,419.33,South,838.66
9391,2024-05-20,717,37,3,19.7,South,59.099999999999994
9392,2024-01-23,943,20,4,471.97,South,1887.88
9393,2022-12-08,921,17,5,413.26,South,2066.3
9394,2022-03-03,500,25,5,363.34,West,1816.6999999999998
9395,2024-02-15,537,19,2,427.5,North,855.0
9396,2023-09-17,913,42,5,273.26,North,1366.3
9397,2022-09-13,652,8,4,388.9,South,1555.6
9398,2024-04-07,635,11,3,303.34,North,910.02
9399,2024-10-10,436,13,3,276.04,North,828.1200000000001
9400,2023-09-07,523,13,1,113.69,North,113.69
9401,2022-09-02,778,9,5,425.23,East,2126.15
9402,2024-01-27,593,5,4,443.1,South,1772.4
9403,2024-04-03,444,18,5,485.88,South,2429.4
9404,2024-02-19,822,40,4,69.01,West,276.04
9405,2024-01-02,621,14,1,152.87,North,152.87
9406,2024-05-27,208,34,5,345.85,North,1729.25
9407,2023-05-31,831,22,3,429.06,North,1287.18
9408,2023-04-19,756,48,1,378.14,East,378.14
9409,2022-02-05,276,33,5,233.24,East,1166.2
9410,2024-11-06,497,24,3,365.73,West,1097.19
9411,2024-04-09,773,29,3,45.34,South,136.02
9412,2024-12-07,297,13,4,334.64,South,1338.56
9413,2024-12-21,374,50,3,13.93,East,41.79
9414,2024-12-28,575,27,2,33.3,East,66.6
9415,2023-01-01,184,1,5,381.07,East,1905.35
9416,2024-08-02,32,7,5,244.04,South,1220.2
9417,2024-09-02,283,4,4,39.18,West,156.72
9418,2023-03-07,836,10,3,246.11,South,738.33
9419,2024-05-08,873,40,4,40.75,South,163.0
9420,2022-08-18,432,35,2,179.56,West,359.12
9421,2023-01-05,519,39,4,87.11,North,348.44
9422,2022-06-27,686,16,5,117.49,South,587.4499999999999
9423,2023-07-22,462,27,4,105.85,North,423.4
9424,2024-03-03,871,20,5,192.17,South,960.8499999999999
9425,2024-06-18,984,10,1,62.88,South,62.88
9426,2024-09-01,368,45,2,268.59,South,537.18
9427,2022-03-23,658,33,2,209.48,North,418.96
9428,2024-04-25,252,7,5,421.53,East,2107.6499999999996
9429,2024-02-01,166,42,1,414.7,North,414.7
9430,2023-09-10,615,44,3,413.9,South,1241.6999999999998
9431,2024-10-30,1000,46,4,240.12,East,960.48
9432,2022-08-04,705,22,3,152.49,North,457.47
9433,2022-10-17,529,43,1,213.55,West,213.55
9434,2023-03-21,602,17,2,346.81,East,693.62
9435,2024-07-11,371,9,3,269.6,North,808.8000000000001
9436,2023-07-06,598,40,1,315.91,East,315.91
9437,2022-07-12,103,10,2,349.92,South,699.84
9438,2022-10-16,594,36,3,460.0,North,1380.0
9439,2023-08-06,126,31,2,472.55,West,945.1
9440,2024-05-06,38,31,5,421.83,North,2109.15
9441,2024-02-20,348,5,2,41.88,North,83.76
9442,2024-06-14,213,18,2,489.87,East,979.74
9443,2024-07-08,319,6,1,354.78,South,354.78
9444,2023-07-18,998,42,1,349.76,West,349.76
9445,2022-01-13,737,50,4,21.32,South,85.28
9446,2024-09-13,734,28,1,244.91,West,244.91
9447,2022-12-06,426,43,5,316.98,West,1584.9
9448,2024-05-14,247,24,5,146.47,West,732.35
9449,2022-11-08,648,5,2,50.79,South,101.58
9450,2024-01-03,286,28,1,270.9,West,270.9
9451,2022-12-05,231,3,4,228.68,North,914.72
9452,2022-10-27,320,18,1,31.6,North,31.6
9453,2022-12-25,512,4,4,264.51,East,1058.04
9454,2022-06-18,521,40,2,62.78,North,125.56
9455,2024-01-31,225,49,5,218.03,West,1090.15
9456,2024-02-07,506,42,1,142.5,West,142.5
9457,2024-09-08,825,32,1,485.53,West,485.53
9458,2022-02-11,107,32,5,27.02,South,135.1
9459,2022-07-21,699,19,5,284.41,West,1422.0500000000002
9460,2024-08-27,733,29,3,84.44,North,253.32
9461,2023-04-09,607,33,3,166.45,South,499.34999999999997
9462,2023-03-25,707,2,3,100.11,West,300.33
9463,2024-07-01,754,11,5,497.62,West,2488.1
9464,2024-03-08,742,47,3,25.86,South,77.58
9465,2024-03-04,331,33,1,275.26,East,275.26
9466,2023-03-13,5,41,5,307.94,South,1539.7
9467,2023-06-15,863,40,1,388.36,South,388.36
9468,2023-07-19,468,1,5,316.73,West,1583.65
9469,2024-05-21,516,42,2,123.36,East,246.72
9470,2022-08-01,776,17,1,303.04,South,303.04
9471,2024-08-06,938,50,5,487.73,West,2438.65
9472,2022-07-11,765,16,4,425.74,East,1702.96
9473,2023-12-06,163,2,5,232.21,North,1161.05
9474,2023-07-03,653,49,2,243.93,North,487.86
9475,2022-06-03,901,4,5,75.13,West,375.65
9476,2023-07-25,808,32,2,289.26,North,578.52
9477,2022-08-28,531,7,3,147.32,South,441.96
9478,2023-01-09,82,29,1,62.98,North,62.98
9479,2024-03-15,481,9,2,242.36,West,484.72
9480,2024-03-09,893,35,4,32.08,West,128.32
9481,2023-09-03,516,5,1,68.86,North,68.86
9482,2023-11-19,640,50,5,117.33,North,586.65
9483,2024-02-13,187,21,5,495.41,West,2477.05
9484,2022-05-23,146,17,2,406.16,West,812.32
9485,2022-09-29,152,39,4,275.46,East,1101.84
9486,2023-03-02,363,14,2,123.96,West,247.92
9487,2022-02-15,93,32,4,264.27,South,1057.08
9488,2022-04-05,31,15,2,328.01,South,656.02
9489,2022-03-05,826,21,3,12.24,West,36.72
9490,2023-02-17,540,14,3,494.07,East,1482.21
9491,2024-10-29,649,41,3,317.12,West,951.36
9492,2023-04-04,941,16,2,494.24,West,988.48
9493,2023-04-15,602,1,1,239.84,South,239.84
9494,2024-03-20,49,40,5,315.52,West,1577.6
9495,2023-05-21,879,18,1,236.12,South,236.12
9496,2022-03-25,258,34,5,14.65,North,73.25
9497,2022-02-28,518,26,4,426.45,West,1705.8
9498,2024-11-10,541,36,3,230.01,North,690.03
9499,2024-07-06,410,21,3,240.76,South,722.28
9500,2022-06-06,156,1,5,186.38,East,931.9
9501,2023-07-30,775,27,3,222.0,East,666.0
9502,2024-04-16,546,11,1,365.52,North,365.52
9503,2023-11-11,440,38,2,353.31,West,706.62
9504,2022-07-22,237,14,3,406.11,North,1218.33
9505,2022-11-14,650,28,3,487.59,West,1462.77
9506,2023-02-10,368,27,4,201.67,South,806.68
9507,2024-09-12,1000,22,2,176.09,East,352.18
9508,2024-08-06,57,21,5,251.83,West,1259.15
9509,2024-12-29,175,24,2,85.65,East,171.3
9510,2023-05-10,214,19,2,381.43,North,762.86
9511,2023-11-10,27,24,5,294.76,East,1473.8
9512,2024-04-14,807,26,2,113.56,East,227.12
9513,2022-07-13,918,25,4,433.38,North,1733.52
9514,2022-11-04,119,45,1,313.34,East,313.34
9515,2023-05-21,147,44,2,26.68,North,53.36
9516,2022-10-08,868,29,1,106.29,East,106.29
9517,2023-11-06,265,10,4,446.64,West,1786.56
9518,2024-07-21,403,11,4,196.71,North,786.84
9519,2023-12-16,258,24,2,492.33,South,984.66
9520,2023-08-31,860,24,3,269.58,East,808.74
9521,2023-04-28,189,12,2,111.88,East,223.76
9522,2022-04-27,827,7,1,301.01,South,301.01
9523,2024-08-25,743,40,4,60.15,East,240.6
9524,2022-07-11,982,17,1,405.68,North,405.68
9525,2024-02-27,499,35,1,317.64,East,317.64
9526,2023-09-10,710,6,5,482.33,South,2411.65
9527,2023-05-31,239,12,4,348.15,West,1392.6
9528,2022-11-03,327,15,4,34.08,North,136.32
9529,2023-06-16,70,32,1,243.45,North,243.45
9530,2022-05-02,929,23,4,270.34,East,1081.36
9531,2023-10-11,764,7,2,459.22,West,918.44
9532,2023-08-15,974,38,5,221.91,South,1109.55
9533,2024-05-19,705,31,2,300.82,East,601.64
9534,2022-02-28,25,29,3,101.12,East,303.36
9535,2022-10-28,582,44,3,129.87,East,389.61
9536,2023-07-07,156,28,1,278.81,South,278.81
9537,2023-02-03,658,12,3,351.52,North,1054.56
9538,2023-05-30,831,27,2,223.38,South,446.76
9539,2024-03-15,219,4,3,222.01,South,666.03
9540,2023-05-13,561,21,1,135.44,North,135.44
9541,2024-07-30,379,9,4,352.08,East,1408.32
9542,2023-06-12,892,49,5,12.68,East,63.4
9543,2023-02-02,194,34,1,261.26,South,261.26
9544,2023-03-12,40,37,1,11.75,South,11.75
9545,2024-04-19,597,21,1,300.8,North,300.8
9546,2022-12-26,343,23,2,25.14,South,50.28
9547,2024-05-13,503,24,4,470.63,East,1882.52
9548,2023-09-26,450,10,1,244.2,North,244.2
9549,2022-08-02,336,38,4,345.17,East,1380.68
9550,2024-07-04,4,6,1,428.26,East,428.26
9551,2023-08-15,802,21,2,125.36,North,250.72
9552,2022-05-15,759,37,1,274.63,West,274.63
9553,2024-01-24,517,29,3,433.09,North,1299.27
9554,2023-01-21,497,40,2,273.51,East,547.02
9555,2023-01-24,226,21,1,202.46,North,202.46
9556,2024-01-14,150,22,1,190.75,North,190.75
9557,2023-12-05,238,35,1,198.21,South,198.21
9558,2024-07-13,660,46,3,311.56,West,934.6800000000001
9559,2024-02-12,103,5,3,32.37,West,97.10999999999999
9560,2024-05-13,175,15,1,213.54,South,213.54
9561,2024-11-25,461,41,3,284.69,East,854.0699999999999
9562,2022-03-20,748,47,1,395.33,East,395.33
9563,2023-11-05,34,19,3,269.7,North,809.0999999999999
9564,2022-11-08,684,16,4,463.82,West,1855.28
9565,2022-07-23,518,40,1,227.45,North,227.45
9566,2024-09-11,440,47,1,328.89,South,328.89
9567,2022-01-17,285,43,5,18.61,North,93.05
9568,2023-04-21,225,23,5,126.84,East,634.2
9569,2024-10-13,565,4,2,409.57,West,819.14
9570,2022-07-29,257,21,4,297.25,South,1189.0
9571,2023-05-14,59,24,4,473.62,East,1894.48
9572,2023-03-05,944,42,2,378.91,East,757.82
9573,2022-02-27,246,26,5,230.34,East,1151.7
9574,2024-09-20,519,42,2,391.57,East,783.14
9575,2023-06-06,214,2,5,239.22,East,1196.1
9576,2023-08-04,928,40,1,171.78,South,171.78
9577,2024-06-17,590,8,2,33.08,East,66.16
9578,2023-09-13,701,9,3,434.16,East,1302.48
9579,2024-12-03,953,2,5,215.28,East,1076.4
9580,2024-08-23,819,14,1,345.73,West,345.73
9581,2024-06-28,216,20,3,85.0,East,255.0
9582,2023-05-08,403,2,3,416.19,North,1248.57
9583,2023-05-14,283,4,4,413.86,South,1655.44
9584,2024-11-07,831,35,5,246.25,South,1231.25
9585,2023-08-28,956,14,1,339.35,North,339.35
9586,2024-08-05,573,21,5,265.51,East,1327.55
9587,2022-10-21,573,48,1,280.61,South,280.61
9588,2022-06-21,215,15,5,445.51,East,2227.55
9589,2023-06-15,382,39,3,483.79,West,1451.3700000000001
9590,2022-03-07,45,50,4,190.07,North,760.28
9591,2022-05-21,917,20,2,172.55,South,345.1
9592,2023-03-22,172,6,5,158.87,South,794.35
9593,2022-07-08,221,28,3,387.67,East,1163.01
9594,2022-06-07,385,48,2,364.22,North,728.44
9595,2023-11-01,95,43,2,31.46,West,62.92
9596,2022-09-03,859,2,2,53.34,West,106.68
9597,2024-05-05,44,28,3,326.64,South,979.92
9598,2024-08-01,228,34,1,144.73,East,144.73
9599,2024-01-18,574,14,2,54.87,East,109.74
9600,2024-11-22,317,9,4,212.7,East,850.8
9601,2022-11-26,731,23,1,439.97,West,439.97
9602,2023-05-27,335,44,3,189.49,East,568.47
9603,2024-04-29,601,35,2,350.86,North,701.72
9604,2024-12-30,624,22,3,451.28,South,1353.84
9605,2022-03-20,719,5,3,92.96,East,278.88
9606,2022-06-18,1000,41,2,308.75,West,617.5
9607,2024-03-20,467,29,3,454.75,North,1364.25
9608,2024-09-09,879,35,4,104.77,South,419.08
9609,2022-06-29,818,50,4,494.47,South,1977.88
9610,2022-09-17,715,34,5,188.89,East,944.4499999999999
9611,2024-10-25,297,4,2,116.59,West,233.18
9612,2022-10-24,545,45,2,420.53,West,841.06
9613,2023-09-12,489,49,2,239.28,South,478.56
9614,2024-05-04,215,9,5,338.63,East,1693.15
9615,2022-12-26,524,14,4,249.91,West,999.64
9616,2022-04-27,2,45,4,325.33,West,1301.32
9617,2022-12-23,875,5,2,27.33,North,54.66
9618,2024-08-14,661,50,3,181.59,South,544.77
9619,2023-03-15,654,47,1,332.08,East,332.08
9620,2023-06-06,802,27,1,181.88,North,181.88
9621,2022-07-18,207,11,2,390.12,East,780.24
9622,2024-12-09,341,30,2,480.83,West,961.66
9623,2023-11-01,704,37,4,28.33,South,113.32
9624,2024-11-19,407,39,4,429.11,North,1716.44
9625,2022-01-31,853,34,3,92.84,South,278.52
9626,2024-10-04,306,24,4,459.5,West,1838.0
9627,2022-11-29,507,16,1,473.93,South,473.93
9628,2023-10-22,910,30,1,288.9,East,288.9
9629,2022-06-26,469,24,4,244.72,West,978.88
9630,2023-01-05,764,3,1,381.66,East,381.66
9631,2023-07-01,716,29,1,459.83,North,459.83
9632,2023-06-19,874,42,1,123.9,East,123.9
9633,2022-04-07,558,12,1,197.4,North,197.4
9634,2022-08-18,886,27,5,214.59,West,1072.95
9635,2022-08-15,495,29,2,424.45,West,848.9
9636,2023-01-06,261,2,3,77.09,South,231.27
9637,2022-02-24,578,29,5,315.29,South,1576.45
9638,2023-02-28,662,40,3,181.96,South,545.88
9639,2022-11-11,582,9,5,443.9,West,2219.5
9640,2022-02-01,364,44,5,176.5,South,882.5
9641,2022-04-03,514,28,3,489.19,North,1467.57
9642,2023-06-03,541,37,2,17.66,West,35.32
9643,2024-05-02,768,23,4,127.38,North,509.52
9644,2024-01-22,573,13,5,234.09,West,1170.45
9645,2023-02-20,612,5,2,135.6,South,271.2
9646,2023-07-11,896,32,4,371.32,East,1485.28
9647,2023-01-01,455,28,3,409.13,South,1227.3899999999999
9648,2023-08-22,144,15,5,351.78,North,1758.8999999999999
9649,2022-11-27,192,24,4,485.5,East,1942.0
9650,2023-11-20,865,32,2,233.46,South,466.92
9651,2022-01-11,353,21,4,490.09,West,1960.36
9652,2024-03-28,782,5,3,71.06,West,213.18
9653,2023-02-23,299,37,4,424.51,South,1698.04
9654,2024-06-29,460,36,1,28.84,North,28.84
9655,2022-12-14,427,28,5,270.64,North,1353.1999999999998
9656,2024-08-15,838,32,2,247.39,West,494.78
9657,2023-02-16,823,23,2,429.59,North,859.18
9658,2022-06-02,716,16,5,353.36,North,1766.8000000000002
9659,2022-04-02,757,50,5,226.12,East,1130.6
9660,2022-11-27,31,10,1,448.88,East,448.88
9661,2024-08-12,332,29,1,444.08,North,444.08
9662,2024-08-27,970,27,2,22.12,West,44.24
9663,2023-07-08,936,35,4,436.8,East,1747.2
9664,2024-07-18,411,42,5,268.03,South,1340.1499999999999
9665,2022-07-13,52,45,1,421.09,East,421.09
9666,2023-06-14,384,24,1,98.85,South,98.85
9667,2024-04-24,243,23,1,84.04,North,84.04
9668,2023-10-01,775,3,4,363.88,South,1455.52
9669,2023-04-23,686,36,2,144.93,North,289.86
9670,2023-04-25,612,45,2,283.83,West,567.66
9671,2022-10-15,417,14,1,347.52,North,347.52
9672,2023-11-29,475,4,4,309.1,North,1236.4
9673,2023-11-26,392,44,4,352.49,East,1409.96
9674,2023-06-24,389,48,2,313.98,South,627.96
9675,2022-11-26,573,42,5,195.77,West,978.85
9676,2023-04-15,968,32,1,54.34,East,54.34
9677,2024-04-28,872,20,4,429.12,North,1716.48
9678,2023-06-18,700,17,5,424.54,East,2122.7000000000003
9679,2023-04-12,469,29,3,12.78,North,38.339999999999996
9680,2024-09-03,408,39,1,422.02,South,422.02
9681,2023-02-24,519,32,3,83.98,North,251.94
9682,2024-02-01,189,4,2,173.1,North,346.2
9683,2024-10-02,595,24,2,212.54,East,425.08
9684,2024-06-09,351,44,2,343.02,North,686.04
9685,2022-11-04,932,42,4,55.28,South,221.12
9686,2024-07-12,283,2,4,415.06,West,1660.24
9687,2022-11-30,636,14,5,471.95,South,2359.75
9688,2024-08-11,157,40,3,476.82,North,1430.46
9689,2024-10-18,599,42,2,55.0,South,110.0
9690,2024-02-28,148,38,2,460.5,North,921.0
9691,2024-04-11,70,34,4,288.24,North,1152.96
9692,2024-04-23,972,46,4,366.19,South,1464.76
9693,2022-09-07,370,43,4,465.99,East,1863.96
9694,2022-07-03,588,2,1,333.89,West,333.89
9695,2024-03-09,626,36,3,233.8,West,701.4000000000001
9696,2022-07-05,515,6,3,267.3,North,801.9000000000001
9697,2024-12-28,234,36,1,345.41,East,345.41
9698,2024-04-17,679,22,2,472.9,East,945.8
9699,2023-09-19,611,5,5,446.01,West,2230.05
9700,2024-05-08,636,38,5,292.76,North,1463.8
9701,2022-01-08,467,41,2,113.4,South,226.8
9702,2024-02-22,557,22,5,179.9,North,899.5
9703,2024-02-14,894,48,4,187.29,West,749.16
9704,2024-10-03,836,11,3,151.7,South,455.09999999999997
9705,2023-11-08,287,43,4,375.91,North,1503.64
9706,2022-07-30,618,31,5,419.63,East,2098.15
9707,2023-05-05,294,42,5,166.72,North,833.6
9708,2023-10-01,481,29,3,424.6,South,1273.8000000000002
9709,2022-07-10,134,33,4,369.87,South,1479.48
9710,2023-11-02,8,22,3,226.15,North,678.45
9711,2024-04-22,28,49,5,352.34,West,1761.6999999999998
9712,2022-12-01,783,27,3,386.98,South,1160.94
9713,2023-08-02,735,8,3,284.91,West,854.73
9714,2022-03-03,520,48,5,227.13,North,1135.65
9715,2023-01-22,310,6,3,59.84,West,179.52
9716,2022-06-02,646,46,4,10.67,East,42.68
9717,2023-09-11,541,25,5,469.25,North,2346.25
9718,2023-11-29,627,34,3,141.07,North,423.21
9719,2022-06-27,494,9,2,334.86,South,669.72
9720,2024-04-26,34,36,4,472.25,North,1889.0
9721,2023-05-02,7,31,4,410.96,East,1643.84
9722,2023-05-15,40,19,4,70.07,East,280.28
9723,2023-06-25,330,49,1,402.94,North,402.94
9724,2022-01-13,909,1,5,365.93,West,1829.65
9725,2022-05-31,62,24,1,171.4,South,171.4
9726,2024-12-09,86,34,3,347.9,West,1043.6999999999998
9727,2024-09-17,725,17,5,414.68,East,2073.4
9728,2023-10-06,116,34,4,152.8,North,611.2
9729,2023-01-07,577,35,4,435.82,North,1743.28
9730,2022-09-09,297,36,4,48.62,West,194.48
9731,2022-02-22,379,13,4,268.45,East,1073.8
9732,2022-07-12,682,25,3,124.28,South,372.84000000000003
9733,2023-08-14,628,12,2,366.73,North,733.46
9734,2024-12-16,322,21,5,95.68,West,478.40000000000003
9735,2022-04-07,628,37,2,177.31,East,354.62
9736,2022-07-17,733,46,5,72.42,North,362.1
9737,2022-05-27,395,38,4,407.84,West,1631.36
9738,2023-12-24,357,1,1,74.81,West,74.81
9739,2023-11-15,562,48,3,364.34,East,1093.02
9740,2024-11-01,839,6,5,356.54,West,1782.7
9741,2022-11-29,419,45,4,79.76,North,319.04
9742,2023-05-27,478,45,1,287.37,West,287.37
9743,2022-06-21,336,11,4,253.47,West,1013.88
9744,2023-07-18,591,16,3,301.31,South,903.9300000000001
9745,2023-05-27,1000,22,1,469.24,South,469.24
9746,2022-04-15,20,46,5,49.46,East,247.3
9747,2023-11-05,412,11,5,412.05,North,2060.25
9748,2024-03-17,891,37,5,432.43,West,2162.15
9749,2024-11-30,549,26,5,71.87,South,359.35
9750,2024-06-07,259,26,1,331.49,West,331.49
9751,2024-05-25,605,42,3,354.04,West,1062.1200000000001
9752,2023-11-08,699,21,1,278.85,West,278.85
9753,2022-11-17,357,26,5,256.44,East,1282.2
9754,2022-12-01,201,15,3,165.73,South,497.18999999999994
9755,2022-09-21,411,39,2,347.65,West,695.3
9756,2024-05-14,288,35,2,149.92,South,299.84
9757,2022-12-18,48,11,1,235.41,West,235.41
9758,2023-11-07,765,9,5,430.11,West,2150.55
9759,2024-07-07,558,42,2,53.87,North,107.74
9760,2022-01-05,370,23,2,268.9,North,537.8
9761,2022-02-03,231,4,4,248.18,South,992.72
9762,2022-12-17,95,30,4,195.46,West,781.84
9763,2023-08-06,303,28,3,302.79,South,908.3700000000001
9764,2023-04-10,218,25,3,17.66,West,52.980000000000004
9765,2022-12-14,552,22,5,251.31,South,1256.55
9766,2022-05-05,387,25,2,247.99,South,495.98
9767,2022-12-23,715,26,1,262.9,East,262.9
9768,2023-06-11,628,50,1,114.1,East,114.1
9769,2023-05-13,925,29,4,111.72,South,446.88
9770,2022-02-22,91,46,3,327.13,North,981.39
9771,2022-05-29,58,41,5,55.44,North,277.2
9772,2023-05-18,434,32,4,159.9,West,639.6
9773,2024-05-19,522,26,4,417.1,East,1668.4
9774,2022-08-07,768,28,5,60.84,South,304.20000000000005
9775,2023-03-28,829,20,5,239.35,North,1196.75
9776,2022-03-24,761,48,2,337.63,West,675.26
9777,2024-01-08,483,2,5,79.41,West,397.04999999999995
9778,2023-06-11,367,23,5,163.11,South,815.5500000000001
9779,2023-02-08,889,39,4,283.79,West,1135.16
9780,2022-10-17,829,5,4,170.34,East,681.36
9781,2023-02-24,407,21,1,63.87,East,63.87
9782,2022-12-05,518,22,1,123.88,North,123.88
9783,2024-02-16,331,49,1,63.61,South,63.61
9784,2023-12-12,700,11,5,491.94,East,2459.7
9785,2024-09-13,235,30,2,125.47,North,250.94
9786,2024-08-16,883,28,4,269.97,West,1079.88
9787,2023-11-17,411,36,3,219.98,South,659.9399999999999
9788,2024-11-25,183,17,2,289.06,South,578.12
9789,2023-01-08,287,21,3,254.06,West,762.1800000000001
9790,2024-09-20,123,37,5,366.31,East,1831.55
9791,2023-06-15,158,36,3,437.78,West,1313.34
9792,2024-07-12,323,25,1,149.8,West,149.8
9793,2022-01-23,13,24,4,99.97,North,399.88
9794,2022-04-14,827,30,2,492.33,South,984.66
9795,2022-08-29,566,42,1,434.38,West,434.38
9796,2024-10-01,872,35,4,188.32,North,753.28
9797,2024-06-21,789,21,1,448.45,West,448.45
9798,2024-03-24,555,6,2,338.57,South,677.14
9799,2023-10-17,779,21,5,224.34,West,1121.7
9800,2024-02-22,621,8,3,437.98,South,1313.94
9801,2022-11-03,835,5,5,340.89,South,1704.4499999999998
9802,2022-01-08,678,40,3,414.96,North,1244.8799999999999
9803,2024-12-28,863,10,3,214.7,West,644.0999999999999
9804,2023-07-29,920,31,2,401.37,West,802.74
9805,2024-12-27,618,30,2,189.79,West,379.58
9806,2024-06-30,563,21,5,370.19,East,1850.95
9807,2023-06-02,204,36,4,223.41,South,893.64
9808,2024-11-20,957,27,4,208.55,East,834.2
9809,2023-04-28,302,38,5,400.35,South,2001.75
9810,2022-07-26,43,35,3,71.27,East,213.81
9811,2023-10-31,795,32,2,464.82,West,929.64
9812,2023-08-02,597,26,5,259.25,North,1296.25
9813,2023-01-22,729,4,4,321.68,South,1286.72
9814,2023-02-16,670,27,3,208.58,South,625.74
9815,2024-06-09,862,36,4,326.48,East,1305.92
9816,2024-06-24,506,37,3,357.83,East,1073.49
9817,2024-08-20,639,27,4,435.55,East,1742.2
9818,2024-08-22,191,47,1,428.65,North,428.65
9819,2022-05-20,778,48,3,185.33,South,555.99
9820,2022-10-27,899,6,3,311.77,North,935.31
9821,2024-11-02,973,18,3,392.48,North,1177.44
9822,2023-10-26,60,26,1,384.78,East,384.78
9823,2024-04-04,795,44,1,446.56,West,446.56
9824,2023-02-04,466,24,4,417.65,East,1670.6
9825,2024-09-18,379,7,2,361.75,South,723.5
9826,2022-05-29,429,44,4,376.94,West,1507.76
9827,2022-11-03,62,14,3,405.65,South,1216.9499999999998
9828,2024-12-19,920,13,3,420.57,South,1261.71
9829,2023-03-11,302,26,4,182.81,West,731.24
9830,2022-01-21,638,43,5,393.09,East,1965.4499999999998
9831,2024-05-24,974,43,2,475.11,East,950.22
9832,2023-01-17,999,2,1,124.15,West,124.15
9833,2022-09-02,172,46,2,33.64,North,67.28
9834,2023-11-29,505,47,5,45.47,South,227.35
9835,2023-08-13,63,23,4,116.19,North,464.76
9836,2023-01-25,772,28,4,460.7,South,1842.8
9837,2023-07-22,16,1,3,72.13,South,216.39
9838,2022-09-16,691,32,4,376.33,South,1505.32
9839,2023-03-02,842,12,5,434.85,North,2174.25
9840,2024-10-26,880,46,4,439.99,West,1759.96
9841,2022-01-06,101,50,4,214.21,West,856.84
9842,2022-07-10,987,35,5,252.68,North,1263.4
9843,2022-05-28,176,26,1,168.39,North,168.39
9844,2023-02-09,193,31,2,82.2,West,164.4
9845,2022-09-15,965,12,4,113.96,East,455.84
9846,2023-12-31,973,29,2,76.04,West,152.08
9847,2022-03-31,813,5,2,209.69,East,419.38
9848,2024-04-03,899,35,3,93.47,West,280.40999999999997
9849,2022-01-10,273,7,1,207.67,North,207.67
9850,2024-04-17,467,16,2,427.08,East,854.16
9851,2024-09-14,933,32,3,330.71,East,992.1299999999999
9852,2023-09-17,773,17,5,334.75,North,1673.75
9853,2022-01-30,175,21,5,407.81,South,2039.05
9854,2022-05-08,234,27,5,30.18,East,150.9
9855,2023-02-25,812,40,5,399.31,North,1996.55
9856,2024-12-14,216,47,5,106.21,South,531.05
9857,2022-11-01,491,15,3,179.5,East,538.5
9858,2023-06-30,417,23,1,160.94,North,160.94
9859,2022-01-22,759,8,1,61.77,West,61.77
9860,2023-01-26,533,25,3,95.12,West,285.36
9861,2023-09-09,451,11,3,478.61,West,1435.83
9862,2022-05-29,836,21,4,304.13,West,1216.52
9863,2022-10-26,755,10,2,242.25,South,484.5
9864,2022-06-21,800,50,5,381.32,East,1906.6
9865,2022-02-16,280,9,2,408.73,West,817.46
9866,2023-09-18,244,48,4,64.03,West,256.12
9867,2022-07-26,675,1,1,373.04,North,373.04
9868,2023-03-29,146,22,5,466.87,North,2334.35
9869,2024-07-13,67,6,1,296.86,East,296.86
9870,2024-01-24,103,30,3,310.94,West,932.8199999999999
9871,2023-12-09,310,34,2,436.5,North,873.0
9872,2024-10-05,922,13,1,342.95,South,342.95
9873,2023-11-07,956,22,4,497.68,North,1990.72
9874,2024-05-04,637,6,1,148.52,East,148.52
9875,2024-02-22,117,41,5,424.29,West,2121.4500000000003
9876,2023-11-15,472,46,5,310.08,South,1550.3999999999999
9877,2024-08-20,763,24,2,189.21,North,378.42
9878,2024-05-13,321,21,3,442.7,North,1328.1
9879,2022-06-17,435,39,5,498.16,West,2490.8
9880,2022-03-27,370,23,4,38.35,South,153.4
9881,2024-04-28,738,5,2,463.51,South,927.02
9882,2024-12-10,700,7,5,109.52,East,547.6
9883,2023-03-18,187,3,4,110.54,North,442.16
9884,2022-09-28,588,13,1,30.46,South,30.46
9885,2022-12-10,785,12,4,461.87,West,1847.48
9886,2023-05-18,469,6,2,382.11,North,764.22
9887,2024-10-30,661,34,5,36.19,West,180.95
9888,2023-05-09,707,15,3,320.43,North,961.29
9889,2022-09-01,876,47,3,68.87,North,206.61
9890,2022-09-24,796,18,4,378.19,East,1512.76
9891,2024-06-11,473,49,4,210.44,West,841.76
9892,2022-07-20,556,3,4,35.37,West,141.48
9893,2022-08-27,454,22,5,416.41,West,2082.05
9894,2024-07-03,446,35,3,290.48,North,871.44
9895,2024-08-26,682,28,3,388.71,East,1166.1299999999999
9896,2023-04-29,94,41,2,340.52,West,681.04
9897,2022-09-03,736,42,2,222.85,West,445.7
9898,2024-10-28,790,12,1,352.35,West,352.35
9899,2022-06-01,38,1,5,17.23,North,86.15
9900,2022-07-30,782,36,4,176.47,East,705.88
9901,2023-01-02,482,30,2,391.15,East,782.3
9902,2024-08-01,747,23,1,383.9,North,383.9
9903,2022-03-27,111,37,1,444.83,West,444.83
9904,2024-12-14,890,28,3,309.41,East,928.23
9905,2023-03-22,410,49,5,471.68,East,2358.4
9906,2023-09-12,168,5,5,283.28,East,1416.3999999999999
9907,2022-10-31,566,36,4,255.22,North,1020.88
9908,2022-05-12,397,47,5,106.64,West,533.2
9909,2024-06-22,127,10,4,391.63,South,1566.52
9910,2024-09-14,990,5,5,349.11,South,1745.5500000000002
9911,2022-02-16,787,14,3,235.77,North,707.3100000000001
9912,2024-01-27,42,24,1,52.68,West,52.68
9913,2023-11-21,41,28,5,71.59,West,357.95000000000005
9914,2024-11-13,562,21,5,66.09,East,330.45000000000005
9915,2023-11-18,487,45,3,194.04,West,582.12
9916,2024-02-25,899,40,2,87.9,North,175.8
9917,2022-12-06,671,12,4,431.81,West,1727.24
9918,2023-02-16,844,20,2,450.68,South,901.36
9919,2022-10-13,399,32,1,429.82,South,429.82
9920,2024-04-29,182,38,2,308.34,East,616.68
9921,2023-03-06,181,40,1,302.21,West,302.21
9922,2022-01-31,941,42,4,446.55,North,1786.2
9923,2023-08-26,678,21,3,209.09,South,627.27
9924,2023-03-16,744,17,1,40.55,North,40.55
9925,2024-09-11,718,1,4,240.49,South,961.96
9926,2023-02-16,867,44,3,281.32,South,843.96
9927,2023-06-12,464,28,2,279.23,South,558.46
9928,2022-11-06,50,2,2,87.91,North,175.82
9929,2024-08-06,408,17,1,393.87,North,393.87
9930,2023-11-05,401,39,5,368.66,West,1843.3000000000002
9931,2023-03-13,146,14,5,122.63,East,613.15
9932,2023-12-05,298,14,3,280.1,West,840.3000000000001
9933,2023-10-25,145,44,2,397.26,North,794.52
9934,2022-12-31,16,48,4,13.77,West,55.08
9935,2024-07-11,85,18,3,144.83,North,434.49
9936,2022-04-23,216,40,1,241.3,South,241.3
9937,2022-06-25,482,34,1,424.07,East,424.07
9938,2024-07-24,52,43,3,401.49,East,1204.47
9939,2023-01-17,548,1,4,83.99,North,335.96
9940,2022-11-02,107,42,2,236.74,West,473.48
9941,2023-08-25,219,18,2,159.27,North,318.54
9942,2022-12-09,935,48,4,206.7,North,826.8
9943,2022-06-05,337,34,2,274.91,North,549.82
9944,2023-12-13,921,23,5,254.68,North,1273.4
9945,2024-12-14,371,49,5,79.37,East,396.85
9946,2023-02-07,998,16,4,69.63,East,278.52
9947,2023-09-06,810,19,5,73.83,West,369.15
9948,2024-03-07,254,37,3,422.23,East,1266.69
9949,2023-09-15,405,6,2,19.77,South,39.54
9950,2023-08-26,580,24,3,109.18,South,327.54
9951,2022-06-26,985,17,4,478.39,North,1913.56
9952,2023-03-25,699,48,5,42.35,South,211.75
9953,2024-01-13,636,16,3,27.8,East,83.4
9954,2022-10-28,30,39,3,199.79,North,599.37
9955,2023-12-08,185,48,1,84.09,South,84.09
9956,2022-11-03,289,41,3,287.22,West,861.6600000000001
9957,2024-01-21,359,6,5,175.9,East,879.5
9958,2024-05-18,474,16,2,112.4,North,224.8
9959,2022-08-02,985,9,2,499.31,North,998.62
9960,2023-04-28,565,29,2,177.14,East,354.28
9961,2024-12-26,400,4,5,324.09,East,1620.4499999999998
9962,2022-05-13,689,26,2,438.32,West,876.64
9963,2023-05-27,984,38,2,461.97,South,923.94
9964,2022-07-30,133,26,4,210.96,East,843.84
9965,2024-09-14,502,14,4,488.32,East,1953.28
9966,2024-09-13,503,35,1,365.04,West,365.04
9967,2023-12-18,874,49,1,295.81,East,295.81
9968,2022-09-10,999,43,3,349.71,North,1049.1299999999999
9969,2022-02-07,77,24,3,186.47,West,559.41
9970,2024-12-02,350,8,3,217.96,East,653.88
9971,2023-09-21,60,40,1,297.27,East,297.27
9972,2024-09-13,455,25,2,170.15,North,340.3
9973,2022-02-15,879,4,3,386.72,North,1160.16
9974,2022-11-01,465,15,2,133.03,West,266.06
9975,2022-08-21,311,16,2,400.43,North,800.86
9976,2022-09-02,91,11,1,84.56,North,84.56
9977,2024-01-30,931,28,4,116.52,North,466.08
9978,2024-04-18,965,7,4,379.02,East,1516.08
9979,2022-06-07,298,50,5,138.94,East,694.7
9980,2024-10-21,325,38,4,399.74,South,1598.96
9981,2022-08-05,280,24,3,394.1,East,1182.3000000000002
9982,2024-07-16,711,31,1,136.08,West,136.08
9983,2023-05-22,967,4,2,45.81,North,91.62
9984,2024-01-31,118,37,1,91.52,East,91.52
9985,2024-06-22,695,35,5,378.74,East,1893.7
9986,2023-08-04,910,6,5,425.03,South,2125.1499999999996
9987,2024-11-19,567,46,5,197.7,West,988.5
9988,2023-09-19,271,33,2,90.47,West,180.94
9989,2023-06-04,517,32,5,46.98,North,234.89999999999998
9990,2022-10-02,101,46,5,115.75,West,578.75
9991,2023-05-07,388,38,5,490.05,East,2450.25
9992,2024-04-06,286,35,2,93.43,West,186.86
9993,2024-08-08,980,17,5,52.22,South,261.1
9994,2024-07-14,53,32,3,394.88,West,1184.6399999999999
9995,2024-04-26,730,14,1,311.55,East,311.55
9996,2024-11-25,841,19,5,272.06,East,1360.3
9997,2024-12-03,798,24,5,229.45,West,1147.25
9998,2022-02-08,240,39,1,353.9,East,353.9
9999,2022-08-27,214,11,5,352.19,South,1760.95
10000,2024-11-02,616,7,5,217.97,West,1089.85
10001,2022-05-02,361,45,3,124.77,West,374.31
10002,2022-05-24,364,24,4,422.22,West,1688.88
10003,2023-11-15,734,24,2,90.66,East,181.32
10004,2023-03-31,852,14,2,271.66,East,543.32
10005,2023-01-03,860,24,1,349.41,West,349.41
10006,2024-01-29,701,11,3,323.05,South,969.1500000000001
10007,2022-09-04,327,8,2,313.21,North,626.42
10008,2024-07-11,836,44,1,334.63,North,334.63
10009,2024-12-04,476,15,1,439.07,East,439.07
10010,2024-02-04,823,42,1,189.04,South,189.04
10011,2023-01-10,611,2,2,317.44,East,634.88
10012,2022-07-26,97,24,4,351.51,West,1406.04
10013,2023-06-03,327,45,1,299.26,East,299.26
10014,2022-08-30,73,10,5,452.47,South,2262.3500000000004
10015,2024-03-29,994,32,4,330.84,North,1323.36
10016,2022-10-29,256,17,4,217.97,South,871.88
10017,2023-12-02,743,10,5,424.34,South,2121.7
10018,2022-10-15,170,22,2,249.89,East,499.78
10019,2022-06-03,994,6,2,269.78,South,539.56
10020,2023-02-27,333,27,3,295.32,South,885.96
10021,2024-04-29,157,20,2,168.16,East,336.32
10022,2022-02-19,419,1,3,364.04,South,1092.1200000000001
10023,2023-07-18,941,17,1,58.08,South,58.08
10024,2024-05-03,458,1,2,435.74,South,871.48
10025,2024-06-01,734,37,2,379.72,North,759.44
10026,2023-10-24,876,15,5,183.28,South,916.4
10027,2023-07-19,858,1,1,120.93,South,120.93
10028,2022-08-01,99,17,3,200.07,West,600.21
10029,2024-12-25,732,46,1,404.48,South,404.48
10030,2024-03-21,925,45,4,25.47,West,101.88
10031,2024-04-29,244,43,5,239.28,East,1196.4
10032,2024-05-30,966,44,4,134.51,East,538.04
10033,2024-12-24,771,38,3,438.73,West,1316.19
10034,2022-11-30,477,43,2,212.78,East,425.56
10035,2022-02-01,441,2,2,351.97,East,703.94
10036,2024-05-17,194,18,2,185.37,North,370.74
10037,2024-06-16,375,12,3,171.55,West,514.6500000000001
10038,2023-08-24,662,29,4,169.68,East,678.72
10039,2024-09-14,367,23,3,342.31,West,1026.93
10040,2023-08-22,155,47,3,482.48,East,1447.44
10041,2023-06-04,499,9,4,111.99,West,447.96
10042,2024-05-18,534,8,2,325.51,South,651.02
10043,2022-01-16,458,50,5,140.06,West,700.3
10044,2022-10-10,628,16,3,279.18,West,837.54
10045,2022-12-27,113,23,3,275.38,West,826.14
10046,2024-11-24,945,29,4,230.52,South,922.08
10047,2022-04-23,723,10,5,254.34,West,1271.7
10048,2022-11-04,24,12,3,441.31,East,1323.93
10049,2024-08-16,283,12,1,53.42,East,53.42
10050,2024-12-12,292,30,5,416.84,South,2084.2
10051,2024-04-13,363,10,3,236.53,West,709.59
10052,2022-08-30,401,14,5,173.46,East,867.3000000000001
10053,2022-01-31,568,4,1,96.8,West,96.8
10054,2023-12-05,266,47,1,409.26,North,409.26
10055,2024-05-18,54,20,5,300.1,West,1500.5
10056,2022-08-21,849,41,2,366.9,South,733.8
10057,2024-11-23,620,39,5,164.33,West,821.6500000000001
10058,2024-08-08,714,7,4,202.55,East,810.2
10059,2022-02-28,714,30,2,457.69,West,915.38
10060,2024-02-10,422,41,1,480.98,South,480.98
10061,2023-12-19,849,24,2,372.52,East,745.04
10062,2022-10-29,895,10,1,377.22,North,377.22
10063,2024-03-13,474,45,1,350.26,North,350.26
10064,2024-06-15,730,38,1,297.73,West,297.73
10065,2022-04-22,243,36,4,301.59,West,1206.36
10066,2022-11-13,354,17,4,482.26,North,1929.04
10067,2023-10-30,388,21,3,377.95,South,1133.85
10068,2023-11-21,178,46,4,331.12,East,1324.48
10069,2022-01-18,475,3,1,102.64,South,102.64
10070,2024-02-17,573,1,5,488.77,South,2443.85
10071,2022-12-26,405,18,2,264.94,South,529.88
10072,2022-11-28,36,2,5,472.42,North,2362.1
10073,2023-06-12,358,40,1,359.64,North,359.64
10074,2022-01-12,558,48,5,29.64,East,148.2
10075,2022-07-31,607,4,2,274.11,North,548.22
10076,2023-10-03,327,32,3,447.41,East,1342.23
10077,2022-10-10,44,19,3,35.37,East,106.10999999999999
10078,2024-02-19,320,20,4,434.7,North,1738.8
10079,2024-11-19,738,42,5,310.56,North,1552.8
10080,2024-10-29,658,49,4,31.82,North,127.28
10081,2023-11-08,472,49,4,193.06,East,772.24
10082,2023-12-06,269,7,5,24.78,South,123.9
10083,2023-03-02,525,9,5,10.84,East,54.2
10084,2023-08-14,25,7,2,449.25,East,898.5
10085,2022-04-01,773,27,5,376.8,West,1884.0
10086,2023-04-01,640,21,5,151.84,West,759.2
10087,2023-03-20,551,35,4,65.72,South,262.88
10088,2022-03-20,157,24,3,36.67,East,110.01
10089,2024-07-15,876,32,1,459.44,East,459.44
10090,2022-04-13,185,12,3,316.52,North,949.56
10091,2023-09-15,174,23,5,88.67,West,443.35
10092,2024-09-16,929,36,1,343.92,North,343.92
10093,2022-08-22,984,49,5,499.46,West,2497.2999999999997
10094,2023-10-06,394,29,2,396.13,West,792.26
10095,2024-02-29,186,3,5,228.8,South,1144.0
10096,2023-01-22,281,43,1,408.95,North,408.95
10097,2024-04-26,586,8,2,374.71,West,749.42
10098,2022-02-07,295,34,1,53.44,North,53.44
10099,2022-08-29,528,14,2,463.59,North,927.18
10100,2024-11-15,188,36,4,443.21,West,1772.84
10101,2023-07-16,412,48,1,299.37,South,299.37
10102,2024-03-16,972,46,4,258.99,South,1035.96
10103,2022-10-25,684,32,4,121.59,North,486.36
10104,2024-03-15,186,7,5,418.88,West,2094.4
10105,2022-06-03,544,10,3,221.62,West,664.86
10106,2024-01-02,575,12,2,293.86,East,587.72
10107,2023-04-13,861,40,1,93.34,South,93.34
10108,2022-02-18,301,23,4,114.77,West,459.08
10109,2022-02-15,309,11,5,492.75,South,2463.75
10110,2024-02-19,189,13,1,252.06,East,252.06
10111,2022-03-23,818,12,5,409.71,East,2048.5499999999997
10112,2024-12-03,411,7,1,416.57,North,416.57
10113,2024-08-12,538,44,5,490.94,East,2454.7
10114,2022-09-30,387,10,5,491.62,East,2458.1
10115,2023-01-29,858,7,3,233.91,West,701.73
10116,2024-02-29,551,27,4,475.66,West,1902.64
10117,2023-08-18,193,7,2,189.07,East,378.14
10118,2022-02-27,163,50,2,307.74,West,615.48
10119,2023-07-19,53,24,1,412.64,West,412.64
10120,2022-01-01,475,23,1,457.76,North,457.76
10121,2022-08-04,174,25,3,266.68,West,800.04
10122,2024-02-05,196,44,1,214.75,North,214.75
10123,2023-11-02,211,36,2,366.97,West,733.94
10124,2023-05-26,790,33,4,233.4,North,933.6
10125,2024-07-03,700,37,3,339.18,North,1017.54
10126,2022-04-05,390,42,1,404.07,South,404.07
10127,2023-05-08,308,39,3,422.15,North,1266.4499999999998
10128,2024-02-04,457,7,3,134.61,West,403.83000000000004
10129,2024-10-18,331,30,3,290.01,North,870.03
10130,2022-05-30,726,31,1,22.27,East,22.27
10131,2024-11-12,495,45,5,400.9,North,2004.5
10132,2024-01-26,329,46,1,71.3,North,71.3
10133,2023-02-03,29,37,1,437.13,East,437.13
10134,2023-02-14,683,21,1,209.34,West,209.34
10135,2022-05-11,122,34,1,91.96,West,91.96
10136,2024-05-04,458,46,1,399.95,West,399.95
10137,2022-05-28,418,21,3,108.14,North,324.42
10138,2023-01-16,159,40,3,203.26,East,609.78
10139,2023-07-06,598,20,1,287.77,South,287.77
10140,2022-10-22,814,34,4,186.41,West,745.64
10141,2023-04-01,516,8,4,97.72,East,390.88
10142,2022-06-18,2,32,5,208.99,East,1044.95
10143,2023-12-11,645,30,4,80.68,West,322.72
10144,2022-02-06,302,29,2,362.39,South,724.78
10145,2022-08-19,79,5,2,94.04,West,188.08
10146,2022-09-11,659,30,4,246.37,East,985.48
10147,2022-11-25,678,12,1,284.59,East,284.59
10148,2024-09-06,315,39,4,473.08,South,1892.32
10149,2022-01-10,975,27,2,48.35,East,96.7
10150,2023-03-22,750,13,4,465.92,West,1863.68
10151,2024-07-10,328,47,3,112.03,West,336.09000000000003
10152,2024-04-15,276,10,5,422.06,South,2110.3
10153,2022-03-19,716,36,3,54.34,West,163.02
10154,2022-07-12,452,31,3,494.46,West,1483.3799999999999
10155,2023-02-05,565,16,5,405.74,West,2028.7
10156,2022-04-19,486,39,1,40.85,South,40.85
10157,2024-03-02,107,45,5,114.91,South,574.55
10158,2022-09-20,567,36,1,278.79,North,278.79
10159,2022-11-25,246,26,2,266.55,South,533.1
10160,2022-12-29,935,44,4,318.34,East,1273.36
10161,2022-09-16,889,20,2,237.12,North,474.24
10162,2022-03-26,164,34,2,369.74,East,739.48
10163,2022-11-04,954,37,2,180.76,South,361.52
10164,2022-09-19,527,8,4,96.43,West,385.72
10165,2024-03-07,1,4,1,26.55,West,26.55
10166,2023-09-23,863,29,5,169.14,North,845.6999999999999
10167,2023-11-11,137,31,1,219.17,East,219.17
10168,2024-05-14,151,2,1,332.94,North,332.94
10169,2022-11-20,180,25,3,405.16,North,1215.48
10170,2024-07-13,922,38,4,127.63,West,510.52
10171,2023-12-28,744,3,1,251.67,South,251.67
10172,2024-09-04,487,46,1,124.53,North,124.53
10173,2022-08-05,700,42,2,476.07,West,952.14
10174,2023-03-24,18,43,3,327.3,East,981.9000000000001
10175,2022-11-15,225,5,5,342.17,North,1710.8500000000001
10176,2024-09-20,105,22,3,270.3,North,810.9000000000001
10177,2022-02-06,999,16,2,148.1,South,296.2
10178,2024-01-01,718,9,2,108.21,South,216.42
10179,2024-10-07,698,48,2,331.76,South,663.52
10180,2024-11-23,65,9,4,461.64,South,1846.56
10181,2022-02-08,333,49,2,114.32,South,228.64
10182,2022-07-28,372,12,1,290.16,West,290.16
10183,2024-04-09,207,47,4,269.37,North,1077.48
10184,2024-05-05,229,42,2,324.41,West,648.82
10185,2024-06-17,581,4,4,298.02,West,1192.08
10186,2023-08-24,142,49,1,143.67,South,143.67
10187,2024-01-30,718,18,2,348.81,North,697.62
10188,2023-03-10,686,18,2,143.6,South,287.2
10189,2024-04-21,709,42,1,329.97,South,329.97
10190,2022-02-01,331,43,2,156.97,East,313.94
10191,2023-01-28,928,33,1,50.39,South,50.39
10192,2024-06-28,819,42,2,72.34,South,144.68
10193,2022-07-11,709,3,2,418.71,West,837.42
10194,2022-09-27,740,38,3,69.46,West,208.38
10195,2024-01-08,271,17,4,171.95,North,687.8
10196,2022-03-18,949,12,5,150.94,North,754.7
10197,2024-01-05,711,11,3,38.35,South,115.05000000000001
10198,2024-06-02,325,17,3,303.76,South,911.28
10199,2022-10-11,990,35,4,401.4,East,1605.6
10200,2023-06-28,527,41,3,496.24,East,1488.72
10201,2023-10-11,798,50,1,468.66,West,468.66
10202,2022-09-07,846,6,3,34.17,North,102.51
10203,2022-04-05,920,35,5,136.18,North,680.9000000000001
10204,2022-01-17,728,6,1,211.94,North,211.94
10205,2022-04-27,547,32,4,438.76,West,1755.04
10206,2024-09-09,69,11,4,186.44,North,745.76
10207,2022-11-29,908,43,4,289.45,West,1157.8
10208,2023-10-08,212,39,1,333.2,West,333.2
10209,2022-04-26,558,13,4,156.0,North,624.0
10210,2024-08-20,382,13,4,295.15,East,1180.6
10211,2024-04-26,965,39,5,34.93,East,174.65
10212,2022-11-12,760,46,2,245.29,North,490.58
10213,2024-03-20,420,34,2,195.48,East,390.96
10214,2023-01-07,597,3,2,184.32,East,368.64
10215,2024-01-30,48,32,4,125.1,West,500.4
10216,2024-05-26,231,4,1,410.69,West,410.69
10217,2024-09-03,579,40,4,442.14,North,1768.56
10218,2022-06-05,477,1,2,445.18,South,890.36
10219,2023-09-06,950,9,5,204.09,North,1020.45
10220,2024-11-02,89,49,4,136.99,North,547.96
10221,2023-05-23,731,50,4,58.22,West,232.88
10222,2023-04-10,932,7,4,339.48,North,1357.92
10223,2024-02-22,52,27,1,171.78,East,171.78
10224,2024-03-14,534,3,5,145.57,North,727.8499999999999
10225,2022-08-08,422,22,5,192.0,South,960.0
10226,2022-01-15,611,16,5,281.81,West,1409.05
10227,2022-04-27,446,8,5,89.34,West,446.70000000000005
10228,2022-11-27,961,5,2,481.06,North,962.12
10229,2022-02-25,131,49,4,368.98,North,1475.92
10230,2022-11-04,600,30,5,32.92,South,164.60000000000002
10231,2022-08-10,648,28,3,160.33,East,480.99
10232,2024-03-07,374,27,3,34.63,East,103.89000000000001
10233,2022-05-31,551,50,2,122.45,West,244.9
10234,2022-04-22,530,22,3,150.43,North,451.29
10235,2023-11-14,105,30,3,361.81,West,1085.43
10236,2022-11-28,387,37,3,362.18,South,1086.54
10237,2024-06-11,658,7,2,32.21,East,64.42
10238,2022-06-10,336,50,4,298.18,East,1192.72
10239,2022-10-05,736,30,2,480.85,South,961.7
10240,2024-06-15,117,13,1,317.9,South,317.9
10241,2023-05-12,1,22,1,480.67,West,480.67
10242,2023-10-17,629,11,3,196.47,West,589.41
10243,2024-11-25,896,5,3,235.29,South,705.87
10244,2022-10-30,538,22,4,252.79,West,1011.16
10245,2023-03-14,436,15,3,462.73,West,1388.19
10246,2023-12-27,496,39,1,196.34,East,196.34
10247,2024-11-21,12,37,3,491.88,North,1475.6399999999999
10248,2022-07-05,294,31,4,276.13,South,1104.52
10249,2023-11-04,508,29,1,116.88,North,116.88
10250,2024-09-27,853,39,3,60.81,South,182.43
10251,2022-10-06,681,17,4,94.71,South,378.84
10252,2023-11-14,565,41,4,29.25,West,117.0
10253,2024-10-22,781,6,1,349.23,West,349.23
10254,2024-10-07,760,41,1,263.28,South,263.28
10255,2024-07-13,128,17,1,371.58,South,371.58
10256,2023-01-15,76,34,4,393.31,West,1573.24
10257,2024-04-14,269,23,1,466.37,West,466.37
10258,2024-09-25,146,30,1,67.33,North,67.33
10259,2022-10-12,915,13,4,101.19,East,404.76
10260,2023-02-25,403,30,4,278.65,East,1114.6
10261,2022-04-23,499,49,1,73.47,North,73.47
10262,2024-10-14,966,20,1,55.43,South,55.43
10263,2022-08-16,560,6,1,336.51,West,336.51
10264,2023-06-12,199,31,4,365.11,South,1460.44
10265,2023-05-11,583,19,5,423.27,East,2116.35
10266,2022-01-31,924,6,2,458.72,West,917.44
10267,2022-06-11,503,34,3,226.82,North,680.46
10268,2023-12-06,604,28,2,490.14,North,980.28
10269,2023-12-23,403,13,4,28.56,East,114.24
10270,2023-03-22,976,10,5,436.36,South,2181.8
10271,2024-01-14,209,41,4,167.52,South,670.08
10272,2023-03-03,342,45,1,461.64,South,461.64
10273,2023-05-19,851,7,3,119.08,East,357.24
10274,2023-12-22,48,18,2,373.09,East,746.18
10275,2023-11-15,541,22,4,218.47,East,873.88
10276,2023-08-05,176,14,5,196.92,South,984.5999999999999
10277,2024-11-23,511,36,1,39.12,North,39.12
10278,2024-01-06,19,8,5,355.9,South,1779.5
10279,2023-11-22,495,12,3,95.92,East,287.76
10280,2024-01-28,355,40,5,236.87,West,1184.35
10281,2024-01-24,559,48,5,79.24,East,396.2
10282,2022-01-24,345,33,1,306.19,West,306.19
10283,2022-02-24,60,24,5,123.22,East,616.1
10284,2024-11-15,688,42,1,301.25,East,301.25
10285,2024-03-14,767,39,3,473.84,West,1421.52
10286,2022-11-23,916,14,4,461.25,East,1845.0
10287,2024-08-27,229,49,1,108.23,North,108.23
10288,2022-07-05,147,5,4,58.6,West,234.4
10289,2023-05-10,298,19,2,30.9,East,61.8
10290,2024-11-01,333,3,5,415.97,West,2079.8500000000004
10291,2023-03-10,751,1,4,132.16,West,528.64
10292,2022-07-27,332,40,5,149.13,West,745.65
10293,2022-05-13,433,41,1,120.86,North,120.86
10294,2023-01-04,399,37,5,421.64,East,2108.2
10295,2023-02-27,700,33,3,489.66,North,1468.98
10296,2024-10-29,836,49,4,380.04,West,1520.16
10297,2022-09-01,335,46,5,413.55,West,2067.75
10298,2024-02-21,209,17,4,314.05,South,1256.2
10299,2023-09-16,411,9,4,269.1,South,1076.4
10300,2023-07-21,587,31,3,363.57,South,1090.71
10301,2023-06-11,695,35,1,27.52,West,27.52
10302,2022-02-06,599,3,5,40.09,North,200.45000000000002
10303,2022-06-27,271,13,2,346.76,West,693.52
10304,2023-10-01,180,37,4,174.18,West,696.72
10305,2024-05-01,415,38,1,249.53,North,249.53
10306,2022-03-13,757,14,2,393.18,East,786.36
10307,2022-12-18,346,6,4,292.81,South,1171.24
10308,2023-09-15,519,29,2,404.58,West,809.16
10309,2022-04-15,781,49,5,215.39,West,1076.9499999999998
10310,2022-08-09,438,9,5,150.84,East,754.2
10311,2024-05-12,13,36,4,125.07,South,500.28
10312,2023-06-02,404,23,4,74.52,East,298.08
10313,2022-10-26,738,15,5,28.03,South,140.15
10314,2024-05-10,778,50,1,36.04,West,36.04
10315,2022-02-11,754,47,2,142.79,South,285.58
10316,2024-02-10,380,50,4,146.42,West,585.68
10317,2024-06-15,692,7,4,197.07,North,788.28
10318,2023-05-07,421,47,3,299.89,North,899.67
10319,2024-12-06,180,25,2,382.06,North,764.12
10320,2022-03-26,638,37,5,106.88,East,534.4
10321,2024-12-17,283,23,4,382.03,East,1528.12
10322,2024-09-17,418,11,4,78.1,West,312.4
10323,2023-12-12,356,46,5,494.46,East,2472.2999999999997
10324,2022-07-28,702,8,2,149.67,East,299.34
10325,2022-02-08,16,36,1,420.29,East,420.29
10326,2024-07-14,315,42,5,103.33,North,516.65
10327,2024-02-01,533,39,1,475.81,East,475.81
10328,2024-08-03,16,1,4,415.05,South,1660.2
10329,2022-02-21,465,44,1,186.1,East,186.1
10330,2023-01-09,463,13,1,216.52,South,216.52
10331,2024-07-19,781,16,5,11.88,North,59.400000000000006
10332,2022-06-05,545,46,4,133.2,West,532.8
10333,2023-11-10,694,13,2,151.76,East,303.52
10334,2022-12-17,69,37,3,231.84,West,695.52
10335,2022-03-10,411,14,1,78.13,West,78.13
10336,2024-12-11,52,13,4,244.6,West,978.4
10337,2023-10-16,65,46,3,337.55,West,1012.6500000000001
10338,2022-03-04,812,12,2,191.93,East,383.86
10339,2023-05-24,926,28,3,123.78,South,371.34000000000003
10340,2022-10-19,919,22,2,278.38,West,556.76
10341,2024-03-31,847,20,3,24.21,North,72.63
10342,2022-05-30,740,47,2,177.01,North,354.02
10343,2024-05-30,467,19,1,268.52,South,268.52
10344,2023-12-05,734,11,3,174.56,West,523.6800000000001
10345,2023-05-31,272,30,2,179.26,North,358.52
10346,2022-01-30,439,26,4,425.67,East,1702.68
10347,2022-11-22,530,15,5,467.66,North,2338.3
10348,2024-08-06,730,30,3,415.42,West,1246.26
10349,2022-01-16,273,29,3,58.45,West,175.35000000000002
10350,2022-04-21,459,32,3,151.97,West,455.90999999999997
10351,2024-05-21,820,30,3,358.53,West,1075.59
10352,2023-12-14,173,44,5,487.45,North,2437.25
10353,2022-04-17,568,16,3,128.72,East,386.15999999999997
10354,2023-01-14,861,36,1,450.12,West,450.12
10355,2022-06-11,950,18,1,372.12,West,372.12
10356,2022-10-10,521,41,4,491.89,South,1967.56
10357,2022-09-26,497,48,5,55.86,North,279.3
10358,2023-04-29,913,39,4,203.43,East,813.72
10359,2023-10-29,795,28,1,244.28,East,244.28
10360,2023-08-21,805,19,3,339.32,East,1017.96
10361,2024-03-09,534,11,3,330.45,South,991.3499999999999
10362,2024-03-08,72,17,2,454.11,North,908.22
10363,2023-01-25,963,21,5,420.95,West,2104.75
10364,2023-02-20,934,37,2,37.13,North,74.26
10365,2023-03-02,867,44,5,248.4,South,1242.0
10366,2024-09-23,992,34,5,209.46,West,1047.3
10367,2024-05-16,840,33,3,498.6,South,1495.8000000000002
10368,2022-03-27,172,29,3,219.36,East,658.08
10369,2023-02-27,635,4,4,344.48,South,1377.92
10370,2022-04-28,603,32,1,149.37,West,149.37
10371,2024-08-16,736,11,1,311.17,West,311.17
10372,2024-05-31,292,26,3,111.25,South,333.75
10373,2024-09-18,866,18,1,305.77,North,305.77
10374,2023-02-19,252,32,5,435.41,North,2177.05
10375,2023-08-22,409,27,1,19.43,North,19.43
10376,2022-02-09,991,16,4,257.25,East,1029.0
10377,2023-12-04,810,10,1,491.36,East,491.36
10378,2023-06-21,367,44,1,88.04,East,88.04
10379,2023-02-24,256,34,4,99.87,East,399.48
10380,2023-10-26,525,33,4,240.7,North,962.8
10381,2022-04-05,440,10,3,436.79,North,1310.3700000000001
10382,2024-08-30,335,42,4,285.75,South,1143.0
10383,2023-10-12,630,26,3,259.27,East,777.81
10384,2022-10-15,435,42,5,52.51,South,262.55
10385,2023-02-16,690,25,2,481.37,East,962.74
10386,2023-02-04,461,2,1,180.09,West,180.09
10387,2023-06-12,308,26,4,133.39,East,533.56
10388,2024-11-07,673,20,1,211.75,East,211.75
10389,2022-05-16,95,3,5,212.95,North,1064.75
10390,2024-01-29,409,32,2,234.68,West,469.36
10391,2024-04-22,880,1,4,347.38,East,1389.52
10392,2023-12-11,826,24,3,435.29,West,1305.8700000000001
10393,2024-10-21,168,50,3,38.08,South,114.24
10394,2023-01-16,87,43,4,250.48,South,1001.92
10395,2023-05-24,934,44,4,212.85,North,851.4
10396,2024-03-16,3,33,5,15.33,East,76.65
10397,2023-04-21,372,38,2,410.08,North,820.16
10398,2024-08-11,528,48,4,61.11,South,244.44
10399,2024-04-28,642,35,3,66.23,East,198.69
10400,2024-06-15,23,17,2,33.67,West,67.34
10401,2022-02-01,98,48,4,108.21,North,432.84
10402,2022-04-28,670,43,2,96.64,East,193.28
10403,2022-07-10,751,48,5,180.45,South,902.25
10404,2022-03-15,522,44,4,333.04,West,1332.16
10405,2023-09-15,321,33,4,36.6,East,146.4
10406,2024-05-20,534,11,2,431.54,East,863.08
10407,2023-08-09,820,23,4,170.02,North,680.08
10408,2023-02-24,367,38,2,307.24,West,614.48
10409,2023-04-18,184,32,2,15.88,North,31.76
10410,2022-04-24,417,19,4,189.25,West,757.0
10411,2022-11-26,729,12,3,11.0,East,33.0
10412,2022-12-05,214,28,5,91.07,West,455.34999999999997
10413,2022-08-26,848,2,2,229.45,East,458.9
10414,2022-03-20,670,10,3,272.19,South,816.5699999999999
10415,2023-04-09,210,19,2,84.94,South,169.88
10416,2023-08-28,920,28,3,375.16,South,1125.48
10417,2023-07-16,133,47,4,102.61,North,410.44
10418,2022-10-12,53,8,5,66.76,West,333.8
10419,2022-08-11,741,43,3,173.38,South,520.14
10420,2023-08-16,695,23,1,280.2,West,280.2
10421,2023-01-08,23,48,2,494.56,North,989.12
10422,2024-06-29,106,45,3,215.17,South,645.51
10423,2024-04-07,603,30,5,218.74,South,1093.7
10424,2022-08-24,631,28,5,39.07,West,195.35
10425,2023-11-02,460,13,5,385.25,South,1926.25
10426,2024-04-07,650,37,3,99.07,East,297.21
10427,2024-02-02,482,12,3,374.95,East,1124.85
10428,2023-01-15,120,10,4,456.2,South,1824.8
10429,2024-03-04,673,17,1,386.43,East,386.43
10430,2023-09-06,208,1,3,324.8,North,974.4000000000001
10431,2023-07-17,861,22,4,305.92,North,1223.68
10432,2023-02-24,318,15,2,232.28,West,464.56
10433,2022-02-21,338,16,1,80.83,East,80.83
10434,2024-03-29,155,20,5,391.63,South,1958.15
10435,2022-07-24,775,10,1,243.89,East,243.89
10436,2024-09-27,868,42,2,316.57,East,633.14
10437,2024-01-01,155,26,3,193.27,West,579.8100000000001
10438,2022-09-14,842,49,3,108.35,North,325.04999999999995
10439,2022-07-04,394,23,4,405.19,South,1620.76
10440,2022-05-25,505,17,3,177.78,North,533.34
10441,2024-11-03,971,34,3,434.67,East,1304.01
10442,2022-09-03,313,41,1,483.21,East,483.21
10443,2022-07-06,798,22,2,416.69,South,833.38
10444,2024-05-15,259,4,5,72.79,West,363.95000000000005
10445,2022-02-09,157,7,5,428.96,South,2144.7999999999997
10446,2023-08-24,14,5,4,264.49,North,1057.96
10447,2024-08-19,77,31,2,128.29,South,256.58
10448,2024-09-12,339,19,1,55.65,West,55.65
10449,2022-01-09,409,4,5,146.47,South,732.35
10450,2022-12-16,394,50,4,77.34,East,309.36
10451,2022-03-25,847,22,3,22.57,East,67.71000000000001
10452,2023-06-17,220,3,3,494.0,East,1482.0
10453,2024-09-15,744,23,1,417.46,South,417.46
10454,2022-12-24,433,4,5,372.09,West,1860.4499999999998
10455,2023-01-13,806,46,3,104.58,West,313.74
10456,2022-06-21,455,24,4,23.59,South,94.36
10457,2024-11-14,654,14,4,247.75,West,991.0
10458,2023-01-28,763,49,5,373.43,East,1867.15
10459,2023-12-03,926,41,1,481.79,West,481.79
10460,2023-07-03,808,3,4,423.5,West,1694.0
10461,2024-02-23,140,47,2,447.82,West,895.64
10462,2022-11-28,988,21,4,126.94,South,507.76
10463,2024-03-04,498,26,1,86.11,East,86.11
10464,2023-10-11,654,1,4,131.41,South,525.64
10465,2024-09-09,641,30,3,77.9,East,233.70000000000002
10466,2024-11-18,836,4,1,401.26,North,401.26
10467,2023-06-27,817,14,3,452.49,West,1357.47
10468,2024-11-08,530,18,3,160.6,South,481.79999999999995
10469,2023-05-06,755,12,5,439.69,West,2198.45
10470,2022-10-10,676,38,1,36.97,North,36.97
10471,2024-05-11,832,42,3,341.9,East,1025.6999999999998
10472,2022-04-23,96,36,5,268.47,North,1342.3500000000001
10473,2024-05-11,28,16,5,145.6,South,728.0
10474,2023-09-02,988,1,3,386.42,West,1159.26
10475,2023-05-23,230,3,3,113.9,North,341.70000000000005
10476,2023-04-11,416,39,2,213.91,East,427.82
10477,2024-04-03,456,35,1,357.83,North,357.83
10478,2023-09-01,25,15,5,175.73,West,878.65
10479,2022-10-17,687,38,1,429.13,East,429.13
10480,2024-05-17,404,16,5,434.06,East,2170.3
10481,2024-02-21,673,17,4,109.24,West,436.96
10482,2022-06-11,542,34,4,225.79,North,903.16
10483,2023-09-16,165,10,5,221.69,East,1108.45
10484,2023-12-18,208,11,2,210.92,West,421.84
10485,2023-07-21,949,28,4,255.97,East,1023.88
10486,2024-09-20,985,27,1,46.44,South,46.44
10487,2023-08-19,614,38,3,436.32,East,1308.96
10488,2024-08-16,373,18,1,152.06,North,152.06
10489,2024-10-09,618,47,1,10.89,East,10.89
10490,2023-04-20,842,48,1,345.7,South,345.7
10491,2023-09-10,69,30,5,328.73,East,1643.65
10492,2023-10-03,520,13,5,491.75,East,2458.75
10493,2022-09-19,635,16,1,362.43,West,362.43
10494,2022-06-11,353,2,3,173.03,West,519.09
10495,2022-06-30,101,20,2,476.78,East,953.56
10496,2023-12-26,1,12,2,189.02,West,378.04
10497,2023-04-14,351,29,4,412.41,West,1649.64
10498,2022-01-21,7,46,4,174.48,West,697.92
10499,2022-09-17,318,8,3,33.87,East,101.60999999999999
10500,2023-04-11,623,38,1,369.55,South,369.55
10501,2023-06-21,855,46,5,181.6,East,908.0
10502,2024-08-09,509,47,4,176.05,East,704.2
10503,2024-02-05,186,20,1,360.77,West,360.77
10504,2024-08-16,728,35,2,167.8,East,335.6
10505,2024-07-22,462,39,3,67.83,North,203.49
10506,2024-04-30,343,31,5,208.21,East,1041.05
10507,2023-06-17,635,16,5,413.68,West,2068.4
10508,2022-01-15,713,23,4,73.8,South,295.2
10509,2022-02-19,8,34,1,281.7,East,281.7
10510,2024-09-25,576,32,5,74.81,South,374.05
10511,2022-10-31,136,17,2,34.1,North,68.2
10512,2023-02-20,899,43,2,195.57,South,391.14
10513,2022-11-01,383,24,3,332.36,East,997.08
10514,2022-07-15,186,35,3,144.74,South,434.22
10515,2024-03-23,639,23,2,228.41,West,456.82
10516,2024-03-10,928,8,2,250.75,West,501.5
10517,2023-01-23,372,23,1,422.23,North,422.23
10518,2024-01-27,964,21,5,411.3,West,2056.5
10519,2023-03-31,561,19,1,11.15,East,11.15
10520,2023-12-14,166,31,3,212.82,North,638.46
10521,2023-12-06,898,50,3,331.48,East,994.44
10522,2024-04-27,639,7,3,427.67,North,1283.01
10523,2022-06-24,905,48,5,33.96,West,169.8
10524,2024-12-25,814,24,4,317.84,West,1271.36
10525,2022-10-06,321,46,3,422.59,East,1267.77
10526,2024-01-28,689,8,3,134.99,North,404.97
10527,2022-12-29,715,13,1,110.58,West,110.58
10528,2022-06-20,157,3,1,239.25,West,239.25
10529,2024-12-10,858,34,4,481.66,North,1926.64
10530,2023-10-27,731,13,4,349.51,South,1398.04
10531,2023-08-15,998,32,4,218.0,South,872.0
10532,2024-07-19,285,35,4,20.22,West,80.88
10533,2022-10-01,801,21,1,282.8,East,282.8
10534,2023-05-23,28,1,3,180.91,East,542.73
10535,2022-12-29,351,2,1,101.0,North,101.0
10536,2024-04-27,83,42,2,255.07,South,510.14
10537,2023-10-17,624,43,2,177.28,East,354.56
10538,2022-10-25,666,26,3,28.98,South,86.94
10539,2023-05-09,370,3,4,365.5,West,1462.0
10540,2023-06-30,541,24,3,368.97,East,1106.91
10541,2022-10-31,395,26,2,313.23,South,626.46
10542,2024-06-22,480,8,3,422.0,East,1266.0
10543,2022-08-27,213,47,4,109.56,South,438.24
10544,2023-10-12,614,37,1,150.24,North,150.24
10545,2024-06-02,930,8,4,234.74,East,938.96
10546,2023-02-14,360,18,1,39.49,South,39.49
10547,2023-12-27,214,18,2,442.94,North,885.88
10548,2024-11-12,304,12,5,250.41,East,1252.05
10549,2022-11-14,155,36,3,169.08,South,507.24
10550,2023-06-09,380,40,5,244.2,East,1221.0
10551,2024-06-23,200,2,4,169.31,East,677.24
10552,2024-10-20,680,20,1,150.27,North,150.27
10553,2023-09-12,238,3,4,229.53,East,918.12
10554,2024-08-10,671,40,4,246.13,South,984.52
10555,2024-03-11,705,44,2,222.34,East,444.68
10556,2024-07-04,167,34,4,278.49,East,1113.96
10557,2022-11-16,226,49,3,393.86,North,1181.58
10558,2024-05-25,879,46,2,38.06,North,76.12
10559,2022-11-25,251,46,5,407.64,South,2038.1999999999998
10560,2024-01-23,280,6,4,121.98,West,487.92
10561,2023-10-19,476,40,5,133.53,North,667.65
10562,2024-11-03,498,10,3,303.74,North,911.22
10563,2022-03-12,964,24,3,488.08,South,1464.24
10564,2024-04-06,978,18,3,18.53,West,55.59
10565,2024-05-14,733,33,5,339.84,East,1699.1999999999998
10566,2024-07-16,535,39,5,351.48,East,1757.4
10567,2022-04-16,997,7,1,291.09,East,291.09
10568,2024-02-09,701,45,2,14.75,South,29.5
10569,2024-06-11,411,48,4,307.11,South,1228.44
10570,2022-07-15,784,44,2,66.36,South,132.72
10571,2022-05-25,429,29,3,48.25,North,144.75
10572,2023-04-16,539,19,4,351.07,South,1404.28
10573,2022-08-04,969,38,1,353.11,West,353.11
10574,2022-09-17,901,39,2,446.06,North,892.12
10575,2024-07-22,443,25,3,11.66,East,34.980000000000004
10576,2023-07-29,968,17,4,195.59,North,782.36
10577,2022-10-12,210,37,4,16.01,North,64.04
10578,2023-04-29,547,3,3,188.68,North,566.04
10579,2023-01-07,710,24,5,250.91,South,1254.55
10580,2022-03-11,491,18,2,269.57,West,539.14
10581,2023-01-14,471,49,4,184.41,South,737.64
10582,2022-10-29,686,26,5,365.4,East,1827.0
10583,2022-09-12,730,21,1,213.64,North,213.64
10584,2024-08-01,568,11,4,263.39,North,1053.56
10585,2023-11-23,895,41,4,402.04,North,1608.16
10586,2024-04-13,999,17,1,95.41,West,95.41
10587,2023-12-18,664,45,1,167.24,North,167.24
10588,2023-02-28,906,38,4,265.5,South,1062.0
10589,2022-08-01,463,21,3,386.13,West,1158.3899999999999
10590,2022-04-10,550,4,1,218.42,West,218.42
10591,2022-11-04,980,32,5,45.66,North,228.29999999999998
10592,2023-11-09,477,18,1,494.53,West,494.53
10593,2023-04-20,198,44,4,356.88,South,1427.52
10594,2022-04-22,944,28,4,364.14,East,1456.56
10595,2022-07-02,521,36,2,237.9,East,475.8
10596,2023-08-20,499,37,5,278.05,West,1390.25
10597,2022-06-14,511,44,2,497.08,South,994.16
10598,2024-03-25,690,50,1,301.61,West,301.61
10599,2022-03-31,325,26,2,117.28,South,234.56
10600,2023-03-31,688,49,4,482.55,North,1930.2
10601,2022-08-26,935,24,3,273.5,North,820.5
10602,2023-06-18,467,10,1,20.13,North,20.13
10603,2023-12-28,773,38,4,290.94,North,1163.76
10604,2022-02-27,596,49,1,44.53,East,44.53
10605,2023-06-26,139,8,2,268.52,North,537.04
10606,2024-10-18,242,2,2,414.41,North,828.82
10607,2023-09-10,316,44,1,274.04,South,274.04
10608,2023-02-06,667,35,1,192.99,West,192.99
10609,2024-10-02,733,21,2,442.48,East,884.96
10610,2024-04-21,135,27,1,464.52,South,464.52
10611,2024-04-18,188,23,2,180.27,West,360.54
10612,2023-06-03,690,32,1,254.49,North,254.49
10613,2022-07-16,579,26,3,491.63,West,1474.8899999999999
10614,2022-02-15,69,7,1,97.27,East,97.27
10615,2023-06-14,439,33,1,156.1,North,156.1
10616,2024-09-26,77,17,4,219.93,North,879.72
10617,2024-02-15,400,8,3,59.44,West,178.32
10618,2022-03-15,374,42,2,143.3,East,286.6
10619,2022-12-01,12,17,2,276.9,South,553.8
10620,2023-09-25,487,48,5,121.96,West,609.8
10621,2023-11-19,795,42,3,346.28,West,1038.84
10622,2023-07-29,758,47,3,180.36,South,541.08
10623,2022-10-23,749,48,1,54.0,North,54.0
10624,2024-11-04,764,18,4,384.62,West,1538.48
10625,2023-04-23,417,36,2,288.03,South,576.06
10626,2023-09-25,207,39,2,414.19,West,828.38
10627,2022-11-15,341,44,4,186.47,East,745.88
10628,2023-04-24,620,23,4,19.5,West,78.0
10629,2023-01-03,721,12,3,32.88,South,98.64000000000001
10630,2023-01-02,311,23,4,399.77,West,1599.08
10631,2023-01-13,308,33,4,211.21,West,844.84
10632,2023-04-08,293,28,1,488.43,West,488.43
10633,2022-01-13,625,44,3,416.85,East,1250.5500000000002
10634,2023-06-20,376,23,5,17.9,East,89.5
10635,2022-09-27,527,7,5,436.29,East,2181.4500000000003
10636,2024-12-29,340,47,2,114.3,North,228.6
10637,2023-01-11,83,2,4,248.27,East,993.08
10638,2022-09-14,577,1,1,258.0,West,258.0
10639,2022-08-05,452,4,4,39.26,West,157.04
10640,2023-03-26,3,8,2,71.58,East,143.16
10641,2024-06-12,456,49,4,217.29,South,869.16
10642,2022-02-01,873,29,5,324.88,North,1624.4
10643,2023-09-02,236,18,3,139.56,West,418.68
10644,2024-07-05,389,37,4,267.94,South,1071.76
10645,2023-06-26,393,31,5,195.78,East,978.9
10646,2022-05-28,641,6,5,318.88,West,1594.4
10647,2023-10-18,759,44,2,217.97,North,435.94
10648,2022-03-08,747,24,3,427.3,South,1281.9
10649,2023-07-24,30,48,2,492.03,South,984.06
10650,2024-01-18,583,41,1,457.4,North,457.4
10651,2023-03-19,982,15,3,92.62,North,277.86
10652,2024-06-15,148,40,1,234.02,East,234.02
10653,2023-02-03,605,12,3,234.82,South,704.46
10654,2023-04-27,283,46,5,421.83,South,2109.15
10655,2024-08-05,729,49,1,185.02,West,185.02
10656,2022-07-05,238,14,3,279.3,South,837.9000000000001
10657,2022-06-18,739,27,3,308.55,North,925.6500000000001
10658,2023-05-22,731,37,1,64.65,East,64.65
10659,2023-06-05,319,13,3,283.4,East,850.1999999999999
10660,2022-06-10,971,38,2,130.95,South,261.9
10661,2022-12-06,337,46,2,111.24,South,222.48
10662,2023-12-05,31,38,1,132.65,East,132.65
10663,2024-04-02,978,3,5,58.68,North,293.4
10664,2024-02-24,915,16,4,44.17,West,176.68
10665,2022-05-11,626,12,1,326.96,East,326.96
10666,2023-05-31,614,14,1,471.08,North,471.08
10667,2023-06-20,605,34,1,347.12,West,347.12
10668,2024-01-11,207,50,1,162.81,North,162.81
10669,2024-02-20,958,31,2,174.17,North,348.34
10670,2023-08-11,903,39,1,275.28,South,275.28
10671,2023-12-27,229,5,5,434.49,West,2172.45
10672,2024-07-31,933,12,4,109.21,West,436.84
10673,2024-09-23,583,26,4,239.57,West,958.28
10674,2023-01-11,342,17,5,254.48,East,1272.3999999999999
10675,2022-07-23,460,44,1,466.3,North,466.3
10676,2024-09-15,136,11,4,272.71,East,1090.84
10677,2023-10-23,953,33,2,392.62,North,785.24
10678,2022-03-16,978,41,4,53.02,South,212.08
10679,2024-01-11,284,40,5,170.19,East,850.95
10680,2022-10-31,850,46,4,309.6,North,1238.4
10681,2024-12-21,351,4,5,342.04,North,1710.2
10682,2023-07-24,17,32,1,443.75,North,443.75
10683,2024-02-25,215,31,4,299.31,North,1197.24
10684,2024-09-13,395,11,5,151.89,North,759.4499999999999
10685,2022-08-17,399,17,2,274.16,South,548.32
10686,2024-12-07,414,27,2,358.65,East,717.3
10687,2022-09-25,244,8,3,394.33,South,1182.99
10688,2023-12-28,95,21,4,472.85,West,1891.4
10689,2024-03-12,633,33,1,103.47,South,103.47
10690,2022-09-11,6,50,3,333.86,East,1001.58
10691,2024-08-14,780,5,4,108.15,South,432.6
10692,2024-05-19,87,32,2,165.76,West,331.52
10693,2022-03-28,189,25,1,79.95,North,79.95
10694,2024-11-14,615,8,2,388.77,East,777.54
10695,2022-08-10,616,27,4,457.86,East,1831.44
10696,2024-09-16,420,26,1,24.67,South,24.67
10697,2023-02-01,803,40,1,408.62,East,408.62
10698,2024-07-26,67,29,3,128.46,West,385.38
10699,2023-05-26,618,9,1,248.61,West,248.61
10700,2023-07-15,248,18,4,376.63,West,1506.52
10701,2024-04-25,860,7,5,258.36,East,1291.8000000000002
10702,2023-03-16,207,42,5,123.31,West,616.55
10703,2022-11-07,205,21,1,454.02,South,454.02
10704,2022-02-04,319,16,5,300.86,East,1504.3000000000002
10705,2022-08-05,83,3,4,466.32,North,1865.28
10706,2023-12-22,424,32,3,424.85,South,1274.5500000000002
10707,2024-10-12,82,10,2,439.53,North,879.06
10708,2023-06-03,799,32,2,187.24,West,374.48
10709,2022-09-26,549,8,4,493.78,South,1975.12
10710,2023-09-30,725,32,3,427.67,East,1283.01
10711,2023-04-20,487,50,4,175.43,North,701.72
10712,2022-03-31,133,4,1,449.24,North,449.24
10713,2024-12-01,115,29,3,380.09,West,1140.27
10714,2024-09-08,377,12,5,365.32,South,1826.6
10715,2022-10-15,977,37,1,13.05,South,13.05
10716,2023-04-26,211,36,5,21.06,North,105.3
10717,2023-09-29,132,19,1,350.45,North,350.45
10718,2023-05-16,374,37,1,146.55,North,146.55
10719,2022-02-21,154,47,1,38.67,East,38.67
10720,2022-04-13,920,31,1,150.12,North,150.12
10721,2023-11-30,423,44,3,420.58,West,1261.74
10722,2024-11-03,952,26,3,240.6,East,721.8
10723,2023-04-15,950,45,1,311.63,West,311.63
10724,2023-03-03,806,6,4,402.25,South,1609.0
10725,2022-04-20,366,29,1,168.45,South,168.45
10726,2023-05-30,694,17,1,15.46,West,15.46
10727,2022-03-09,147,20,4,168.43,North,673.72
10728,2023-01-24,734,42,4,478.77,North,1915.08
10729,2022-11-04,794,46,1,246.32,North,246.32
10730,2024-12-25,127,47,2,289.21,North,578.42
10731,2023-04-05,308,10,2,382.61,South,765.22
10732,2022-12-13,715,6,4,66.32,East,265.28
10733,2022-11-21,118,48,1,369.63,South,369.63
10734,2023-10-29,573,32,5,155.9,West,779.5
10735,2024-11-22,231,2,5,200.2,North,1001.0
10736,2022-03-09,451,10,1,142.05,South,142.05
10737,2022-07-06,500,37,1,85.24,South,85.24
10738,2022-07-11,662,27,1,187.12,West,187.12
10739,2023-03-04,145,41,5,56.37,North,281.84999999999997
10740,2022-08-04,907,19,5,423.94,North,2119.7
10741,2022-06-26,623,41,4,159.91,East,639.64
10742,2023-07-15,679,16,3,330.27,North,990.81
10743,2024-05-30,701,20,4,155.38,West,621.52
10744,2023-09-18,987,36,4,113.24,West,452.96
10745,2023-08-30,49,5,2,359.69,South,719.38
10746,2022-06-28,107,18,4,315.76,East,1263.04
10747,2023-01-30,93,8,4,116.87,East,467.48
10748,2024-05-25,636,13,4,309.93,North,1239.72
10749,2024-08-19,829,41,4,12.45,North,49.8
10750,2022-07-17,140,10,3,96.69,East,290.07
10751,2024-08-26,909,36,2,366.6,West,733.2
10752,2023-10-31,314,19,5,210.97,North,1054.85
10753,2023-04-02,11,31,1,109.78,West,109.78
10754,2022-03-13,448,36,5,257.9,North,1289.5
10755,2022-08-11,927,29,2,237.96,North,475.92
10756,2022-10-03,395,45,4,320.63,East,1282.52
10757,2023-07-27,505,23,5,45.54,North,227.7
10758,2024-07-12,378,32,4,411.48,North,1645.92
10759,2023-04-16,361,49,3,38.56,North,115.68
10760,2023-03-30,683,11,3,232.39,West,697.17
10761,2024-08-26,548,2,2,358.13,East,716.26
10762,2022-01-07,642,32,5,178.96,South,894.8000000000001
10763,2022-07-07,855,5,3,455.96,East,1367.8799999999999
10764,2022-01-04,573,31,2,380.06,West,760.12
10765,2024-06-25,932,13,2,218.76,East,437.52
10766,2024-11-04,846,22,2,100.07,North,200.14
10767,2024-08-17,997,35,5,31.29,East,156.45
10768,2023-06-09,561,19,5,402.82,West,2014.1
10769,2023-09-22,923,29,2,105.19,North,210.38
10770,2024-02-14,396,23,1,142.14,North,142.14
10771,2022-12-26,186,19,5,15.09,South,75.45
10772,2023-06-02,221,16,5,18.93,North,94.65
10773,2024-11-19,518,31,1,122.91,East,122.91
10774,2024-07-09,300,16,5,437.71,North,2188.5499999999997
10775,2024-05-01,175,26,5,392.6,East,1963.0
10776,2024-07-23,791,3,3,387.24,West,1161.72
10777,2024-06-19,371,23,1,415.25,West,415.25
10778,2023-02-03,970,9,3,101.44,East,304.32
10779,2022-06-17,866,24,1,489.74,East,489.74
10780,2023-01-12,509,33,1,123.77,North,123.77
10781,2023-08-30,876,14,1,83.47,South,83.47
10782,2024-10-07,204,28,5,154.38,South,771.9
10783,2023-08-12,608,24,2,269.92,East,539.84
10784,2022-02-17,282,43,4,70.97,West,283.88
10785,2024-10-21,647,50,2,371.92,North,743.84
10786,2022-06-22,416,7,5,192.05,West,960.25
10787,2023-05-21,33,38,5,288.52,North,1442.6
10788,2023-02-02,82,44,4,369.78,West,1479.12
10789,2022-10-21,483,25,5,451.93,East,2259.65
10790,2023-07-06,148,2,1,411.48,West,411.48
10791,2024-04-29,607,45,3,273.36,West,820.08
10792,2024-11-05,965,1,3,495.67,South,1487.01
10793,2024-06-03,992,23,1,269.57,East,269.57
10794,2024-09-30,948,47,2,272.63,West,545.26
10795,2022-05-14,495,40,3,87.66,North,262.98
10796,2024-02-10,170,18,1,82.87,West,82.87
10797,2023-05-23,723,47,2,92.66,North,185.32
10798,2024-12-25,897,8,3,299.99,West,899.97
10799,2023-04-25,703,34,1,213.43,North,213.43
10800,2024-05-12,7,43,3,199.08,East,597.24
10801,2023-04-04,380,8,3,72.5,North,217.5
10802,2023-09-18,826,29,3,196.73,West,590.1899999999999
10803,2022-06-08,854,13,4,195.22,South,780.88
10804,2022-06-10,434,1,2,314.2,West,628.4
10805,2024-07-28,34,29,3,200.32,North,600.96
10806,2022-06-04,563,50,1,215.19,West,215.19
10807,2023-05-01,632,37,4,143.55,West,574.2
10808,2023-03-08,138,1,5,74.44,West,372.2
10809,2024-11-16,367,44,5,157.01,East,785.05
10810,2024-09-30,106,5,2,30.96,East,61.92
10811,2024-11-01,794,48,1,109.82,East,109.82
10812,2022-03-08,32,50,4,169.23,West,676.92
10813,2023-06-26,636,2,1,81.37,South,81.37
10814,2022-04-06,682,47,4,335.84,South,1343.36
10815,2022-08-03,987,22,4,147.57,East,590.28
10816,2022-07-13,958,30,5,311.61,West,1558.0500000000002
10817,2024-06-03,524,11,2,325.5,North,651.0
10818,2022-02-08,168,29,2,229.17,East,458.34
10819,2024-07-27,855,42,1,230.06,West,230.06
10820,2024-07-27,78,3,4,294.92,South,1179.68
10821,2022-07-25,546,45,4,138.6,East,554.4
10822,2024-07-30,209,13,3,20.41,South,61.230000000000004
10823,2023-07-09,838,3,2,326.06,East,652.12
10824,2023-04-29,411,10,4,308.18,East,1232.72
10825,2024-02-10,8,4,1,243.43,South,243.43
10826,2022-09-06,737,14,5,439.13,North,2195.65
10827,2023-01-08,227,23,5,259.23,South,1296.15
10828,2024-05-28,175,17,2,158.71,West,317.42
10829,2024-04-14,81,1,2,359.63,West,719.26
10830,2024-05-20,794,15,3,481.58,North,1444.74
10831,2023-12-03,57,2,2,371.07,East,742.14
10832,2022-05-18,135,18,4,455.34,South,1821.36
10833,2024-08-05,238,39,4,65.23,West,260.92
10834,2023-04-02,472,22,4,69.28,East,277.12
10835,2024-03-24,217,28,4,85.76,East,343.04
10836,2024-04-02,739,30,3,354.4,South,1063.1999999999998
10837,2024-07-30,26,13,2,200.96,West,401.92
10838,2023-03-20,187,3,2,244.08,West,488.16
10839,2022-12-19,882,3,2,138.34,East,276.68
10840,2024-09-22,630,45,3,370.69,West,1112.07
10841,2024-03-04,709,26,3,424.22,East,1272.66
10842,2023-02-15,116,4,4,88.5,North,354.0
10843,2023-11-09,815,16,3,104.44,North,313.32
10844,2023-03-29,614,28,3,176.31,East,528.9300000000001
10845,2023-02-23,892,8,1,147.28,North,147.28
10846,2023-03-26,163,40,4,270.45,West,1081.8
10847,2024-09-21,414,16,4,378.76,North,1515.04
10848,2022-02-20,178,31,1,398.7,East,398.7
10849,2022-07-29,985,23,2,112.14,South,224.28
10850,2024-06-06,280,2,1,96.04,South,96.04
10851,2024-09-24,798,9,1,188.21,East,188.21
10852,2024-09-19,212,27,1,82.38,South,82.38
10853,2024-04-29,54,45,3,54.98,East,164.94
10854,2023-09-19,67,22,1,128.86,North,128.86
10855,2023-11-10,544,44,5,203.03,West,1015.15
10856,2024-02-16,763,34,1,298.04,South,298.04
10857,2023-10-25,520,9,2,364.41,North,728.82
10858,2022-09-25,499,33,2,119.18,West,238.36
10859,2022-04-26,946,38,2,411.15,West,822.3
10860,2024-01-24,431,34,1,26.5,North,26.5
10861,2024-11-29,727,35,4,227.58,East,910.32
10862,2022-07-01,46,47,2,320.21,South,640.42
10863,2024-06-21,592,26,1,152.72,East,152.72
10864,2024-08-03,35,7,2,345.01,West,690.02
10865,2022-09-15,189,45,3,434.86,East,1304.58
10866,2023-05-24,89,48,3,53.79,South,161.37
10867,2022-04-02,335,45,1,261.15,West,261.15
10868,2022-05-29,947,27,2,19.2,North,38.4
10869,2022-04-27,959,12,2,146.99,East,293.98
10870,2023-04-03,136,17,5,77.1,North,385.5
10871,2023-07-19,546,21,2,315.89,North,631.78
10872,2024-03-24,793,43,4,131.85,East,527.4
10873,2022-02-14,113,22,3,148.38,East,445.14
10874,2024-02-13,172,26,2,110.76,West,221.52
10875,2022-08-22,339,39,4,129.46,West,517.84
10876,2022-07-16,555,13,1,120.3,South,120.3
10877,2022-01-25,894,42,3,351.96,North,1055.8799999999999
10878,2023-01-30,946,42,1,478.35,West,478.35
10879,2023-12-15,525,45,2,250.21,North,500.42
10880,2024-11-25,174,23,1,304.19,East,304.19
10881,2022-08-11,637,30,3,410.87,West,1232.6100000000001
10882,2024-05-13,332,17,1,243.29,North,243.29
10883,2023-06-14,207,27,1,157.99,South,157.99
10884,2022-09-14,343,20,1,475.98,West,475.98
10885,2023-10-16,949,7,4,454.02,North,1816.08
10886,2023-08-14,959,4,4,117.98,North,471.92
10887,2023-03-20,104,49,2,354.51,West,709.02
10888,2023-02-22,642,31,1,327.1,South,327.1
10889,2023-07-28,40,30,4,328.32,North,1313.28
10890,2022-05-09,23,31,3,417.0,North,1251.0
10891,2024-10-07,252,4,3,340.31,South,1020.9300000000001
10892,2022-12-07,955,18,1,263.82,East,263.82
10893,2024-03-20,837,20,2,424.57,East,849.14
10894,2024-09-18,290,40,4,139.77,East,559.08
10895,2022-04-10,202,40,4,342.82,East,1371.28
10896,2022-02-08,155,48,4,353.74,West,1414.96
10897,2022-09-20,567,47,2,436.46,East,872.92
10898,2022-05-30,106,50,5,499.17,North,2495.85
10899,2023-11-21,260,23,4,283.2,West,1132.8
10900,2024-03-23,964,38,1,247.36,North,247.36
10901,2022-08-07,200,9,4,304.33,South,1217.32
10902,2024-06-24,838,16,4,332.75,North,1331.0
10903,2022-09-01,217,21,5,359.36,West,1796.8000000000002
10904,2024-06-04,411,9,1,147.8,West,147.8
10905,2023-08-10,559,25,1,248.65,North,248.65
10906,2023-06-02,882,49,1,191.75,South,191.75
10907,2024-11-10,117,36,4,29.0,South,116.0
10908,2022-07-09,886,47,4,308.67,North,1234.68
10909,2024-07-03,424,43,3,438.66,South,1315.98
10910,2023-09-07,212,14,5,461.52,East,2307.6
10911,2024-05-05,155,17,1,263.54,South,263.54
10912,2023-04-11,263,28,1,385.28,North,385.28
10913,2022-04-09,507,45,3,359.08,East,1077.24
10914,2024-04-09,151,41,4,122.16,East,488.64
10915,2024-09-23,212,48,3,40.83,West,122.49
10916,2022-02-25,192,8,3,376.45,North,1129.35
10917,2024-11-11,881,14,4,148.52,East,594.08
10918,2023-08-03,755,15,2,279.2,West,558.4
10919,2022-07-04,98,39,5,266.79,South,1333.95
10920,2023-06-06,541,25,2,410.76,West,821.52
10921,2022-09-21,701,11,2,325.88,South,651.76
10922,2024-11-27,172,29,5,425.1,North,2125.5
10923,2024-09-29,371,3,2,378.6,East,757.2
10924,2022-05-03,709,39,4,499.92,North,1999.68
10925,2022-10-28,155,22,2,433.3,South,866.6
10926,2024-04-12,140,37,2,113.43,West,226.86
10927,2024-12-26,913,41,2,481.08,West,962.16
10928,2023-10-07,805,20,4,176.67,North,706.68
10929,2024-05-23,802,19,3,307.84,North,923.52
10930,2023-01-29,256,13,1,471.26,East,471.26
10931,2023-10-23,990,27,5,114.94,West,574.7
10932,2022-03-10,676,19,5,430.08,North,2150.4
10933,2024-02-01,646,16,4,477.04,South,1908.16
10934,2022-11-16,864,2,1,428.34,South,428.34
10935,2022-06-26,416,1,2,411.39,East,822.78
10936,2023-08-07,329,3,5,139.66,East,698.3
10937,2023-08-05,378,24,2,209.48,East,418.96
10938,2022-04-21,918,44,4,382.56,West,1530.24
10939,2024-09-25,266,38,4,67.9,West,271.6
10940,2024-01-28,541,2,4,445.3,West,1781.2
10941,2022-10-10,139,16,3,113.03,North,339.09000000000003
10942,2022-07-13,860,29,4,286.76,South,1147.04
10943,2024-08-24,962,37,2,61.48,East,122.96
10944,2024-12-06,824,44,3,100.74,North,302.21999999999997
10945,2024-09-04,597,4,2,296.9,West,593.8
10946,2022-12-08,512,14,4,320.97,West,1283.88
10947,2023-06-06,249,17,3,142.18,South,426.54
10948,2024-03-11,863,44,1,68.36,South,68.36
10949,2024-06-21,826,45,4,279.28,East,1117.12
10950,2022-05-11,745,17,3,421.91,South,1265.73
10951,2024-03-24,308,20,3,108.71,North,326.13
10952,2022-03-02,573,47,3,348.87,East,1046.6100000000001
10953,2022-06-13,785,29,5,199.08,North,995.4000000000001
10954,2022-09-29,219,41,3,472.11,South,1416.33
10955,2022-05-13,798,26,1,50.46,North,50.46
10956,2024-09-24,761,42,4,29.58,East,118.32
10957,2022-02-07,584,38,4,70.91,South,283.64
10958,2023-09-09,293,17,4,393.4,North,1573.6
10959,2023-04-19,901,12,3,462.16,South,1386.48
10960,2022-02-28,410,28,4,413.01,West,1652.04
10961,2023-08-12,198,9,1,361.74,West,361.74
10962,2023-05-14,80,32,5,38.22,West,191.1
10963,2023-07-21,385,34,1,114.77,South,114.77
10964,2023-07-21,137,16,5,468.34,East,2341.7
10965,2024-06-22,213,48,4,315.17,North,1260.68
10966,2023-01-18,839,31,2,239.48,North,478.96
10967,2022-03-26,619,27,5,329.63,West,1648.15
10968,2023-09-19,960,29,1,97.51,South,97.51
10969,2024-04-05,207,1,1,447.51,South,447.51
10970,2022-10-20,664,27,2,331.59,East,663.18
10971,2024-12-08,133,32,5,240.91,East,1204.55
10972,2024-12-26,947,11,5,234.11,North,1170.5500000000002
10973,2024-02-26,166,35,1,412.96,South,412.96
10974,2022-05-09,503,2,5,160.86,South,804.3000000000001
10975,2022-01-29,925,46,2,77.19,North,154.38
10976,2023-11-23,430,1,5,100.98,East,504.90000000000003
10977,2022-05-13,180,6,5,49.76,North,248.79999999999998
10978,2023-10-08,121,7,2,258.85,East,517.7
10979,2023-11-20,174,2,4,341.86,West,1367.44
10980,2023-06-18,331,2,5,467.65,South,2338.25
10981,2023-05-31,68,47,1,377.9,West,377.9
10982,2024-08-17,699,5,3,295.72,East,887.1600000000001
10983,2022-06-14,138,13,1,433.34,West,433.34
10984,2024-07-15,866,19,1,447.18,East,447.18
10985,2024-07-21,900,19,4,359.07,North,1436.28
10986,2023-07-11,308,47,4,37.58,South,150.32
10987,2023-11-11,330,1,1,152.96,South,152.96
10988,2024-09-19,993,35,5,174.73,West,873.65
10989,2024-10-25,238,18,1,498.72,North,498.72
10990,2024-01-27,530,49,5,237.44,South,1187.2
10991,2024-05-04,76,32,2,383.32,North,766.64
10992,2023-05-08,947,32,2,408.76,West,817.52
10993,2023-10-11,151,8,4,330.1,North,1320.4
10994,2024-09-18,620,11,3,18.96,North,56.88
10995,2023-09-20,665,20,3,19.48,North,58.44
10996,2023-09-17,316,8,4,411.2,South,1644.8
10997,2023-06-27,37,28,2,372.23,South,744.46
10998,2022-01-07,964,21,4,272.7,North,1090.8
10999,2024-08-11,845,38,2,131.94,South,263.88
11000,2023-05-30,658,38,5,52.49,West,262.45
11001,2024-01-25,126,6,2,90.49,West,180.98
11002,2022-03-14,797,2,2,294.36,South,588.72
11003,2022-01-10,620,10,2,277.46,North,554.92
11004,2023-07-16,286,42,3,471.22,West,1413.66
11005,2022-05-02,240,9,2,479.07,East,958.14
11006,2023-11-18,887,3,1,292.24,West,292.24
11007,2023-05-28,614,2,5,422.3,East,2111.5
11008,2024-09-16,220,36,3,408.0,East,1224.0
11009,2023-03-17,7,8,1,378.66,West,378.66
11010,2024-11-27,216,9,3,224.3,North,672.9000000000001
11011,2023-12-03,681,26,3,200.81,West,602.4300000000001
11012,2023-08-14,586,34,1,139.43,South,139.43
11013,2022-03-08,293,48,4,469.18,North,1876.72
11014,2022-01-17,539,30,4,418.87,East,1675.48
11015,2023-01-03,789,38,2,96.79,South,193.58
11016,2024-06-22,484,8,1,133.71,East,133.71
11017,2023-12-22,43,3,2,294.85,East,589.7
11018,2024-08-15,307,11,4,212.66,North,850.64
11019,2024-06-26,93,25,1,114.81,West,114.81
11020,2024-09-15,583,5,1,397.67,North,397.67
11021,2023-04-18,269,12,1,10.76,North,10.76
11022,2022-04-25,621,30,2,178.21,South,356.42
11023,2022-04-10,693,27,3,465.38,South,1396.1399999999999
11024,2023-03-14,215,43,3,382.78,East,1148.34
11025,2022-12-15,959,5,3,206.63,North,619.89
11026,2022-05-19,114,20,1,465.08,South,465.08
11027,2024-04-07,185,21,4,451.39,North,1805.56
11028,2022-11-20,921,3,2,35.77,South,71.54
11029,2024-04-25,125,41,2,72.69,East,145.38
11030,2022-10-21,105,50,4,199.74,East,798.96
11031,2024-08-25,237,44,3,465.4,West,1396.1999999999998
11032,2022-03-15,653,4,5,423.66,East,2118.3
11033,2023-04-29,805,24,4,33.4,East,133.6
11034,2022-01-16,158,7,3,261.04,West,783.1200000000001
11035,2024-03-03,474,24,1,362.92,East,362.92
11036,2023-05-31,908,11,4,145.2,West,580.8
11037,2024-07-13,505,2,3,364.04,East,1092.1200000000001
11038,2024-04-03,961,44,2,191.17,North,382.34
11039,2023-06-02,274,41,5,144.29,North,721.4499999999999
11040,2022-05-09,890,6,5,202.36,South,1011.8000000000001
11041,2023-05-26,853,7,5,475.89,North,2379.45
11042,2023-02-27,117,38,3,453.59,East,1360.77
11043,2023-01-20,886,18,3,457.84,East,1373.52
11044,2022-08-20,574,45,1,459.52,West,459.52
11045,2024-08-16,536,9,5,97.35,North,486.75
11046,2024-04-04,60,28,2,449.07,East,898.14
11047,2022-03-06,401,19,5,114.02,South,570.1
11048,2024-04-12,874,4,4,420.69,North,1682.76
11049,2023-09-07,828,4,4,275.53,North,1102.12
11050,2024-03-11,777,13,2,127.58,South,255.16
11051,2022-10-05,180,28,3,205.28,North,615.84
11052,2023-01-01,232,11,5,222.36,North,1111.8000000000002
11053,2023-05-31,476,2,4,369.25,North,1477.0
11054,2023-03-15,655,6,2,306.95,South,613.9
11055,2023-03-04,845,12,1,410.22,West,410.22
11056,2023-12-30,924,40,4,204.43,North,817.72
11057,2023-01-31,245,37,4,374.36,West,1497.44
11058,2023-08-09,593,24,5,398.47,East,1992.3500000000001
11059,2023-01-10,638,9,3,40.94,South,122.82
11060,2024-08-05,649,26,4,194.06,South,776.24
11061,2022-04-03,568,4,4,444.13,West,1776.52
11062,2022-11-17,213,41,5,355.44,East,1777.2
11063,2024-10-30,606,44,3,215.04,West,645.12
11064,2024-07-02,895,4,1,99.66,West,99.66
11065,2024-07-05,459,49,1,57.34,West,57.34
11066,2022-04-05,990,34,1,122.38,East,122.38
11067,2024-08-16,804,22,1,129.9,East,129.9
11068,2022-03-12,128,13,3,191.62,East,574.86
11069,2023-10-26,952,15,1,96.69,North,96.69
11070,2024-08-26,217,40,5,81.56,South,407.8
11071,2023-08-10,711,38,5,423.56,East,2117.8
11072,2023-12-28,20,41,5,132.27,North,661.35
11073,2023-01-03,567,43,1,285.19,North,285.19
11074,2022-02-20,758,44,5,107.66,North,538.3
11075,2024-09-14,763,2,5,250.96,South,1254.8
11076,2022-09-17,60,2,2,145.59,North,291.18
11077,2022-06-07,675,43,1,52.53,East,52.53
11078,2022-04-09,714,8,5,491.27,East,2456.35
11079,2022-08-29,739,38,3,234.32,East,702.96
11080,2022-07-21,129,18,5,202.59,West,1012.95
11081,2023-09-26,974,29,2,107.57,East,215.14
11082,2024-01-16,557,11,3,252.73,North,758.1899999999999
11083,2023-05-05,197,6,3,321.26,South,963.78
11084,2023-08-02,936,9,4,159.28,West,637.12
11085,2023-06-11,492,22,2,245.41,East,490.82
11086,2022-09-30,678,46,2,126.17,South,252.34
11087,2024-02-25,504,25,5,268.58,West,1342.8999999999999
11088,2023-03-29,247,31,2,395.74,East,791.48
11089,2022-12-13,738,21,3,39.5,South,118.5
11090,2024-03-26,792,38,3,263.74,East,791.22
11091,2023-02-18,260,19,5,205.69,East,1028.45
11092,2023-03-07,347,10,3,46.28,West,138.84
11093,2023-01-14,197,46,5,470.85,East,2354.25
11094,2024-09-24,107,37,4,137.32,West,549.28
11095,2024-06-13,781,12,2,286.66,North,573.32
11096,2023-03-04,744,19,2,192.58,South,385.16
11097,2022-07-11,917,2,2,142.86,West,285.72
11098,2022-02-10,613,15,4,268.32,West,1073.28
11099,2022-05-16,160,38,2,347.62,West,695.24
11100,2022-04-16,422,8,4,394.91,West,1579.64
11101,2023-06-03,607,46,4,320.62,West,1282.48
11102,2024-03-24,928,35,5,267.89,East,1339.4499999999998
11103,2022-05-06,207,38,1,390.86,West,390.86
11104,2023-02-04,313,43,1,263.55,West,263.55
11105,2022-03-20,432,30,5,487.37,East,2436.85
11106,2023-01-24,926,9,5,268.1,South,1340.5
11107,2022-03-15,235,30,5,165.45,West,827.25
11108,2024-10-25,327,49,2,228.72,West,457.44
11109,2022-03-23,934,19,3,250.1,North,750.3
11110,2024-02-15,479,29,5,148.91,West,744.55
11111,2024-09-17,428,2,4,87.78,North,351.12
11112,2022-10-05,666,28,1,221.38,North,221.38
11113,2024-04-19,100,8,2,449.55,South,899.1
11114,2022-08-12,238,25,3,135.21,North,405.63
11115,2024-12-27,107,10,1,187.29,East,187.29
11116,2023-08-29,858,22,1,381.28,South,381.28
11117,2022-01-19,364,35,1,50.31,West,50.31
11118,2023-10-02,642,42,4,414.28,South,1657.12
11119,2022-04-07,811,24,4,362.94,East,1451.76
11120,2024-12-11,493,26,4,279.38,South,1117.52
11121,2022-06-24,43,31,3,112.64,South,337.92
11122,2022-12-14,575,23,1,55.41,South,55.41
11123,2022-01-01,73,2,5,123.54,South,617.7
11124,2022-03-04,698,39,3,383.13,East,1149.3899999999999
11125,2022-08-14,629,33,4,467.41,East,1869.64
11126,2023-02-27,304,24,4,371.57,West,1486.28
11127,2024-11-08,5,12,4,268.53,East,1074.12
11128,2022-01-31,987,37,2,475.83,South,951.66
11129,2024-04-24,588,9,1,416.0,West,416.0
11130,2023-09-25,803,44,5,331.36,East,1656.8000000000002
11131,2022-01-24,349,43,1,28.57,North,28.57
11132,2024-04-16,400,44,3,150.99,East,452.97
11133,2024-09-09,595,3,2,161.02,North,322.04
11134,2022-06-10,433,44,3,180.15,West,540.45
11135,2022-04-24,572,23,4,200.8,West,803.2
11136,2023-05-19,107,24,4,470.29,East,1881.16
11137,2024-08-12,117,33,5,373.52,South,1867.6
11138,2022-12-23,819,30,1,349.05,South,349.05
11139,2022-06-18,383,38,3,218.99,West,656.97
11140,2024-08-26,859,43,4,175.4,East,701.6
11141,2022-08-30,82,2,5,68.59,East,342.95000000000005
11142,2022-05-19,827,40,5,232.21,South,1161.05
11143,2022-04-07,832,22,3,110.62,North,331.86
11144,2022-05-27,873,11,1,201.6,West,201.6
11145,2024-12-16,653,12,2,86.63,East,173.26
11146,2024-12-01,734,19,5,178.56,West,892.8
11147,2024-05-15,410,20,3,31.06,West,93.17999999999999
11148,2023-06-27,70,9,4,12.95,East,51.8
11149,2023-11-23,387,43,2,436.26,West,872.52
11150,2024-10-22,983,18,2,324.22,East,648.44
11151,2024-06-22,524,41,1,297.96,North,297.96
11152,2023-12-31,297,47,3,261.76,South,785.28
11153,2022-11-27,617,18,1,366.1,East,366.1
11154,2023-09-09,719,40,5,370.72,North,1853.6000000000001
11155,2023-02-08,65,36,5,468.27,South,2341.35
11156,2023-05-23,575,27,3,129.76,North,389.28
11157,2024-11-04,178,13,4,394.75,West,1579.0
11158,2022-08-14,943,47,5,495.67,North,2478.35
11159,2024-09-10,8,8,5,24.22,West,121.1
11160,2024-05-14,159,48,4,193.25,East,773.0
11161,2024-01-15,11,43,2,223.66,South,447.32
11162,2023-05-08,785,23,3,412.7,South,1238.1
11163,2022-11-15,411,13,2,16.73,West,33.46
11164,2024-02-12,892,7,1,303.32,North,303.32
11165,2023-03-28,607,50,4,447.36,East,1789.44
11166,2024-08-01,155,40,3,82.34,North,247.02
11167,2024-04-27,206,2,4,66.63,East,266.52
11168,2024-10-13,115,3,4,499.9,East,1999.6
11169,2024-06-02,379,42,2,414.72,East,829.44
11170,2023-02-23,599,39,2,351.74,North,703.48
11171,2024-05-14,824,23,1,205.5,North,205.5
11172,2024-02-28,709,7,3,428.44,East,1285.32
11173,2023-05-10,350,4,4,462.16,South,1848.64
11174,2024-11-28,98,8,1,368.88,East,368.88
11175,2022-06-11,943,32,4,205.07,West,820.28
11176,2022-05-01,19,19,1,295.93,West,295.93
11177,2023-02-03,313,12,4,58.27,West,233.08
11178,2023-12-29,927,10,2,87.43,North,174.86
11179,2023-07-15,528,14,5,393.69,North,1968.45
11180,2023-08-27,557,27,1,24.36,South,24.36
11181,2023-06-24,667,44,1,34.11,South,34.11
11182,2022-12-22,445,21,5,258.93,North,1294.65
11183,2023-10-22,922,20,2,93.56,North,187.12
11184,2023-03-08,231,4,1,153.91,South,153.91
11185,2024-12-24,669,19,2,205.43,West,410.86
11186,2023-07-17,625,29,4,265.91,North,1063.64
11187,2024-03-27,889,7,4,148.93,East,595.72
11188,2023-12-12,359,33,5,246.94,South,1234.7
11189,2022-01-12,383,8,3,191.64,North,574.92
11190,2022-08-27,512,11,2,49.71,West,99.42
11191,2023-03-29,44,33,3,434.89,West,1304.67
11192,2023-01-18,365,25,3,147.87,South,443.61
11193,2024-02-21,925,33,2,308.59,North,617.18
11194,2022-02-17,877,36,3,289.2,North,867.5999999999999
11195,2022-11-13,622,26,1,107.59,South,107.59
11196,2022-07-28,111,36,4,24.68,North,98.72
11197,2023-07-31,223,11,5,429.9,East,2149.5
11198,2022-11-11,386,30,2,253.87,West,507.74
11199,2024-01-24,902,33,5,213.09,West,1065.45
11200,2024-11-25,265,10,4,383.83,West,1535.32
11201,2024-07-03,271,29,5,26.25,East,131.25
11202,2024-01-25,212,25,2,384.96,West,769.92
11203,2023-07-08,496,32,5,210.37,East,1051.85
11204,2023-02-07,314,4,3,280.3,North,840.9000000000001
11205,2022-02-08,770,39,3,378.7,East,1136.1
11206,2023-08-04,387,34,4,277.94,West,1111.76
11207,2022-06-29,247,22,3,40.27,West,120.81
11208,2022-01-12,948,13,5,367.01,West,1835.05
11209,2024-07-31,567,36,1,395.31,West,395.31
11210,2023-07-02,821,6,5,236.33,East,1181.65
11211,2022-03-04,350,17,1,225.14,East,225.14
11212,2024-04-23,72,26,5,133.44,South,667.2
11213,2024-10-05,296,24,1,325.64,South,325.64
11214,2022-02-03,213,9,1,442.17,East,442.17
11215,2024-01-22,295,2,2,331.42,North,662.84
11216,2022-02-18,171,20,2,387.95,West,775.9
11217,2023-10-20,246,27,5,420.35,East,2101.75
11218,2023-12-02,141,6,3,120.81,South,362.43
11219,2024-12-16,616,50,2,207.03,North,414.06
11220,2022-04-19,617,27,1,223.62,East,223.62
11221,2024-09-11,240,24,5,283.86,West,1419.3000000000002
11222,2022-01-24,933,15,3,34.1,West,102.30000000000001
11223,2022-08-09,311,48,5,298.32,West,1491.6
11224,2022-11-11,416,33,1,53.38,West,53.38
11225,2022-10-21,398,42,2,405.22,East,810.44
11226,2024-10-30,833,10,2,481.88,North,963.76
11227,2024-10-16,923,21,4,151.98,South,607.92
11228,2024-10-14,792,6,4,258.24,South,1032.96
11229,2023-09-30,883,30,5,413.36,East,2066.8
11230,2022-09-24,881,23,5,164.18,West,820.9000000000001
11231,2022-03-29,22,36,3,87.31,South,261.93
11232,2023-03-31,78,46,2,372.14,East,744.28
11233,2024-01-27,813,49,2,352.2,East,704.4
11234,2023-03-07,904,3,4,289.27,East,1157.08
11235,2024-06-29,475,26,1,472.77,East,472.77
11236,2022-08-30,707,34,1,478.01,West,478.01
11237,2023-12-03,832,30,4,432.16,North,1728.64
11238,2024-06-20,353,18,5,153.58,East,767.9000000000001
11239,2024-01-11,371,17,2,120.43,North,240.86
11240,2022-03-07,943,45,2,419.51,West,839.02
11241,2024-08-29,21,42,2,329.17,East,658.34
11242,2023-01-13,507,21,1,204.1,West,204.1
11243,2023-01-23,160,24,5,210.78,North,1053.9
11244,2024-02-20,744,4,1,428.13,North,428.13
11245,2022-07-28,361,49,5,89.99,East,449.95
11246,2022-01-16,813,48,4,472.55,West,1890.2
11247,2024-09-12,556,25,5,320.28,North,1601.3999999999999
11248,2023-01-02,297,24,1,397.77,North,397.77
11249,2024-02-19,352,46,2,191.72,West,383.44
11250,2023-03-16,180,27,1,297.58,South,297.58
11251,2023-11-21,472,31,4,377.5,West,1510.0
11252,2024-11-25,395,47,2,223.21,East,446.42
11253,2024-04-26,613,35,1,249.09,South,249.09
11254,2023-02-26,627,20,2,295.22,East,590.44
11255,2023-08-31,213,16,4,41.07,North,164.28
11256,2022-01-20,530,31,5,432.96,East,2164.7999999999997
11257,2023-11-07,395,7,5,434.67,West,2173.35
11258,2023-01-17,27,18,3,147.89,North,443.66999999999996
11259,2023-09-01,939,8,2,441.11,East,882.22
11260,2022-05-23,870,27,4,375.15,West,1500.6
11261,2022-03-03,449,14,1,246.76,West,246.76
11262,2022-08-26,438,18,1,180.4,West,180.4
11263,2024-07-15,285,1,3,205.7,South,617.0999999999999
11264,2022-12-08,661,31,1,271.87,South,271.87
11265,2023-03-31,797,20,4,212.14,East,848.56
11266,2022-10-09,649,6,4,215.92,West,863.68
11267,2024-06-04,189,45,5,109.53,East,547.65
11268,2024-10-21,702,1,2,356.83,North,713.66
11269,2023-12-24,199,19,2,308.7,South,617.4
11270,2022-03-28,102,39,1,496.03,South,496.03
11271,2023-10-27,479,27,2,79.21,West,158.42
11272,2024-05-11,603,16,3,65.73,West,197.19
11273,2022-03-02,224,14,2,262.81,West,525.62
11274,2024-03-07,517,34,1,84.48,North,84.48
11275,2022-04-05,865,7,2,309.2,West,618.4
11276,2024-02-25,527,20,4,106.1,South,424.4
11277,2024-08-18,441,31,4,246.67,North,986.68
11278,2022-10-24,517,22,5,309.54,South,1547.7
11279,2023-11-25,916,20,5,234.44,North,1172.2
11280,2023-02-03,230,15,5,166.79,South,833.9499999999999
11281,2024-08-03,869,25,5,393.33,East,1966.6499999999999
11282,2023-06-18,849,46,2,428.78,East,857.56
11283,2023-02-06,114,1,1,146.24,East,146.24
11284,2022-05-10,516,17,2,408.56,East,817.12
11285,2022-10-19,184,16,1,201.9,East,201.9
11286,2022-10-03,725,37,1,248.94,South,248.94
11287,2024-06-30,759,21,1,123.56,West,123.56
11288,2024-07-14,34,27,1,316.6,East,316.6
11289,2022-02-24,296,35,4,59.45,South,237.8
11290,2024-01-09,453,24,1,299.9,South,299.9
11291,2024-11-15,708,2,2,494.96,East,989.92
11292,2024-02-04,505,46,1,379.2,East,379.2
11293,2023-10-04,406,25,4,448.57,North,1794.28
11294,2023-12-25,127,19,2,237.46,North,474.92
11295,2024-03-12,142,45,3,79.63,West,238.89
11296,2024-01-08,964,13,2,151.35,East,302.7
11297,2024-01-28,648,29,4,34.02,West,136.08
11298,2023-07-21,128,32,4,255.89,North,1023.56
11299,2022-12-06,835,6,5,328.34,West,1641.6999999999998
11300,2022-06-02,686,9,3,218.0,South,654.0
11301,2024-09-30,925,1,1,285.97,East,285.97
11302,2023-03-03,730,24,4,167.14,East,668.56
11303,2024-09-29,626,10,5,52.07,West,260.35
11304,2022-07-23,887,35,5,221.68,North,1108.4
11305,2022-11-21,350,6,1,278.42,West,278.42
11306,2024-08-07,524,48,2,491.49,South,982.98
11307,2024-08-08,463,20,3,180.16,West,540.48
11308,2024-07-27,244,38,1,342.11,South,342.11
11309,2024-08-14,564,12,1,413.09,South,413.09
11310,2024-06-12,186,3,2,174.34,North,348.68
11311,2023-03-11,233,18,2,465.67,West,931.34
11312,2023-01-06,514,21,4,176.03,West,704.12
11313,2024-07-21,1,35,2,485.2,West,970.4
11314,2022-09-06,239,37,2,11.06,South,22.12
11315,2024-06-09,55,19,3,320.74,South,962.22
11316,2022-06-30,495,25,3,397.06,West,1191.18
11317,2023-12-04,732,18,3,147.23,South,441.68999999999994
11318,2024-09-25,616,40,1,67.35,West,67.35
11319,2022-03-19,867,30,3,21.94,West,65.82000000000001
11320,2024-07-07,418,42,3,46.46,West,139.38
11321,2024-06-03,448,42,5,276.09,South,1380.4499999999998
11322,2022-12-02,836,34,3,421.19,East,1263.57
11323,2022-02-19,338,10,1,40.93,West,40.93
11324,2022-03-26,908,22,5,65.46,West,327.29999999999995
11325,2023-11-26,818,50,1,12.5,North,12.5
11326,2022-01-04,277,4,1,148.32,South,148.32
11327,2024-09-19,10,3,5,461.41,East,2307.05
11328,2022-11-13,341,49,5,145.38,East,726.9
11329,2024-02-02,104,49,5,226.0,East,1130.0
11330,2023-09-04,345,28,5,97.69,South,488.45
11331,2024-10-01,370,22,1,66.98,South,66.98
11332,2024-07-02,977,12,5,99.37,West,496.85
11333,2024-03-09,883,49,2,113.11,West,226.22
11334,2022-04-29,198,13,3,73.84,West,221.52
11335,2022-12-16,14,41,3,397.86,East,1193.58
11336,2024-07-05,997,33,2,243.85,East,487.7
11337,2023-11-18,680,47,1,274.49,West,274.49
11338,2023-06-26,872,19,1,193.58,West,193.58
11339,2024-12-14,338,41,3,113.26,East,339.78000000000003
11340,2022-12-27,542,17,4,56.01,West,224.04
11341,2023-12-09,457,47,2,47.2,East,94.4
11342,2023-11-16,526,34,2,100.72,South,201.44
11343,2022-11-26,750,4,3,426.59,East,1279.77
11344,2022-08-07,436,39,5,116.11,East,580.55
11345,2022-07-27,366,8,4,183.86,West,735.44
11346,2024-04-24,401,33,1,290.65,South,290.65
11347,2022-03-26,574,1,1,260.59,West,260.59
11348,2023-11-16,482,5,1,336.25,North,336.25
11349,2022-09-02,110,32,1,105.21,North,105.21
11350,2024-05-21,406,40,2,266.78,South,533.56
11351,2024-10-19,309,1,2,386.2,West,772.4
11352,2023-08-19,160,35,5,199.88,West,999.4
11353,2023-11-16,844,22,2,486.23,East,972.46
11354,2024-10-10,55,29,5,293.2,South,1466.0
11355,2024-10-10,761,17,5,340.67,South,1703.3500000000001
11356,2022-12-16,976,30,1,234.95,South,234.95
11357,2022-10-09,256,35,1,430.35,West,430.35
11358,2022-10-20,534,1,2,231.23,East,462.46
11359,2024-09-10,422,4,2,471.72,South,943.44
11360,2022-01-20,946,9,5,160.67,South,803.3499999999999
11361,2024-01-29,615,45,3,434.25,East,1302.75
11362,2023-02-09,962,32,1,323.28,East,323.28
11363,2023-12-02,813,5,4,401.54,North,1606.16
11364,2024-09-06,887,14,3,28.47,West,85.41
11365,2022-01-26,264,26,1,145.87,North,145.87
11366,2023-07-20,748,23,1,425.07,East,425.07
11367,2023-01-30,833,46,2,165.98,South,331.96
11368,2024-09-27,233,22,4,359.2,North,1436.8
11369,2023-06-07,680,27,4,496.17,East,1984.68
11370,2024-05-11,233,25,1,96.81,North,96.81
11371,2024-03-12,517,36,5,214.6,North,1073.0
11372,2023-07-04,45,4,4,90.91,West,363.64
11373,2022-03-28,558,32,3,85.6,East,256.79999999999995
11374,2024-04-12,676,9,5,320.19,South,1600.95
11375,2023-01-22,913,2,2,103.77,North,207.54
11376,2024-08-20,681,42,1,246.5,North,246.5
11377,2023-10-30,926,50,1,489.19,East,489.19
11378,2022-10-13,436,39,3,173.23,East,519.6899999999999
11379,2023-11-29,335,46,3,438.08,South,1314.24
11380,2024-08-22,404,25,2,204.22,North,408.44
11381,2023-01-04,164,47,2,138.8,South,277.6
11382,2023-10-17,256,10,4,174.76,East,699.04
11383,2023-10-16,66,37,5,72.57,East,362.84999999999997
11384,2023-11-28,941,25,1,342.7,South,342.7
11385,2024-10-20,772,40,4,259.42,West,1037.68
11386,2024-07-03,946,29,2,310.78,East,621.56
11387,2022-10-15,88,37,3,158.52,East,475.56000000000006
11388,2022-04-05,240,5,4,330.2,North,1320.8
11389,2023-10-31,311,14,3,90.65,West,271.95000000000005
11390,2022-02-10,571,33,5,329.71,North,1648.55
11391,2022-11-27,682,27,3,49.76,East,149.28
11392,2023-05-19,258,5,1,206.13,North,206.13
11393,2022-10-02,558,44,5,308.78,West,1543.8999999999999
11394,2022-06-28,514,15,3,429.11,South,1287.33
11395,2022-05-17,434,3,4,408.08,South,1632.32
11396,2024-02-06,129,1,1,268.21,South,268.21
11397,2024-09-14,781,24,1,442.85,East,442.85
11398,2022-08-31,326,12,2,257.89,West,515.78
11399,2022-07-16,790,45,2,263.41,North,526.82
11400,2023-06-10,17,14,4,363.07,West,1452.28
11401,2023-09-24,699,42,2,440.11,West,880.22
11402,2023-02-12,342,20,3,305.33,North,915.99
11403,2023-11-22,838,14,2,472.65,West,945.3
11404,2022-06-19,628,14,1,123.97,West,123.97
11405,2022-06-08,771,45,4,462.91,South,1851.64
11406,2023-03-23,878,35,3,118.61,North,355.83
11407,2024-10-14,249,19,1,267.94,North,267.94
11408,2024-12-16,710,20,1,400.06,South,400.06
11409,2022-04-22,849,42,5,402.78,West,2013.8999999999999
11410,2022-02-17,739,44,2,146.3,West,292.6
11411,2023-01-11,177,23,3,493.09,North,1479.27
11412,2024-04-07,755,34,4,49.5,South,198.0
11413,2022-02-02,946,1,4,27.04,South,108.16
11414,2023-05-19,357,4,4,422.35,East,1689.4
11415,2023-09-19,495,40,5,411.32,South,2056.6
11416,2024-10-23,35,17,3,359.28,West,1077.84
11417,2022-02-11,407,26,1,426.88,North,426.88
11418,2022-01-09,968,14,5,77.4,North,387.0
11419,2024-09-26,647,46,2,56.89,South,113.78
11420,2024-03-29,818,32,1,485.01,West,485.01
11421,2023-10-19,10,36,4,315.88,West,1263.52
11422,2024-02-29,986,20,2,460.72,East,921.44
11423,2024-11-16,695,16,3,454.16,South,1362.48
11424,2024-12-02,714,19,3,330.04,West,990.1200000000001
11425,2023-08-21,531,45,5,317.95,South,1589.75
11426,2024-07-24,535,39,3,186.37,West,559.11
11427,2024-10-08,95,24,4,83.06,East,332.24
11428,2022-01-21,576,14,5,346.44,East,1732.2
11429,2024-09-25,929,29,5,410.75,South,2053.75
11430,2023-04-02,450,42,4,276.87,West,1107.48
11431,2024-10-10,220,14,3,34.93,East,104.78999999999999
11432,2022-09-22,96,11,2,81.01,North,162.02
11433,2022-07-03,865,11,5,59.96,South,299.8
11434,2022-08-15,777,47,2,332.34,North,664.68
11435,2024-12-28,381,40,2,286.75,West,573.5
11436,2024-08-26,669,24,2,238.59,East,477.18
11437,2024-03-15,207,22,2,276.27,North,552.54
11438,2023-12-24,786,49,4,145.22,West,580.88
11439,2024-12-31,850,21,1,404.32,East,404.32
11440,2024-09-28,246,6,3,170.99,South,512.97
11441,2024-05-24,711,14,1,325.71,East,325.71
11442,2022-03-25,974,9,1,201.53,South,201.53
11443,2024-01-10,797,35,5,45.36,East,226.8
11444,2022-08-11,510,44,1,135.91,East,135.91
11445,2024-03-03,884,36,1,482.9,North,482.9
11446,2024-01-03,83,25,4,103.36,North,413.44
11447,2023-02-09,317,15,2,61.42,South,122.84
11448,2022-11-25,645,45,1,152.66,South,152.66
11449,2023-03-02,105,28,1,440.18,North,440.18
11450,2024-02-09,370,50,5,159.95,South,799.75
11451,2023-08-31,749,14,3,214.52,South,643.5600000000001
11452,2023-06-10,581,13,5,161.94,West,809.7
11453,2023-09-17,696,41,3,494.6,North,1483.8000000000002
11454,2022-03-18,630,31,3,499.94,East,1499.82
11455,2024-07-08,180,5,3,246.56,South,739.6800000000001
11456,2024-08-03,783,19,4,394.56,South,1578.24
11457,2023-04-11,602,8,4,117.83,East,471.32
11458,2023-05-07,600,13,2,193.4,South,386.8
11459,2022-11-09,83,41,3,342.88,West,1028.6399999999999
11460,2022-11-04,532,17,4,150.3,North,601.2
11461,2023-11-22,619,32,4,120.1,North,480.4
11462,2022-03-30,841,5,1,461.9,West,461.9
11463,2024-01-05,501,9,3,129.71,West,389.13
11464,2024-02-17,348,43,5,39.05,West,195.25
11465,2024-01-21,272,34,1,378.03,West,378.03
11466,2023-01-06,331,45,4,129.2,South,516.8
11467,2023-03-27,610,1,4,230.59,South,922.36
11468,2022-06-16,921,40,4,64.66,North,258.64
11469,2023-01-27,744,15,4,43.57,East,174.28
11470,2024-01-06,887,32,5,235.62,North,1178.1
11471,2023-05-06,569,34,2,175.17,East,350.34
11472,2024-07-13,661,35,2,257.9,East,515.8
11473,2024-12-02,389,49,3,483.23,East,1449.69
11474,2024-08-02,971,50,4,209.62,East,838.48
11475,2022-01-29,747,28,3,305.3,East,915.9000000000001
11476,2024-11-20,137,17,5,57.82,West,289.1
11477,2023-11-24,779,46,3,444.1,East,1332.3000000000002
11478,2022-05-08,741,11,2,404.87,South,809.74
11479,2024-02-06,361,23,2,265.98,West,531.96
11480,2023-03-17,833,26,2,99.85,West,199.7
11481,2024-05-18,959,46,3,218.72,North,656.16
11482,2023-06-08,282,5,4,155.72,West,622.88
11483,2024-01-30,202,26,1,497.31,North,497.31
11484,2022-04-20,744,6,2,250.51,South,501.02
11485,2022-06-12,531,43,3,216.89,South,650.67
11486,2023-07-14,16,34,1,92.84,West,92.84
11487,2023-02-03,568,42,2,127.16,East,254.32
11488,2023-08-06,869,13,2,358.68,West,717.36
11489,2023-02-03,114,25,5,272.11,West,1360.5500000000002
11490,2022-08-27,68,2,2,185.44,North,370.88
11491,2024-11-21,590,14,1,155.54,East,155.54
11492,2022-04-20,30,17,1,108.36,South,108.36
11493,2022-10-27,519,41,4,26.61,East,106.44
11494,2024-09-28,908,40,1,488.8,West,488.8
11495,2024-02-03,664,40,3,379.02,East,1137.06
11496,2022-09-06,999,39,3,464.66,North,1393.98
11497,2023-06-05,875,25,2,212.15,North,424.3
11498,2022-02-03,22,27,4,436.0,North,1744.0
11499,2022-08-16,431,48,2,135.56,East,271.12
11500,2023-08-08,30,24,4,259.82,East,1039.28
11501,2024-08-15,956,49,5,109.21,South,546.05
11502,2024-03-23,679,33,4,387.47,South,1549.88
11503,2023-12-25,660,27,5,253.82,West,1269.1
11504,2023-08-07,410,45,5,272.77,South,1363.85
11505,2023-07-24,49,31,2,431.13,South,862.26
11506,2022-08-08,325,48,3,372.22,South,1116.66
11507,2024-02-26,488,38,4,483.47,South,1933.88
11508,2023-06-12,298,15,2,208.61,West,417.22
11509,2022-03-16,774,44,5,236.11,South,1180.5500000000002
11510,2022-05-16,181,40,5,311.52,West,1557.6
11511,2022-03-15,802,1,1,232.12,North,232.12
11512,2022-09-11,122,11,1,215.61,South,215.61
11513,2024-11-07,124,15,4,176.88,East,707.52
11514,2024-10-18,453,33,3,417.62,West,1252.8600000000001
11515,2024-12-02,266,48,1,271.41,East,271.41
11516,2022-02-19,28,32,5,307.63,East,1538.15
11517,2023-05-30,259,25,2,110.0,North,220.0
11518,2024-01-14,77,39,3,133.37,West,400.11
11519,2024-01-01,432,33,4,176.5,East,706.0
11520,2023-07-25,879,29,2,238.03,West,476.06
11521,2023-07-30,706,34,4,31.52,East,126.08
11522,2024-06-21,894,8,2,445.31,West,890.62
11523,2022-07-21,35,11,2,452.82,North,905.64
11524,2022-07-26,436,13,3,334.22,East,1002.6600000000001
11525,2023-02-19,114,5,4,164.87,North,659.48
11526,2022-08-09,62,50,1,198.81,East,198.81
11527,2024-01-28,52,19,2,369.68,West,739.36
11528,2024-02-02,116,21,2,150.28,East,300.56
11529,2023-07-17,47,3,1,308.37,West,308.37
11530,2023-01-04,438,26,3,454.07,South,1362.21
11531,2024-06-14,412,33,3,211.12,East,633.36
11532,2022-07-23,101,30,3,297.65,South,892.9499999999999
11533,2024-11-14,279,22,5,465.01,South,2325.05
11534,2024-08-14,107,5,5,176.88,East,884.4
11535,2022-03-10,983,19,3,382.22,East,1146.66
11536,2023-05-31,35,9,3,380.01,North,1140.03
11537,2022-08-28,359,24,1,464.96,South,464.96
11538,2022-12-27,887,39,5,430.71,West,2153.5499999999997
11539,2024-11-20,800,12,4,376.93,East,1507.72
11540,2023-12-08,2,46,3,321.89,South,965.67
11541,2023-11-21,751,48,3,128.18,South,384.54
11542,2023-10-19,492,45,3,338.62,West,1015.86
11543,2022-12-10,880,27,2,145.46,East,290.92
11544,2023-06-20,890,50,5,225.61,East,1128.0500000000002
11545,2022-12-21,272,42,4,357.75,South,1431.0
11546,2024-07-16,144,21,2,340.7,East,681.4
11547,2024-09-09,435,38,2,206.59,South,413.18
11548,2022-04-15,451,35,4,99.51,West,398.04
11549,2024-08-19,604,32,4,247.23,North,988.92
11550,2023-06-11,733,36,4,142.29,North,569.16
11551,2023-05-19,566,33,4,135.16,West,540.64
11552,2024-07-19,916,43,4,170.13,East,680.52
11553,2023-12-10,228,17,3,356.06,West,1068.18
11554,2022-08-23,545,5,4,253.67,South,1014.68
11555,2024-10-26,214,44,4,192.85,North,771.4
11556,2023-05-09,648,20,5,451.29,South,2256.4500000000003
11557,2024-05-27,248,23,3,356.32,East,1068.96
11558,2024-08-24,408,39,2,252.38,North,504.76
11559,2024-08-23,53,4,3,216.43,West,649.29
11560,2024-08-21,576,26,1,411.26,North,411.26
11561,2024-06-15,314,30,4,94.73,West,378.92
11562,2022-08-05,374,48,2,335.44,West,670.88
11563,2023-09-15,37,47,1,20.3,South,20.3
11564,2022-12-19,724,46,2,13.41,North,26.82
11565,2023-11-23,524,29,3,466.57,West,1399.71
11566,2023-11-06,980,34,1,261.85,South,261.85
11567,2023-09-23,84,10,4,164.41,South,657.64
11568,2022-11-21,900,20,4,399.4,East,1597.6
11569,2024-06-19,94,24,1,492.57,East,492.57
11570,2022-11-04,415,34,3,26.86,West,80.58
11571,2023-10-16,342,37,1,28.6,North,28.6
11572,2022-10-12,719,13,3,428.84,East,1286.52
11573,2023-01-27,550,23,2,282.79,West,565.58
11574,2022-12-26,421,10,3,442.54,North,1327.6200000000001
11575,2024-02-08,348,22,1,350.38,East,350.38
11576,2024-03-07,715,45,1,240.59,East,240.59
11577,2024-07-20,782,14,2,89.06,West,178.12
11578,2022-06-14,587,25,1,201.03,West,201.03
11579,2024-01-03,128,18,5,395.7,North,1978.5
11580,2023-08-04,841,20,1,124.62,East,124.62
11581,2024-03-31,152,28,5,359.06,West,1795.3
11582,2022-05-04,522,8,1,131.2,South,131.2
11583,2022-12-10,38,5,1,237.13,East,237.13
11584,2023-06-08,427,21,2,51.86,West,103.72
11585,2024-12-11,105,20,5,232.95,South,1164.75
11586,2022-05-09,165,44,2,310.22,North,620.44
11587,2023-10-19,938,16,5,286.03,North,1430.1499999999999
11588,2024-01-08,544,20,5,209.17,East,1045.85
11589,2024-07-27,212,25,4,191.15,East,764.6
11590,2022-03-12,526,7,5,144.95,East,724.75
11591,2022-09-30,742,25,2,385.88,East,771.76
11592,2024-10-23,132,36,2,393.49,South,786.98
11593,2022-01-22,152,10,3,246.68,East,740.04
11594,2022-06-15,96,40,1,197.46,North,197.46
11595,2024-05-24,503,16,4,322.34,East,1289.36
11596,2023-05-13,522,4,1,283.29,West,283.29
11597,2023-03-10,374,10,2,336.96,East,673.92
11598,2024-01-28,875,48,4,159.95,South,639.8
11599,2022-08-22,16,31,5,396.29,East,1981.45
11600,2024-04-16,679,12,2,165.2,East,330.4
11601,2023-10-25,608,20,2,215.17,South,430.34
11602,2023-12-26,18,32,2,74.89,South,149.78
11603,2023-01-11,409,2,2,429.13,West,858.26
11604,2023-12-31,7,11,4,325.69,South,1302.76
11605,2022-10-30,696,20,1,125.29,North,125.29
11606,2023-02-09,894,23,1,427.34,South,427.34
11607,2023-12-09,245,13,5,355.35,North,1776.75
11608,2024-07-05,943,35,2,226.67,North,453.34
11609,2022-01-21,883,17,2,495.02,South,990.04
11610,2022-09-14,978,10,1,175.23,West,175.23
11611,2023-02-03,879,40,5,58.78,West,293.9
11612,2022-02-20,594,38,3,369.39,East,1108.17
11613,2023-03-23,643,14,4,380.95,East,1523.8
11614,2024-04-06,129,19,1,38.89,North,38.89
11615,2023-08-18,801,32,4,411.52,East,1646.08
11616,2024-03-28,455,33,1,390.21,West,390.21
11617,2023-09-28,586,43,5,465.5,West,2327.5
11618,2024-12-08,876,25,2,68.09,South,136.18
11619,2024-02-14,571,25,3,304.4,West,913.1999999999999
11620,2024-08-30,72,14,4,117.52,South,470.08
11621,2023-02-01,160,45,3,205.73,West,617.1899999999999
11622,2023-11-14,87,44,2,139.89,East,279.78
11623,2024-11-16,401,38,1,230.16,West,230.16
11624,2023-12-12,462,36,5,65.31,East,326.55
11625,2023-06-13,529,24,2,158.72,North,317.44
11626,2023-11-16,89,41,3,44.75,West,134.25
11627,2023-09-05,661,39,3,251.0,East,753.0
11628,2022-07-05,823,39,3,155.37,North,466.11
11629,2023-11-27,6,13,1,299.25,East,299.25
11630,2022-08-03,596,2,3,233.66,West,700.98
11631,2022-08-04,945,34,1,129.49,West,129.49
11632,2022-01-29,84,15,3,60.44,East,181.32
11633,2022-04-12,250,48,4,379.13,East,1516.52
11634,2022-05-03,666,2,4,320.23,East,1280.92
11635,2022-02-23,416,25,2,26.14,South,52.28
11636,2023-09-08,72,5,2,494.79,East,989.58
11637,2023-07-11,621,34,5,324.82,North,1624.1
11638,2022-04-24,112,39,3,111.52,West,334.56
11639,2024-05-04,172,5,3,421.84,South,1265.52
11640,2023-11-07,699,43,1,442.23,West,442.23
11641,2024-09-03,797,8,2,291.11,North,582.22
11642,2023-12-02,273,49,4,443.93,West,1775.72
11643,2022-10-19,530,14,1,24.29,South,24.29
11644,2022-09-18,680,29,4,473.13,East,1892.52
11645,2023-07-18,319,30,1,38.03,North,38.03
11646,2022-02-18,82,37,2,324.77,West,649.54
11647,2024-10-26,75,4,3,179.49,East,538.47
11648,2023-01-14,429,35,3,29.26,South,87.78
11649,2022-08-12,460,7,2,465.35,East,930.7
11650,2024-11-12,847,26,4,76.33,North,305.32
11651,2024-10-04,346,32,5,428.33,West,2141.65
11652,2023-10-19,249,43,5,171.87,South,859.35
11653,2022-04-20,643,33,2,373.17,South,746.34
11654,2023-12-25,387,24,1,134.57,East,134.57
11655,2023-07-07,934,50,3,295.88,East,887.64
11656,2024-10-02,867,1,4,401.78,South,1607.12
11657,2023-11-29,713,29,5,287.43,North,1437.15
11658,2023-12-27,363,48,3,160.21,North,480.63
11659,2022-11-02,296,45,2,124.38,North,248.76
11660,2024-08-16,68,38,3,95.65,East,286.95000000000005
11661,2024-08-11,438,38,5,421.02,East,2105.1
11662,2023-09-13,532,21,4,309.36,South,1237.44
11663,2023-09-22,783,23,1,259.25,West,259.25
11664,2024-05-26,605,46,1,132.29,East,132.29
11665,2023-07-10,133,5,3,222.54,East,667.62
11666,2022-03-08,295,30,1,313.83,West,313.83
11667,2024-04-14,296,40,5,45.22,West,226.1
11668,2022-07-25,647,18,4,186.75,East,747.0
11669,2024-02-25,968,6,1,127.36,North,127.36
11670,2022-06-04,864,5,1,326.79,South,326.79
11671,2024-12-08,868,42,2,307.07,South,614.14
11672,2024-02-22,33,18,1,156.71,East,156.71
11673,2023-08-08,374,13,1,30.4,East,30.4
11674,2023-12-09,805,20,5,99.58,North,497.9
11675,2022-06-28,32,38,1,88.43,North,88.43
11676,2024-12-07,555,21,2,288.51,East,577.02
11677,2024-12-31,959,4,2,92.95,North,185.9
11678,2022-04-23,804,13,2,246.34,East,492.68
11679,2024-01-27,866,18,1,311.12,South,311.12
11680,2024-06-15,305,13,3,440.99,North,1322.97
11681,2024-03-31,793,13,3,130.06,North,390.18
11682,2022-06-08,108,39,5,101.1,South,505.5
11683,2024-02-25,96,37,3,94.89,South,284.67
11684,2024-11-19,66,35,5,186.61,North,933.0500000000001
11685,2022-09-08,521,38,5,328.1,North,1640.5
11686,2022-04-23,230,40,2,339.21,East,678.42
11687,2022-09-16,733,27,4,113.37,North,453.48
11688,2022-04-17,358,26,5,74.3,East,371.5
11689,2023-07-29,402,12,1,229.85,South,229.85
11690,2024-09-17,790,2,2,79.18,South,158.36
11691,2023-03-03,99,43,1,408.33,East,408.33
11692,2024-05-08,271,20,1,51.1,West,51.1
11693,2024-07-06,775,35,3,378.53,West,1135.59
11694,2023-09-19,909,10,1,30.9,South,30.9
11695,2023-04-20,362,8,5,405.42,North,2027.1000000000001
11696,2023-07-06,164,40,1,317.3,South,317.3
11697,2022-12-10,528,46,1,167.96,West,167.96
11698,2023-09-20,169,36,3,208.7,North,626.0999999999999
11699,2022-05-16,21,31,1,340.07,South,340.07
11700,2022-10-04,540,15,5,100.96,South,504.79999999999995
11701,2022-01-31,842,42,5,446.26,West,2231.3
11702,2022-09-04,595,18,1,246.61,North,246.61
11703,2023-02-15,785,15,5,382.47,North,1912.3500000000001
11704,2022-01-27,833,19,5,258.28,West,1291.3999999999999
11705,2022-03-14,397,24,3,231.62,West,694.86
11706,2023-11-04,36,35,2,240.11,East,480.22
11707,2023-04-21,495,2,2,187.93,East,375.86
11708,2022-10-14,314,13,4,369.05,North,1476.2
11709,2022-07-31,490,45,2,424.61,West,849.22
11710,2023-02-05,276,9,1,428.65,West,428.65
11711,2023-10-17,233,35,5,69.36,North,346.8
11712,2024-11-23,616,2,2,383.07,East,766.14
11713,2023-05-13,436,46,3,107.98,North,323.94
11714,2024-04-27,6,16,4,15.97,South,63.88
11715,2022-04-08,535,46,1,144.97,West,144.97
11716,2023-01-01,682,36,2,153.51,West,307.02
11717,2023-04-08,664,2,5,406.8,South,2034.0
11718,2022-01-28,244,16,3,373.77,West,1121.31
11719,2023-12-14,241,8,2,51.5,West,103.0
11720,2022-09-30,773,1,5,169.72,West,848.6
11721,2024-04-05,928,18,2,133.14,East,266.28
11722,2022-07-21,558,41,1,301.77,South,301.77
11723,2023-03-26,273,26,4,275.34,West,1101.36
11724,2022-01-19,75,44,5,342.67,West,1713.3500000000001
11725,2022-11-07,283,5,4,456.26,West,1825.04
11726,2023-02-16,708,21,4,216.33,South,865.32
11727,2024-01-12,535,35,3,331.4,West,994.1999999999999
11728,2023-09-16,87,40,5,459.99,West,2299.95
11729,2024-01-02,881,28,3,275.42,West,826.26
11730,2023-09-27,633,26,4,161.06,East,644.24
11731,2023-05-13,930,32,1,207.42,South,207.42
11732,2022-09-01,149,48,1,379.76,East,379.76
11733,2023-11-21,150,50,2,362.81,South,725.62
11734,2023-07-31,577,44,2,376.72,North,753.44
11735,2023-05-30,160,44,5,374.22,South,1871.1000000000001
11736,2022-07-26,446,21,1,461.02,East,461.02
11737,2024-08-05,796,4,4,384.36,South,1537.44
11738,2023-01-29,82,42,1,429.16,West,429.16
11739,2024-11-10,7,41,5,291.12,East,1455.6
11740,2023-12-19,182,36,2,325.64,East,651.28
11741,2022-07-21,870,24,2,484.18,East,968.36
11742,2022-04-30,966,33,3,436.45,South,1309.35
11743,2023-01-24,526,5,2,390.91,North,781.82
11744,2022-08-22,478,3,4,345.9,West,1383.6
11745,2023-08-25,183,11,5,185.67,South,928.3499999999999
11746,2023-12-13,314,45,2,278.58,North,557.16
11747,2024-09-08,556,32,2,37.01,West,74.02
11748,2024-05-06,174,22,4,213.92,East,855.68
11749,2022-03-17,14,11,2,64.83,North,129.66
11750,2023-10-11,300,38,4,367.03,East,1468.12
11751,2023-10-12,937,22,2,447.24,East,894.48
11752,2023-05-11,73,4,4,95.3,East,381.2
11753,2024-04-09,735,39,2,130.38,South,260.76
11754,2023-04-28,514,3,5,429.92,West,2149.6
11755,2024-12-19,722,10,3,297.06,West,891.1800000000001
11756,2024-09-17,773,37,3,298.27,West,894.81
11757,2023-09-11,602,19,1,285.81,West,285.81
11758,2023-07-04,343,18,3,116.95,West,350.85
11759,2023-10-08,396,28,4,129.22,South,516.88
11760,2023-05-17,846,31,4,475.33,South,1901.32
11761,2024-04-25,764,17,3,364.5,North,1093.5
11762,2022-02-22,895,24,4,54.31,West,217.24
11763,2023-03-26,333,1,5,119.24,South,596.1999999999999
11764,2022-03-03,355,5,4,317.29,East,1269.16
11765,2024-11-12,559,32,5,148.9,West,744.5
11766,2022-02-13,847,17,5,133.35,East,666.75
11767,2024-03-30,163,21,5,109.15,South,545.75
11768,2023-10-21,116,41,2,101.01,North,202.02
11769,2023-12-29,403,43,1,310.53,North,310.53
11770,2024-05-01,79,22,4,453.87,South,1815.48
11771,2022-02-16,447,39,2,186.95,East,373.9
11772,2024-03-30,883,39,1,69.54,East,69.54
11773,2024-11-13,8,34,2,70.91,South,141.82
11774,2022-03-30,23,14,4,467.51,East,1870.04
11775,2024-01-05,781,16,5,269.08,West,1345.3999999999999
11776,2022-06-27,791,5,2,238.48,West,476.96
11777,2024-10-15,543,18,1,446.46,East,446.46
11778,2024-12-18,414,4,1,258.49,South,258.49
11779,2024-06-19,682,44,1,245.49,North,245.49
11780,2023-03-14,642,28,2,464.06,North,928.12
11781,2023-03-02,907,45,1,242.48,North,242.48
11782,2024-08-25,409,27,3,201.57,South,604.71
11783,2023-05-01,669,6,1,295.01,South,295.01
11784,2023-04-05,22,11,1,488.84,West,488.84
11785,2024-07-09,638,47,2,482.28,East,964.56
11786,2024-11-04,403,21,4,390.04,North,1560.16
11787,2024-01-18,969,17,2,254.65,East,509.3
11788,2022-02-20,681,31,2,441.92,East,883.84
11789,2022-11-05,678,34,3,215.5,South,646.5
11790,2024-11-23,157,13,4,323.67,South,1294.68
11791,2024-10-01,330,23,2,97.92,East,195.84
11792,2023-09-27,22,1,3,334.03,North,1002.0899999999999
11793,2022-07-24,472,4,2,145.29,West,290.58
11794,2024-01-10,264,30,3,388.16,South,1164.48
11795,2024-12-29,303,31,5,212.88,North,1064.4
11796,2023-06-17,902,47,1,205.22,South,205.22
11797,2022-04-18,775,16,1,375.82,West,375.82
11798,2024-05-25,724,43,2,218.41,West,436.82
11799,2022-09-08,465,3,3,359.87,West,1079.6100000000001
11800,2022-05-15,164,12,5,428.98,East,2144.9
11801,2023-11-20,136,12,1,77.07,East,77.07
11802,2023-02-11,252,11,2,244.72,West,489.44
11803,2022-04-12,205,16,2,473.01,West,946.02
11804,2023-11-24,856,29,3,407.97,East,1223.91
11805,2023-02-08,302,21,4,487.07,West,1948.28
11806,2024-03-24,242,45,2,431.55,East,863.1
11807,2024-10-22,832,44,5,162.01,West,810.05
11808,2024-05-04,927,42,5,97.78,West,488.9
11809,2024-10-23,791,43,4,113.17,West,452.68
11810,2024-07-30,61,50,5,116.28,East,581.4
11811,2024-10-17,465,5,3,47.11,West,141.32999999999998
11812,2022-06-26,818,13,2,454.33,East,908.66
11813,2024-05-22,302,17,3,256.25,North,768.75
11814,2023-04-22,472,12,4,59.62,North,238.48
11815,2023-02-02,811,17,4,383.69,East,1534.76
11816,2022-08-08,394,1,3,169.56,West,508.68
11817,2022-06-22,607,8,1,44.81,South,44.81
11818,2024-01-06,660,16,4,102.98,South,411.92
11819,2023-05-17,912,15,2,332.2,West,664.4
11820,2024-01-31,974,19,4,399.06,South,1596.24
11821,2022-05-11,259,25,3,134.3,East,402.90000000000003
11822,2024-03-08,542,31,3,292.76,East,878.28
11823,2024-03-09,530,42,5,10.43,West,52.15
11824,2024-07-18,187,2,1,146.41,South,146.41
11825,2023-12-24,966,25,3,99.0,North,297.0
11826,2024-11-09,212,31,5,47.51,West,237.54999999999998
11827,2022-08-03,35,4,5,247.11,North,1235.5500000000002
11828,2023-05-03,147,4,2,319.2,West,638.4
11829,2022-11-09,282,12,5,32.72,North,163.6
11830,2022-03-20,547,17,1,77.57,South,77.57
11831,2022-06-29,588,21,2,466.82,East,933.64
11832,2024-09-30,584,29,3,119.33,South,357.99
11833,2023-11-06,249,22,3,382.39,North,1147.17
11834,2022-01-14,57,36,5,376.39,North,1881.9499999999998
11835,2024-05-08,869,40,4,167.58,West,670.32
11836,2022-09-03,305,16,1,110.02,North,110.02
11837,2024-11-03,522,15,1,129.54,East,129.54
11838,2022-04-09,725,30,5,287.29,East,1436.45
11839,2022-02-02,361,46,1,196.77,South,196.77
11840,2022-09-14,237,11,2,252.83,East,505.66
11841,2022-02-03,234,13,5,407.69,East,2038.45
11842,2022-01-19,925,23,4,256.13,West,1024.52
11843,2023-08-12,223,40,3,497.66,West,1492.98
11844,2022-05-17,616,41,1,336.26,North,336.26
11845,2022-12-25,327,34,3,111.55,South,334.65
11846,2024-01-24,98,20,4,254.76,West,1019.04
11847,2023-02-08,226,2,4,408.57,West,1634.28
11848,2022-09-07,734,8,2,116.97,West,233.94
11849,2023-03-22,836,18,4,367.42,North,1469.68
11850,2024-08-11,489,7,4,26.39,East,105.56
11851,2022-10-05,478,43,1,471.89,South,471.89
11852,2022-04-22,985,31,3,335.05,East,1005.1500000000001
11853,2024-01-16,334,22,1,89.66,West,89.66
11854,2023-11-19,792,28,1,438.4,West,438.4
11855,2023-01-27,555,25,5,50.09,West,250.45000000000002
11856,2024-08-26,863,1,5,208.91,West,1044.55
11857,2022-05-23,512,32,2,371.11,East,742.22
11858,2024-11-21,382,25,2,469.33,West,938.66
11859,2022-06-30,423,48,4,180.92,South,723.68
11860,2023-08-02,348,16,2,416.95,West,833.9
11861,2024-03-08,153,29,2,106.41,South,212.82
11862,2022-09-26,851,42,4,27.2,North,108.8
11863,2023-07-07,452,24,3,24.09,South,72.27
11864,2023-09-25,290,17,4,332.5,North,1330.0
11865,2022-10-02,736,42,4,85.56,North,342.24
11866,2024-01-13,985,6,3,34.66,South,103.97999999999999
11867,2022-03-27,119,14,4,488.61,North,1954.44
11868,2024-12-22,214,26,5,128.59,East,642.95
11869,2023-02-08,565,28,2,236.65,South,473.3
11870,2022-07-11,732,47,4,310.41,East,1241.64
11871,2024-11-20,439,36,1,80.78,East,80.78
11872,2022-04-17,755,31,2,185.01,North,370.02
11873,2023-09-14,565,27,5,327.38,East,1636.9
11874,2022-10-03,914,2,5,323.48,West,1617.4
11875,2023-10-13,629,19,4,422.61,North,1690.44
11876,2023-07-10,903,28,3,224.34,East,673.02
11877,2024-12-23,447,45,1,446.02,North,446.02
11878,2023-07-21,843,44,4,344.27,East,1377.08
11879,2023-08-09,42,21,3,285.43,North,856.29
11880,2024-06-03,395,45,5,67.4,North,337.0
11881,2022-05-09,247,15,2,291.6,West,583.2
11882,2022-09-13,905,34,5,301.39,South,1506.9499999999998
11883,2024-07-22,291,40,4,381.81,North,1527.24
11884,2022-08-19,248,3,3,362.38,West,1087.1399999999999
11885,2024-05-12,613,1,4,269.69,North,1078.76
11886,2022-12-21,599,24,5,300.49,West,1502.45
11887,2022-05-26,865,43,1,388.45,South,388.45
11888,2024-11-22,449,27,5,182.21,South,911.0500000000001
11889,2022-09-17,84,9,4,76.14,West,304.56
11890,2022-03-28,773,24,3,438.41,West,1315.23
11891,2024-04-22,221,17,4,482.86,North,1931.44
11892,2022-09-22,666,28,2,220.36,North,440.72
11893,2023-01-27,51,39,2,495.25,West,990.5
11894,2022-08-20,550,4,3,168.12,East,504.36
11895,2024-06-19,771,29,5,42.62,East,213.1
11896,2023-08-11,981,45,4,290.51,West,1162.04
11897,2023-03-23,187,28,2,435.42,South,870.84
11898,2023-04-11,525,37,1,312.57,North,312.57
11899,2024-07-22,223,29,2,14.62,West,29.24
11900,2022-05-08,465,44,5,15.8,East,79.0
11901,2024-11-15,419,29,3,364.93,East,1094.79
11902,2023-07-27,87,5,1,424.22,North,424.22
11903,2023-05-26,259,11,4,133.99,South,535.96
11904,2023-05-03,181,2,4,240.36,South,961.44
11905,2024-06-09,311,4,3,480.93,West,1442.79
11906,2023-08-02,173,10,1,235.68,West,235.68
11907,2024-08-07,322,39,1,76.55,East,76.55
11908,2023-02-10,707,44,1,456.71,West,456.71
11909,2024-11-15,340,8,3,252.63,South,757.89
11910,2022-12-30,496,23,3,178.71,East,536.13
11911,2024-12-19,245,27,4,57.74,East,230.96
11912,2023-07-05,940,23,2,234.55,South,469.1
11913,2022-10-19,505,48,5,387.14,North,1935.6999999999998
11914,2024-02-28,329,34,4,361.42,West,1445.68
11915,2024-03-26,880,35,1,253.33,West,253.33
11916,2022-07-10,196,17,2,362.57,East,725.14
11917,2023-04-06,62,47,5,181.87,East,909.35
11918,2023-10-26,25,50,1,370.28,West,370.28
11919,2022-08-21,564,10,3,52.01,North,156.03
11920,2023-04-19,562,2,2,107.62,West,215.24
11921,2023-10-20,378,17,3,440.08,East,1320.24
11922,2022-09-28,897,31,5,153.89,North,769.4499999999999
11923,2022-06-20,295,16,5,110.91,North,554.55
11924,2022-01-28,52,24,1,53.61,North,53.61
11925,2022-05-16,844,7,3,202.55,South,607.6500000000001
11926,2024-07-13,40,19,4,42.82,East,171.28
11927,2023-02-09,744,16,4,253.52,East,1014.08
11928,2024-09-03,572,33,3,460.41,East,1381.23
11929,2024-06-06,728,36,5,395.7,North,1978.5
11930,2024-05-05,457,45,2,29.93,South,59.86
11931,2023-03-20,878,10,3,156.88,East,470.64
11932,2023-03-10,852,43,1,101.95,East,101.95
11933,2023-05-24,709,15,4,42.8,East,171.2
11934,2022-02-03,788,43,1,63.23,West,63.23
11935,2024-10-22,853,3,2,454.99,West,909.98
11936,2022-12-28,2,2,4,161.94,South,647.76
11937,2023-08-29,469,43,4,202.19,West,808.76
11938,2023-12-17,106,42,4,247.99,North,991.96
11939,2022-09-07,216,35,1,375.02,South,375.02
11940,2022-05-27,777,27,5,401.2,South,2006.0
11941,2022-12-14,679,5,1,482.23,West,482.23
11942,2023-02-03,759,15,5,113.23,North,566.15
11943,2022-05-05,414,36,3,157.52,West,472.56000000000006
11944,2024-02-02,950,49,4,163.35,South,653.4
11945,2023-02-02,210,33,1,228.18,North,228.18
11946,2022-05-11,58,1,2,405.63,South,811.26
11947,2023-08-28,940,12,2,127.33,West,254.66
11948,2024-06-10,43,42,5,393.63,South,1968.15
11949,2024-04-01,138,41,5,109.98,West,549.9
11950,2024-06-20,621,9,4,357.97,South,1431.88
11951,2024-08-02,489,20,5,401.51,East,2007.55
11952,2024-01-02,560,30,2,428.35,North,856.7
11953,2022-11-30,638,14,1,260.04,North,260.04
11954,2024-11-09,469,23,1,171.07,East,171.07
11955,2022-07-24,726,29,5,388.47,South,1942.3500000000001
11956,2024-08-13,913,42,5,167.25,West,836.25
11957,2022-12-21,640,35,2,82.56,East,165.12
11958,2024-04-03,389,27,3,419.0,East,1257.0
11959,2024-10-22,198,49,1,211.51,South,211.51
11960,2024-07-29,202,27,5,289.71,South,1448.55
11961,2022-06-17,192,30,4,460.04,North,1840.16
11962,2023-01-03,107,3,5,76.54,East,382.70000000000005
11963,2023-06-20,706,12,5,283.02,South,1415.1
11964,2024-08-20,327,47,1,283.79,North,283.79
11965,2023-08-03,750,31,5,432.33,West,2161.65
11966,2024-08-07,644,37,4,177.22,South,708.88
11967,2022-07-26,357,27,4,206.59,North,826.36
11968,2024-12-08,595,47,4,264.45,North,1057.8
11969,2023-06-28,501,24,2,91.93,North,183.86
11970,2022-05-09,284,48,4,240.62,South,962.48
11971,2023-09-06,468,41,1,223.68,West,223.68
11972,2022-02-04,508,40,3,106.72,South,320.15999999999997
11973,2024-03-29,734,11,5,418.18,North,2090.9
11974,2022-07-18,106,27,5,221.21,East,1106.05
11975,2022-03-18,294,9,5,159.97,East,799.85
11976,2023-01-04,66,16,4,73.88,East,295.52
11977,2024-04-12,195,14,4,53.98,North,215.92
11978,2023-06-10,188,47,4,480.51,East,1922.04
11979,2022-12-15,47,30,3,497.63,West,1492.8899999999999
11980,2023-05-21,362,46,3,449.98,South,1349.94
11981,2023-10-05,871,24,3,234.73,East,704.1899999999999
11982,2022-08-26,537,42,3,405.88,North,1217.6399999999999
11983,2022-05-18,578,13,3,418.8,West,1256.4
11984,2023-09-04,487,33,5,156.91,North,784.55
11985,2023-11-11,847,9,5,297.15,East,1485.75
11986,2024-04-18,579,49,3,478.84,West,1436.52
11987,2024-07-26,709,26,5,147.23,North,736.15
11988,2022-12-21,246,49,3,334.81,South,1004.4300000000001
11989,2023-08-01,808,42,3,334.65,West,1003.9499999999999
11990,2024-04-26,612,45,3,231.81,North,695.4300000000001
11991,2023-07-13,178,50,5,250.26,South,1251.3
11992,2024-04-28,115,13,2,233.63,East,467.26
11993,2022-05-20,680,21,2,265.33,West,530.66
11994,2023-10-25,631,29,2,82.9,South,165.8
11995,2022-01-21,998,28,1,399.43,West,399.43
11996,2022-03-05,165,24,2,333.93,South,667.86
11997,2024-12-31,219,13,2,487.17,South,974.34
11998,2024-09-16,197,42,2,130.37,West,260.74
11999,2022-06-11,401,20,4,81.52,East,326.08
12000,2022-05-10,830,39,3,177.85,South,533.55
12001,2023-08-04,998,7,5,259.77,South,1298.85
12002,2022-08-13,749,41,4,110.45,West,441.8
12003,2023-08-03,681,48,3,235.69,South,707.0699999999999
12004,2024-09-09,76,15,2,324.88,North,649.76
12005,2024-10-01,426,25,2,37.52,West,75.04
12006,2022-04-17,287,35,4,381.43,West,1525.72
12007,2023-09-13,545,13,5,470.46,South,2352.2999999999997
12008,2024-04-19,299,43,4,141.44,South,565.76
12009,2023-07-31,861,8,4,390.35,East,1561.4
12010,2022-07-18,742,21,3,214.79,West,644.37
12011,2023-05-25,707,6,1,335.57,North,335.57
12012,2023-10-29,294,10,5,374.08,West,1870.3999999999999
12013,2022-03-20,809,49,5,154.54,South,772.6999999999999
12014,2024-06-12,886,41,4,395.82,East,1583.28
12015,2023-05-27,447,21,4,61.5,North,246.0
12016,2022-09-07,936,14,2,493.5,South,987.0
12017,2024-06-07,414,45,4,175.14,West,700.56
12018,2024-10-20,431,33,3,119.66,South,358.98
12019,2023-08-22,790,25,2,77.94,West,155.88
12020,2024-01-23,230,19,1,407.97,West,407.97
12021,2023-08-23,96,9,3,297.09,South,891.27
12022,2024-09-01,895,49,5,476.32,North,2381.6
12023,2023-04-28,439,47,5,327.36,North,1636.8000000000002
12024,2024-04-15,171,37,3,176.89,West,530.67
12025,2022-06-21,317,36,4,419.84,East,1679.36
12026,2024-05-18,842,36,4,147.81,South,591.24
12027,2022-01-17,544,15,4,152.51,South,610.04
12028,2023-01-29,491,5,5,23.86,North,119.3
12029,2022-08-22,388,17,3,133.49,South,400.47
12030,2022-09-05,989,30,4,138.1,South,552.4
12031,2022-02-21,557,7,2,155.79,North,311.58
12032,2022-01-15,72,6,5,190.63,West,953.15
12033,2023-03-17,532,15,3,292.57,East,877.71
12034,2023-11-27,239,46,3,116.03,West,348.09000000000003
12035,2022-01-07,711,10,3,322.01,South,966.03
12036,2024-04-05,577,6,3,75.32,East,225.95999999999998
12037,2024-11-02,700,42,1,466.15,West,466.15
12038,2023-04-23,89,41,2,22.79,East,45.58
12039,2023-09-23,922,13,1,455.02,North,455.02
12040,2023-12-16,713,14,4,278.13,West,1112.52
12041,2022-04-25,535,1,1,357.92,North,357.92
12042,2023-05-24,808,33,1,156.19,West,156.19
12043,2022-02-26,642,19,5,95.16,North,475.79999999999995
12044,2023-01-17,154,9,3,474.17,West,1422.51
12045,2024-08-09,590,37,1,226.09,West,226.09
12046,2022-10-02,190,49,3,245.45,North,736.3499999999999
12047,2022-02-13,812,48,2,492.98,West,985.96
12048,2023-12-19,415,12,1,174.67,North,174.67
12049,2022-11-14,154,5,5,59.09,East,295.45000000000005
12050,2023-06-18,625,6,5,297.59,East,1487.9499999999998
12051,2022-08-25,339,11,4,281.86,East,1127.44
12052,2024-06-11,998,38,1,388.82,West,388.82
12053,2023-06-01,629,10,2,477.99,North,955.98
12054,2022-02-07,517,15,3,160.76,North,482.28
12055,2023-10-16,889,50,1,363.68,South,363.68
12056,2024-01-17,838,39,4,222.91,South,891.64
12057,2024-04-20,35,28,5,394.05,East,1970.25
12058,2023-03-24,784,3,1,90.5,East,90.5
12059,2023-11-15,671,16,4,255.42,North,1021.68
12060,2022-05-05,722,45,2,47.82,South,95.64
12061,2024-12-24,526,17,3,284.98,East,854.94
12062,2024-03-03,537,36,2,92.8,North,185.6
12063,2024-02-23,847,19,2,480.42,West,960.84
12064,2022-08-14,218,4,3,281.62,South,844.86
12065,2023-04-10,254,25,1,269.39,South,269.39
12066,2023-10-05,996,27,3,486.44,West,1459.32
12067,2022-10-20,203,12,4,254.22,South,1016.88
12068,2023-12-22,101,27,2,341.6,East,683.2
12069,2024-01-26,361,4,3,32.87,East,98.60999999999999
12070,2022-06-15,741,24,5,357.09,South,1785.4499999999998
12071,2024-02-08,711,17,3,61.11,West,183.32999999999998
12072,2024-10-03,914,26,3,392.31,West,1176.93
12073,2024-05-20,178,18,4,439.65,North,1758.6
12074,2024-12-11,276,22,2,164.58,East,329.16
12075,2023-07-21,312,6,4,440.28,North,1761.12
12076,2024-11-03,642,19,4,246.49,North,985.96
12077,2023-08-25,410,37,5,290.07,South,1450.35
12078,2024-06-23,791,34,4,211.38,South,845.52
12079,2022-02-10,288,11,4,243.51,North,974.04
12080,2024-10-26,653,24,5,455.05,West,2275.25
12081,2022-08-30,525,45,1,474.17,North,474.17
12082,2022-06-11,401,37,4,228.48,West,913.92
12083,2024-10-15,217,23,3,262.04,South,786.1200000000001
12084,2023-11-23,698,40,4,66.93,West,267.72
12085,2024-03-19,470,43,2,169.55,East,339.1
12086,2024-09-05,27,4,3,261.49,East,784.47
12087,2023-06-02,913,18,3,109.27,East,327.81
12088,2024-06-16,730,30,1,292.5,South,292.5
12089,2024-02-22,422,15,2,345.79,West,691.58
12090,2024-02-23,14,37,2,328.48,South,656.96
12091,2022-03-26,501,23,2,226.83,South,453.66
12092,2024-10-30,654,12,4,386.97,South,1547.88
12093,2022-05-18,908,4,4,166.57,South,666.28
12094,2024-01-24,325,4,3,239.95,North,719.8499999999999
12095,2024-06-24,997,41,1,142.38,North,142.38
12096,2023-12-14,324,41,4,305.78,South,1223.12
12097,2022-06-05,567,14,4,225.95,West,903.8
12098,2023-02-12,703,8,1,116.39,South,116.39
12099,2024-02-26,285,23,2,161.01,South,322.02
12100,2023-08-03,89,1,3,146.94,North,440.82
12101,2023-07-08,45,11,4,456.35,North,1825.4
12102,2023-01-31,644,27,1,265.76,East,265.76
12103,2024-03-20,498,4,1,329.8,North,329.8
12104,2024-08-19,912,29,2,468.02,East,936.04
12105,2023-06-26,498,17,5,99.29,West,496.45000000000005
12106,2024-10-29,578,49,5,469.08,East,2345.4
12107,2024-09-13,791,19,5,274.42,West,1372.1000000000001
12108,2022-06-19,836,45,5,429.54,South,2147.7000000000003
12109,2022-10-17,660,49,4,92.32,South,369.28
12110,2024-01-10,145,24,1,143.74,East,143.74
12111,2023-08-11,948,44,3,105.14,West,315.42
12112,2024-01-05,518,46,4,330.18,South,1320.72
12113,2023-04-02,82,41,5,78.97,East,394.85
12114,2023-12-02,980,44,3,398.34,West,1195.02
12115,2024-09-05,635,32,3,132.71,South,398.13
12116,2022-02-15,167,31,5,135.18,North,675.9000000000001
12117,2024-11-06,749,49,3,147.75,South,443.25
12118,2022-08-19,105,16,4,375.73,East,1502.92
12119,2024-08-07,802,32,2,462.87,East,925.74
12120,2023-09-29,488,44,4,454.68,West,1818.72
12121,2022-04-22,750,42,4,59.61,North,238.44
12122,2023-08-16,310,34,2,138.59,East,277.18
12123,2024-05-08,984,35,5,339.37,North,1696.85
12124,2023-01-26,82,37,5,313.09,North,1565.4499999999998
12125,2023-01-27,94,16,2,181.51,West,363.02
12126,2022-11-24,321,21,4,432.79,West,1731.16
12127,2024-01-17,343,13,1,73.93,North,73.93
12128,2023-01-02,797,18,3,323.13,North,969.39
12129,2022-03-23,809,2,3,143.81,East,431.43
12130,2024-03-16,361,33,3,268.32,North,804.96
12131,2024-04-01,831,41,1,199.87,West,199.87
12132,2024-08-09,928,18,4,490.07,West,1960.28
12133,2023-01-07,66,28,5,248.48,East,1242.3999999999999
12134,2022-09-21,624,37,2,488.29,West,976.58
12135,2022-04-20,868,35,3,134.96,North,404.88
12136,2022-11-03,429,37,1,386.29,South,386.29
12137,2022-08-14,401,12,2,361.36,West,722.72
12138,2022-07-04,171,40,4,425.35,East,1701.4
12139,2024-08-21,759,8,1,349.87,North,349.87
12140,2022-01-31,578,25,1,344.36,West,344.36
12141,2023-09-06,68,7,2,333.75,South,667.5
12142,2022-04-09,492,2,2,492.68,West,985.36
12143,2024-03-21,34,33,3,121.77,North,365.31
12144,2023-10-14,1,33,4,24.76,West,99.04
12145,2024-03-24,151,40,2,342.21,North,684.42
12146,2024-10-16,902,49,3,94.45,South,283.35
12147,2024-09-04,784,23,3,342.9,West,1028.6999999999998
12148,2022-03-29,258,5,2,166.65,South,333.3
12149,2024-12-22,750,14,1,31.24,North,31.24
12150,2024-07-10,628,8,1,387.19,South,387.19
12151,2023-08-09,588,20,1,35.31,North,35.31
12152,2024-03-28,795,18,3,119.83,East,359.49
12153,2024-07-20,19,23,1,174.84,West,174.84
12154,2024-03-07,796,29,4,75.05,North,300.2
12155,2024-10-15,35,7,1,457.65,East,457.65
12156,2024-10-09,371,24,1,314.7,South,314.7
12157,2024-08-30,491,46,3,438.94,West,1316.82
12158,2023-09-25,836,25,5,344.21,West,1721.05
12159,2022-12-12,817,14,4,496.05,West,1984.2
12160,2023-12-25,241,38,3,267.32,West,801.96
12161,2024-06-19,7,3,4,36.34,South,145.36
12162,2024-11-03,549,46,4,88.82,West,355.28
12163,2022-05-16,371,14,1,298.33,North,298.33
12164,2023-02-01,665,3,4,180.39,West,721.56
12165,2024-03-02,757,42,1,65.32,South,65.32
12166,2022-03-20,250,9,4,126.69,North,506.76
12167,2023-12-06,115,7,5,242.54,North,1212.7
12168,2024-09-08,553,26,4,263.91,North,1055.64
12169,2024-12-10,337,7,2,467.94,East,935.88
12170,2024-01-14,574,7,1,54.43,East,54.43
12171,2023-01-19,681,44,5,185.33,West,926.6500000000001
12172,2023-01-10,142,36,1,257.96,East,257.96
12173,2022-07-25,485,13,5,65.5,South,327.5
12174,2023-05-04,438,3,1,347.02,West,347.02
12175,2024-05-30,770,20,2,262.36,East,524.72
12176,2023-09-24,88,9,2,235.16,East,470.32
12177,2023-08-15,463,22,5,331.48,South,1657.4
12178,2024-12-01,48,45,3,151.03,South,453.09000000000003
12179,2023-06-17,947,33,1,176.27,East,176.27
12180,2023-06-06,481,23,3,89.72,East,269.15999999999997
12181,2024-04-04,823,23,4,266.63,East,1066.52
12182,2023-08-21,524,38,2,192.48,East,384.96
12183,2022-04-23,211,26,1,137.56,West,137.56
12184,2024-01-04,244,32,2,71.12,West,142.24
12185,2022-11-14,239,28,4,21.38,West,85.52
12186,2024-09-22,197,30,5,104.74,East,523.6999999999999
12187,2022-08-01,769,40,1,131.24,South,131.24
12188,2022-09-10,235,17,1,247.86,South,247.86
12189,2022-05-04,187,18,1,128.09,West,128.09
12190,2023-09-16,713,25,5,410.65,South,2053.25
12191,2024-12-24,615,4,2,242.32,North,484.64
12192,2024-06-16,290,26,5,315.67,West,1578.3500000000001
12193,2022-09-04,221,31,2,111.89,South,223.78
12194,2023-03-17,497,12,1,213.9,South,213.9
12195,2022-02-14,496,48,5,305.36,East,1526.8000000000002
12196,2023-10-20,880,18,4,162.41,West,649.64
12197,2024-05-29,302,10,5,174.74,West,873.7
12198,2024-10-13,187,36,2,405.64,North,811.28
12199,2023-07-08,450,2,1,420.22,North,420.22
12200,2024-03-19,915,25,2,271.14,South,542.28
12201,2024-08-28,412,47,3,449.24,East,1347.72
12202,2023-12-31,611,9,1,370.97,West,370.97
12203,2024-10-17,936,47,4,37.1,North,148.4
12204,2024-08-11,245,32,4,284.14,West,1136.56
12205,2024-12-26,313,5,3,351.92,South,1055.76
12206,2024-11-30,819,3,2,275.03,East,550.06
12207,2022-04-09,496,17,4,417.67,North,1670.68
12208,2024-05-21,22,13,2,157.41,South,314.82
12209,2022-10-28,68,3,1,42.08,East,42.08
12210,2023-05-03,392,28,5,320.47,South,1602.3500000000001
12211,2024-10-01,316,4,1,368.09,West,368.09
12212,2023-04-22,65,18,2,384.97,West,769.94
12213,2024-05-10,804,35,3,15.42,South,46.26
12214,2024-03-19,967,14,1,339.96,North,339.96
12215,2023-06-02,729,16,4,20.16,South,80.64
12216,2023-04-04,541,12,1,389.65,East,389.65
12217,2022-08-18,705,11,1,354.52,South,354.52
12218,2022-01-08,568,2,1,288.03,East,288.03
12219,2022-07-14,850,33,3,258.1,East,774.3000000000001
12220,2024-11-08,900,13,2,360.4,East,720.8
12221,2022-12-20,212,30,3,38.03,South,114.09
12222,2024-12-08,750,26,4,417.77,West,1671.08
12223,2023-04-09,200,50,2,108.6,West,217.2
12224,2022-12-22,987,18,4,244.12,South,976.48
12225,2024-04-29,178,13,2,248.53,East,497.06
12226,2024-08-31,423,4,2,390.79,South,781.58
12227,2022-03-07,931,33,1,104.57,West,104.57
12228,2024-05-08,665,15,1,156.88,West,156.88
12229,2023-07-25,462,17,3,334.92,West,1004.76
12230,2022-11-04,44,6,2,212.26,East,424.52
12231,2024-02-22,431,5,4,156.44,North,625.76
12232,2022-05-01,168,33,1,314.5,North,314.5
12233,2024-02-05,287,16,4,52.42,West,209.68
12234,2024-02-12,709,46,1,396.99,West,396.99
12235,2022-04-06,337,24,2,267.13,West,534.26
12236,2024-09-13,586,5,4,110.95,South,443.8
12237,2023-06-24,171,3,3,210.17,East,630.51
12238,2022-01-02,892,35,3,74.23,East,222.69
12239,2023-08-03,183,27,3,312.12,East,936.36
12240,2022-11-29,16,12,1,337.96,South,337.96
12241,2024-11-13,496,50,1,208.59,North,208.59
12242,2024-01-12,580,41,3,176.45,South,529.3499999999999
12243,2023-05-21,887,25,4,426.39,North,1705.56
12244,2024-09-26,837,17,1,292.27,East,292.27
12245,2024-01-03,554,49,3,336.84,West,1010.52
12246,2023-05-29,110,20,1,72.48,North,72.48
12247,2024-06-13,553,28,5,359.53,West,1797.6499999999999
12248,2022-12-27,306,50,4,227.86,North,911.44
12249,2022-10-01,980,35,2,189.67,South,379.34
12250,2022-06-26,6,50,4,465.41,East,1861.64
12251,2023-06-11,843,15,2,36.43,South,72.86
12252,2024-07-01,693,33,3,105.85,East,317.54999999999995
12253,2022-10-06,273,3,1,193.77,East,193.77
12254,2023-12-07,361,7,3,168.78,East,506.34000000000003
12255,2022-03-05,185,10,2,260.24,West,520.48
12256,2022-10-17,835,41,5,206.44,South,1032.2
12257,2022-01-18,656,26,2,396.26,South,792.52
12258,2022-03-05,948,41,1,386.32,East,386.32
12259,2022-11-26,100,40,5,388.46,North,1942.3
12260,2024-02-02,90,6,1,190.98,East,190.98
12261,2024-11-06,984,33,5,209.61,North,1048.0500000000002
12262,2023-03-19,246,16,1,363.03,South,363.03
12263,2022-05-21,239,24,2,70.86,West,141.72
12264,2023-03-20,930,30,2,427.44,South,854.88
12265,2023-05-11,724,10,2,275.22,North,550.44
12266,2023-03-02,81,11,2,425.79,West,851.58
12267,2023-03-26,115,44,5,398.87,South,1994.35
12268,2022-12-17,276,22,4,193.45,South,773.8
12269,2023-08-22,80,3,4,59.76,North,239.04
12270,2023-12-12,568,38,3,461.21,South,1383.6299999999999
12271,2024-05-19,179,40,4,178.86,North,715.44
12272,2023-01-28,309,23,3,193.13,North,579.39
12273,2024-04-21,561,45,2,455.43,East,910.86
12274,2023-02-05,509,19,1,459.5,South,459.5
12275,2022-02-19,260,40,4,138.82,West,555.28
12276,2024-01-14,786,13,4,53.59,East,214.36
12277,2024-06-24,292,36,2,10.54,North,21.08
12278,2024-11-01,885,3,2,224.76,South,449.52
12279,2024-09-17,291,22,4,288.6,South,1154.4
12280,2024-11-04,542,25,2,142.47,North,284.94
12281,2022-01-28,886,20,4,137.28,West,549.12
12282,2023-01-23,764,28,1,184.82,East,184.82
12283,2024-04-12,63,3,1,138.91,North,138.91
12284,2022-09-07,594,22,3,430.63,South,1291.8899999999999
12285,2022-04-08,405,44,4,324.99,North,1299.96
12286,2024-11-28,948,37,1,416.18,East,416.18
12287,2024-11-27,480,38,1,431.63,North,431.63
12288,2022-06-28,325,18,5,223.15,North,1115.75
12289,2024-06-10,381,20,1,244.01,West,244.01
12290,2024-01-20,681,46,3,489.13,South,1467.3899999999999
12291,2023-03-29,310,5,1,410.25,North,410.25
12292,2022-04-07,343,43,2,400.97,South,801.94
12293,2022-11-05,670,9,5,296.02,West,1480.1
12294,2022-09-19,475,29,4,235.96,East,943.84
12295,2022-10-20,56,17,3,448.36,North,1345.08
12296,2022-09-06,847,12,1,404.23,West,404.23
12297,2022-09-02,425,26,4,263.23,West,1052.92
12298,2022-09-08,142,33,1,142.54,West,142.54
12299,2022-05-03,661,33,5,82.17,South,410.85
12300,2022-11-21,376,36,4,280.83,South,1123.32
12301,2024-09-12,226,29,2,155.05,West,310.1
12302,2023-05-16,474,22,2,139.47,West,278.94
12303,2023-11-18,25,18,4,61.84,North,247.36
12304,2024-12-25,690,17,2,26.89,North,53.78
12305,2024-04-15,365,44,3,393.84,South,1181.52
12306,2022-02-28,95,24,5,62.91,West,314.54999999999995
12307,2024-01-01,508,22,3,445.42,South,1336.26
12308,2022-09-23,565,44,4,114.75,West,459.0
12309,2022-08-24,816,5,3,382.24,East,1146.72
12310,2024-06-16,582,1,5,413.27,East,2066.35
12311,2022-08-06,176,19,5,398.35,East,1991.75
12312,2024-09-01,644,30,4,437.7,North,1750.8
12313,2023-08-12,408,39,3,176.46,West,529.38
12314,2024-07-05,490,15,5,493.09,West,2465.45
12315,2024-07-06,927,46,4,147.0,North,588.0
12316,2022-12-19,851,35,5,467.81,East,2339.05
12317,2022-04-01,459,5,1,224.35,North,224.35
12318,2023-12-03,413,6,1,37.9,West,37.9
12319,2022-03-14,901,25,5,394.61,North,1973.0500000000002
12320,2023-11-16,338,11,4,395.83,North,1583.32
12321,2023-12-23,963,22,1,106.68,North,106.68
12322,2024-08-15,872,34,5,413.52,East,2067.6
12323,2024-11-21,331,44,2,87.21,North,174.42
12324,2023-10-10,213,14,3,84.2,East,252.60000000000002
12325,2024-01-30,990,9,5,406.37,East,2031.85
12326,2024-05-20,723,20,1,152.21,North,152.21
12327,2022-05-23,949,16,5,47.67,North,238.35000000000002
12328,2024-08-06,345,17,4,478.61,East,1914.44
12329,2022-02-13,576,17,1,282.95,North,282.95
12330,2022-02-01,547,34,4,229.56,West,918.24
12331,2022-01-28,524,42,4,257.01,East,1028.04
12332,2024-10-16,943,11,4,338.52,South,1354.08
12333,2023-02-27,346,35,5,432.22,South,2161.1000000000004
12334,2023-05-06,823,34,1,339.56,East,339.56
12335,2022-06-09,248,36,4,372.37,South,1489.48
12336,2024-04-24,624,8,2,98.28,West,196.56
12337,2022-01-18,325,19,3,198.21,East,594.63
12338,2023-11-03,467,50,5,296.56,East,1482.8
12339,2022-08-20,91,33,2,313.51,North,627.02
12340,2023-02-28,294,23,1,142.64,West,142.64
12341,2024-06-22,541,2,3,487.74,South,1463.22
12342,2024-01-25,524,8,4,67.91,South,271.64
12343,2024-04-16,659,29,2,65.02,North,130.04
12344,2024-06-12,649,42,2,122.28,East,244.56
12345,2022-08-27,850,7,4,379.42,West,1517.68
12346,2022-05-29,669,49,4,27.91,West,111.64
12347,2023-09-15,259,29,2,494.05,North,988.1
12348,2022-01-17,87,31,1,493.99,South,493.99
12349,2024-07-02,158,30,5,88.25,East,441.25
12350,2022-08-14,494,35,1,206.59,West,206.59
12351,2023-10-14,186,25,1,109.92,East,109.92
12352,2022-09-17,344,47,5,209.93,North,1049.65
12353,2023-11-05,821,4,1,271.1,East,271.1
12354,2022-06-23,869,49,3,413.14,South,1239.42
12355,2022-07-24,741,43,4,27.55,West,110.2
12356,2023-02-19,516,38,2,493.58,West,987.16
12357,2024-03-02,569,17,5,470.88,South,2354.4
12358,2024-12-24,950,10,1,289.5,South,289.5
12359,2023-06-02,509,1,2,245.64,East,491.28
12360,2024-12-26,540,18,3,279.82,North,839.46
12361,2024-09-05,16,46,1,19.04,West,19.04
12362,2024-10-06,525,19,1,371.46,South,371.46
12363,2023-08-13,200,50,1,253.25,East,253.25
12364,2022-03-08,184,32,3,150.16,West,450.48
12365,2023-11-15,309,31,4,236.16,North,944.64
12366,2022-03-04,816,33,2,153.36,East,306.72
12367,2024-03-24,508,22,1,352.98,South,352.98
12368,2023-02-07,281,1,1,311.07,West,311.07
12369,2022-07-11,834,41,3,200.17,East,600.51
12370,2022-03-12,158,46,3,163.98,South,491.93999999999994
12371,2024-05-27,360,35,2,440.24,South,880.48
12372,2024-01-11,259,44,2,344.3,South,688.6
12373,2024-08-03,919,49,1,360.73,West,360.73
12374,2024-12-22,157,17,1,313.12,South,313.12
12375,2022-09-02,425,34,1,46.86,East,46.86
12376,2023-06-03,606,29,1,39.04,West,39.04
12377,2023-01-28,779,6,1,220.29,East,220.29
12378,2024-02-11,21,1,3,465.94,North,1397.82
12379,2024-06-29,639,27,4,267.11,North,1068.44
12380,2022-07-03,347,12,2,439.18,North,878.36
12381,2022-09-04,920,4,3,57.31,North,171.93
12382,2022-11-20,863,16,5,364.89,South,1824.4499999999998
12383,2022-06-09,350,11,5,130.22,West,651.1
12384,2023-12-07,961,20,5,267.0,South,1335.0
12385,2023-09-14,385,26,2,153.53,East,307.06
12386,2024-07-13,438,28,1,359.04,East,359.04
12387,2022-03-07,456,42,5,206.44,North,1032.2
12388,2024-07-18,624,8,5,236.46,East,1182.3
12389,2022-09-11,746,2,4,130.22,East,520.88
12390,2022-10-10,546,40,3,147.91,West,443.73
12391,2024-12-19,80,26,2,97.94,East,195.88
12392,2022-04-28,987,27,2,281.36,South,562.72
12393,2023-02-27,452,33,4,81.05,North,324.2
12394,2023-07-10,595,7,5,141.42,North,707.0999999999999
12395,2022-02-05,541,46,4,269.93,East,1079.72
12396,2023-06-15,489,36,1,144.67,East,144.67
12397,2022-04-01,643,21,5,298.36,South,1491.8000000000002
12398,2022-04-08,523,49,2,16.94,South,33.88
12399,2023-06-15,392,34,3,486.88,East,1460.6399999999999
12400,2023-06-22,574,23,4,367.69,South,1470.76
12401,2024-11-17,359,34,4,256.87,West,1027.48
12402,2022-03-21,33,40,2,461.21,South,922.42
12403,2023-07-17,136,7,5,436.19,East,2180.95
12404,2023-09-06,921,26,5,189.61,East,948.0500000000001
12405,2022-06-25,600,40,5,66.9,South,334.5
12406,2023-06-06,922,49,3,133.59,West,400.77
12407,2023-02-27,410,17,3,112.26,West,336.78000000000003
12408,2023-07-30,529,31,5,377.53,East,1887.6499999999999
12409,2023-06-15,91,39,3,278.57,North,835.71
12410,2022-11-28,413,25,4,426.55,South,1706.2
12411,2023-10-15,299,37,5,249.95,South,1249.75
12412,2024-01-10,487,15,3,387.18,South,1161.54
12413,2023-05-26,765,2,4,168.48,West,673.92
12414,2022-02-11,73,11,4,305.05,North,1220.2
12415,2024-06-03,718,32,3,323.31,South,969.9300000000001
12416,2022-03-22,261,30,5,382.05,East,1910.25
12417,2023-02-06,690,17,5,401.75,West,2008.75
12418,2022-04-17,990,24,3,145.49,North,436.47
12419,2023-05-21,312,45,3,198.68,North,596.04
12420,2023-12-21,959,4,1,111.5,West,111.5
12421,2022-09-14,825,50,4,376.44,North,1505.76
12422,2024-08-11,732,46,5,142.66,West,713.3
12423,2024-07-21,685,32,2,201.6,North,403.2
12424,2024-12-07,165,19,4,403.48,East,1613.92
12425,2024-06-15,840,3,5,176.5,North,882.5
12426,2022-01-19,335,4,1,152.84,South,152.84
12427,2024-12-05,502,25,4,329.08,North,1316.32
12428,2023-03-27,732,9,4,487.93,West,1951.72
12429,2024-06-16,804,21,5,40.69,West,203.45
12430,2024-12-15,161,23,2,419.05,North,838.1
12431,2024-01-11,390,46,3,69.59,North,208.77
12432,2022-03-23,760,29,2,179.0,North,358.0
12433,2024-01-07,883,30,1,214.19,South,214.19
12434,2022-03-20,972,25,4,362.18,South,1448.72
12435,2022-10-10,71,49,5,464.02,North,2320.1
12436,2024-09-23,941,29,4,59.99,North,239.96
12437,2022-06-09,92,34,3,374.96,South,1124.8799999999999
12438,2024-06-06,903,14,2,167.92,North,335.84
12439,2023-04-13,361,22,2,451.94,South,903.88
12440,2024-05-02,321,48,1,146.33,East,146.33
12441,2023-04-07,245,16,5,349.99,West,1749.95
12442,2024-05-03,24,11,3,90.73,East,272.19
12443,2022-04-27,557,14,3,479.39,West,1438.17
12444,2022-12-30,701,7,5,12.12,North,60.599999999999994
12445,2023-04-11,403,5,1,124.1,East,124.1
12446,2022-07-03,373,40,3,341.21,West,1023.6299999999999
12447,2023-10-22,928,29,1,428.23,East,428.23
12448,2022-03-16,286,17,5,496.84,South,2484.2
12449,2024-04-05,833,30,5,94.9,South,474.5
12450,2023-05-18,928,25,5,160.5,East,802.5
12451,2024-03-05,441,14,3,447.01,North,1341.03
12452,2023-08-10,916,42,5,25.92,North,129.60000000000002
12453,2023-10-18,853,22,3,369.33,North,1107.99
12454,2023-12-01,595,44,1,217.3,East,217.3
12455,2023-09-27,734,5,4,347.52,East,1390.08
12456,2024-04-23,882,40,1,267.2,North,267.2
12457,2024-04-14,988,28,3,317.28,East,951.8399999999999
12458,2024-02-03,352,12,2,336.67,West,673.34
12459,2022-12-24,926,36,2,319.31,North,638.62
12460,2023-11-23,855,13,4,335.64,West,1342.56
12461,2023-09-14,219,21,5,288.49,South,1442.45
12462,2023-04-27,485,32,1,359.81,South,359.81
12463,2024-09-06,443,49,1,390.25,North,390.25
12464,2024-09-04,218,21,3,396.09,East,1188.27
12465,2022-10-17,702,37,4,428.22,South,1712.88
12466,2024-01-22,67,38,5,165.04,North,825.1999999999999
12467,2022-01-23,31,9,4,375.43,North,1501.72
12468,2024-03-16,322,37,2,473.86,East,947.72
12469,2022-06-21,250,2,4,190.06,East,760.24
12470,2024-04-14,566,3,5,391.04,South,1955.2
12471,2022-11-14,10,43,5,152.82,West,764.0999999999999
12472,2024-06-26,678,10,1,96.03,North,96.03
12473,2024-03-08,851,35,1,228.75,North,228.75
12474,2024-09-17,927,9,5,405.2,North,2026.0
12475,2024-05-04,285,40,1,160.49,South,160.49
12476,2023-11-12,153,48,1,154.52,South,154.52
12477,2024-07-04,544,32,1,146.06,South,146.06
12478,2024-10-26,529,21,5,116.88,North,584.4
12479,2024-04-22,371,34,1,309.44,East,309.44
12480,2023-04-28,301,25,2,129.24,North,258.48
12481,2022-05-12,817,42,5,468.1,East,2340.5
12482,2024-05-10,855,32,4,179.51,West,718.04
12483,2022-10-21,146,46,3,275.78,West,827.3399999999999
12484,2023-10-03,587,37,3,210.49,South,631.47
12485,2024-09-26,891,22,2,481.73,North,963.46
12486,2023-01-27,636,25,5,217.77,East,1088.8500000000001
12487,2022-09-06,52,1,4,286.21,North,1144.84
12488,2023-12-04,404,45,5,384.08,North,1920.3999999999999
12489,2022-10-14,702,36,4,93.94,North,375.76
12490,2022-10-04,141,21,4,25.99,West,103.96
12491,2023-01-22,88,41,5,232.91,North,1164.55
12492,2023-03-26,427,16,1,279.81,South,279.81
12493,2022-10-18,84,32,3,150.66,South,451.98
12494,2023-03-19,243,21,1,236.63,West,236.63
12495,2023-10-18,106,28,3,311.43,East,934.29
12496,2024-12-04,604,19,1,486.9,West,486.9
12497,2024-04-06,355,14,5,304.87,South,1524.35
12498,2023-04-21,21,23,5,229.94,South,1149.7
12499,2022-09-10,6,24,4,21.04,South,84.16
12500,2022-10-16,967,20,2,162.19,South,324.38
12501,2024-09-26,221,32,5,185.66,East,928.3
12502,2022-01-21,821,40,3,243.7,West,731.0999999999999
12503,2022-11-12,87,10,4,393.26,South,1573.04
12504,2023-07-18,692,1,3,390.18,West,1170.54
12505,2022-05-03,453,31,1,424.19,South,424.19
12506,2024-05-23,342,37,2,152.1,East,304.2
12507,2024-08-17,393,15,5,179.77,South,898.85
12508,2022-08-02,352,40,1,83.62,East,83.62
12509,2024-04-18,246,31,4,430.13,South,1720.52
12510,2023-10-09,970,28,3,329.6,South,988.8000000000001
12511,2024-08-25,686,10,2,48.0,West,96.0
12512,2023-12-31,113,6,5,158.79,North,793.9499999999999
12513,2023-08-23,988,15,3,84.84,East,254.52
12514,2024-03-02,971,47,5,484.92,East,2424.6
12515,2022-02-09,583,27,5,169.06,North,845.3
12516,2024-01-22,158,10,3,253.27,East,759.8100000000001
12517,2024-07-31,811,21,5,165.77,East,828.85
12518,2023-10-10,237,19,4,242.41,East,969.64
12519,2022-07-01,699,4,2,499.32,North,998.64
12520,2022-09-22,243,22,1,150.82,East,150.82
12521,2024-02-10,166,38,2,148.48,South,296.96
12522,2024-05-12,34,15,1,191.98,South,191.98
12523,2023-03-08,255,6,4,92.97,East,371.88
12524,2023-05-24,302,50,2,372.11,North,744.22
12525,2023-03-23,220,11,4,195.88,South,783.52
12526,2023-06-12,32,44,3,294.62,South,883.86
12527,2024-05-24,912,30,1,334.04,South,334.04
12528,2023-10-31,935,40,3,27.37,North,82.11
12529,2024-04-26,769,24,3,325.56,West,976.6800000000001
12530,2022-03-11,509,22,2,271.06,East,542.12
12531,2024-03-26,482,30,5,50.6,South,253.0
12532,2024-11-04,233,46,5,71.0,South,355.0
12533,2024-12-19,953,4,4,225.99,East,903.96
12534,2023-03-22,215,50,2,179.69,East,359.38
12535,2024-10-22,242,6,3,224.37,South,673.11
12536,2022-01-19,245,38,4,321.4,South,1285.6
12537,2023-07-15,20,26,3,85.67,South,257.01
12538,2023-04-17,210,19,4,334.6,North,1338.4
12539,2022-01-28,722,2,1,410.88,West,410.88
12540,2023-07-14,426,4,4,11.43,West,45.72
12541,2023-08-31,1000,5,4,190.55,East,762.2
12542,2023-04-03,981,47,3,144.83,North,434.49
12543,2024-08-02,72,35,5,221.68,West,1108.4
12544,2024-09-10,674,29,3,311.49,North,934.47
12545,2024-05-17,178,16,2,101.91,West,203.82
12546,2024-10-12,523,45,3,75.71,North,227.13
12547,2022-01-29,875,12,5,367.13,East,1835.65
12548,2023-10-31,299,21,2,346.02,East,692.04
12549,2024-04-05,266,9,5,235.81,West,1179.05
12550,2024-03-26,520,11,2,255.65,South,511.3
12551,2022-10-06,495,8,3,142.23,West,426.68999999999994
12552,2022-10-10,968,26,5,171.3,West,856.5
12553,2024-09-29,275,32,5,166.84,West,834.2
12554,2022-11-01,705,39,1,365.9,North,365.9
12555,2023-11-25,823,4,1,282.27,East,282.27
12556,2022-04-19,948,34,4,367.45,North,1469.8
12557,2022-11-20,771,28,1,299.45,North,299.45
12558,2023-04-03,53,25,5,277.36,East,1386.8000000000002
12559,2023-04-27,812,44,4,167.09,West,668.36
12560,2024-07-10,608,35,3,203.78,North,611.34
12561,2023-06-04,816,19,4,444.82,South,1779.28
12562,2024-12-12,822,35,2,292.21,South,584.42
12563,2023-01-26,400,39,4,266.98,West,1067.92
12564,2024-02-10,414,29,1,36.03,North,36.03
12565,2024-07-01,604,14,3,338.74,South,1016.22
12566,2022-03-27,924,21,2,346.15,West,692.3
12567,2023-07-12,656,36,4,348.42,North,1393.68
12568,2024-05-07,489,38,3,54.7,South,164.10000000000002
12569,2023-10-28,502,14,1,157.22,North,157.22
12570,2024-04-22,307,40,3,191.9,South,575.7
12571,2022-10-22,417,50,3,414.98,West,1244.94
12572,2022-09-26,509,15,2,490.53,West,981.06
12573,2023-10-07,921,50,5,213.23,South,1066.1499999999999
12574,2023-06-19,530,30,1,281.6,East,281.6
12575,2022-03-29,638,47,2,13.6,West,27.2
12576,2024-07-13,666,12,2,14.3,North,28.6
12577,2022-04-21,6,50,2,46.51,West,93.02
12578,2023-08-07,422,5,5,362.54,South,1812.7
12579,2024-02-08,940,27,5,97.29,East,486.45000000000005
12580,2022-08-26,451,15,4,381.35,East,1525.4
12581,2022-11-30,427,26,4,221.62,North,886.48
12582,2022-04-16,390,9,1,426.48,South,426.48
12583,2023-01-17,334,40,1,436.46,West,436.46
12584,2023-11-20,448,40,5,441.12,West,2205.6
12585,2022-09-18,338,35,5,276.32,South,1381.6
12586,2023-10-17,848,13,5,396.37,South,1981.85
12587,2024-03-30,88,45,2,334.34,South,668.68
12588,2023-12-10,269,44,5,101.49,East,507.45
12589,2023-04-21,65,47,2,196.94,East,393.88
12590,2024-06-25,678,46,2,481.56,East,963.12
12591,2023-07-09,64,33,1,388.56,North,388.56
12592,2023-10-25,270,34,3,138.87,North,416.61
12593,2023-07-29,657,4,4,147.68,East,590.72
12594,2023-10-04,377,13,4,134.55,South,538.2
12595,2023-04-08,845,10,1,171.12,South,171.12
12596,2024-05-04,781,45,1,464.87,West,464.87
12597,2023-08-08,329,1,5,222.44,East,1112.2
12598,2024-07-31,902,11,5,188.48,South,942.4
12599,2023-09-08,518,50,5,127.2,South,636.0
12600,2022-06-07,633,9,2,447.28,West,894.56
12601,2022-09-29,862,38,2,479.11,West,958.22
12602,2023-11-01,421,23,5,168.54,North,842.6999999999999
12603,2023-09-13,313,13,2,312.16,East,624.32
12604,2023-06-05,309,5,1,479.63,North,479.63
12605,2022-02-28,814,25,5,254.75,North,1273.75
12606,2023-12-05,846,10,4,239.64,West,958.56
12607,2023-10-10,644,5,4,268.57,South,1074.28
12608,2024-06-09,802,22,2,26.25,East,52.5
12609,2023-03-12,962,42,4,157.06,West,628.24
12610,2022-05-26,959,25,5,352.51,East,1762.55
12611,2024-05-08,189,37,4,483.7,West,1934.8
12612,2024-09-04,721,20,1,288.68,South,288.68
12613,2022-09-02,42,28,2,103.33,East,206.66
12614,2022-10-28,590,21,4,219.14,South,876.56
12615,2023-03-14,320,11,2,250.11,North,500.22
12616,2024-05-17,657,29,1,84.59,East,84.59
12617,2022-04-10,445,5,4,171.35,West,685.4
12618,2023-12-26,374,37,5,228.08,North,1140.4
12619,2024-03-24,286,49,3,138.33,North,414.99
12620,2023-04-25,171,5,4,183.4,West,733.6
12621,2023-02-19,605,33,1,145.36,East,145.36
12622,2022-06-14,263,45,3,310.28,South,930.8399999999999
12623,2024-08-31,969,36,4,293.52,North,1174.08
12624,2022-03-29,942,8,2,280.33,East,560.66
12625,2023-07-27,535,6,1,57.4,East,57.4
12626,2024-03-24,804,15,4,99.94,South,399.76
12627,2022-06-28,142,15,1,64.31,North,64.31
12628,2022-06-12,148,48,5,41.01,South,205.04999999999998
12629,2023-08-16,440,9,3,130.95,East,392.84999999999997
12630,2024-10-02,628,5,3,105.32,East,315.96
12631,2022-10-28,593,26,5,365.25,West,1826.25
12632,2023-01-09,416,23,3,350.98,West,1052.94
12633,2023-12-09,25,16,3,108.66,South,325.98
12634,2022-07-22,627,39,5,91.13,North,455.65
12635,2022-02-16,94,35,2,81.0,South,162.0
12636,2023-04-08,305,10,3,166.82,North,500.46
12637,2023-02-12,185,27,2,154.15,West,308.3
12638,2023-03-03,283,16,1,23.98,North,23.98
12639,2024-07-18,155,21,1,288.26,East,288.26
12640,2022-11-13,686,12,3,450.04,East,1350.1200000000001
12641,2023-02-25,863,9,1,274.04,West,274.04
12642,2022-09-20,685,16,5,41.27,West,206.35000000000002
12643,2022-06-15,666,9,3,303.78,West,911.3399999999999
12644,2023-03-04,14,29,5,247.63,South,1238.15
12645,2023-02-01,890,23,2,454.4,North,908.8
12646,2024-03-06,816,39,4,187.98,South,751.92
12647,2022-04-17,640,43,4,378.47,North,1513.88
12648,2022-04-08,341,49,3,28.84,West,86.52
12649,2022-02-12,604,24,5,363.53,South,1817.6499999999999
12650,2022-08-30,783,22,4,30.35,West,121.4
12651,2022-04-05,734,31,3,178.91,South,536.73
12652,2022-07-07,473,10,4,474.56,South,1898.24
12653,2023-01-20,819,47,4,354.57,East,1418.28
12654,2024-03-29,822,42,1,463.26,South,463.26
12655,2022-03-28,907,27,3,252.97,West,758.91
12656,2023-05-04,108,34,4,307.05,South,1228.2
12657,2022-08-14,331,48,3,263.7,West,791.0999999999999
12658,2022-12-11,540,39,1,244.64,West,244.64
12659,2023-06-02,439,24,3,293.33,North,879.99
12660,2024-11-20,709,21,1,29.06,East,29.06
12661,2022-10-23,988,15,4,100.99,North,403.96
12662,2023-02-18,712,17,4,115.16,South,460.64
12663,2022-05-15,666,45,4,197.6,South,790.4
12664,2023-06-09,384,19,1,222.93,South,222.93
12665,2024-10-05,582,25,2,372.46,East,744.92
12666,2022-01-04,160,40,1,91.11,North,91.11
12667,2022-06-27,432,22,1,289.25,West,289.25
12668,2024-01-16,864,41,5,143.42,East,717.0999999999999
12669,2022-09-16,396,49,4,262.67,South,1050.68
12670,2023-10-14,966,42,4,317.04,North,1268.16
12671,2024-12-24,973,14,5,295.4,South,1477.0
12672,2024-11-06,615,28,2,115.54,South,231.08
12673,2023-06-28,488,12,3,357.63,West,1072.8899999999999
12674,2023-03-11,748,27,4,330.36,East,1321.44
12675,2022-10-17,189,24,4,466.68,South,1866.72
12676,2024-03-13,418,22,1,320.73,South,320.73
12677,2023-04-28,343,39,2,362.96,South,725.92
12678,2022-08-22,361,41,2,407.4,South,814.8
12679,2023-02-12,109,50,2,61.94,North,123.88
12680,2023-11-25,849,39,2,351.2,South,702.4
12681,2023-07-16,301,36,5,166.1,East,830.5
12682,2023-03-06,368,23,1,413.34,West,413.34
12683,2023-03-08,255,8,5,245.29,East,1226.45
12684,2023-05-12,316,28,5,294.5,North,1472.5
12685,2024-09-09,705,50,3,137.57,South,412.71
12686,2024-09-23,71,29,1,328.78,West,328.78
12687,2024-06-15,269,15,2,27.47,West,54.94
12688,2024-04-06,846,39,1,376.8,West,376.8
12689,2024-02-17,501,8,2,90.01,East,180.02
12690,2022-08-11,209,28,3,121.51,East,364.53000000000003
12691,2023-04-13,478,33,4,10.45,East,41.8
12692,2023-07-23,176,11,5,163.46,South,817.3000000000001
12693,2023-01-10,239,42,3,200.24,West,600.72
12694,2023-06-11,893,37,5,124.66,North,623.3
12695,2023-02-16,945,25,2,122.8,North,245.6
12696,2022-09-26,610,34,2,447.56,West,895.12
12697,2023-09-18,859,22,3,169.96,North,509.88
12698,2024-10-08,442,2,4,363.92,East,1455.68
12699,2023-03-26,601,16,4,126.32,North,505.28
12700,2024-03-12,764,11,5,406.43,West,2032.15
12701,2024-04-01,492,14,2,342.09,East,684.18
12702,2022-09-12,99,32,2,380.54,North,761.08
12703,2022-05-06,329,22,4,225.37,West,901.48
12704,2024-02-01,326,5,2,440.99,East,881.98
12705,2024-03-09,445,36,2,193.27,South,386.54
12706,2023-07-19,666,23,3,304.44,East,913.3199999999999
12707,2023-04-01,998,19,4,323.64,North,1294.56
12708,2024-12-26,295,29,4,476.6,East,1906.4
12709,2024-12-25,442,42,1,75.92,South,75.92
12710,2024-06-30,795,23,4,76.45,North,305.8
12711,2024-05-11,808,9,4,236.41,South,945.64
12712,2023-09-09,891,18,1,459.76,North,459.76
12713,2023-02-04,31,31,2,20.63,West,41.26
12714,2022-10-14,131,37,2,145.38,South,290.76
12715,2022-07-05,728,17,5,148.96,North,744.8000000000001
12716,2022-10-11,527,18,2,159.43,West,318.86
12717,2023-10-12,438,27,4,22.11,West,88.44
12718,2023-11-22,326,21,5,414.55,South,2072.75
12719,2022-08-25,267,1,5,14.37,West,71.85
12720,2024-11-07,286,32,2,244.07,West,488.14
12721,2024-03-25,291,14,5,37.62,North,188.1
12722,2024-07-16,368,46,1,401.34,East,401.34
12723,2023-02-18,486,14,5,375.83,West,1879.1499999999999
12724,2022-01-09,555,33,3,363.55,South,1090.65
12725,2023-02-24,957,36,1,370.77,North,370.77
12726,2022-01-29,168,39,4,470.72,North,1882.88
12727,2022-12-14,861,12,2,214.24,West,428.48
12728,2023-10-23,471,45,2,432.17,West,864.34
12729,2023-07-30,938,25,3,100.27,East,300.81
12730,2023-03-26,767,15,2,231.12,South,462.24
12731,2023-01-15,170,20,4,14.37,North,57.48
12732,2023-11-30,887,34,5,149.23,North,746.15
12733,2023-01-01,771,14,2,234.5,East,469.0
12734,2023-02-16,346,30,4,455.55,East,1822.2
12735,2024-08-08,78,44,1,165.31,South,165.31
12736,2022-12-22,851,13,4,339.48,South,1357.92
12737,2022-09-11,85,14,3,418.64,West,1255.92
12738,2023-12-28,892,29,4,170.0,West,680.0
12739,2023-11-12,661,26,2,92.92,East,185.84
12740,2024-12-05,201,3,5,299.69,South,1498.45
12741,2024-12-08,589,25,4,149.35,West,597.4
12742,2024-03-20,361,27,3,329.7,East,989.0999999999999
12743,2023-04-18,762,45,1,76.0,East,76.0
12744,2023-02-20,565,40,3,84.28,North,252.84
12745,2024-09-05,812,16,1,341.2,West,341.2
12746,2023-08-23,302,38,4,487.04,South,1948.16
12747,2024-10-23,293,11,5,130.98,North,654.9
12748,2023-04-05,294,29,3,359.82,East,1079.46
12749,2022-03-20,109,47,5,270.7,West,1353.5
12750,2024-02-14,365,24,4,423.48,West,1693.92
12751,2024-12-30,600,29,5,200.55,East,1002.75
12752,2024-06-14,678,34,5,486.14,South,2430.7
12753,2022-02-27,494,11,3,50.37,South,151.10999999999999
12754,2023-09-16,267,20,4,492.48,East,1969.92
12755,2022-02-17,93,20,5,424.66,West,2123.3
12756,2024-04-18,685,9,1,434.56,West,434.56
12757,2022-06-14,64,23,2,422.78,East,845.56
12758,2022-11-26,428,36,1,432.31,South,432.31
12759,2022-08-01,638,49,5,409.42,East,2047.1000000000001
12760,2023-05-22,368,27,4,450.76,South,1803.04
12761,2024-07-04,742,24,1,235.79,North,235.79
12762,2024-03-11,105,40,4,470.25,North,1881.0
12763,2022-06-17,209,25,1,198.63,West,198.63
12764,2024-09-21,574,25,4,366.97,West,1467.88
12765,2024-04-09,752,48,5,358.07,East,1790.35
12766,2024-09-22,474,33,3,412.24,West,1236.72
12767,2024-09-13,61,31,1,371.81,East,371.81
12768,2024-02-26,346,10,4,27.34,South,109.36
12769,2023-03-03,12,39,1,372.18,West,372.18
12770,2024-10-12,466,15,4,21.42,South,85.68
12771,2024-10-30,649,1,4,271.28,West,1085.12
12772,2024-02-12,195,16,3,421.09,North,1263.27
12773,2024-12-17,74,21,4,416.49,East,1665.96
12774,2023-12-18,875,2,1,422.24,West,422.24
12775,2022-03-27,386,3,5,305.18,West,1525.9
12776,2022-04-14,136,15,2,100.07,North,200.14
12777,2022-05-23,884,32,4,258.91,South,1035.64
12778,2022-07-24,555,50,2,262.94,East,525.88
12779,2023-10-03,914,47,5,169.14,South,845.6999999999999
12780,2024-11-27,436,27,2,217.81,North,435.62
12781,2024-12-11,39,36,4,437.37,West,1749.48
12782,2022-01-01,543,35,1,263.78,West,263.78
12783,2022-01-11,654,39,3,355.32,East,1065.96
12784,2024-01-17,320,24,4,252.95,West,1011.8
12785,2024-08-13,871,8,4,312.56,West,1250.24
12786,2024-01-25,865,7,3,55.37,South,166.10999999999999
12787,2023-06-02,989,4,3,466.38,South,1399.1399999999999
12788,2024-10-28,556,30,3,223.61,North,670.83
12789,2022-01-05,700,10,3,376.67,North,1130.01
12790,2023-11-25,353,25,3,336.88,East,1010.64
12791,2022-04-22,995,42,4,401.64,North,1606.56
12792,2024-09-30,514,47,2,27.09,South,54.18
12793,2022-09-30,483,32,1,468.32,West,468.32
12794,2023-02-26,416,32,4,416.58,East,1666.32
12795,2022-09-22,804,50,5,418.54,South,2092.7000000000003
12796,2022-07-31,823,32,4,238.89,East,955.56
12797,2024-02-21,370,10,4,400.2,South,1600.8
12798,2023-10-28,343,9,2,291.84,North,583.68
12799,2023-01-04,959,25,3,256.7,North,770.0999999999999
12800,2024-08-15,325,25,5,394.61,East,1973.0500000000002
12801,2022-12-13,367,41,2,317.62,South,635.24
12802,2022-01-25,336,16,1,47.81,North,47.81
12803,2024-09-02,296,49,5,164.11,North,820.5500000000001
12804,2023-02-21,24,16,5,314.83,North,1574.1499999999999
12805,2023-05-30,885,30,2,452.86,East,905.72
12806,2022-08-03,442,38,5,467.17,North,2335.85
12807,2024-08-11,104,5,4,421.07,South,1684.28
12808,2024-07-02,412,7,4,134.61,West,538.44
12809,2023-03-04,574,13,3,241.96,East,725.88
12810,2024-01-03,665,8,2,222.36,West,444.72
12811,2023-11-30,775,33,4,224.96,West,899.84
12812,2022-08-04,294,10,5,34.39,East,171.95
12813,2023-02-17,967,20,5,95.08,East,475.4
12814,2023-01-15,887,32,4,85.1,East,340.4
12815,2022-08-20,243,29,2,312.46,East,624.92
12816,2024-04-14,342,1,2,211.78,East,423.56
12817,2022-09-15,854,27,1,168.95,North,168.95
12818,2023-02-07,859,20,2,227.51,East,455.02
12819,2023-02-28,633,14,4,168.86,North,675.44
12820,2024-02-09,865,15,1,381.16,South,381.16
12821,2022-03-06,173,6,5,91.85,North,459.25
12822,2022-07-09,416,2,4,37.51,West,150.04
12823,2024-08-07,103,29,3,328.85,East,986.5500000000001
12824,2022-06-22,160,39,3,122.98,West,368.94
12825,2024-01-29,257,32,2,325.24,South,650.48
12826,2023-09-20,714,5,1,38.69,East,38.69
12827,2023-07-15,557,22,1,131.08,East,131.08
12828,2024-09-27,576,28,5,85.4,West,427.0
12829,2023-02-05,196,32,2,152.43,East,304.86
12830,2023-09-30,989,29,1,171.14,North,171.14
12831,2024-08-06,391,40,4,252.65,South,1010.6
12832,2022-08-01,934,3,5,264.87,West,1324.35
12833,2022-02-22,70,31,1,318.75,South,318.75
12834,2023-09-16,693,13,3,172.51,West,517.53
12835,2024-01-22,843,6,3,270.69,South,812.0699999999999
12836,2023-10-24,247,21,1,495.16,North,495.16
12837,2022-05-19,329,14,3,113.21,North,339.63
12838,2023-02-22,158,25,4,84.83,North,339.32
12839,2022-05-23,918,7,5,422.86,North,2114.3
12840,2023-05-24,698,43,4,211.08,West,844.32
12841,2023-10-12,743,22,3,424.97,South,1274.91
12842,2023-05-01,585,32,1,218.1,West,218.1
12843,2024-09-18,55,41,1,20.63,West,20.63
12844,2023-06-27,486,32,5,193.69,West,968.45
12845,2022-10-20,243,42,3,308.96,West,926.8799999999999
12846,2023-11-02,814,30,3,229.3,West,687.9000000000001
12847,2024-04-17,353,17,3,235.08,West,705.24
12848,2024-11-03,410,40,2,499.17,West,998.34
12849,2023-09-26,960,38,1,276.62,North,276.62
12850,2022-09-29,976,21,3,351.5,East,1054.5
12851,2024-11-14,905,26,5,363.28,West,1816.3999999999999
12852,2022-11-18,727,43,2,10.08,South,20.16
12853,2024-03-16,15,3,3,280.71,North,842.1299999999999
12854,2024-06-01,147,38,1,481.9,North,481.9
12855,2024-11-29,490,17,2,377.9,East,755.8
12856,2022-08-23,656,39,4,176.81,East,707.24
12857,2024-04-11,25,6,5,188.64,East,943.1999999999999
12858,2022-05-24,611,21,1,158.77,West,158.77
12859,2023-08-12,691,45,4,318.8,East,1275.2
12860,2022-08-17,333,46,1,57.68,South,57.68
12861,2022-10-01,174,40,5,152.1,East,760.5
12862,2023-08-13,775,13,3,254.13,East,762.39
12863,2023-10-15,290,9,4,272.26,North,1089.04
12864,2023-08-06,570,5,4,307.63,West,1230.52
12865,2024-08-25,846,43,2,400.64,East,801.28
12866,2023-01-07,791,7,3,89.99,North,269.96999999999997
12867,2024-03-29,919,38,5,120.26,West,601.3000000000001
12868,2023-07-26,145,44,2,437.43,East,874.86
12869,2023-06-29,909,44,4,417.27,West,1669.08
12870,2022-05-07,122,38,1,412.57,South,412.57
12871,2024-01-03,27,31,5,112.22,North,561.1
12872,2023-02-21,66,4,2,38.55,West,77.1
12873,2023-09-30,101,13,3,266.47,North,799.4100000000001
12874,2022-02-10,926,44,1,436.32,West,436.32
12875,2024-02-26,388,15,2,126.38,North,252.76
12876,2022-10-24,94,40,5,453.06,North,2265.3
12877,2022-02-11,67,13,1,79.35,North,79.35
12878,2023-09-24,250,43,2,156.07,East,312.14
12879,2022-02-02,142,43,2,156.16,West,312.32
12880,2023-10-27,267,43,5,84.04,East,420.20000000000005
12881,2023-09-08,552,26,3,437.66,South,1312.98
12882,2024-08-05,215,19,1,212.17,East,212.17
12883,2022-06-09,489,49,2,103.42,South,206.84
12884,2023-04-03,496,1,5,82.15,West,410.75
12885,2023-02-03,480,13,2,216.25,South,432.5
12886,2023-08-04,643,25,5,18.47,North,92.35
12887,2022-08-08,490,20,5,69.32,South,346.59999999999997
12888,2023-01-14,1,41,2,11.81,South,23.62
12889,2024-07-18,9,23,5,21.95,South,109.75
12890,2024-08-21,880,24,1,498.71,South,498.71
12891,2022-08-21,841,43,5,229.96,South,1149.8
12892,2024-07-10,380,41,3,367.17,North,1101.51
12893,2022-08-22,844,49,3,371.17,South,1113.51
12894,2023-12-27,897,39,5,441.4,North,2207.0
12895,2023-01-02,144,40,1,60.84,East,60.84
12896,2023-04-26,862,30,4,267.58,West,1070.32
12897,2023-08-13,840,34,4,167.64,South,670.56
12898,2022-08-04,302,46,1,278.76,East,278.76
12899,2023-12-26,650,10,3,172.74,East,518.22
12900,2023-12-13,417,41,5,99.99,South,499.95
12901,2024-09-11,870,1,2,339.69,East,679.38
12902,2023-01-26,809,12,5,28.83,West,144.14999999999998
12903,2024-12-06,179,46,5,448.74,West,2243.7
12904,2023-01-27,278,29,4,81.67,North,326.68
12905,2023-12-19,144,11,5,311.42,North,1557.1000000000001
12906,2023-01-20,339,41,4,379.56,East,1518.24
12907,2023-01-16,459,17,2,45.73,South,91.46
12908,2023-08-27,702,20,5,452.61,East,2263.05
12909,2024-07-22,949,38,1,184.53,South,184.53
12910,2023-02-03,331,6,5,498.4,East,2492.0
12911,2022-04-10,270,20,1,43.7,South,43.7
12912,2023-01-18,999,10,4,361.22,East,1444.88
12913,2023-12-08,187,10,5,88.75,South,443.75
12914,2022-01-10,666,31,4,207.32,West,829.28
12915,2022-09-21,172,26,1,227.17,East,227.17
12916,2024-04-11,404,17,4,209.02,South,836.08
12917,2023-09-22,468,14,3,175.41,North,526.23
12918,2024-02-01,247,5,1,385.93,North,385.93
12919,2022-07-14,901,3,4,411.75,South,1647.0
12920,2023-07-16,961,43,5,174.45,South,872.25
12921,2022-04-07,523,20,4,246.5,North,986.0
12922,2023-04-07,559,46,2,216.66,South,433.32
12923,2024-01-28,778,15,1,300.82,North,300.82
12924,2022-03-28,829,3,4,83.63,West,334.52
12925,2024-09-17,111,3,3,404.79,North,1214.3700000000001
12926,2022-03-18,988,23,2,400.54,East,801.08
12927,2023-10-23,813,9,1,299.3,West,299.3
12928,2024-02-04,303,11,2,375.61,East,751.22
12929,2023-11-09,930,47,5,494.37,South,2471.85
12930,2024-03-01,886,49,3,462.03,South,1386.09
12931,2023-08-06,909,44,5,309.61,North,1548.0500000000002
12932,2023-11-02,473,49,4,260.59,North,1042.36
12933,2023-06-22,791,41,2,271.92,North,543.84
12934,2023-03-06,292,13,5,238.64,West,1193.1999999999998
12935,2024-12-28,959,8,4,245.31,West,981.24
12936,2022-05-13,252,22,3,368.7,East,1106.1
12937,2022-07-08,588,38,5,496.14,North,2480.7
12938,2023-07-27,175,27,2,32.2,East,64.4
12939,2022-10-06,109,26,5,122.79,South,613.95
12940,2023-06-26,962,23,3,113.0,East,339.0
12941,2024-01-16,340,39,4,418.1,South,1672.4
12942,2024-06-17,848,31,5,215.66,South,1078.3
12943,2023-03-29,14,29,5,267.31,South,1336.55
12944,2024-06-07,693,1,1,239.88,East,239.88
12945,2024-04-30,322,10,4,428.3,South,1713.2
12946,2022-06-19,945,47,1,254.86,East,254.86
12947,2024-04-09,784,46,1,337.24,East,337.24
12948,2023-11-29,964,4,3,19.55,South,58.650000000000006
12949,2024-12-16,43,31,3,329.7,West,989.0999999999999
12950,2024-02-08,461,4,2,128.07,West,256.14
12951,2022-12-24,102,29,4,434.77,South,1739.08
12952,2022-07-20,625,9,4,378.26,East,1513.04
12953,2023-03-20,705,15,3,63.55,South,190.64999999999998
12954,2024-04-06,9,44,3,60.7,North,182.10000000000002
12955,2022-04-11,149,41,1,153.57,West,153.57
12956,2024-07-26,338,3,3,71.62,South,214.86
12957,2022-01-29,224,15,5,372.76,West,1863.8
12958,2023-10-27,110,11,4,493.54,South,1974.16
12959,2022-03-14,354,6,2,331.08,North,662.16
12960,2022-09-11,84,47,1,132.03,West,132.03
12961,2023-05-31,555,7,5,286.49,East,1432.45
12962,2024-01-19,66,46,3,404.77,South,1214.31
12963,2024-11-09,388,4,2,481.48,North,962.96
12964,2023-06-19,891,21,3,12.49,North,37.47
12965,2023-02-25,621,1,5,266.61,West,1333.0500000000002
12966,2023-03-22,614,23,2,232.07,East,464.14
12967,2024-05-28,135,13,3,213.1,East,639.3
12968,2022-05-16,86,43,5,256.88,East,1284.4
12969,2022-02-02,84,28,5,207.72,North,1038.6
12970,2023-10-09,954,29,2,178.57,East,357.14
12971,2022-10-05,227,18,5,66.26,South,331.3
12972,2022-05-13,260,23,3,254.92,South,764.76
12973,2024-01-20,892,28,2,412.32,South,824.64
12974,2022-05-06,20,9,1,61.32,West,61.32
12975,2022-12-11,35,43,5,371.86,West,1859.3000000000002
12976,2022-01-17,865,6,3,141.21,North,423.63
12977,2024-04-03,755,16,2,196.81,East,393.62
12978,2023-07-16,443,37,1,494.16,North,494.16
12979,2023-10-09,981,1,1,340.85,North,340.85
12980,2023-09-22,941,22,4,362.37,East,1449.48
12981,2024-03-28,270,46,4,305.17,South,1220.68
12982,2022-03-01,735,23,2,167.96,North,335.92
12983,2023-04-12,406,21,5,340.81,East,1704.05
12984,2023-09-20,508,31,3,234.06,South,702.1800000000001
12985,2023-01-26,304,38,5,417.72,East,2088.6000000000004
12986,2024-07-24,670,28,3,289.82,East,869.46
12987,2023-11-16,285,44,3,387.91,South,1163.73
12988,2023-05-13,548,27,4,425.77,South,1703.08
12989,2023-08-23,810,39,4,412.35,West,1649.4
12990,2023-03-25,29,42,5,207.03,North,1035.15
12991,2023-11-11,391,42,2,190.69,West,381.38
12992,2022-05-10,416,13,3,435.84,North,1307.52
12993,2022-05-29,909,32,4,80.12,South,320.48
12994,2024-03-28,767,7,2,146.91,East,293.82
12995,2024-08-05,909,33,4,69.29,South,277.16
12996,2023-05-15,950,47,3,30.62,South,91.86
12997,2023-10-20,142,46,1,311.77,South,311.77
12998,2024-11-19,646,13,4,451.38,North,1805.52
12999,2023-07-31,656,32,2,73.41,East,146.82
13000,2024-11-13,809,7,5,399.9,West,1999.5
13001,2024-09-10,948,12,5,195.88,North,979.4
13002,2023-12-24,880,40,3,312.89,North,938.67
13003,2022-08-10,341,15,1,384.23,South,384.23
13004,2023-08-25,245,49,4,357.94,South,1431.76
13005,2023-11-15,766,21,4,76.98,North,307.92
13006,2024-01-12,876,12,1,66.54,West,66.54
13007,2024-07-13,912,13,3,462.85,South,1388.5500000000002
13008,2023-08-03,5,40,3,48.94,East,146.82
13009,2023-02-05,920,42,2,117.02,North,234.04
13010,2024-06-19,939,39,2,224.79,South,449.58
13011,2023-05-27,449,2,2,412.3,North,824.6
13012,2022-03-29,266,29,3,305.29,East,915.8700000000001
13013,2022-02-19,491,48,4,289.88,North,1159.52
13014,2022-04-13,239,29,5,349.06,North,1745.3
13015,2023-01-03,250,36,3,403.06,North,1209.18
13016,2024-07-24,955,38,1,123.94,South,123.94
13017,2024-06-16,291,7,5,19.26,North,96.30000000000001
13018,2024-06-27,543,30,3,72.33,West,216.99
13019,2022-09-15,632,23,3,90.93,West,272.79
13020,2023-01-25,79,28,2,29.61,South,59.22
13021,2024-02-12,907,23,4,376.28,South,1505.12
13022,2024-01-24,521,36,4,443.61,North,1774.44
13023,2023-01-29,450,42,5,358.22,North,1791.1000000000001
13024,2023-11-14,556,29,3,102.43,West,307.29
13025,2022-09-27,884,4,2,307.16,North,614.32
13026,2022-05-29,734,20,1,265.1,West,265.1
13027,2024-03-21,144,5,3,411.78,North,1235.34
13028,2022-01-28,120,46,2,471.73,North,943.46
13029,2022-10-07,944,11,1,374.04,West,374.04
13030,2022-06-15,565,2,1,261.14,North,261.14
13031,2022-01-17,577,41,5,260.41,West,1302.0500000000002
13032,2022-12-05,176,44,4,405.82,North,1623.28
13033,2024-12-04,70,24,4,70.03,South,280.12
13034,2024-04-21,814,33,5,85.12,East,425.6
13035,2022-07-08,633,22,3,178.32,East,534.96
13036,2023-10-13,889,47,2,376.1,East,752.2
13037,2024-12-20,203,6,4,42.33,East,169.32
13038,2022-10-21,801,24,5,178.72,South,893.6
13039,2024-11-22,180,29,4,166.08,West,664.32
13040,2023-02-19,593,49,4,248.01,East,992.04
13041,2024-03-13,567,32,4,237.22,North,948.88
13042,2023-03-07,691,47,3,360.06,South,1080.18
13043,2024-11-12,610,30,5,316.52,East,1582.6
13044,2023-05-02,110,46,4,452.36,East,1809.44
13045,2022-03-30,424,41,4,98.52,East,394.08
13046,2022-09-28,665,3,5,221.72,East,1108.6
13047,2024-06-18,959,25,1,206.05,East,206.05
13048,2022-10-05,503,28,3,65.13,East,195.39
13049,2022-07-25,406,15,3,90.77,South,272.31
13050,2024-07-01,986,17,2,174.95,North,349.9
13051,2022-11-24,637,2,2,370.05,East,740.1
13052,2024-05-07,91,27,1,83.58,West,83.58
13053,2024-05-26,294,36,2,140.01,East,280.02
13054,2024-05-11,393,14,4,341.45,East,1365.8
13055,2022-12-02,37,43,4,302.36,South,1209.44
13056,2023-08-29,517,32,2,61.15,East,122.3
13057,2023-08-15,850,12,3,472.42,South,1417.26
13058,2024-11-27,662,23,1,82.53,South,82.53
13059,2024-10-10,878,16,4,40.09,North,160.36
13060,2023-12-09,908,44,1,159.08,South,159.08
13061,2024-09-04,316,2,2,22.97,North,45.94
13062,2023-03-01,172,7,5,25.05,West,125.25
13063,2023-08-10,406,21,1,293.58,East,293.58
13064,2024-03-16,262,31,1,447.55,East,447.55
13065,2023-12-21,484,23,2,207.25,West,414.5
13066,2024-08-06,27,25,2,158.05,East,316.1
13067,2023-10-17,495,35,4,458.17,East,1832.68
13068,2023-04-19,55,35,5,40.12,South,200.6
13069,2023-07-22,911,45,5,241.92,North,1209.6
13070,2022-07-30,832,7,1,133.78,South,133.78
13071,2024-12-17,249,5,5,197.04,East,985.1999999999999
13072,2022-08-03,273,32,2,211.29,South,422.58
13073,2024-06-18,259,5,2,277.12,West,554.24
13074,2023-04-12,778,25,2,232.09,East,464.18
13075,2022-12-20,191,31,1,494.14,West,494.14
13076,2024-11-08,575,20,3,22.5,North,67.5
13077,2023-09-17,857,22,2,381.25,South,762.5
13078,2023-01-07,446,38,5,34.99,North,174.95000000000002
13079,2022-07-03,853,13,5,221.22,South,1106.1
13080,2023-11-05,502,39,2,108.9,North,217.8
13081,2024-01-25,616,2,3,473.2,West,1419.6
13082,2022-11-18,393,22,1,364.02,West,364.02
13083,2023-03-11,408,9,2,236.8,South,473.6
13084,2024-12-02,800,2,1,476.6,South,476.6
13085,2022-10-20,771,45,3,363.43,East,1090.29
13086,2023-11-19,673,32,2,476.45,South,952.9
13087,2024-06-06,683,8,2,355.24,West,710.48
13088,2022-03-10,109,16,2,48.08,North,96.16
13089,2022-02-25,652,33,4,311.99,North,1247.96
13090,2023-09-23,605,11,2,490.37,West,980.74
13091,2023-02-24,981,32,2,114.95,North,229.9
13092,2023-07-21,103,8,3,398.44,East,1195.32
13093,2023-07-04,226,32,3,100.47,North,301.40999999999997
13094,2022-08-31,353,21,4,231.6,East,926.4
13095,2024-01-18,160,25,2,51.49,North,102.98
13096,2023-06-11,404,20,5,176.89,East,884.4499999999999
13097,2022-03-18,707,1,1,390.35,North,390.35
13098,2023-03-16,324,21,2,32.18,East,64.36
13099,2024-12-14,145,7,4,166.9,South,667.6
13100,2023-05-31,754,25,5,318.58,North,1592.8999999999999
13101,2023-09-07,465,9,3,474.79,East,1424.3700000000001
13102,2024-10-27,915,22,1,130.22,East,130.22
13103,2023-11-07,132,2,4,94.84,East,379.36
13104,2023-02-24,93,19,3,109.8,West,329.4
13105,2022-10-03,273,6,2,126.04,East,252.08
13106,2023-08-31,704,5,4,322.78,North,1291.12
13107,2023-07-25,534,45,2,499.35,East,998.7
13108,2022-03-31,194,10,4,266.56,North,1066.24
13109,2022-10-09,170,1,4,143.0,South,572.0
13110,2023-09-30,460,26,2,376.01,South,752.02
13111,2024-03-21,941,26,4,87.54,South,350.16
13112,2024-05-17,11,18,3,24.71,West,74.13
13113,2023-04-07,181,21,3,306.58,North,919.74
13114,2024-01-20,232,46,1,113.04,South,113.04
13115,2022-10-28,956,12,1,205.63,North,205.63
13116,2023-08-23,29,38,4,123.26,South,493.04
13117,2023-06-13,532,14,3,459.85,South,1379.5500000000002
13118,2022-05-20,5,49,2,175.61,North,351.22
13119,2022-10-05,921,32,4,230.05,West,920.2
13120,2023-10-25,546,39,2,125.07,West,250.14
13121,2023-05-26,140,35,5,51.58,South,257.9
13122,2022-04-24,28,17,1,261.15,North,261.15
13123,2023-08-03,98,10,4,435.67,West,1742.68
13124,2023-11-22,262,35,4,182.32,North,729.28
13125,2023-09-29,758,16,2,392.67,South,785.34
13126,2024-04-02,19,6,1,25.98,North,25.98
13127,2024-05-24,12,4,2,125.4,East,250.8
13128,2024-07-28,537,9,2,74.43,West,148.86
13129,2024-07-30,525,29,1,207.41,East,207.41
13130,2022-12-24,465,7,5,448.22,West,2241.1000000000004
13131,2022-01-03,588,16,3,193.02,South,579.0600000000001
13132,2023-02-08,259,6,3,305.63,East,916.89
13133,2022-01-25,24,44,5,450.09,South,2250.45
13134,2023-05-24,8,3,1,186.3,North,186.3
13135,2023-11-27,880,44,4,189.22,North,756.88
13136,2022-03-02,228,14,1,53.11,East,53.11
13137,2022-05-03,376,14,2,181.03,East,362.06
13138,2022-02-24,123,9,1,375.62,East,375.62
13139,2024-08-31,90,36,3,423.87,North,1271.6100000000001
13140,2024-11-28,813,23,4,364.15,East,1456.6
13141,2023-06-30,456,15,5,13.39,West,66.95
13142,2022-04-23,224,7,1,67.32,West,67.32
13143,2023-03-01,736,20,4,368.18,South,1472.72
13144,2024-07-06,257,19,4,471.77,North,1887.08
13145,2022-08-18,515,6,3,350.73,West,1052.19
13146,2024-07-05,833,39,2,120.79,East,241.58
13147,2022-06-04,783,1,4,62.7,North,250.8
13148,2022-06-14,818,7,4,439.74,North,1758.96
13149,2024-08-19,148,35,1,58.52,West,58.52
13150,2023-10-11,387,25,5,84.01,South,420.05
13151,2024-07-26,701,38,1,302.38,South,302.38
13152,2023-05-27,911,23,3,103.1,West,309.29999999999995
13153,2024-07-20,699,25,4,121.52,East,486.08
13154,2022-09-23,438,38,2,79.71,West,159.42
13155,2022-07-06,700,11,4,472.72,North,1890.88
13156,2024-11-29,636,34,2,71.21,West,142.42
13157,2023-01-26,37,31,2,466.35,West,932.7
13158,2023-10-17,661,38,2,169.84,West,339.68
13159,2022-06-25,106,50,5,412.56,South,2062.8
13160,2024-02-13,615,46,1,475.5,South,475.5
13161,2024-02-03,919,12,3,264.44,West,793.3199999999999
13162,2024-07-19,889,9,5,387.38,East,1936.9
13163,2023-12-12,232,13,5,140.35,North,701.75
13164,2024-04-05,867,20,2,197.65,East,395.3
13165,2023-08-12,146,21,5,280.96,East,1404.8
13166,2023-06-15,17,22,3,426.73,East,1280.19
13167,2024-12-21,159,1,3,314.16,North,942.48
13168,2022-10-08,960,40,4,20.83,North,83.32
13169,2022-08-15,816,41,5,159.34,West,796.7
13170,2023-10-01,282,17,4,433.84,East,1735.36
13171,2024-12-17,278,45,3,127.72,East,383.15999999999997
13172,2024-07-09,125,4,5,190.28,East,951.4
13173,2023-04-22,685,6,2,200.91,North,401.82
13174,2023-12-17,420,45,2,85.68,East,171.36
13175,2022-08-31,320,49,5,181.41,South,907.05
13176,2023-01-02,675,19,4,410.54,East,1642.16
13177,2024-07-24,715,30,4,426.06,East,1704.24
13178,2024-04-17,987,23,2,294.64,North,589.28
13179,2024-06-24,482,32,4,342.58,North,1370.32
13180,2023-01-11,850,29,2,271.94,South,543.88
13181,2023-12-12,667,8,1,31.69,West,31.69
13182,2022-12-09,324,21,2,351.38,East,702.76
13183,2022-08-28,913,17,1,498.31,North,498.31
13184,2022-05-19,966,17,5,121.63,West,608.15
13185,2023-02-24,395,21,1,491.25,North,491.25
13186,2022-10-31,773,15,3,498.91,North,1496.73
13187,2022-04-25,186,27,4,79.34,North,317.36
13188,2022-12-09,889,25,1,463.81,North,463.81
13189,2022-01-07,466,33,3,341.01,North,1023.03
13190,2024-01-01,57,2,3,238.52,West,715.5600000000001
13191,2022-06-28,729,42,4,178.88,East,715.52
13192,2023-02-20,458,16,2,318.6,West,637.2
13193,2023-10-28,208,36,3,422.97,North,1268.91
13194,2022-05-30,714,8,1,26.71,East,26.71
13195,2023-02-01,74,16,4,272.38,West,1089.52
13196,2023-01-16,484,7,1,328.63,West,328.63
13197,2024-04-18,85,5,2,22.55,East,45.1
13198,2022-01-01,632,23,4,445.65,South,1782.6
13199,2022-09-01,14,8,3,476.38,West,1429.1399999999999
13200,2024-05-28,840,3,1,310.12,South,310.12
13201,2024-01-30,641,35,1,67.33,South,67.33
13202,2024-08-11,912,50,3,466.88,East,1400.6399999999999
13203,2024-09-03,794,36,3,404.45,East,1213.35
13204,2022-01-01,49,36,2,23.99,East,47.98
13205,2023-07-07,426,15,2,293.79,West,587.58
13206,2023-04-27,966,30,3,66.12,North,198.36
13207,2023-08-23,359,15,4,79.12,South,316.48
13208,2024-02-02,242,29,3,104.33,North,312.99
13209,2022-12-01,834,4,3,204.13,West,612.39
13210,2023-04-10,53,34,5,439.43,South,2197.15
13211,2023-08-06,777,23,4,25.23,South,100.92
13212,2022-05-17,69,35,4,347.71,North,1390.84
13213,2024-09-30,552,28,2,482.63,East,965.26
13214,2024-08-07,696,31,2,324.2,South,648.4
13215,2023-11-18,645,42,2,409.65,West,819.3
13216,2022-06-16,56,33,1,451.87,East,451.87
13217,2024-06-28,879,18,4,360.25,North,1441.0
13218,2024-05-29,456,5,5,333.32,South,1666.6
13219,2024-04-21,255,9,2,18.8,East,37.6
13220,2022-03-06,5,20,2,264.26,South,528.52
13221,2024-12-26,581,38,2,239.92,West,479.84
13222,2023-03-09,52,9,2,266.13,East,532.26
13223,2024-12-09,977,18,2,221.92,East,443.84
13224,2022-04-25,329,15,1,454.21,East,454.21
13225,2023-07-23,98,15,5,445.62,North,2228.1
13226,2023-10-04,161,14,4,71.59,South,286.36
13227,2023-05-10,406,35,5,271.12,East,1355.6
13228,2024-07-29,981,40,3,480.18,North,1440.54
13229,2024-08-25,783,43,4,303.35,West,1213.4
13230,2024-04-01,577,36,2,402.82,East,805.64
13231,2022-07-21,327,47,3,192.95,East,578.8499999999999
13232,2023-10-11,919,42,3,194.85,West,584.55
13233,2023-07-14,243,20,3,169.59,West,508.77
13234,2024-11-07,504,11,3,20.7,West,62.099999999999994
13235,2023-04-23,367,41,2,463.18,North,926.36
13236,2023-05-03,774,17,3,181.32,North,543.96
13237,2024-09-09,724,41,5,189.87,West,949.35
13238,2024-02-18,442,25,2,382.18,South,764.36
13239,2022-12-06,154,29,3,268.18,North,804.54
13240,2023-09-04,234,23,3,187.4,East,562.2
13241,2022-04-26,652,9,5,442.97,West,2214.8500000000004
13242,2022-03-15,333,25,1,414.44,North,414.44
13243,2022-04-26,495,41,1,488.63,North,488.63
13244,2022-05-06,115,23,5,324.1,West,1620.5
13245,2023-10-19,369,2,1,348.15,East,348.15
13246,2023-10-26,333,45,4,169.0,East,676.0
13247,2024-09-17,130,1,4,58.79,West,235.16
13248,2024-10-14,928,38,4,61.9,South,247.6
13249,2024-05-08,178,6,1,326.51,East,326.51
13250,2022-03-26,95,48,4,65.5,West,262.0
13251,2023-09-25,317,44,4,454.25,North,1817.0
13252,2023-03-27,907,15,1,354.9,West,354.9
13253,2023-06-02,101,7,5,120.84,West,604.2
13254,2024-04-25,196,2,2,146.81,West,293.62
13255,2023-11-26,802,30,4,357.89,North,1431.56
13256,2023-07-04,208,29,1,413.82,East,413.82
13257,2024-07-17,607,12,2,421.32,South,842.64
13258,2022-04-26,473,34,2,304.5,South,609.0
13259,2024-10-28,615,30,3,86.06,West,258.18
13260,2023-02-08,8,36,2,411.0,East,822.0
13261,2022-10-31,136,35,4,397.91,North,1591.64
13262,2024-01-10,610,2,5,419.33,East,2096.65
13263,2022-03-29,911,50,4,87.26,North,349.04
13264,2024-10-30,261,3,3,345.34,North,1036.02
13265,2022-11-04,147,42,2,480.52,North,961.04
13266,2023-03-10,458,12,3,135.47,West,406.40999999999997
13267,2024-03-12,905,4,4,361.2,East,1444.8
13268,2022-06-13,697,7,4,136.87,North,547.48
13269,2024-09-22,438,20,4,160.48,East,641.92
13270,2023-10-18,413,19,5,247.78,East,1238.9
13271,2022-01-18,500,8,4,448.53,South,1794.12
13272,2024-12-30,232,3,4,28.94,South,115.76
13273,2024-03-21,101,27,2,494.92,South,989.84
13274,2022-12-05,147,15,5,388.32,West,1941.6
13275,2022-09-05,717,8,2,186.29,East,372.58
13276,2022-11-02,507,18,3,183.54,East,550.62
13277,2022-07-23,558,29,1,246.66,East,246.66
13278,2024-05-02,104,46,2,438.98,West,877.96
13279,2023-03-23,336,36,5,18.78,South,93.9
13280,2023-12-14,446,3,2,278.64,North,557.28
13281,2023-03-09,734,9,1,37.48,West,37.48
13282,2024-04-01,444,10,2,66.64,North,133.28
13283,2024-12-06,118,40,1,348.43,South,348.43
13284,2023-05-20,517,20,5,124.81,South,624.05
13285,2022-04-25,929,2,2,30.38,North,60.76
13286,2024-09-21,723,1,5,90.48,South,452.40000000000003
13287,2022-08-11,567,27,5,112.23,West,561.15
13288,2023-09-28,531,4,3,387.19,East,1161.57
13289,2023-11-03,913,48,3,316.21,East,948.6299999999999
13290,2024-08-15,88,37,2,370.21,South,740.42
13291,2024-07-21,759,32,2,191.21,East,382.42
13292,2022-04-06,629,18,5,65.44,West,327.2
13293,2022-04-17,476,14,3,404.59,East,1213.77
13294,2023-09-24,682,45,2,78.8,East,157.6
13295,2023-11-29,485,48,2,197.51,West,395.02
13296,2022-02-01,662,15,2,138.52,West,277.04
13297,2022-03-07,295,4,3,155.3,North,465.90000000000003
13298,2024-02-18,720,19,2,304.91,South,609.82
13299,2024-07-04,381,24,5,90.53,West,452.65
13300,2023-07-03,995,30,2,228.48,East,456.96
13301,2022-07-20,283,13,4,322.96,West,1291.84
13302,2022-02-18,844,11,1,435.77,West,435.77
13303,2024-02-26,686,28,5,191.9,South,959.5
13304,2024-08-08,639,50,2,166.16,West,332.32
13305,2022-09-20,156,11,4,190.25,East,761.0
13306,2022-12-10,180,1,3,255.39,West,766.17
13307,2022-01-11,961,47,5,163.42,North,817.0999999999999
13308,2022-07-20,935,42,5,132.72,West,663.6
13309,2024-08-02,890,4,2,193.9,East,387.8
13310,2024-07-14,914,38,3,391.14,West,1173.42
13311,2022-01-03,87,34,2,133.88,North,267.76
13312,2024-03-18,406,49,4,423.87,East,1695.48
13313,2023-07-14,836,12,1,149.7,North,149.7
13314,2022-07-18,496,24,3,305.51,East,916.53
13315,2022-04-19,267,37,1,485.78,West,485.78
13316,2022-04-18,594,32,4,476.38,East,1905.52
13317,2023-07-06,64,19,5,222.97,West,1114.85
13318,2024-08-30,119,29,4,43.08,North,172.32
13319,2022-02-21,967,38,1,452.29,East,452.29
13320,2022-04-22,341,49,3,72.19,West,216.57
13321,2022-10-22,313,29,2,462.54,East,925.08
13322,2022-03-06,163,19,1,368.99,West,368.99
13323,2023-07-28,505,20,3,467.78,East,1403.34
13324,2023-04-10,293,3,1,336.04,West,336.04
13325,2022-09-15,690,40,5,497.61,West,2488.05
13326,2024-09-30,377,5,5,238.83,North,1194.15
13327,2023-09-26,542,23,2,171.51,West,343.02
13328,2022-07-29,401,5,5,202.72,South,1013.6
13329,2022-03-30,673,30,4,181.64,East,726.56
13330,2022-01-28,400,32,2,206.39,East,412.78
13331,2022-08-26,399,24,1,443.75,North,443.75
13332,2022-12-02,909,49,4,300.11,South,1200.44
13333,2022-03-04,487,42,3,365.59,West,1096.77
13334,2023-05-15,515,35,1,151.06,East,151.06
13335,2024-03-01,24,32,5,495.04,East,2475.2000000000003
13336,2023-08-15,919,45,1,147.56,West,147.56
13337,2024-12-10,59,48,5,87.92,South,439.6
13338,2022-10-28,749,44,4,391.32,East,1565.28
13339,2022-08-17,240,22,4,421.15,South,1684.6
13340,2022-05-30,311,21,4,202.96,North,811.84
13341,2023-06-11,321,28,2,275.13,North,550.26
13342,2022-11-29,672,49,5,212.92,South,1064.6
13343,2022-06-23,481,34,1,154.02,North,154.02
13344,2022-03-02,572,16,1,408.55,South,408.55
13345,2024-12-20,752,11,1,380.95,West,380.95
13346,2024-03-29,414,33,2,247.81,East,495.62
13347,2023-06-08,322,44,2,233.22,North,466.44
13348,2022-08-04,402,38,5,98.28,South,491.4
13349,2023-09-16,59,19,2,322.26,South,644.52
13350,2023-08-01,53,28,4,462.6,South,1850.4
13351,2023-11-25,64,29,1,362.23,East,362.23
13352,2023-02-27,633,37,4,258.07,East,1032.28
13353,2023-12-17,119,3,2,28.94,East,57.88
13354,2024-01-24,286,18,1,465.84,North,465.84
13355,2024-01-17,18,18,3,160.94,East,482.82
13356,2023-11-19,5,12,4,156.98,South,627.92
13357,2023-12-24,837,18,3,240.1,East,720.3
13358,2024-01-17,392,32,5,220.29,North,1101.45
13359,2022-08-30,905,42,4,481.55,East,1926.2
13360,2023-10-27,160,36,1,90.85,South,90.85
13361,2023-12-09,888,19,1,347.67,West,347.67
13362,2023-03-11,142,4,3,62.31,North,186.93
13363,2024-02-20,397,11,1,145.68,South,145.68
13364,2023-04-29,18,3,4,363.85,East,1455.4
13365,2023-01-19,580,27,2,403.98,North,807.96
13366,2022-06-19,114,47,2,239.77,North,479.54
13367,2024-10-17,534,16,1,396.78,South,396.78
13368,2024-08-07,532,44,5,468.21,North,2341.0499999999997
13369,2024-05-18,911,18,4,468.54,North,1874.16
13370,2022-11-19,775,30,5,177.81,West,889.05
13371,2024-04-27,461,24,3,162.95,North,488.84999999999997
13372,2023-11-27,610,6,1,365.96,West,365.96
13373,2022-12-25,617,47,3,330.51,South,991.53
13374,2022-02-01,286,34,5,202.21,East,1011.0500000000001
13375,2022-06-26,5,12,4,122.05,South,488.2
13376,2024-07-05,129,42,5,313.03,West,1565.1499999999999
13377,2022-03-06,956,23,2,220.82,East,441.64
13378,2022-01-27,671,36,5,74.74,East,373.7
13379,2022-09-25,763,40,5,323.23,North,1616.15
13380,2023-08-20,499,15,5,351.86,North,1759.3000000000002
13381,2024-10-08,276,16,5,188.47,East,942.35
13382,2022-03-07,83,45,4,417.66,East,1670.64
13383,2022-05-13,832,47,1,46.1,North,46.1
13384,2024-07-04,118,14,4,253.0,West,1012.0
13385,2022-03-23,960,15,3,478.6,East,1435.8000000000002
13386,2024-09-08,29,12,2,103.33,East,206.66
13387,2023-08-08,358,43,1,94.44,East,94.44
13388,2022-11-23,650,35,2,195.56,East,391.12
13389,2023-06-26,157,25,2,141.36,East,282.72
13390,2022-07-29,31,14,1,118.55,North,118.55
13391,2022-05-13,843,2,1,475.42,West,475.42
13392,2022-06-06,983,18,3,178.98,North,536.9399999999999
13393,2024-05-24,286,35,4,39.32,South,157.28
13394,2023-01-17,665,9,1,450.89,East,450.89
13395,2024-11-11,336,11,3,229.64,South,688.92
13396,2024-08-31,570,26,5,370.61,South,1853.0500000000002
13397,2023-08-18,313,3,1,190.0,North,190.0
13398,2023-04-17,599,5,4,468.23,West,1872.92
13399,2022-08-22,123,32,5,151.02,East,755.1
13400,2023-07-26,703,41,5,334.76,South,1673.8
13401,2024-02-10,865,10,5,413.93,South,2069.65
13402,2022-10-28,371,38,5,126.59,South,632.95
13403,2022-11-02,805,6,2,402.74,North,805.48
13404,2022-01-02,314,11,4,398.22,West,1592.88
13405,2022-09-28,28,17,3,482.47,East,1447.41
13406,2023-02-25,155,2,1,462.18,East,462.18
13407,2023-12-01,966,41,3,200.42,North,601.26
13408,2024-05-13,230,24,2,299.37,West,598.74
13409,2024-08-17,549,50,5,463.39,East,2316.95
13410,2024-09-20,6,5,1,12.14,North,12.14
13411,2024-10-06,473,21,4,317.4,East,1269.6
13412,2024-05-28,973,6,1,115.53,South,115.53
13413,2023-11-23,318,4,1,372.0,East,372.0
13414,2024-05-16,225,9,3,400.27,South,1200.81
13415,2024-11-26,33,5,5,359.35,West,1796.75
13416,2022-04-17,89,4,4,498.08,West,1992.32
13417,2022-10-08,334,9,1,244.84,East,244.84
13418,2023-07-03,40,18,2,285.06,South,570.12
13419,2023-07-06,681,43,2,210.41,West,420.82
13420,2022-07-07,375,16,5,487.25,East,2436.25
13421,2024-01-22,298,2,1,462.15,South,462.15
13422,2024-05-19,998,29,5,493.45,West,2467.25
13423,2022-01-19,393,48,1,492.6,West,492.6
13424,2024-05-08,18,42,4,448.77,East,1795.08
13425,2024-09-11,527,36,2,466.13,North,932.26
13426,2023-02-14,132,12,3,68.74,West,206.21999999999997
13427,2023-04-29,290,41,5,95.03,East,475.15
13428,2023-09-16,830,45,4,443.74,South,1774.96
13429,2023-10-18,806,37,2,366.13,West,732.26
13430,2024-02-07,209,34,4,438.74,West,1754.96
13431,2022-01-18,327,35,3,387.32,North,1161.96
13432,2022-07-03,992,40,1,78.4,West,78.4
13433,2023-02-09,503,6,1,459.12,West,459.12
13434,2024-03-09,279,37,4,387.9,North,1551.6
13435,2023-04-24,382,36,4,289.7,South,1158.8
13436,2022-01-08,788,20,5,270.86,North,1354.3000000000002
13437,2023-12-06,952,16,4,291.16,West,1164.64
13438,2023-06-15,309,8,1,201.3,South,201.3
13439,2024-07-01,898,44,4,403.58,North,1614.32
13440,2023-11-20,277,22,2,455.42,East,910.84
13441,2024-10-31,76,5,2,133.93,South,267.86
13442,2023-07-07,298,5,1,28.64,North,28.64
13443,2023-03-22,825,45,4,109.43,North,437.72
13444,2023-12-07,378,11,4,381.1,South,1524.4
13445,2022-07-15,433,43,4,435.52,South,1742.08
13446,2024-05-09,859,19,2,180.8,South,361.6
13447,2023-09-20,112,39,1,84.67,West,84.67
13448,2024-09-07,778,17,5,430.68,West,2153.4
13449,2023-09-22,72,37,2,115.18,North,230.36
13450,2022-02-13,317,38,1,128.52,North,128.52
13451,2023-05-04,21,18,1,55.38,East,55.38
13452,2022-06-30,188,50,5,456.06,South,2280.3
13453,2023-01-09,121,9,3,170.09,East,510.27
13454,2023-09-20,342,50,5,94.2,South,471.0
13455,2024-08-14,653,17,5,477.29,North,2386.4500000000003
13456,2022-03-08,304,41,1,174.41,West,174.41
13457,2024-02-18,936,33,3,376.27,South,1128.81
13458,2023-10-13,447,20,3,122.89,West,368.67
13459,2022-12-07,716,18,4,366.14,East,1464.56
13460,2024-06-21,721,24,5,123.76,East,618.8000000000001
13461,2023-02-02,496,13,5,322.49,West,1612.45
13462,2023-12-04,521,40,3,226.02,North,678.0600000000001
13463,2022-04-07,185,28,3,401.37,East,1204.1100000000001
13464,2023-03-25,947,46,3,367.83,West,1103.49
13465,2022-03-18,881,3,1,468.39,East,468.39
13466,2024-06-14,888,36,1,194.54,North,194.54
13467,2023-07-03,808,11,1,379.62,East,379.62
13468,2024-03-08,332,39,5,484.73,North,2423.65
13469,2024-03-25,713,21,3,174.79,North,524.37
13470,2024-10-18,576,37,1,152.1,East,152.1
13471,2022-05-15,350,2,4,386.83,West,1547.32
13472,2023-10-16,838,6,3,228.31,North,684.9300000000001
13473,2023-10-08,320,5,3,205.34,South,616.02
13474,2023-12-21,537,47,3,277.35,North,832.0500000000001
13475,2023-09-05,412,43,1,468.41,East,468.41
13476,2023-04-29,906,32,2,51.09,South,102.18
13477,2024-12-05,156,37,4,238.19,West,952.76
13478,2023-10-10,733,50,4,63.97,South,255.88
13479,2024-03-02,804,40,2,442.96,South,885.92
13480,2023-08-02,651,11,4,76.98,South,307.92
13481,2024-10-24,533,17,1,53.95,West,53.95
13482,2022-01-01,502,14,3,482.24,West,1446.72
13483,2022-04-19,486,2,2,286.04,West,572.08
13484,2023-04-05,154,39,3,414.69,North,1244.07
13485,2022-09-23,914,18,4,240.43,West,961.72
13486,2022-02-13,68,33,5,223.46,North,1117.3
13487,2024-06-04,492,30,4,456.69,North,1826.76
13488,2024-08-01,41,15,4,495.04,West,1980.16
13489,2024-09-09,527,29,2,313.08,East,626.16
13490,2022-09-19,791,26,3,459.91,West,1379.73
13491,2023-12-29,169,1,2,432.73,West,865.46
13492,2023-09-25,646,17,1,276.56,East,276.56
13493,2022-06-01,711,39,3,471.14,South,1413.42
13494,2022-08-01,750,48,1,112.93,East,112.93
13495,2024-10-12,956,2,1,443.57,North,443.57
13496,2024-05-12,112,15,2,161.58,North,323.16
13497,2023-09-15,463,22,4,24.95,North,99.8
13498,2022-12-27,52,20,5,395.67,West,1978.3500000000001
13499,2022-11-16,649,29,4,465.71,West,1862.84
13500,2022-08-10,255,25,4,116.22,North,464.88
13501,2022-07-29,627,43,3,271.7,North,815.0999999999999
13502,2024-07-19,158,24,2,377.18,South,754.36
13503,2023-05-04,300,34,3,172.5,North,517.5
13504,2023-08-24,958,43,5,81.99,North,409.95
13505,2024-02-13,427,21,2,202.2,North,404.4
13506,2024-05-27,924,48,4,233.72,South,934.88
13507,2023-12-01,990,2,1,373.69,North,373.69
13508,2023-03-28,776,16,4,107.36,West,429.44
13509,2023-02-17,867,40,4,409.4,East,1637.6
13510,2023-04-21,307,21,2,256.07,South,512.14
13511,2022-09-13,99,37,4,452.91,West,1811.64
13512,2022-05-07,121,8,5,287.24,South,1436.2
13513,2023-01-27,602,14,4,228.96,North,915.84
13514,2023-04-25,30,46,1,150.53,North,150.53
13515,2024-09-19,995,22,2,62.06,North,124.12
13516,2024-07-11,230,18,5,192.13,South,960.65
13517,2023-02-06,651,5,2,212.68,South,425.36
13518,2022-10-01,254,42,1,288.46,East,288.46
13519,2024-04-24,404,47,3,431.33,North,1293.99
13520,2022-05-19,494,45,5,237.27,North,1186.3500000000001
13521,2022-04-13,31,30,1,164.0,West,164.0
13522,2023-04-29,162,31,3,437.9,North,1313.6999999999998
13523,2023-06-13,908,9,1,369.62,South,369.62
13524,2022-08-12,432,31,3,160.44,South,481.32
13525,2022-04-24,156,31,3,91.8,South,275.4
13526,2023-10-06,323,41,2,152.6,South,305.2
13527,2023-10-13,629,9,4,70.58,South,282.32
13528,2023-04-03,191,37,4,452.67,East,1810.68
13529,2023-01-10,176,6,1,309.75,South,309.75
13530,2023-09-03,938,42,3,433.12,South,1299.3600000000001
13531,2022-07-26,948,26,4,411.98,East,1647.92
13532,2024-07-05,517,10,1,85.09,South,85.09
13533,2022-11-17,845,6,1,227.07,East,227.07
13534,2022-04-03,524,33,5,486.31,North,2431.55
13535,2024-05-21,571,45,2,124.56,West,249.12
13536,2022-04-09,833,30,2,34.62,East,69.24
13537,2022-08-13,820,40,3,179.54,West,538.62
13538,2024-05-01,811,24,4,260.36,North,1041.44
13539,2023-03-17,762,28,3,37.38,West,112.14000000000001
13540,2023-12-21,339,45,4,219.07,East,876.28
13541,2023-08-08,605,38,4,134.17,North,536.68
13542,2022-03-05,319,29,4,113.94,West,455.76
13543,2024-02-07,111,44,4,139.31,East,557.24
13544,2023-07-14,818,15,4,61.65,North,246.6
13545,2023-11-01,880,8,5,47.56,South,237.8
13546,2023-01-03,807,23,5,301.96,East,1509.8
13547,2024-01-14,938,43,4,474.44,West,1897.76
13548,2023-09-10,473,9,1,404.32,West,404.32
13549,2024-10-02,848,11,1,418.61,South,418.61
13550,2024-12-19,17,6,2,370.19,East,740.38
13551,2023-05-15,220,47,4,478.43,South,1913.72
13552,2024-10-03,487,49,1,475.77,North,475.77
13553,2023-02-15,811,12,2,391.37,North,782.74
13554,2024-10-14,305,34,1,360.81,North,360.81
13555,2023-04-09,517,21,2,159.59,West,319.18
13556,2023-12-03,129,32,3,54.67,South,164.01
13557,2022-06-12,835,36,1,55.51,West,55.51
13558,2022-03-01,624,25,4,370.77,East,1483.08
13559,2024-11-20,24,35,4,23.9,South,95.6
13560,2022-11-29,541,34,5,410.04,West,2050.2000000000003
13561,2022-03-17,911,19,3,189.57,East,568.71
13562,2022-11-13,132,37,3,104.12,North,312.36
13563,2022-07-09,556,17,1,209.72,East,209.72
13564,2022-10-23,321,16,2,354.6,North,709.2
13565,2023-05-16,497,16,5,144.8,West,724.0
13566,2022-06-26,888,44,3,95.07,North,285.21
13567,2024-03-10,719,4,3,371.56,West,1114.68
13568,2024-03-16,382,49,4,441.53,South,1766.12
13569,2024-05-09,216,30,4,296.92,South,1187.68
13570,2022-08-03,756,34,2,266.69,North,533.38
13571,2023-10-15,543,5,1,379.89,North,379.89
13572,2023-08-20,916,33,2,369.0,West,738.0
13573,2022-05-08,778,46,1,13.08,West,13.08
13574,2023-07-05,11,9,5,148.1,East,740.5
13575,2023-09-11,82,17,3,466.69,West,1400.07
13576,2022-12-14,994,12,2,480.5,North,961.0
13577,2022-05-22,156,24,1,260.04,West,260.04
13578,2024-03-02,166,12,5,284.44,East,1422.2
13579,2022-09-02,208,15,2,10.32,South,20.64
13580,2023-12-04,24,16,3,339.45,North,1018.3499999999999
13581,2022-08-02,807,23,5,114.09,West,570.45
13582,2022-07-19,887,18,4,72.68,South,290.72
13583,2023-02-09,691,22,3,159.3,West,477.90000000000003
13584,2023-02-25,332,46,4,335.8,East,1343.2
13585,2022-01-07,562,44,5,223.8,East,1119.0
13586,2023-08-15,519,31,5,181.04,North,905.1999999999999
13587,2022-10-13,511,43,4,366.14,North,1464.56
13588,2023-11-02,612,15,1,408.72,West,408.72
13589,2023-01-24,593,21,5,435.91,North,2179.55
13590,2023-02-20,241,8,2,227.93,East,455.86
13591,2024-02-23,836,49,2,361.74,West,723.48
13592,2024-10-03,181,40,5,443.75,South,2218.75
13593,2024-10-11,293,36,4,455.36,North,1821.44
13594,2023-03-04,993,42,4,251.14,West,1004.56
13595,2024-10-01,83,38,3,184.11,South,552.33
13596,2022-11-30,566,6,4,451.09,West,1804.36
13597,2022-09-29,90,17,1,138.1,North,138.1
13598,2024-12-02,439,40,1,400.46,South,400.46
13599,2022-11-15,715,45,2,455.24,East,910.48
13600,2023-06-11,543,47,5,372.46,North,1862.3
13601,2024-01-30,193,36,2,343.13,East,686.26
13602,2022-11-17,488,28,5,34.83,West,174.14999999999998
13603,2024-01-09,612,47,2,109.7,East,219.4
13604,2024-12-03,349,23,5,336.62,South,1683.1
13605,2023-03-30,89,31,5,394.75,South,1973.75
13606,2024-01-16,955,46,2,41.06,East,82.12
13607,2024-07-17,123,11,3,19.34,North,58.019999999999996
13608,2024-04-27,374,20,1,162.64,South,162.64
13609,2024-05-17,47,32,4,326.03,East,1304.12
13610,2024-02-13,433,17,1,260.9,East,260.9
13611,2022-03-24,146,42,4,14.1,East,56.4
13612,2023-06-27,3,38,5,84.29,West,421.45000000000005
13613,2022-11-18,530,6,2,378.58,North,757.16
13614,2024-02-25,314,1,2,155.85,West,311.7
13615,2023-06-24,327,37,4,67.42,South,269.68
13616,2022-09-09,988,4,2,34.92,South,69.84
13617,2024-04-15,81,31,2,426.72,East,853.44
13618,2023-03-25,153,11,2,241.12,North,482.24
13619,2023-05-05,402,17,1,256.8,West,256.8
13620,2023-04-09,820,7,2,40.06,East,80.12
13621,2022-11-10,488,35,3,249.4,South,748.2
13622,2023-01-20,811,2,4,326.43,North,1305.72
13623,2022-10-22,67,40,1,70.17,West,70.17
13624,2024-09-12,89,37,1,452.23,East,452.23
13625,2024-02-01,135,37,5,393.84,South,1969.1999999999998
13626,2024-02-08,879,10,5,402.92,South,2014.6000000000001
13627,2022-12-10,202,12,2,272.9,South,545.8
13628,2022-05-22,428,17,1,173.62,North,173.62
13629,2023-12-19,940,46,1,323.82,North,323.82
13630,2023-02-10,179,26,2,120.43,South,240.86
13631,2022-08-16,339,5,4,77.07,South,308.28
13632,2023-02-15,79,5,1,273.78,North,273.78
13633,2024-08-09,597,38,5,244.53,East,1222.65
13634,2024-06-16,533,47,2,83.64,East,167.28
13635,2023-11-22,378,27,1,269.9,East,269.9
13636,2024-05-27,165,5,5,277.77,South,1388.85
13637,2024-02-26,540,8,3,437.04,West,1311.1200000000001
13638,2022-03-03,749,31,1,382.01,South,382.01
13639,2024-05-28,800,33,2,116.61,West,233.22
13640,2022-12-22,697,21,5,410.79,West,2053.9500000000003
13641,2022-03-12,937,35,1,484.82,North,484.82
13642,2022-09-20,822,21,5,361.14,South,1805.6999999999998
13643,2022-11-02,155,15,2,395.63,West,791.26
13644,2023-07-12,123,36,1,140.55,East,140.55
13645,2024-02-01,599,2,2,496.03,South,992.06
13646,2023-08-11,202,30,4,96.43,East,385.72
13647,2022-03-15,40,28,1,377.92,North,377.92
13648,2022-05-22,169,17,1,203.66,North,203.66
13649,2022-04-12,70,44,5,184.87,West,924.35
13650,2024-12-24,792,20,1,149.73,North,149.73
13651,2022-07-12,914,40,4,226.12,North,904.48
13652,2024-08-10,330,29,5,397.53,North,1987.6499999999999
13653,2024-12-21,440,5,5,471.08,South,2355.4
13654,2023-02-14,399,25,3,213.96,East,641.88
13655,2022-10-27,493,10,1,329.32,East,329.32
13656,2023-03-30,354,19,3,396.23,East,1188.69
13657,2023-07-28,328,41,4,58.87,South,235.48
13658,2023-09-11,498,48,1,480.67,East,480.67
13659,2023-09-29,419,1,3,113.7,West,341.1
13660,2022-10-28,503,47,3,458.39,East,1375.17
13661,2024-02-18,539,34,5,493.44,South,2467.2
13662,2024-09-15,345,14,3,59.2,East,177.60000000000002
13663,2022-07-21,643,25,3,447.45,South,1342.35
13664,2023-11-05,789,26,1,324.05,West,324.05
13665,2022-10-29,377,21,1,410.78,East,410.78
13666,2022-12-03,295,16,5,63.46,North,317.3
13667,2022-02-01,288,10,1,418.79,North,418.79
13668,2024-02-12,254,32,4,316.76,South,1267.04
13669,2024-12-07,434,44,5,260.2,South,1301.0
13670,2023-10-27,501,45,4,284.42,South,1137.68
13671,2022-11-24,85,20,1,374.79,South,374.79
13672,2024-03-07,521,9,1,155.84,North,155.84
13673,2024-03-24,562,34,5,472.3,North,2361.5
13674,2023-10-27,513,31,3,160.74,West,482.22
13675,2024-01-16,516,19,2,439.77,West,879.54
13676,2024-11-12,516,47,2,15.93,West,31.86
13677,2024-07-18,497,31,1,459.08,North,459.08
13678,2024-08-20,602,30,4,427.27,West,1709.08
13679,2023-01-08,162,47,5,70.85,South,354.25
13680,2022-10-12,667,24,3,371.09,West,1113.27
13681,2023-06-05,527,33,1,193.32,North,193.32
13682,2023-11-28,365,18,4,245.09,North,980.36
13683,2024-03-17,544,21,1,43.61,West,43.61
13684,2023-10-09,425,31,2,114.16,South,228.32
13685,2022-05-16,967,39,1,477.29,South,477.29
13686,2022-04-06,957,42,4,214.8,East,859.2
13687,2022-10-01,575,41,2,22.75,North,45.5
13688,2024-05-27,957,43,1,262.39,South,262.39
13689,2024-04-29,364,4,2,497.4,West,994.8
13690,2024-02-23,108,26,5,173.08,North,865.4000000000001
13691,2022-05-12,14,33,4,79.19,North,316.76
13692,2024-12-03,23,44,4,325.34,North,1301.36
13693,2023-01-08,623,33,5,460.71,North,2303.5499999999997
13694,2024-03-18,321,49,4,430.98,South,1723.92
13695,2024-01-14,510,20,4,331.92,West,1327.68
13696,2022-02-20,672,41,1,100.23,West,100.23
13697,2022-02-25,41,8,3,394.34,East,1183.02
13698,2024-01-14,794,36,1,413.38,North,413.38
13699,2023-03-04,304,8,5,426.28,East,2131.3999999999996
13700,2023-03-19,969,31,5,207.93,North,1039.65
13701,2022-11-22,656,22,3,210.34,West,631.02
13702,2023-10-02,415,42,1,86.03,West,86.03
13703,2024-04-08,450,50,1,388.62,West,388.62
13704,2022-03-21,800,47,1,371.24,East,371.24
13705,2023-04-19,394,19,2,58.88,West,117.76
13706,2023-01-12,665,20,2,19.87,South,39.74
13707,2024-07-07,594,23,1,476.34,North,476.34
13708,2022-11-29,365,24,2,18.46,West,36.92
13709,2023-03-17,738,43,1,318.01,North,318.01
13710,2022-05-06,989,24,5,232.28,West,1161.4
13711,2022-08-07,429,36,1,390.93,East,390.93
13712,2024-08-05,152,9,2,52.99,South,105.98
13713,2022-10-05,259,40,3,344.36,North,1033.08
13714,2023-08-18,830,16,5,311.32,East,1556.6
13715,2024-07-23,591,27,4,428.26,West,1713.04
13716,2022-05-21,707,45,3,264.09,South,792.27
13717,2024-04-25,951,37,3,366.86,South,1100.58
13718,2024-10-04,223,13,4,224.42,East,897.68
13719,2024-05-26,266,2,5,492.15,South,2460.75
13720,2022-04-20,230,12,4,284.11,North,1136.44
13721,2024-12-11,439,41,5,379.23,West,1896.15
13722,2023-09-05,150,33,5,55.54,South,277.7
13723,2023-12-14,910,23,5,236.75,West,1183.75
13724,2024-03-06,457,14,3,41.57,South,124.71000000000001
13725,2023-12-30,978,39,5,69.64,North,348.2
13726,2024-12-05,136,49,4,258.01,West,1032.04
13727,2023-05-20,635,30,3,182.63,North,547.89
13728,2024-11-06,870,46,5,235.31,South,1176.55
13729,2022-11-11,399,49,2,253.11,East,506.22
13730,2022-03-18,622,34,2,88.28,West,176.56
13731,2024-09-04,143,9,5,189.26,West,946.3
13732,2024-06-17,948,15,2,431.69,North,863.38
13733,2024-11-13,70,24,1,429.74,North,429.74
13734,2023-12-13,54,48,3,250.4,East,751.2
13735,2024-11-24,844,41,1,377.08,North,377.08
13736,2024-05-03,938,25,3,379.24,East,1137.72
13737,2023-12-10,403,36,4,31.61,North,126.44
13738,2022-09-22,552,32,2,309.34,South,618.68
13739,2022-11-29,709,47,2,404.22,South,808.44
13740,2022-07-07,27,21,2,301.05,East,602.1
13741,2024-12-22,842,42,5,275.36,South,1376.8000000000002
13742,2024-03-30,299,39,3,270.3,East,810.9000000000001
13743,2022-10-26,692,6,5,258.9,South,1294.5
13744,2022-07-20,558,47,2,391.37,East,782.74
13745,2022-09-29,654,25,4,324.79,West,1299.16
13746,2023-06-19,320,2,2,115.6,East,231.2
13747,2022-01-31,445,31,5,222.34,South,1111.7
13748,2022-03-10,98,30,2,269.03,North,538.06
13749,2024-06-01,126,15,1,215.29,West,215.29
13750,2024-08-18,58,18,1,126.41,North,126.41
13751,2024-04-06,177,32,5,71.12,West,355.6
13752,2024-07-12,719,14,1,67.48,West,67.48
13753,2024-09-10,285,18,3,155.18,East,465.54
13754,2023-04-26,666,35,3,207.3,East,621.9000000000001
13755,2022-10-20,27,22,5,344.61,West,1723.0500000000002
13756,2022-03-27,451,14,1,492.61,South,492.61
13757,2024-11-05,323,38,3,449.7,West,1349.1
13758,2023-12-29,675,14,1,408.71,South,408.71
13759,2023-09-20,250,34,2,408.73,West,817.46
13760,2022-04-28,700,22,1,302.07,South,302.07
13761,2022-09-27,957,16,1,133.85,East,133.85
13762,2024-09-05,995,48,5,241.25,West,1206.25
13763,2024-05-04,370,49,2,79.85,West,159.7
13764,2022-06-11,966,16,3,287.55,South,862.6500000000001
13765,2023-12-01,846,16,3,21.27,South,63.81
13766,2022-06-16,90,40,1,102.84,West,102.84
13767,2022-10-27,131,38,4,359.02,South,1436.08
13768,2022-01-28,929,18,4,145.68,East,582.72
13769,2023-07-16,810,23,3,215.78,East,647.34
13770,2024-06-01,525,46,1,417.71,West,417.71
13771,2022-06-05,29,48,1,31.83,West,31.83
13772,2023-10-14,777,40,2,21.14,South,42.28
13773,2024-03-31,544,18,5,122.2,East,611.0
13774,2023-07-15,662,46,4,345.38,North,1381.52
13775,2024-12-21,86,49,1,125.7,East,125.7
13776,2022-11-08,58,22,3,433.21,South,1299.6299999999999
13777,2023-01-11,57,40,4,182.41,South,729.64
13778,2022-05-30,994,30,5,148.92,West,744.5999999999999
13779,2023-08-08,394,48,1,124.13,East,124.13
13780,2023-08-04,25,42,4,291.25,West,1165.0
13781,2024-09-03,190,42,1,429.59,South,429.59
13782,2022-06-26,959,18,5,208.97,West,1044.85
13783,2022-12-20,76,18,2,133.73,West,267.46
13784,2023-05-29,371,41,4,216.22,West,864.88
13785,2022-11-05,899,1,5,453.35,West,2266.75
13786,2022-04-29,851,48,2,173.92,North,347.84
13787,2024-02-06,737,42,2,331.32,South,662.64
13788,2024-09-22,506,15,5,171.57,East,857.8499999999999
13789,2024-08-30,943,5,3,340.63,West,1021.89
13790,2024-07-04,183,27,5,441.7,East,2208.5
13791,2023-04-23,154,17,1,303.29,East,303.29
13792,2023-08-10,269,41,3,474.25,East,1422.75
13793,2022-12-17,903,32,2,304.74,South,609.48
13794,2022-07-14,930,38,4,487.69,West,1950.76
13795,2023-05-11,278,26,2,364.63,East,729.26
13796,2023-05-30,340,2,4,329.87,West,1319.48
13797,2023-11-27,875,28,4,416.62,West,1666.48
13798,2022-09-30,23,45,5,15.44,East,77.2
13799,2024-05-29,432,23,5,136.05,North,680.25
13800,2022-02-21,526,50,2,115.88,South,231.76
13801,2022-09-20,606,20,5,64.34,West,321.70000000000005
13802,2022-05-13,343,36,2,469.52,West,939.04
13803,2024-09-20,879,42,5,74.19,North,370.95
13804,2022-11-06,52,22,5,138.79,South,693.9499999999999
13805,2022-01-16,339,11,4,174.23,East,696.92
13806,2022-07-14,935,28,3,316.07,South,948.21
13807,2022-10-30,41,45,5,386.06,East,1930.3
13808,2024-12-07,676,22,5,306.29,East,1531.45
13809,2024-04-11,518,17,2,376.99,North,753.98
13810,2023-07-16,407,31,4,207.04,West,828.16
13811,2022-02-10,138,11,4,497.93,South,1991.72
13812,2023-06-18,99,36,3,93.35,South,280.04999999999995
13813,2023-01-06,341,14,3,205.88,East,617.64
13814,2023-06-01,736,35,3,417.77,North,1253.31
13815,2023-10-19,316,23,5,130.91,North,654.55
13816,2023-08-13,542,29,2,377.91,East,755.82
13817,2022-08-19,225,23,1,188.5,North,188.5
13818,2024-03-19,838,44,2,97.02,West,194.04
13819,2023-04-24,261,36,4,207.64,North,830.56
13820,2023-11-06,247,16,3,394.55,North,1183.65
13821,2022-10-05,79,39,1,64.86,West,64.86
13822,2022-02-22,697,20,4,262.89,East,1051.56
13823,2024-10-30,811,25,3,373.26,North,1119.78
13824,2024-01-18,692,19,1,378.27,East,378.27
13825,2023-04-09,473,26,2,200.9,East,401.8
13826,2024-01-24,77,32,4,238.55,East,954.2
13827,2023-08-06,262,50,5,429.82,West,2149.1
13828,2022-06-07,741,21,1,112.11,South,112.11
13829,2022-01-19,2,9,1,496.37,East,496.37
13830,2022-02-24,17,43,2,215.43,South,430.86
13831,2023-12-22,344,19,2,144.97,South,289.94
13832,2024-11-10,12,49,4,11.27,South,45.08
13833,2024-01-31,940,21,5,71.26,East,356.3
13834,2024-10-15,694,18,3,380.69,West,1142.07
13835,2024-03-18,846,6,1,328.12,North,328.12
13836,2023-12-24,7,35,1,130.79,South,130.79
13837,2022-10-12,246,14,4,464.23,South,1856.92
13838,2023-05-26,986,9,3,419.49,North,1258.47
13839,2024-10-18,928,35,3,141.94,West,425.82
13840,2022-04-30,157,2,3,171.74,West,515.22
13841,2022-04-07,174,6,4,100.53,South,402.12
13842,2022-04-30,487,35,1,324.85,South,324.85
13843,2023-01-28,841,25,2,353.56,South,707.12
13844,2024-03-04,846,9,1,203.98,West,203.98
13845,2022-08-08,693,50,2,371.21,East,742.42
13846,2024-04-18,977,31,2,495.87,South,991.74
13847,2022-06-09,281,7,4,309.85,North,1239.4
13848,2023-09-03,309,28,3,328.15,North,984.4499999999999
13849,2023-10-01,990,2,4,193.18,South,772.72
13850,2024-11-21,237,1,2,15.19,East,30.38
13851,2024-02-16,157,37,1,477.42,South,477.42
13852,2022-11-30,251,24,2,388.45,North,776.9
13853,2024-06-10,221,35,4,350.83,North,1403.32
13854,2024-07-28,338,7,1,24.61,North,24.61
13855,2022-12-18,223,38,3,381.92,East,1145.76
13856,2024-07-14,211,29,4,338.34,South,1353.36
13857,2023-01-31,337,1,5,288.76,West,1443.8
13858,2023-06-14,134,30,2,315.56,South,631.12
13859,2022-12-24,844,46,3,460.0,East,1380.0
13860,2024-04-07,934,32,3,13.28,South,39.839999999999996
13861,2022-03-01,771,10,1,86.92,South,86.92
13862,2023-04-22,495,34,4,448.43,West,1793.72
13863,2023-09-04,547,11,2,14.02,West,28.04
13864,2022-01-01,183,48,5,452.78,West,2263.8999999999996
13865,2022-11-07,815,49,2,24.52,North,49.04
13866,2022-06-17,161,37,4,391.88,South,1567.52
13867,2022-07-11,605,27,3,446.55,South,1339.65
13868,2024-11-23,387,50,5,310.14,North,1550.6999999999998
13869,2024-11-23,197,48,1,324.31,West,324.31
13870,2023-12-09,827,10,4,34.78,South,139.12
13871,2023-01-01,718,38,2,113.34,South,226.68
13872,2024-05-07,484,22,4,450.74,South,1802.96
13873,2022-11-23,502,24,1,413.62,East,413.62
13874,2022-04-24,988,8,2,39.18,West,78.36
13875,2024-03-07,489,6,5,408.36,West,2041.8000000000002
13876,2024-07-07,352,4,2,217.51,East,435.02
13877,2023-09-01,530,5,2,284.75,East,569.5
13878,2022-11-05,234,6,1,63.12,North,63.12
13879,2023-02-05,1000,47,2,205.34,West,410.68
13880,2022-07-31,894,32,4,223.11,North,892.44
13881,2022-11-13,845,38,3,338.05,West,1014.1500000000001
13882,2022-07-04,578,20,1,332.19,South,332.19
13883,2022-09-03,756,40,1,278.95,East,278.95
13884,2022-08-27,409,45,1,25.41,West,25.41
13885,2023-06-04,276,36,4,89.14,North,356.56
13886,2022-10-04,711,49,4,88.53,West,354.12
13887,2024-10-02,459,14,4,444.99,West,1779.96
13888,2022-07-21,453,50,4,451.84,West,1807.36
13889,2022-08-02,413,47,2,405.18,South,810.36
13890,2023-08-29,18,19,1,95.69,South,95.69
13891,2023-04-23,72,11,1,421.67,North,421.67
13892,2023-05-23,667,39,5,101.92,West,509.6
13893,2023-10-31,378,1,3,281.77,South,845.31
13894,2023-10-27,682,35,2,369.6,West,739.2
13895,2022-05-22,834,19,3,35.26,East,105.78
13896,2022-11-18,355,33,2,302.99,South,605.98
13897,2023-04-06,794,32,2,133.06,West,266.12
13898,2023-12-08,151,36,2,253.95,North,507.9
13899,2023-11-01,261,24,1,198.11,East,198.11
13900,2022-02-23,80,43,3,346.42,East,1039.26
13901,2022-10-04,106,7,3,249.7,East,749.0999999999999
13902,2023-02-04,523,7,4,157.8,North,631.2
13903,2023-10-30,403,46,3,456.08,North,1368.24
13904,2023-05-31,720,47,4,479.94,South,1919.76
13905,2023-07-30,992,5,5,402.93,West,2014.65
13906,2022-04-22,908,14,4,294.56,South,1178.24
13907,2022-08-27,130,45,2,443.36,West,886.72
13908,2024-11-09,171,26,1,304.82,South,304.82
13909,2022-07-16,406,50,2,82.93,South,165.86
13910,2023-01-17,922,1,5,18.54,North,92.69999999999999
13911,2022-06-13,33,13,1,365.7,South,365.7
13912,2023-08-29,536,23,5,378.72,North,1893.6000000000001
13913,2024-12-27,197,20,2,463.65,South,927.3
13914,2024-05-04,917,7,1,413.88,East,413.88
13915,2024-11-10,46,6,5,323.4,West,1617.0
13916,2024-04-10,274,9,4,103.25,South,413.0
13917,2023-08-20,743,28,3,301.08,South,903.24
13918,2023-06-20,133,10,2,223.0,North,446.0
13919,2022-04-21,264,35,4,123.73,South,494.92
13920,2024-08-06,597,7,5,401.57,North,2007.85
13921,2024-05-12,367,25,5,83.28,North,416.4
13922,2023-08-18,825,30,1,318.87,South,318.87
13923,2024-10-18,5,43,4,309.27,North,1237.08
13924,2023-04-05,269,26,5,158.77,West,793.85
13925,2023-03-10,851,44,1,220.33,South,220.33
13926,2024-06-06,733,12,3,67.12,North,201.36
13927,2024-02-22,706,13,3,22.51,West,67.53
13928,2024-09-14,421,40,1,16.38,North,16.38
13929,2022-06-18,346,4,4,95.42,East,381.68
13930,2023-12-10,925,1,1,434.82,East,434.82
13931,2024-08-22,69,6,1,266.08,North,266.08
13932,2023-12-28,800,2,4,67.39,North,269.56
13933,2022-08-17,358,46,3,453.69,North,1361.07
13934,2023-03-03,688,27,5,288.76,North,1443.8
13935,2022-05-02,386,18,3,23.66,South,70.98
13936,2022-05-29,325,42,4,383.74,West,1534.96
13937,2024-05-01,751,29,2,241.98,South,483.96
13938,2023-12-06,481,33,4,271.1,West,1084.4
13939,2022-04-21,179,3,3,310.48,South,931.44
13940,2022-03-05,256,20,3,56.28,East,168.84
13941,2023-09-30,419,4,4,474.39,South,1897.56
13942,2024-06-27,211,18,4,135.14,West,540.56
13943,2022-01-13,911,8,4,314.7,North,1258.8
13944,2024-07-22,739,22,3,429.23,West,1287.69
13945,2022-08-27,584,41,1,172.64,West,172.64
13946,2023-10-25,367,22,2,317.5,East,635.0
13947,2024-11-10,577,19,1,494.55,West,494.55
13948,2023-11-25,166,28,3,427.38,North,1282.1399999999999
13949,2024-08-28,214,2,1,391.85,South,391.85
13950,2024-08-21,529,9,4,225.26,West,901.04
13951,2022-03-17,848,35,5,231.12,East,1155.6
13952,2022-11-25,173,22,4,247.91,West,991.64
13953,2022-06-01,129,26,2,348.31,West,696.62
13954,2022-03-13,3,34,4,80.73,North,322.92
13955,2022-08-13,895,7,5,431.9,North,2159.5
13956,2023-04-18,896,30,3,18.86,North,56.58
13957,2022-12-26,760,49,1,93.3,South,93.3
13958,2023-06-24,70,25,4,246.09,West,984.36
13959,2024-03-21,52,49,1,133.54,South,133.54
13960,2023-09-01,437,9,2,189.14,North,378.28
13961,2024-12-05,378,27,1,172.97,West,172.97
13962,2022-01-01,771,1,2,141.79,South,283.58
13963,2023-11-09,751,33,2,196.34,North,392.68
13964,2022-10-18,94,8,4,257.59,North,1030.36
13965,2022-07-23,559,49,5,243.42,West,1217.1
13966,2023-07-20,587,32,1,407.84,South,407.84
13967,2023-04-27,603,40,2,160.99,North,321.98
13968,2023-05-26,86,19,2,148.14,North,296.28
13969,2024-07-12,518,36,2,257.18,North,514.36
13970,2022-10-05,742,50,3,33.49,North,100.47
13971,2024-10-01,430,45,1,64.79,North,64.79
13972,2022-01-16,863,22,1,403.51,North,403.51
13973,2022-12-22,829,39,2,251.92,West,503.84
13974,2022-12-22,43,26,1,42.6,East,42.6
13975,2024-04-09,824,3,1,225.79,East,225.79
13976,2023-08-22,710,46,3,205.15,North,615.45
13977,2024-07-16,370,9,2,130.61,North,261.22
13978,2024-12-26,404,35,1,192.33,West,192.33
13979,2024-05-08,303,7,5,102.29,West,511.45000000000005
13980,2022-08-02,182,15,2,230.04,North,460.08
13981,2023-03-25,169,4,1,210.18,South,210.18
13982,2024-08-22,203,37,3,307.68,South,923.04
13983,2024-02-26,706,28,5,471.63,East,2358.15
13984,2023-05-14,543,9,4,100.88,West,403.52
13985,2023-12-11,102,35,4,214.55,East,858.2
13986,2023-01-15,576,48,5,285.49,East,1427.45
13987,2024-01-10,346,48,4,278.03,South,1112.12
13988,2023-09-24,603,25,5,334.06,East,1670.3
13989,2024-11-13,442,9,1,141.29,North,141.29
13990,2023-06-23,250,33,4,320.93,East,1283.72
13991,2024-08-02,183,17,4,108.57,East,434.28
13992,2024-01-23,302,12,5,71.47,North,357.35
13993,2023-06-19,878,9,1,417.51,North,417.51
13994,2023-11-04,863,5,1,242.13,East,242.13
13995,2024-11-30,280,47,2,204.67,South,409.34
13996,2023-07-22,717,26,2,464.97,East,929.94
13997,2023-02-19,89,45,1,357.78,South,357.78
13998,2023-03-25,805,19,5,341.79,South,1708.95
13999,2023-09-02,425,35,3,105.19,North,315.57
14000,2023-10-20,921,2,3,112.54,South,337.62
14001,2023-03-12,285,45,2,246.72,West,493.44
14002,2023-12-06,671,7,4,329.63,East,1318.52
14003,2022-08-27,875,9,3,203.68,South,611.04
14004,2024-12-01,999,22,4,41.45,South,165.8
14005,2024-01-04,130,42,4,344.68,East,1378.72
14006,2024-03-10,248,33,1,389.14,North,389.14
14007,2022-01-10,652,16,3,472.71,West,1418.1299999999999
14008,2024-01-17,901,43,3,210.3,South,630.9000000000001
14009,2022-05-19,189,24,4,136.44,West,545.76
14010,2024-01-01,91,8,4,463.65,East,1854.6
14011,2022-07-15,568,30,1,360.42,South,360.42
14012,2022-09-21,738,26,5,41.35,South,206.75
14013,2024-08-02,846,45,3,294.21,South,882.6299999999999
14014,2024-07-08,839,48,3,23.98,West,71.94
14015,2022-06-10,165,35,1,121.0,West,121.0
14016,2023-05-06,548,45,1,44.77,South,44.77
14017,2024-02-09,330,17,5,110.4,East,552.0
14018,2022-11-07,541,38,4,250.06,South,1000.24
14019,2022-08-15,80,10,3,156.44,East,469.32
14020,2022-09-30,934,41,4,53.13,North,212.52
14021,2024-07-26,981,50,3,246.21,North,738.63
14022,2022-11-13,870,17,1,357.16,North,357.16
14023,2022-10-18,169,7,1,36.03,East,36.03
14024,2023-12-30,545,2,1,442.38,West,442.38
14025,2023-01-10,93,11,5,330.0,East,1650.0
14026,2023-07-21,624,50,3,264.53,East,793.5899999999999
14027,2024-05-17,379,3,1,204.2,North,204.2
14028,2024-01-25,209,46,5,202.71,South,1013.5500000000001
14029,2022-09-09,909,20,4,174.42,East,697.68
14030,2022-11-03,902,13,5,66.71,North,333.54999999999995
14031,2023-11-06,194,23,5,48.83,East,244.14999999999998
14032,2024-05-17,264,17,2,161.33,West,322.66
14033,2022-09-21,247,29,4,336.86,East,1347.44
14034,2022-03-09,630,43,2,151.31,North,302.62
14035,2023-05-29,448,39,3,408.01,East,1224.03
14036,2024-02-08,992,32,5,196.34,East,981.7
14037,2023-03-18,740,35,5,319.28,East,1596.3999999999999
14038,2022-01-01,521,35,5,221.64,North,1108.1999999999998
14039,2022-12-24,919,34,5,253.93,North,1269.65
14040,2024-06-21,711,21,2,132.58,East,265.16
14041,2022-10-01,479,16,3,261.8,North,785.4000000000001
14042,2024-05-05,277,23,2,64.22,East,128.44
14043,2024-10-14,129,11,5,199.52,East,997.6
14044,2022-06-22,302,14,3,229.67,East,689.01
14045,2023-08-08,574,3,4,354.96,East,1419.84
14046,2024-07-17,514,7,2,206.11,South,412.22
14047,2023-04-26,360,40,1,336.06,South,336.06
14048,2023-03-31,843,45,4,95.56,West,382.24
14049,2022-07-15,357,11,4,22.36,East,89.44
14050,2024-03-06,466,33,5,257.91,East,1289.5500000000002
14051,2023-08-22,172,19,5,242.2,North,1211.0
14052,2023-07-10,757,45,4,338.18,East,1352.72
14053,2024-04-27,88,49,2,163.64,North,327.28
14054,2023-03-15,500,41,3,24.63,West,73.89
14055,2023-10-12,896,23,2,364.55,South,729.1
14056,2022-12-25,83,23,2,471.68,South,943.36
14057,2024-11-25,517,29,4,203.19,North,812.76
14058,2024-11-23,861,6,2,309.45,East,618.9
14059,2023-10-20,551,39,3,276.9,North,830.6999999999999
14060,2022-01-16,896,5,4,287.34,West,1149.36
14061,2024-01-15,322,32,2,435.01,South,870.02
14062,2023-02-25,465,40,5,370.81,East,1854.05
14063,2023-07-07,813,26,2,387.2,East,774.4
14064,2024-02-06,587,14,4,54.12,East,216.48
14065,2024-03-03,613,18,4,81.89,South,327.56
14066,2024-10-28,141,21,5,335.02,East,1675.1
14067,2024-05-29,605,25,4,274.82,West,1099.28
14068,2024-05-01,631,20,1,389.4,West,389.4
14069,2023-05-25,800,24,4,55.61,South,222.44
14070,2024-08-23,621,3,2,287.58,South,575.16
14071,2024-07-02,1000,22,3,248.17,South,744.51
14072,2022-01-18,555,8,2,428.8,North,857.6
14073,2022-02-25,136,46,4,101.7,South,406.8
14074,2024-07-07,330,46,1,180.87,South,180.87
14075,2024-11-24,729,29,2,83.73,North,167.46
14076,2024-06-20,955,7,3,231.35,East,694.05
14077,2023-09-22,395,6,2,441.89,North,883.78
14078,2024-03-04,156,6,5,338.46,West,1692.3
14079,2022-12-13,993,12,1,374.71,West,374.71
14080,2024-11-21,39,22,4,55.74,East,222.96
14081,2024-06-26,282,47,2,231.49,North,462.98
14082,2024-10-20,840,26,2,420.95,East,841.9
14083,2023-07-30,870,25,2,420.37,West,840.74
14084,2022-07-18,538,19,2,494.13,North,988.26
14085,2022-10-28,544,36,3,267.76,North,803.28
14086,2024-10-13,46,35,5,11.02,West,55.099999999999994
14087,2022-01-26,668,13,5,450.54,South,2252.7000000000003
14088,2023-03-26,244,25,1,478.54,East,478.54
14089,2022-11-16,903,48,1,464.6,West,464.6
14090,2022-06-05,547,45,3,388.24,West,1164.72
14091,2023-04-16,450,32,5,113.84,North,569.2
14092,2023-02-24,278,30,1,78.14,North,78.14
14093,2023-10-13,754,21,4,353.43,East,1413.72
14094,2024-06-04,406,42,5,78.81,West,394.05
14095,2024-07-18,890,45,2,477.12,West,954.24
14096,2024-04-14,771,40,5,228.46,North,1142.3
14097,2024-05-25,46,44,4,25.1,West,100.4
14098,2024-07-30,946,8,2,83.79,North,167.58
14099,2024-09-20,749,41,5,152.34,South,761.7
14100,2023-07-26,520,42,2,354.84,South,709.68
14101,2022-02-23,772,7,2,371.27,East,742.54
14102,2023-08-28,271,3,3,114.38,East,343.14
14103,2022-11-21,556,37,4,327.79,West,1311.16
14104,2024-08-27,238,3,3,25.6,West,76.80000000000001
14105,2024-06-03,167,18,5,60.4,West,302.0
14106,2022-09-22,376,42,2,272.16,West,544.32
14107,2023-01-17,588,9,5,354.87,South,1774.35
14108,2022-11-29,669,24,5,458.04,North,2290.2000000000003
14109,2024-10-30,201,7,3,224.5,North,673.5
14110,2022-07-22,746,33,5,68.78,West,343.9
14111,2022-02-27,232,25,4,465.2,South,1860.8
14112,2023-07-01,446,42,2,224.34,West,448.68
14113,2024-05-20,724,34,1,253.76,North,253.76
14114,2022-04-13,418,38,4,428.67,East,1714.68
14115,2024-05-14,154,21,1,297.03,South,297.03
14116,2023-02-02,368,38,1,157.71,North,157.71
14117,2023-01-27,725,40,3,274.98,North,824.94
14118,2022-04-16,87,18,1,316.18,East,316.18
14119,2024-12-13,530,39,2,446.0,East,892.0
14120,2022-04-21,703,50,3,125.07,East,375.21
14121,2022-08-12,820,33,4,284.1,East,1136.4
14122,2022-03-16,54,28,4,461.04,South,1844.16
14123,2023-05-21,728,25,4,32.28,West,129.12
14124,2024-11-03,42,14,5,105.34,South,526.7
14125,2024-02-09,349,20,3,179.69,South,539.0699999999999
14126,2023-04-27,230,39,3,342.45,North,1027.35
14127,2022-12-30,742,20,3,422.51,North,1267.53
14128,2022-08-27,694,7,2,107.59,North,215.18
14129,2024-04-25,436,4,3,130.89,North,392.66999999999996
14130,2024-09-11,141,31,2,413.41,North,826.82
14131,2023-01-27,288,30,4,82.69,South,330.76
14132,2024-11-06,851,37,5,137.98,East,689.9
14133,2024-08-22,849,21,1,369.02,West,369.02
14134,2022-01-12,322,1,5,91.42,South,457.1
14135,2022-05-26,594,3,5,415.74,West,2078.7
14136,2022-06-18,442,13,5,250.35,West,1251.75
14137,2024-04-26,167,7,1,229.31,East,229.31
14138,2022-06-19,923,6,2,76.28,West,152.56
14139,2024-02-04,846,6,4,343.03,East,1372.12
14140,2023-05-14,566,34,1,443.16,South,443.16
14141,2024-06-15,463,32,4,349.13,East,1396.52
14142,2024-12-12,456,16,2,165.27,East,330.54
14143,2022-04-28,73,38,4,352.41,North,1409.64
14144,2022-12-31,725,8,2,259.87,North,519.74
14145,2022-05-16,683,21,1,428.33,East,428.33
14146,2023-07-11,995,11,1,235.23,East,235.23
14147,2022-01-18,948,50,4,126.28,West,505.12
14148,2023-02-07,270,23,4,59.62,West,238.48
14149,2022-07-24,219,6,5,147.72,East,738.6
14150,2023-05-14,648,46,5,286.13,West,1430.65
14151,2022-11-20,547,15,4,93.32,South,373.28
14152,2023-08-18,658,11,5,29.48,West,147.4
14153,2023-07-16,183,27,4,229.93,West,919.72
14154,2023-04-24,78,15,3,180.24,East,540.72
14155,2022-06-13,308,45,5,215.99,West,1079.95
14156,2022-11-20,765,38,4,232.53,East,930.12
14157,2023-07-05,328,4,3,385.37,North,1156.1100000000001
14158,2024-04-10,945,14,5,480.85,West,2404.25
14159,2023-10-02,904,45,1,138.52,East,138.52
14160,2023-09-26,421,10,4,471.78,East,1887.12
14161,2024-01-29,236,29,1,121.9,West,121.9
14162,2022-07-27,834,12,5,379.92,North,1899.6000000000001
14163,2022-11-11,849,40,3,343.86,East,1031.58
14164,2022-10-31,589,20,4,35.59,East,142.36
14165,2024-06-19,886,37,3,365.21,West,1095.6299999999999
14166,2022-08-27,462,2,1,451.55,South,451.55
14167,2024-03-14,937,20,4,465.81,East,1863.24
14168,2022-10-02,585,12,1,345.74,West,345.74
14169,2024-08-11,539,38,1,395.43,West,395.43
14170,2024-12-25,916,30,3,45.06,North,135.18
14171,2022-09-12,38,47,5,89.01,East,445.05
14172,2022-05-05,766,18,1,138.62,East,138.62
14173,2023-09-07,908,50,1,270.36,East,270.36
14174,2023-01-20,426,10,2,199.26,West,398.52
14175,2023-03-23,598,7,3,332.0,East,996.0
14176,2023-01-22,869,42,1,228.39,North,228.39
14177,2023-01-18,434,5,2,389.76,North,779.52
14178,2022-05-04,359,48,3,359.66,East,1078.98
14179,2023-12-29,31,29,4,376.17,East,1504.68
14180,2024-06-14,205,35,5,416.14,West,2080.7
14181,2022-11-24,705,39,3,418.77,North,1256.31
14182,2023-11-25,742,12,1,391.98,South,391.98
14183,2024-12-27,181,10,2,42.3,East,84.6
14184,2022-12-25,757,37,2,315.37,East,630.74
14185,2024-09-29,40,2,4,19.7,West,78.8
14186,2024-03-07,841,3,2,374.44,North,748.88
14187,2023-03-19,423,14,1,39.92,East,39.92
14188,2022-06-13,906,47,3,491.78,West,1475.34
14189,2024-08-30,157,20,4,310.9,East,1243.6
14190,2022-12-27,168,45,5,99.18,West,495.90000000000003
14191,2023-08-08,670,49,5,239.46,West,1197.3
14192,2024-05-02,642,4,1,415.07,West,415.07
14193,2024-10-07,82,26,4,98.2,East,392.8
14194,2024-10-20,668,47,4,273.02,East,1092.08
14195,2022-08-29,687,15,1,11.75,North,11.75
14196,2023-10-28,800,9,4,396.33,East,1585.32
14197,2023-07-19,600,3,2,105.36,South,210.72
14198,2024-04-11,102,2,2,199.72,North,399.44
14199,2024-09-02,760,39,1,269.82,West,269.82
14200,2022-01-31,718,41,1,80.98,North,80.98
14201,2022-08-11,89,30,2,464.07,South,928.14
14202,2022-09-23,345,37,3,239.72,South,719.16
14203,2024-02-27,800,17,1,123.57,West,123.57
14204,2023-01-16,923,3,2,370.22,East,740.44
14205,2023-07-10,310,9,3,448.16,South,1344.48
14206,2022-03-03,608,8,3,457.21,East,1371.6299999999999
14207,2023-12-14,440,9,2,221.26,West,442.52
14208,2024-04-26,159,17,2,186.14,East,372.28
14209,2023-06-05,114,24,4,465.34,East,1861.36
14210,2024-12-30,536,8,3,35.89,North,107.67
14211,2023-08-25,163,14,5,377.76,East,1888.8
14212,2022-05-20,286,16,4,96.98,East,387.92
14213,2023-08-13,865,18,4,238.1,North,952.4
14214,2023-06-12,55,49,3,477.31,East,1431.93
14215,2023-06-25,576,24,3,294.76,North,884.28
14216,2023-01-10,33,39,3,266.49,North,799.47
14217,2022-10-18,558,47,1,40.28,East,40.28
14218,2022-02-12,731,27,2,145.9,East,291.8
14219,2024-12-12,993,28,2,11.5,East,23.0
14220,2022-01-08,801,7,2,438.75,North,877.5
14221,2023-04-28,196,34,3,325.98,South,977.94
14222,2022-02-11,765,27,4,67.83,North,271.32
14223,2022-11-29,448,34,3,188.1,South,564.3
14224,2024-12-29,798,39,3,407.59,West,1222.77
14225,2024-11-05,748,19,4,78.75,South,315.0
14226,2022-03-10,591,6,5,122.83,West,614.15
14227,2022-02-22,925,30,1,275.29,East,275.29
14228,2023-11-16,958,28,5,81.02,North,405.09999999999997
14229,2024-09-20,92,12,3,197.53,North,592.59
14230,2023-06-11,608,15,2,491.24,West,982.48
14231,2022-03-04,228,45,2,276.49,North,552.98
14232,2022-09-18,286,39,4,353.75,North,1415.0
14233,2024-05-07,874,39,3,335.01,West,1005.03
14234,2022-06-29,235,15,4,113.74,South,454.96
14235,2024-11-05,102,36,4,424.6,East,1698.4
14236,2022-12-21,764,3,1,69.8,South,69.8
14237,2024-07-22,140,1,4,461.58,South,1846.32
14238,2023-12-28,835,7,3,115.88,West,347.64
14239,2023-08-12,655,9,1,477.82,West,477.82
14240,2023-08-28,752,1,2,401.0,West,802.0
14241,2022-06-30,266,5,1,93.78,West,93.78
14242,2022-06-23,342,47,3,88.6,South,265.79999999999995
14243,2022-12-20,573,36,5,51.42,West,257.1
14244,2022-12-20,535,10,1,131.2,North,131.2
14245,2023-03-10,523,2,5,332.96,South,1664.8
14246,2024-06-23,16,23,1,264.95,West,264.95
14247,2022-10-09,561,39,1,310.54,North,310.54
14248,2022-09-16,878,29,4,25.26,North,101.04
14249,2024-05-17,336,19,5,49.19,West,245.95
14250,2023-07-13,910,38,5,349.07,West,1745.35
14251,2022-01-05,390,47,1,425.48,North,425.48
14252,2023-08-19,170,20,3,186.12,North,558.36
14253,2023-01-29,913,12,3,91.58,South,274.74
14254,2022-12-02,119,11,5,161.09,South,805.45
14255,2022-03-04,991,35,4,211.89,North,847.56
14256,2022-02-13,42,49,4,318.77,West,1275.08
14257,2022-06-02,10,7,3,210.64,West,631.92
14258,2024-05-03,430,23,4,449.55,East,1798.2
14259,2022-10-02,468,50,1,206.59,North,206.59
14260,2023-03-02,49,17,1,98.87,West,98.87
14261,2023-04-28,777,48,5,131.69,South,658.45
14262,2022-08-02,207,2,2,237.93,North,475.86
14263,2022-03-20,679,5,3,393.41,South,1180.23
14264,2022-05-19,514,21,3,436.01,West,1308.03
14265,2024-08-07,580,13,2,100.79,South,201.58
14266,2022-04-08,820,11,4,11.7,West,46.8
14267,2023-10-26,984,24,1,436.01,East,436.01
14268,2022-07-17,210,33,1,121.82,South,121.82
14269,2024-02-24,139,27,3,412.61,West,1237.83
14270,2022-06-05,37,35,3,279.87,North,839.61
14271,2024-12-09,218,18,4,208.02,South,832.08
14272,2023-04-24,456,21,4,81.91,West,327.64
14273,2022-08-16,512,4,3,339.3,North,1017.9000000000001
14274,2023-06-06,278,41,4,410.9,East,1643.6
14275,2022-05-29,180,32,2,235.94,East,471.88
14276,2024-12-17,517,43,1,228.71,West,228.71
14277,2022-06-11,130,49,3,380.09,South,1140.27
14278,2024-05-12,645,11,2,255.06,East,510.12
14279,2023-01-30,611,3,2,394.95,South,789.9
14280,2024-03-11,672,21,5,36.52,East,182.60000000000002
14281,2022-07-05,748,43,3,430.24,South,1290.72
14282,2023-07-12,659,14,5,138.41,South,692.05
14283,2023-03-22,359,6,2,92.91,North,185.82
14284,2024-04-09,627,29,3,25.82,South,77.46000000000001
14285,2022-03-28,4,31,5,418.7,North,2093.5
14286,2023-03-14,599,47,1,39.46,West,39.46
14287,2023-05-31,558,28,3,477.67,West,1433.01
14288,2024-08-04,83,43,5,286.77,South,1433.85
14289,2024-01-26,154,50,4,352.35,South,1409.4
14290,2024-03-07,506,36,3,365.4,South,1096.1999999999998
14291,2023-11-17,509,28,4,153.42,East,613.68
14292,2022-11-21,818,19,3,405.16,East,1215.48
14293,2023-09-15,794,3,5,473.66,South,2368.3
14294,2023-11-18,839,12,5,191.23,East,956.15
14295,2023-02-04,800,36,3,419.32,South,1257.96
14296,2024-05-17,623,24,2,388.3,North,776.6
14297,2022-08-05,629,12,5,298.9,West,1494.5
14298,2024-03-19,97,24,3,190.13,North,570.39
14299,2024-08-18,940,1,3,213.44,South,640.3199999999999
14300,2024-09-27,282,28,1,160.73,North,160.73
14301,2024-07-20,701,16,4,218.87,North,875.48
14302,2022-08-28,600,21,1,494.92,West,494.92
14303,2022-02-17,819,30,4,188.07,East,752.28
14304,2024-05-24,955,34,4,336.1,West,1344.4
14305,2022-05-12,599,26,1,166.61,North,166.61
14306,2023-09-17,934,35,2,238.66,South,477.32
14307,2023-08-24,538,31,3,51.05,East,153.14999999999998
14308,2023-11-04,892,16,5,383.98,South,1919.9
14309,2022-11-30,429,42,3,333.9,South,1001.6999999999999
14310,2022-02-05,543,29,1,180.27,South,180.27
14311,2024-02-17,126,29,2,267.17,North,534.34
14312,2022-08-11,710,9,5,437.39,West,2186.95
14313,2023-06-14,301,14,5,31.77,North,158.85
14314,2022-08-29,543,8,2,465.81,East,931.62
14315,2022-05-14,367,2,5,240.69,West,1203.45
14316,2023-01-26,829,11,5,431.23,South,2156.15
14317,2022-04-12,944,2,2,432.13,North,864.26
14318,2023-11-12,744,47,1,38.77,West,38.77
14319,2023-05-13,45,18,1,392.98,West,392.98
14320,2023-05-26,493,5,5,369.11,West,1845.5500000000002
14321,2023-12-04,316,7,1,31.16,South,31.16
14322,2024-09-20,189,23,1,470.86,North,470.86
14323,2024-08-06,52,19,5,320.93,South,1604.65
14324,2024-04-20,564,19,5,92.09,South,460.45000000000005
14325,2022-01-06,332,48,1,70.32,South,70.32
14326,2024-08-15,499,19,4,285.37,North,1141.48
14327,2022-07-13,977,49,2,38.83,North,77.66
14328,2024-01-12,318,45,1,90.56,North,90.56
14329,2024-06-30,410,40,1,474.74,North,474.74
14330,2023-04-18,323,28,4,374.92,East,1499.68
14331,2022-08-04,591,11,3,310.61,South,931.83
14332,2024-05-25,561,50,3,112.32,North,336.96
14333,2022-02-07,230,11,2,117.07,North,234.14
14334,2023-04-16,344,9,5,228.46,South,1142.3
14335,2023-03-28,371,14,1,379.49,West,379.49
14336,2024-10-09,990,34,4,11.93,South,47.72
14337,2022-04-13,556,29,5,31.69,South,158.45000000000002
14338,2022-02-11,292,49,5,436.35,West,2181.75
14339,2024-08-04,437,21,3,408.89,North,1226.67
14340,2022-03-07,247,48,1,350.39,East,350.39
14341,2024-07-31,940,5,2,254.77,West,509.54
14342,2022-07-12,219,33,4,81.11,East,324.44
14343,2024-11-27,534,9,1,60.09,West,60.09
14344,2023-05-17,642,3,5,453.63,East,2268.15
14345,2023-10-26,519,14,5,197.44,East,987.2
14346,2022-12-18,784,18,2,350.9,West,701.8
14347,2022-11-22,472,12,3,233.54,South,700.62
14348,2024-11-27,350,23,2,368.16,East,736.32
14349,2022-04-18,44,14,2,104.72,East,209.44
14350,2023-09-23,752,16,1,247.44,East,247.44
14351,2022-05-31,878,37,3,194.66,East,583.98
14352,2024-12-16,65,20,5,130.08,West,650.4000000000001
14353,2024-05-27,246,20,3,302.88,South,908.64
14354,2022-12-01,987,15,1,273.12,West,273.12
14355,2024-03-14,585,41,1,252.89,West,252.89
14356,2024-02-06,71,25,2,299.64,West,599.28
14357,2022-09-16,709,17,1,79.84,South,79.84
14358,2024-02-21,701,12,3,191.57,North,574.71
14359,2022-02-03,158,45,2,169.09,South,338.18
14360,2022-11-22,938,42,2,386.9,East,773.8
14361,2024-04-16,475,39,2,27.5,West,55.0
14362,2023-11-22,842,7,3,148.15,West,444.45000000000005
14363,2024-01-09,25,8,2,459.96,West,919.92
14364,2024-01-14,850,24,4,157.17,West,628.68
14365,2024-04-26,583,47,4,84.43,North,337.72
14366,2022-04-27,825,25,3,381.1,North,1143.3000000000002
14367,2023-10-12,223,21,5,33.44,West,167.2
14368,2023-02-07,160,50,5,218.9,South,1094.5
14369,2024-09-23,818,33,2,429.13,North,858.26
14370,2022-08-21,75,10,3,477.51,South,1432.53
14371,2024-07-17,138,22,2,132.02,North,264.04
14372,2023-04-25,918,19,2,155.14,East,310.28
14373,2024-09-02,479,29,4,287.95,East,1151.8
14374,2022-01-09,553,3,1,121.01,East,121.01
14375,2023-12-16,303,39,3,83.86,North,251.57999999999998
14376,2023-01-14,910,4,1,218.73,South,218.73
14377,2023-01-16,387,37,4,45.4,North,181.6
14378,2024-04-23,472,31,1,448.17,East,448.17
14379,2022-12-26,334,6,4,173.76,North,695.04
14380,2022-06-25,309,28,5,174.78,East,873.9
14381,2023-04-30,528,10,4,397.77,East,1591.08
14382,2022-02-02,887,12,3,177.36,South,532.08
14383,2023-11-27,701,46,5,382.84,West,1914.1999999999998
14384,2022-06-06,540,2,2,98.81,East,197.62
14385,2023-07-19,163,3,3,269.2,South,807.5999999999999
14386,2022-07-21,1000,1,3,386.57,West,1159.71
14387,2024-07-11,898,35,3,230.45,North,691.3499999999999
14388,2022-03-15,829,24,1,45.19,West,45.19
14389,2022-04-06,952,47,1,371.08,West,371.08
14390,2022-06-22,994,48,2,252.09,South,504.18
14391,2022-06-04,55,34,1,165.04,South,165.04
14392,2022-10-16,786,20,3,496.47,East,1489.41
14393,2022-09-15,455,16,4,439.28,West,1757.12
14394,2022-06-23,305,30,2,28.53,East,57.06
14395,2022-11-26,102,47,2,300.89,South,601.78
14396,2024-01-29,554,39,3,183.74,East,551.22
14397,2024-10-16,775,25,5,28.33,West,141.64999999999998
14398,2022-06-10,388,5,1,15.54,North,15.54
14399,2022-07-05,683,29,5,296.04,North,1480.2
14400,2022-05-23,208,37,3,166.86,East,500.58000000000004
14401,2024-06-25,315,28,5,354.62,South,1773.1
14402,2023-10-02,49,41,3,232.67,North,698.01
14403,2022-01-27,572,23,1,385.58,West,385.58
14404,2022-07-21,518,32,1,408.4,South,408.4
14405,2024-11-10,148,46,2,332.04,North,664.08
14406,2023-11-01,799,18,5,214.81,West,1074.05
14407,2024-10-28,211,41,5,494.35,North,2471.75
14408,2023-04-17,372,35,5,160.28,East,801.4
14409,2022-09-16,662,43,5,262.14,West,1310.6999999999998
14410,2022-02-24,597,24,4,265.0,East,1060.0
14411,2024-06-29,978,47,2,219.89,West,439.78
14412,2024-10-26,672,28,2,69.49,South,138.98
14413,2023-07-08,47,36,4,183.43,East,733.72
14414,2024-12-09,674,21,5,115.44,East,577.2
14415,2022-04-22,499,5,4,450.93,West,1803.72
14416,2022-05-26,155,26,5,331.13,East,1655.65
14417,2022-08-18,230,50,4,151.03,West,604.12
14418,2023-05-12,300,23,2,287.21,North,574.42
14419,2023-04-06,158,44,4,428.07,West,1712.28
14420,2024-03-17,673,33,3,467.87,South,1403.6100000000001
14421,2022-08-14,923,26,5,46.77,South,233.85000000000002
14422,2022-02-28,247,22,4,395.59,West,1582.36
14423,2023-03-04,568,20,5,483.49,West,2417.45
14424,2023-12-29,151,2,1,238.95,South,238.95
14425,2024-07-20,299,41,5,497.81,East,2489.05
14426,2023-05-13,979,18,4,478.97,South,1915.88
14427,2024-03-26,54,5,5,331.88,South,1659.4
14428,2024-06-28,223,32,3,425.33,North,1275.99
14429,2022-03-08,766,46,3,155.32,West,465.96
14430,2022-08-18,580,11,4,459.56,South,1838.24
14431,2024-09-09,565,21,4,300.03,East,1200.12
14432,2022-11-29,467,22,5,259.74,North,1298.7
14433,2022-10-04,757,3,2,419.47,North,838.94
14434,2023-12-22,486,9,3,445.85,North,1337.5500000000002
14435,2022-05-24,552,2,3,353.61,West,1060.83
14436,2023-11-22,444,46,1,22.27,South,22.27
14437,2022-02-26,854,28,1,302.63,West,302.63
14438,2022-11-04,905,34,2,412.61,North,825.22
14439,2022-06-23,863,10,3,277.18,North,831.54
14440,2024-01-20,138,19,4,468.08,North,1872.32
14441,2024-09-30,778,29,3,449.69,South,1349.07
14442,2023-11-09,926,2,4,269.54,North,1078.16
14443,2023-07-14,650,48,4,207.88,South,831.52
14444,2022-12-15,954,6,2,36.99,West,73.98
14445,2024-12-26,292,44,3,319.97,East,959.9100000000001
14446,2022-11-26,210,7,5,140.32,West,701.5999999999999
14447,2022-07-13,684,36,3,337.54,West,1012.6200000000001
14448,2022-09-23,697,8,3,401.39,South,1204.17
14449,2022-06-17,811,19,1,210.26,West,210.26
14450,2022-05-25,752,10,2,17.64,East,35.28
14451,2022-07-05,211,33,5,433.97,East,2169.8500000000004
14452,2024-06-04,875,37,5,279.01,East,1395.05
14453,2024-05-14,663,38,5,164.25,West,821.25
14454,2024-02-13,388,27,4,320.56,North,1282.24
14455,2024-10-03,396,29,2,340.45,South,680.9
14456,2024-02-25,124,19,1,82.26,South,82.26
14457,2023-04-02,561,18,4,326.74,North,1306.96
14458,2022-12-11,920,23,5,150.48,South,752.4
14459,2024-01-05,909,1,4,403.78,West,1615.12
14460,2023-07-08,124,43,4,471.34,North,1885.36
14461,2024-10-17,68,3,5,60.31,North,301.55
14462,2024-02-27,475,10,5,459.51,West,2297.55
14463,2024-07-24,358,7,1,452.69,West,452.69
14464,2023-12-06,743,49,2,178.02,South,356.04
14465,2022-09-04,456,26,3,24.13,West,72.39
14466,2024-03-22,346,16,3,334.98,East,1004.94
14467,2024-11-12,930,39,3,178.91,East,536.73
14468,2024-08-10,521,45,1,103.91,West,103.91
14469,2024-03-25,778,32,4,63.2,East,252.8
14470,2022-05-24,637,12,5,106.05,North,530.25
14471,2023-12-31,883,44,2,126.36,East,252.72
14472,2024-05-12,833,8,3,399.95,North,1199.85
14473,2023-04-10,624,8,2,394.07,North,788.14
14474,2023-01-10,498,45,2,252.26,East,504.52
14475,2023-11-08,328,11,5,281.13,West,1405.65
14476,2023-11-23,330,33,1,459.73,East,459.73
14477,2023-09-21,566,25,5,454.94,North,2274.7
14478,2023-07-10,427,17,1,416.05,West,416.05
14479,2024-05-12,443,31,4,193.39,North,773.56
14480,2022-03-15,601,19,2,189.61,East,379.22
14481,2023-03-14,95,45,3,445.06,South,1335.18
14482,2024-05-30,871,15,2,463.99,West,927.98
14483,2022-08-14,762,44,5,401.24,North,2006.2
14484,2022-11-04,955,49,1,381.0,West,381.0
14485,2024-08-23,451,35,4,283.5,North,1134.0
14486,2022-12-14,317,39,4,175.78,East,703.12
14487,2023-04-21,487,2,1,127.91,East,127.91
14488,2023-06-09,678,34,1,78.77,East,78.77
14489,2023-06-08,739,25,1,366.82,North,366.82
14490,2023-07-16,648,38,4,390.72,East,1562.88
14491,2023-07-23,896,4,2,185.74,South,371.48
14492,2022-04-16,577,16,2,12.96,South,25.92
14493,2022-07-10,5,32,4,469.91,East,1879.64
14494,2023-12-01,632,15,3,224.17,North,672.51
14495,2024-04-10,371,42,5,487.55,East,2437.75
14496,2022-03-13,731,14,4,341.91,East,1367.64
14497,2024-01-25,877,41,3,70.77,North,212.31
14498,2023-04-02,986,15,5,170.21,South,851.0500000000001
14499,2024-06-23,555,7,2,331.95,South,663.9
14500,2023-04-24,188,7,1,328.13,North,328.13
14501,2022-02-21,26,8,5,123.67,East,618.35
14502,2024-09-30,779,19,1,96.66,East,96.66
14503,2023-07-28,162,18,3,145.63,North,436.89
14504,2024-06-11,745,17,4,395.58,South,1582.32
14505,2022-09-12,130,18,4,128.52,North,514.08
14506,2023-11-16,533,19,1,353.87,West,353.87
14507,2022-02-26,883,40,5,436.3,North,2181.5
14508,2024-08-07,410,13,5,201.89,South,1009.4499999999999
14509,2024-12-26,640,11,3,13.43,North,40.29
14510,2024-12-05,588,7,4,79.56,West,318.24
14511,2023-08-29,73,27,1,162.83,East,162.83
14512,2023-01-04,233,37,2,103.08,East,206.16
14513,2022-08-20,855,5,4,151.86,West,607.44
14514,2024-06-26,106,8,4,276.58,West,1106.32
14515,2024-11-12,901,10,3,20.33,North,60.989999999999995
14516,2023-07-28,9,37,4,41.5,North,166.0
14517,2024-04-20,631,26,3,429.31,South,1287.93
14518,2022-04-28,50,15,3,265.94,North,797.8199999999999
14519,2024-12-14,522,16,2,468.41,West,936.82
14520,2022-09-25,625,29,5,11.61,East,58.05
14521,2022-04-23,442,28,4,10.07,South,40.28
14522,2022-06-15,778,10,3,372.4,West,1117.1999999999998
14523,2023-10-30,590,40,3,243.36,North,730.08
14524,2024-10-28,36,4,5,457.76,West,2288.8
14525,2023-12-15,202,46,5,395.43,East,1977.15
14526,2023-03-07,824,40,3,256.94,North,770.8199999999999
14527,2024-06-11,118,14,4,244.48,North,977.92
14528,2024-12-09,702,44,4,407.48,South,1629.92
14529,2022-04-17,754,33,4,403.82,North,1615.28
14530,2024-10-29,805,18,5,145.7,South,728.5
14531,2024-01-15,169,12,4,340.57,West,1362.28
14532,2023-12-01,512,10,4,325.17,South,1300.68
14533,2022-11-19,230,21,4,429.48,West,1717.92
14534,2022-11-05,560,33,5,435.6,North,2178.0
14535,2024-04-29,150,14,1,141.46,South,141.46
14536,2023-09-14,855,9,1,441.07,West,441.07
14537,2024-09-21,208,26,4,463.04,South,1852.16
14538,2022-05-25,61,15,1,63.72,South,63.72
14539,2024-01-10,843,21,4,291.14,West,1164.56
14540,2024-03-31,117,22,5,223.87,South,1119.35
14541,2023-02-16,239,46,4,206.97,West,827.88
14542,2022-04-24,883,41,2,355.37,North,710.74
14543,2023-07-29,867,43,3,73.49,West,220.46999999999997
14544,2023-02-03,48,5,5,411.77,South,2058.85
14545,2022-05-04,448,44,2,23.03,North,46.06
14546,2022-03-27,757,16,2,293.37,East,586.74
14547,2022-02-16,468,35,3,120.43,West,361.29
14548,2024-08-01,293,5,2,337.06,North,674.12
14549,2024-03-14,425,26,3,267.46,South,802.3799999999999
14550,2023-01-24,517,26,4,499.88,West,1999.52
14551,2023-07-30,612,5,5,432.54,South,2162.7000000000003
14552,2023-09-24,205,50,5,174.95,East,874.75
14553,2023-12-15,180,36,5,268.96,East,1344.8
14554,2024-12-05,529,24,3,165.73,North,497.18999999999994
14555,2023-09-14,90,15,3,367.11,East,1101.33
14556,2022-02-15,500,30,2,216.98,South,433.96
14557,2023-12-25,108,5,5,66.56,North,332.8
14558,2023-06-24,190,40,2,333.79,West,667.58
14559,2022-03-28,180,48,4,15.42,South,61.68
14560,2024-03-13,761,22,2,155.67,South,311.34
14561,2022-09-22,763,33,5,454.5,South,2272.5
14562,2024-11-11,20,5,3,56.15,West,168.45
14563,2023-12-04,359,32,2,257.17,West,514.34
14564,2022-08-20,609,50,2,399.59,South,799.18
14565,2022-07-05,734,48,3,453.21,East,1359.6299999999999
14566,2022-11-22,656,23,3,284.32,North,852.96
14567,2023-02-01,7,10,5,85.06,South,425.3
14568,2024-12-24,862,36,4,471.02,South,1884.08
14569,2024-08-13,322,50,5,377.14,North,1885.6999999999998
14570,2023-07-09,268,17,2,203.88,South,407.76
14571,2024-01-03,427,27,5,145.72,North,728.6
14572,2024-11-06,296,45,5,33.38,North,166.9
14573,2024-03-07,513,8,3,103.8,East,311.4
14574,2023-01-26,570,40,4,391.06,North,1564.24
14575,2022-02-13,387,44,4,63.23,North,252.92
14576,2024-06-19,264,50,5,73.41,West,367.04999999999995
14577,2023-04-27,90,6,3,106.01,North,318.03000000000003
14578,2023-07-20,488,7,3,203.72,South,611.16
14579,2022-08-08,587,26,2,102.64,North,205.28
14580,2024-02-11,957,17,1,453.11,North,453.11
14581,2023-02-13,853,37,2,136.25,West,272.5
14582,2023-04-16,261,23,2,460.55,East,921.1
14583,2024-12-20,488,27,2,492.62,East,985.24
14584,2022-06-15,794,40,1,379.85,East,379.85
14585,2023-11-03,341,19,3,13.64,West,40.92
14586,2022-04-21,329,27,3,127.61,East,382.83
14587,2023-07-03,401,25,4,140.99,North,563.96
14588,2024-10-23,357,40,4,275.95,South,1103.8
14589,2024-11-02,755,25,5,87.61,South,438.05
14590,2022-12-10,499,21,5,47.84,South,239.20000000000002
14591,2022-11-28,834,25,5,96.42,East,482.1
14592,2022-09-21,435,7,4,170.4,West,681.6
14593,2022-03-24,119,35,4,34.11,West,136.44
14594,2024-02-16,47,6,2,105.73,East,211.46
14595,2024-07-12,168,40,3,92.08,West,276.24
14596,2022-11-30,348,50,4,388.46,North,1553.84
14597,2023-10-20,504,15,1,93.09,West,93.09
14598,2023-03-30,539,24,2,397.85,East,795.7
14599,2023-11-04,296,49,1,259.01,West,259.01
14600,2024-01-11,513,4,1,381.35,West,381.35
14601,2022-11-29,174,7,3,230.67,North,692.01
14602,2022-11-06,395,30,1,451.52,North,451.52
14603,2023-12-28,679,17,1,145.49,South,145.49
14604,2022-12-20,530,38,1,385.74,West,385.74
14605,2024-04-03,603,30,1,90.08,East,90.08
14606,2022-05-25,303,45,2,442.5,East,885.0
14607,2024-10-30,202,39,2,23.94,North,47.88
14608,2024-12-03,996,9,3,234.14,South,702.42
14609,2024-06-28,533,19,3,216.42,North,649.26
14610,2024-01-31,156,13,1,315.66,North,315.66
14611,2023-05-10,897,47,5,226.06,North,1130.3
14612,2023-10-04,14,49,1,298.6,East,298.6
14613,2023-06-15,20,37,1,432.23,West,432.23
14614,2023-05-28,756,19,3,79.59,West,238.77
14615,2022-05-10,889,6,4,129.63,East,518.52
14616,2024-10-04,457,12,3,403.38,East,1210.1399999999999
14617,2024-01-04,173,15,2,121.75,South,243.5
14618,2024-08-04,445,47,3,453.77,East,1361.31
14619,2024-09-28,923,3,4,275.0,South,1100.0
14620,2023-04-09,122,4,1,50.11,West,50.11
14621,2022-05-21,497,37,4,20.12,West,80.48
14622,2024-05-31,184,38,3,383.82,South,1151.46
14623,2023-04-01,820,6,5,429.61,East,2148.05
14624,2023-03-10,580,49,2,127.53,East,255.06
14625,2022-06-22,805,28,4,127.98,South,511.92
14626,2023-04-18,850,8,3,477.51,East,1432.53
14627,2024-10-16,671,31,1,331.53,North,331.53
14628,2024-07-05,49,21,3,92.13,South,276.39
14629,2023-03-15,181,45,1,229.81,East,229.81
14630,2024-10-12,807,29,5,456.11,South,2280.55
14631,2024-12-16,394,15,2,314.38,South,628.76
14632,2023-05-13,393,49,4,209.66,East,838.64
14633,2022-06-18,348,24,3,84.01,East,252.03000000000003
14634,2024-09-15,476,21,3,365.74,South,1097.22
14635,2023-07-15,141,49,4,145.42,East,581.68
14636,2023-03-04,530,23,1,287.3,East,287.3
14637,2023-02-23,652,31,2,304.07,South,608.14
14638,2023-03-31,584,34,5,282.17,North,1410.8500000000001
14639,2023-12-15,471,28,4,130.78,West,523.12
14640,2022-07-21,754,32,2,357.05,East,714.1
14641,2022-06-28,773,22,3,287.36,West,862.08
14642,2022-02-26,263,3,2,207.8,North,415.6
14643,2024-08-03,143,9,5,35.54,North,177.7
14644,2023-05-16,707,6,2,172.32,North,344.64
14645,2024-01-09,146,1,3,182.7,North,548.0999999999999
14646,2022-04-22,294,22,5,397.67,West,1988.3500000000001
14647,2023-12-16,538,4,5,261.59,East,1307.9499999999998
14648,2024-05-26,509,45,5,466.74,West,2333.7
14649,2024-12-15,422,8,3,377.86,North,1133.58
14650,2024-03-23,571,37,1,273.62,South,273.62
14651,2024-08-21,564,42,3,92.75,East,278.25
14652,2024-12-13,417,19,1,118.31,West,118.31
14653,2022-02-06,661,44,1,88.44,West,88.44
14654,2024-10-09,913,1,3,227.0,East,681.0
14655,2024-05-12,107,41,2,364.04,West,728.08
14656,2024-01-02,318,24,3,382.07,West,1146.21
14657,2024-03-20,59,48,5,57.11,West,285.55
14658,2024-10-21,258,17,2,253.0,North,506.0
14659,2022-01-23,960,32,4,245.91,East,983.64
14660,2024-03-06,793,50,4,225.05,West,900.2
14661,2023-05-11,425,14,4,157.6,North,630.4
14662,2024-06-18,531,17,5,243.15,North,1215.75
14663,2023-03-01,166,32,5,263.14,East,1315.6999999999998
14664,2023-12-01,25,33,1,303.85,South,303.85
14665,2022-01-18,935,30,5,194.91,East,974.55
14666,2023-09-19,4,47,1,473.1,East,473.1
14667,2024-11-28,3,34,4,176.03,East,704.12
14668,2022-07-30,418,28,3,448.57,South,1345.71
14669,2023-07-19,362,24,3,402.61,East,1207.83
14670,2024-08-29,906,14,5,237.98,East,1189.8999999999999
14671,2022-05-13,369,34,4,253.19,West,1012.76
14672,2023-03-25,539,47,4,436.23,East,1744.92
14673,2022-09-21,880,1,1,251.44,East,251.44
14674,2022-04-21,346,22,1,342.9,East,342.9
14675,2024-04-29,731,33,4,406.56,West,1626.24
14676,2024-06-19,897,44,5,454.86,South,2274.3
14677,2024-01-29,44,47,5,116.9,East,584.5
14678,2024-05-10,724,18,4,487.93,West,1951.72
14679,2024-06-15,564,47,3,483.01,East,1449.03
14680,2024-05-11,153,39,3,155.7,North,467.09999999999997
14681,2022-07-12,202,12,1,310.73,West,310.73
14682,2023-05-30,321,10,4,32.99,East,131.96
14683,2024-02-29,464,2,3,92.24,North,276.71999999999997
14684,2024-08-25,11,2,5,296.07,East,1480.35
14685,2022-03-25,580,6,2,328.55,East,657.1
14686,2024-03-08,227,20,2,271.96,East,543.92
14687,2022-03-21,633,38,4,355.31,West,1421.24
14688,2023-06-06,333,28,1,398.52,West,398.52
14689,2022-08-22,469,42,2,92.54,West,185.08
14690,2022-09-01,15,3,5,333.21,North,1666.05
14691,2024-04-28,57,48,5,285.67,South,1428.3500000000001
14692,2023-01-28,330,37,5,67.62,South,338.1
14693,2022-01-09,64,37,2,122.02,West,244.04
14694,2023-09-05,230,42,3,215.64,South,646.92
14695,2024-03-17,11,25,5,433.24,East,2166.2
14696,2023-12-16,633,23,1,116.34,South,116.34
14697,2022-04-20,224,13,4,99.63,South,398.52
14698,2024-04-13,737,24,4,363.27,North,1453.08
14699,2022-09-23,637,3,4,488.14,South,1952.56
14700,2024-09-02,660,50,3,229.19,West,687.5699999999999
14701,2024-08-12,740,38,4,181.57,East,726.28
14702,2024-06-25,542,28,4,134.43,East,537.72
14703,2023-11-03,506,26,2,34.37,West,68.74
14704,2022-06-25,522,20,3,97.42,West,292.26
14705,2023-06-09,54,27,3,55.77,East,167.31
14706,2024-12-26,698,1,2,252.11,North,504.22
14707,2024-08-09,719,10,1,489.32,West,489.32
14708,2024-11-24,767,10,4,395.83,East,1583.32
14709,2023-05-20,157,1,1,304.83,North,304.83
14710,2024-04-28,641,32,2,248.45,East,496.9
14711,2024-08-20,570,32,2,312.42,East,624.84
14712,2023-04-17,405,43,2,194.25,North,388.5
14713,2023-06-07,399,27,2,97.41,West,194.82
14714,2024-05-29,707,13,5,298.99,West,1494.95
14715,2022-10-01,929,17,2,268.77,South,537.54
14716,2022-02-23,934,28,1,472.82,West,472.82
14717,2024-12-14,403,25,2,328.42,West,656.84
14718,2024-06-06,900,50,1,388.98,North,388.98
14719,2024-01-15,588,36,2,55.42,North,110.84
14720,2022-10-04,89,47,2,382.86,East,765.72
14721,2024-06-01,866,2,5,491.6,North,2458.0
14722,2023-09-24,593,32,2,332.17,North,664.34
14723,2023-07-24,186,32,4,373.62,East,1494.48
14724,2022-06-25,838,6,5,489.97,East,2449.8500000000004
14725,2023-07-20,780,31,5,201.72,South,1008.6
14726,2024-02-10,895,9,4,413.85,North,1655.4
14727,2022-09-19,79,43,5,205.85,South,1029.25
14728,2023-06-15,145,16,2,218.7,South,437.4
14729,2024-06-09,641,25,4,332.54,South,1330.16
14730,2024-08-05,14,40,2,135.65,West,271.3
14731,2023-08-08,631,28,5,496.46,East,2482.2999999999997
14732,2024-03-25,2,17,3,171.32,North,513.96
14733,2022-10-29,516,31,4,70.2,South,280.8
14734,2023-09-20,756,23,1,168.05,East,168.05
14735,2023-07-27,66,31,5,429.42,East,2147.1
14736,2023-06-13,246,26,3,163.82,West,491.46
14737,2022-02-03,602,4,5,309.56,North,1547.8
14738,2023-06-16,430,39,2,468.31,South,936.62
14739,2023-01-06,690,43,2,137.38,West,274.76
14740,2023-02-13,572,43,2,74.37,East,148.74
14741,2023-09-09,232,43,3,57.46,South,172.38
14742,2022-03-12,436,15,2,225.78,North,451.56
14743,2022-03-25,353,37,5,61.1,West,305.5
14744,2022-07-28,688,38,5,232.37,South,1161.85
14745,2022-09-16,679,23,5,432.73,East,2163.65
14746,2024-07-20,383,5,4,390.97,South,1563.88
14747,2022-10-09,710,41,5,295.03,West,1475.1499999999999
14748,2023-01-29,60,43,2,426.71,East,853.42
14749,2023-02-22,926,25,4,59.13,South,236.52
14750,2024-05-08,470,30,4,308.61,North,1234.44
14751,2023-09-18,411,26,4,66.66,West,266.64
14752,2023-07-16,83,3,4,246.25,West,985.0
14753,2024-04-11,74,4,3,237.1,West,711.3
14754,2024-07-29,311,47,5,139.93,West,699.6500000000001
14755,2022-03-03,454,18,3,416.63,North,1249.8899999999999
14756,2024-01-04,26,37,1,121.83,East,121.83
14757,2024-02-21,426,11,3,280.43,North,841.29
14758,2023-06-23,377,11,4,246.31,North,985.24
14759,2023-08-20,243,36,5,221.51,South,1107.55
14760,2022-01-09,835,16,5,26.44,South,132.20000000000002
14761,2022-10-03,628,43,2,351.4,South,702.8
14762,2022-08-15,323,25,3,16.22,South,48.66
14763,2022-07-05,180,1,5,412.07,South,2060.35
14764,2023-08-14,774,26,1,140.53,North,140.53
14765,2023-03-09,626,45,1,68.8,West,68.8
14766,2023-07-23,266,30,3,214.35,North,643.05
14767,2023-10-18,550,6,2,284.09,East,568.18
14768,2022-12-22,380,27,1,162.08,South,162.08
14769,2024-04-22,77,19,2,69.67,East,139.34
14770,2023-01-27,614,38,3,18.98,West,56.94
14771,2023-08-02,524,45,5,354.87,South,1774.35
14772,2023-02-24,814,43,2,444.35,West,888.7
14773,2022-06-13,49,19,1,59.26,South,59.26
14774,2024-02-18,254,39,2,123.01,North,246.02
14775,2023-09-30,859,44,5,19.91,West,99.55
14776,2022-01-17,380,32,5,443.68,South,2218.4
14777,2023-03-22,249,48,1,227.92,South,227.92
14778,2022-06-19,72,1,2,463.35,North,926.7
14779,2022-12-06,447,25,2,239.37,South,478.74
14780,2023-12-27,506,47,4,432.47,West,1729.88
14781,2024-10-31,709,13,1,476.36,North,476.36
14782,2022-05-13,253,10,2,174.22,South,348.44
14783,2024-06-19,996,18,3,323.95,West,971.8499999999999
14784,2023-10-02,870,36,4,336.55,West,1346.2
14785,2024-04-02,299,22,1,20.49,North,20.49
14786,2024-08-11,734,6,5,224.73,West,1123.6499999999999
14787,2022-03-20,60,27,1,429.11,East,429.11
14788,2022-12-12,357,8,3,473.68,South,1421.04
14789,2023-09-01,157,24,3,450.62,East,1351.8600000000001
14790,2023-10-01,342,20,5,486.72,West,2433.6000000000004
14791,2024-11-13,974,22,5,329.99,South,1649.95
14792,2022-05-11,894,9,5,124.07,South,620.3499999999999
14793,2022-12-22,202,40,4,291.94,East,1167.76
14794,2024-08-01,779,50,3,216.36,East,649.08
14795,2022-05-30,35,39,5,136.74,North,683.7
14796,2022-02-19,767,19,3,388.67,South,1166.01
14797,2023-04-09,535,50,4,318.31,East,1273.24
14798,2023-03-31,456,1,4,397.15,South,1588.6
14799,2022-12-01,917,11,3,142.05,North,426.15000000000003
14800,2023-10-30,165,41,5,452.9,East,2264.5
14801,2022-11-23,28,42,1,126.97,West,126.97
14802,2024-10-12,372,10,2,304.94,North,609.88
14803,2022-12-02,863,1,3,37.88,South,113.64000000000001
14804,2023-10-28,314,27,4,275.07,West,1100.28
14805,2024-09-21,565,17,5,58.37,West,291.84999999999997
14806,2022-03-22,284,44,2,172.79,North,345.58
14807,2022-03-28,298,44,3,431.74,North,1295.22
14808,2022-09-15,475,17,1,447.83,North,447.83
14809,2024-09-17,1000,39,1,385.98,North,385.98
14810,2022-07-04,597,43,4,190.17,South,760.68
14811,2023-11-29,969,2,4,293.57,North,1174.28
14812,2022-05-03,349,48,4,119.75,West,479.0
14813,2023-08-28,636,23,3,342.39,West,1027.17
14814,2023-05-30,445,41,1,180.23,North,180.23
14815,2024-06-22,207,10,1,118.29,North,118.29
14816,2022-11-01,417,42,4,296.64,North,1186.56
14817,2023-10-19,439,30,4,64.78,North,259.12
14818,2022-09-19,165,35,5,346.48,West,1732.4
14819,2023-05-06,559,25,1,101.63,North,101.63
14820,2024-01-08,420,17,4,281.19,South,1124.76
14821,2024-11-20,371,46,4,202.33,North,809.32
14822,2023-12-03,668,19,4,287.46,South,1149.84
14823,2024-06-05,266,18,5,130.52,North,652.6
14824,2022-01-12,279,18,1,162.09,South,162.09
14825,2022-04-01,988,46,1,78.76,East,78.76
14826,2023-08-23,482,35,1,390.71,South,390.71
14827,2022-10-28,517,10,5,44.35,West,221.75
14828,2022-03-21,82,23,3,194.45,East,583.3499999999999
14829,2024-04-15,119,45,5,230.06,East,1150.3
14830,2023-10-14,774,22,2,105.65,South,211.3
14831,2023-03-09,637,44,5,198.56,East,992.8
14832,2023-02-21,938,9,2,214.86,East,429.72
14833,2022-01-18,303,32,4,119.92,West,479.68
14834,2024-12-13,215,26,2,323.24,West,646.48
14835,2024-01-16,28,29,5,25.12,West,125.60000000000001
14836,2022-08-28,781,42,3,106.81,East,320.43
14837,2024-04-25,498,19,1,315.8,North,315.8
14838,2023-02-22,537,48,5,317.49,West,1587.45
14839,2024-05-05,519,29,1,139.98,North,139.98
14840,2023-08-22,194,35,2,344.69,West,689.38
14841,2023-02-24,592,12,4,240.2,South,960.8
14842,2022-08-04,442,8,4,268.35,South,1073.4
14843,2023-12-10,834,25,5,172.98,North,864.9
14844,2023-07-05,36,27,2,492.29,West,984.58
14845,2024-08-23,258,47,2,371.32,South,742.64
14846,2024-04-12,113,43,1,131.73,West,131.73
14847,2023-11-11,294,45,2,125.92,South,251.84
14848,2023-05-02,714,6,3,389.35,West,1168.0500000000002
14849,2023-09-15,14,13,4,200.13,West,800.52
14850,2022-08-07,667,11,3,54.84,North,164.52
14851,2023-12-22,911,38,3,27.44,North,82.32000000000001
14852,2023-01-16,597,6,1,212.84,West,212.84
14853,2022-03-28,140,5,2,213.21,North,426.42
14854,2024-03-25,371,7,1,356.36,North,356.36
14855,2023-02-15,427,19,4,291.64,East,1166.56
14856,2023-11-22,97,43,1,387.36,North,387.36
14857,2024-10-09,697,6,3,165.7,North,497.09999999999997
14858,2023-06-09,488,25,1,315.88,North,315.88
14859,2023-03-23,342,9,2,443.99,North,887.98
14860,2022-10-27,870,20,1,43.95,North,43.95
14861,2023-02-12,492,25,2,357.14,East,714.28
14862,2023-01-10,500,50,3,360.78,West,1082.34
14863,2022-08-21,432,8,2,399.07,North,798.14
14864,2023-09-30,189,50,2,141.83,East,283.66
14865,2023-10-12,82,37,2,214.1,East,428.2
14866,2024-08-18,812,38,2,127.46,West,254.92
14867,2024-12-08,180,2,4,161.21,East,644.84
14868,2022-07-05,958,22,5,484.57,West,2422.85
14869,2022-03-19,898,36,4,228.37,West,913.48
14870,2022-07-13,861,4,1,425.79,South,425.79
14871,2022-10-14,967,48,4,399.49,West,1597.96
14872,2022-09-07,415,1,4,227.82,West,911.28
14873,2023-06-20,105,48,2,496.17,West,992.34
14874,2022-10-27,381,33,1,421.98,West,421.98
14875,2024-03-19,722,24,1,246.52,East,246.52
14876,2023-04-03,329,49,3,161.76,North,485.28
14877,2023-11-22,249,5,2,46.89,North,93.78
14878,2023-12-19,72,48,4,237.75,South,951.0
14879,2022-02-09,673,35,3,186.4,North,559.2
14880,2022-04-18,133,42,3,358.57,East,1075.71
14881,2022-09-18,240,50,4,19.64,East,78.56
14882,2023-06-10,78,50,1,417.41,East,417.41
14883,2023-12-11,570,26,2,214.15,West,428.3
14884,2022-05-06,461,49,2,240.17,East,480.34
14885,2024-12-21,125,43,4,99.57,South,398.28
14886,2022-02-23,11,41,2,469.37,East,938.74
14887,2022-12-12,468,43,5,205.21,West,1026.05
14888,2022-05-16,407,26,3,422.94,North,1268.82
14889,2022-11-26,941,41,3,126.35,West,379.04999999999995
14890,2022-05-16,27,49,5,57.36,West,286.8
14891,2024-03-23,207,5,2,321.52,North,643.04
14892,2024-05-01,222,44,1,492.36,East,492.36
14893,2024-05-20,312,18,5,327.0,South,1635.0
14894,2024-06-10,382,25,5,308.27,South,1541.35
14895,2023-09-27,762,48,3,226.69,East,680.0699999999999
14896,2023-10-31,315,41,1,149.06,East,149.06
14897,2024-11-06,208,40,1,221.11,East,221.11
14898,2022-09-26,621,38,2,82.99,North,165.98
14899,2024-05-10,296,49,1,138.33,North,138.33
14900,2023-04-27,402,46,2,248.82,South,497.64
14901,2022-10-12,435,21,4,80.95,West,323.8
14902,2024-11-26,573,24,5,397.85,North,1989.25
14903,2022-04-13,122,28,5,15.67,South,78.35
14904,2024-03-02,751,46,2,167.58,South,335.16
14905,2022-08-27,106,4,2,263.16,South,526.32
14906,2024-01-11,791,8,2,465.18,North,930.36
14907,2023-10-07,36,49,5,290.99,North,1454.95
14908,2024-05-31,550,33,2,154.5,South,309.0
14909,2023-08-30,72,3,5,182.57,West,912.8499999999999
14910,2022-07-07,568,49,5,176.19,South,880.95
14911,2024-06-06,167,20,3,98.38,West,295.14
14912,2024-09-13,221,35,3,80.98,East,242.94
14913,2024-07-12,76,39,4,245.51,South,982.04
14914,2024-03-04,722,43,4,142.43,South,569.72
14915,2023-06-14,211,47,1,55.0,East,55.0
14916,2023-11-07,228,7,2,116.07,South,232.14
14917,2023-01-27,737,27,5,265.16,North,1325.8000000000002
14918,2023-11-03,453,5,1,135.88,North,135.88
14919,2024-05-10,766,49,3,126.49,South,379.46999999999997
14920,2023-04-11,487,37,5,314.12,East,1570.6
14921,2024-04-18,668,1,1,347.81,East,347.81
14922,2024-09-14,474,22,3,128.21,North,384.63
14923,2024-12-09,875,7,4,241.35,North,965.4
14924,2022-01-04,661,49,2,384.64,East,769.28
14925,2024-05-01,830,8,2,348.05,West,696.1
14926,2023-06-19,791,44,1,43.95,West,43.95
14927,2024-06-21,917,30,3,186.43,South,559.29
14928,2024-12-20,971,28,1,364.41,South,364.41
14929,2023-10-08,490,26,3,97.92,West,293.76
14930,2022-01-24,376,34,3,106.0,West,318.0
14931,2023-07-11,231,49,2,318.78,South,637.56
14932,2023-11-22,912,32,4,149.04,South,596.16
14933,2022-12-22,702,22,4,168.64,West,674.56
14934,2024-05-19,225,20,5,266.18,East,1330.9
14935,2024-07-29,475,14,3,377.78,East,1133.34
14936,2023-07-29,577,23,2,254.16,East,508.32
14937,2022-01-29,620,3,3,447.78,South,1343.34
14938,2022-12-23,80,19,5,62.25,South,311.25
14939,2022-12-31,645,14,2,379.53,West,759.06
14940,2023-08-31,686,40,3,276.38,West,829.14
14941,2023-02-13,576,39,4,410.18,North,1640.72
14942,2023-07-21,210,37,4,165.04,East,660.16
14943,2022-08-07,297,35,5,246.23,East,1231.1499999999999
14944,2022-06-22,610,1,4,413.56,South,1654.24
14945,2023-08-31,172,19,3,417.57,South,1252.71
14946,2024-11-01,89,15,5,194.24,South,971.2
14947,2024-05-07,874,25,1,412.88,South,412.88
14948,2023-10-19,226,1,5,344.38,East,1721.9
14949,2024-08-26,143,31,4,210.62,West,842.48
14950,2023-03-17,708,37,2,485.16,South,970.32
14951,2023-09-09,691,43,5,25.14,North,125.7
14952,2022-08-14,54,46,3,197.5,South,592.5
14953,2023-01-06,196,22,5,160.41,North,802.05
14954,2022-01-28,729,50,4,468.52,West,1874.08
14955,2024-10-04,489,20,5,58.73,North,293.65
14956,2024-09-21,845,41,3,317.73,West,953.19
14957,2022-01-16,298,47,3,361.15,South,1083.4499999999998
14958,2022-11-29,430,43,4,100.25,South,401.0
14959,2023-04-28,537,5,3,83.47,North,250.41
14960,2023-07-20,579,15,4,33.44,West,133.76
14961,2022-04-24,675,2,5,87.85,South,439.25
14962,2022-02-07,500,12,5,406.03,North,2030.1499999999999
14963,2023-03-30,624,7,1,472.54,North,472.54
14964,2024-01-12,841,2,4,451.7,West,1806.8
14965,2022-06-15,206,8,2,189.0,South,378.0
14966,2023-11-25,918,9,4,365.68,West,1462.72
14967,2022-07-24,880,27,5,415.25,North,2076.25
14968,2024-05-27,137,28,5,408.12,North,2040.6
14969,2022-09-02,408,37,3,40.72,North,122.16
14970,2024-07-31,279,15,1,115.27,West,115.27
14971,2024-03-31,445,19,2,470.08,West,940.16
14972,2023-05-22,677,30,1,372.55,East,372.55
14973,2024-07-12,941,13,4,418.83,South,1675.32
14974,2023-02-14,271,45,4,261.92,South,1047.68
14975,2022-11-06,441,6,5,202.6,East,1013.0
14976,2022-03-09,228,30,3,329.1,North,987.3000000000001
14977,2022-04-24,127,1,2,241.7,East,483.4
14978,2022-08-08,270,42,3,193.14,West,579.42
14979,2022-08-08,820,38,2,180.46,North,360.92
14980,2023-12-31,760,25,1,87.37,South,87.37
14981,2024-01-19,852,35,5,269.41,South,1347.0500000000002
14982,2024-07-31,487,26,3,264.72,South,794.1600000000001
14983,2023-01-21,548,13,4,299.48,West,1197.92
14984,2024-07-18,155,19,5,66.95,North,334.75
14985,2023-02-09,657,10,2,458.31,East,916.62
14986,2023-05-07,986,45,5,373.61,West,1868.0500000000002
14987,2022-12-23,937,7,4,74.17,West,296.68
14988,2022-08-03,772,15,4,48.88,East,195.52
14989,2024-01-22,899,23,2,325.03,East,650.06
14990,2024-04-06,19,36,5,177.34,North,886.7
14991,2023-06-12,425,43,3,166.33,South,498.99
14992,2024-07-04,936,31,5,421.6,South,2108.0
14993,2023-10-28,58,8,4,179.12,West,716.48
14994,2023-12-11,423,30,2,319.77,South,639.54
14995,2023-06-19,775,34,1,273.17,South,273.17
14996,2023-07-08,548,33,1,138.85,East,138.85
14997,2022-11-24,723,1,5,172.5,South,862.5
14998,2024-06-20,844,16,4,472.16,South,1888.64
14999,2022-05-30,660,50,5,172.37,South,861.85
15000,2024-11-21,102,11,2,394.16,South,788.32
15001,2023-10-19,76,27,3,432.02,North,1296.06
15002,2024-03-16,925,22,1,44.81,West,44.81
15003,2022-10-20,990,40,5,334.92,North,1674.6000000000001
15004,2024-07-07,980,19,4,377.14,East,1508.56
15005,2023-11-20,580,44,1,222.67,South,222.67
15006,2024-08-14,66,6,1,288.97,North,288.97
15007,2024-12-20,815,48,3,89.28,East,267.84000000000003
15008,2023-02-20,734,40,5,166.06,North,830.3
15009,2023-08-21,151,39,3,356.76,West,1070.28
15010,2022-01-07,902,20,4,305.26,East,1221.04
15011,2024-07-06,786,3,4,76.83,West,307.32
15012,2022-03-26,437,1,5,494.14,East,2470.7
15013,2024-02-13,790,23,1,469.52,South,469.52
15014,2024-08-14,997,38,2,119.82,East,239.64
15015,2024-12-06,68,3,3,438.81,South,1316.43
15016,2023-08-29,235,34,1,140.91,South,140.91
15017,2023-03-02,715,17,4,286.23,South,1144.92
15018,2023-03-02,745,48,4,393.2,East,1572.8
15019,2024-01-06,675,27,1,178.6,West,178.6
15020,2024-03-01,971,39,1,282.02,East,282.02
15021,2023-05-30,98,23,4,230.67,East,922.68
15022,2024-01-11,9,38,3,382.5,South,1147.5
15023,2022-05-11,927,11,3,244.55,East,733.6500000000001
15024,2022-11-19,504,15,1,287.79,North,287.79
15025,2024-04-02,761,26,5,424.32,South,2121.6
15026,2023-06-27,490,11,4,352.34,West,1409.36
15027,2022-03-07,992,7,2,268.48,North,536.96
15028,2023-12-19,427,47,4,236.03,East,944.12
15029,2022-01-31,227,48,3,72.12,West,216.36
15030,2024-06-03,753,8,3,37.62,North,112.85999999999999
15031,2022-07-10,587,5,2,476.86,West,953.72
15032,2023-02-19,17,17,3,101.4,North,304.20000000000005
15033,2024-01-17,563,23,2,145.67,North,291.34
15034,2024-12-05,228,2,3,309.36,West,928.08
15035,2023-01-10,706,27,2,415.68,West,831.36
15036,2023-07-12,792,21,5,418.24,South,2091.2
15037,2023-08-01,238,7,4,416.53,East,1666.12
15038,2022-02-01,381,38,3,489.26,South,1467.78
15039,2022-02-27,783,26,1,37.29,West,37.29
15040,2022-11-08,924,30,2,205.93,West,411.86
15041,2024-12-26,387,12,2,457.66,East,915.32
15042,2023-11-21,669,48,2,239.0,West,478.0
15043,2022-08-23,254,11,3,436.94,South,1310.82
15044,2023-10-05,308,17,4,18.65,North,74.6
15045,2024-12-13,822,10,1,257.14,North,257.14
15046,2024-03-12,314,48,2,462.0,South,924.0
15047,2022-08-27,301,16,2,138.03,North,276.06
15048,2022-04-22,118,15,2,465.53,North,931.06
15049,2023-04-21,845,15,2,14.15,East,28.3
15050,2022-10-31,50,20,1,48.67,West,48.67
15051,2022-10-17,790,4,2,243.64,East,487.28
15052,2022-07-27,564,32,1,62.13,South,62.13
15053,2024-05-17,181,22,1,120.54,East,120.54
15054,2023-08-05,543,35,2,155.79,South,311.58
15055,2023-01-05,327,14,5,245.93,South,1229.65
15056,2022-08-08,503,30,1,201.35,East,201.35
15057,2024-03-12,496,31,5,461.85,South,2309.25
15058,2024-03-29,944,10,1,444.15,North,444.15
15059,2022-12-15,246,6,3,376.55,North,1129.65
15060,2022-09-12,602,27,2,333.06,North,666.12
15061,2023-03-28,543,11,3,110.13,South,330.39
15062,2022-05-22,102,36,1,304.89,East,304.89
15063,2024-12-28,230,10,3,82.06,South,246.18
15064,2022-03-30,388,16,2,231.83,North,463.66
15065,2024-05-20,931,24,2,236.15,West,472.3
15066,2023-06-07,609,21,1,347.96,North,347.96
15067,2023-10-22,579,40,1,419.21,North,419.21
15068,2024-08-08,704,41,5,167.05,East,835.25
15069,2024-06-28,211,36,4,30.18,North,120.72
15070,2023-03-18,649,49,3,33.02,South,99.06
15071,2022-02-07,430,42,5,438.66,North,2193.3
15072,2022-07-29,339,45,3,248.3,West,744.9000000000001
15073,2023-05-28,184,23,2,131.53,East,263.06
15074,2024-10-21,56,21,1,25.82,South,25.82
15075,2024-09-07,979,32,3,269.09,North,807.27
15076,2023-01-16,762,17,4,77.18,East,308.72
15077,2024-04-07,282,17,2,214.34,East,428.68
15078,2024-05-08,572,21,2,262.88,West,525.76
15079,2023-01-29,128,4,5,122.31,North,611.55
15080,2024-12-09,717,23,4,107.43,East,429.72
15081,2023-01-31,726,25,2,19.71,North,39.42
15082,2022-02-01,639,32,4,296.91,South,1187.64
15083,2023-06-29,508,6,1,108.22,South,108.22
15084,2023-12-13,584,14,4,440.33,East,1761.32
15085,2024-11-15,216,41,5,305.85,South,1529.25
15086,2024-12-20,90,38,5,282.64,West,1413.1999999999998
15087,2023-07-07,944,42,3,257.3,North,771.9000000000001
15088,2022-07-17,314,38,1,115.5,South,115.5
15089,2024-03-09,233,41,1,485.01,South,485.01
15090,2023-11-25,745,45,4,483.85,North,1935.4
15091,2022-05-27,575,16,5,167.42,West,837.0999999999999
15092,2023-05-13,888,32,5,390.35,North,1951.75
15093,2022-02-17,247,16,5,68.43,East,342.15000000000003
15094,2024-02-09,442,19,1,392.46,North,392.46
15095,2023-10-13,899,37,5,150.3,West,751.5
15096,2023-09-05,135,43,3,151.68,North,455.04
15097,2023-11-30,948,21,2,258.54,West,517.08
15098,2023-01-11,882,15,5,202.24,West,1011.2
15099,2024-03-16,958,26,3,67.74,South,203.21999999999997
15100,2024-07-09,2,30,3,300.61,North,901.83
15101,2024-05-24,161,40,2,114.78,West,229.56
15102,2024-03-20,140,15,1,227.8,North,227.8
15103,2024-06-23,304,43,5,123.2,South,616.0
15104,2024-10-02,460,13,3,430.22,East,1290.66
15105,2022-02-02,821,27,3,175.63,North,526.89
15106,2022-03-10,714,23,2,444.87,West,889.74
15107,2023-08-15,125,34,3,169.79,West,509.37
15108,2022-04-11,937,34,5,97.95,South,489.75
15109,2024-07-02,885,23,1,292.55,East,292.55
15110,2024-01-03,347,44,3,282.02,West,846.06
15111,2023-01-25,594,20,1,313.27,East,313.27
15112,2022-06-09,954,9,3,158.05,West,474.15000000000003
15113,2024-06-10,324,20,3,166.78,West,500.34000000000003
15114,2024-12-06,1000,47,5,126.34,East,631.7
15115,2023-11-27,407,39,1,464.92,West,464.92
15116,2024-01-28,469,14,4,344.65,East,1378.6
15117,2023-06-07,164,49,5,380.57,South,1902.85
15118,2024-01-02,862,26,1,105.14,East,105.14
15119,2022-06-04,240,27,1,334.17,South,334.17
15120,2022-12-05,213,34,1,383.71,East,383.71
15121,2024-03-05,983,29,4,177.8,South,711.2
15122,2024-06-17,149,32,5,87.27,East,436.34999999999997
15123,2022-04-13,584,41,4,351.53,South,1406.12
15124,2024-03-22,103,45,3,309.46,North,928.3799999999999
15125,2022-04-03,183,5,2,292.05,West,584.1
15126,2024-09-01,505,4,4,99.46,North,397.84
15127,2022-04-29,696,23,3,138.62,South,415.86
15128,2022-01-29,525,21,4,316.19,East,1264.76
15129,2024-10-09,380,33,1,310.66,North,310.66
15130,2024-11-19,744,41,2,281.81,North,563.62
15131,2024-05-21,662,24,2,386.39,South,772.78
15132,2024-03-10,775,16,3,409.18,South,1227.54
15133,2023-04-20,24,32,4,145.49,South,581.96
15134,2023-07-17,701,19,4,87.23,South,348.92
15135,2023-03-11,133,26,4,108.57,South,434.28
15136,2024-03-14,50,3,3,147.84,North,443.52
15137,2022-02-24,958,35,4,474.4,South,1897.6
15138,2024-07-19,695,39,2,77.21,East,154.42
15139,2024-01-22,26,18,2,440.59,South,881.18
15140,2022-11-08,650,7,5,109.65,West,548.25
15141,2024-08-14,11,32,4,180.74,West,722.96
15142,2022-11-14,808,24,4,71.68,West,286.72
15143,2024-01-27,102,16,2,60.65,East,121.3
15144,2023-04-10,11,24,2,56.62,North,113.24
15145,2023-12-01,112,4,1,177.95,West,177.95
15146,2024-12-16,606,45,1,266.61,North,266.61
15147,2024-01-05,772,32,5,108.4,West,542.0
15148,2024-12-29,770,42,2,467.01,South,934.02
15149,2024-01-09,973,34,5,297.35,North,1486.75
15150,2024-02-07,167,19,4,443.68,North,1774.72
15151,2024-01-14,721,14,4,82.92,East,331.68
15152,2022-10-03,407,38,2,80.31,North,160.62
15153,2022-08-21,45,13,3,424.91,South,1274.73
15154,2022-02-23,842,22,5,288.31,North,1441.55
15155,2022-09-14,717,31,3,469.91,West,1409.73
15156,2022-03-31,938,44,4,81.98,North,327.92
15157,2023-02-12,359,44,5,22.75,East,113.75
15158,2023-01-01,554,30,4,459.11,East,1836.44
15159,2022-12-17,285,23,1,352.43,West,352.43
15160,2023-05-02,400,12,2,405.51,South,811.02
15161,2024-04-21,451,43,1,155.05,North,155.05
15162,2024-09-10,612,14,5,11.5,North,57.5
15163,2023-09-13,444,36,1,246.61,East,246.61
15164,2024-07-18,388,45,5,495.1,North,2475.5
15165,2023-02-05,356,8,3,454.69,West,1364.07
15166,2023-07-24,784,24,2,45.29,West,90.58
15167,2024-09-01,425,3,3,102.01,East,306.03000000000003
15168,2023-01-27,6,14,4,162.5,West,650.0
15169,2022-12-18,554,50,2,416.9,West,833.8
15170,2024-03-16,896,11,1,414.11,West,414.11
15171,2023-07-30,441,45,5,100.65,South,503.25
15172,2024-02-16,924,38,2,271.21,East,542.42
15173,2023-09-25,356,28,4,255.88,West,1023.52
15174,2023-06-07,919,23,3,213.0,West,639.0
15175,2023-12-27,765,18,4,272.6,West,1090.4
15176,2022-06-11,588,20,1,153.47,West,153.47
15177,2023-10-21,554,33,5,270.46,South,1352.3
15178,2024-04-29,863,2,5,345.95,North,1729.75
15179,2022-03-23,268,39,1,40.63,North,40.63
15180,2023-06-08,892,37,5,483.98,East,2419.9
15181,2022-01-04,992,26,2,91.0,South,182.0
15182,2023-05-10,217,2,2,186.55,East,373.1
15183,2024-12-10,64,3,1,240.61,North,240.61
15184,2023-07-22,442,20,1,30.08,East,30.08
15185,2024-05-27,691,10,4,278.7,North,1114.8
15186,2024-12-27,541,42,5,436.29,East,2181.4500000000003
15187,2024-10-08,275,21,3,451.5,South,1354.5
15188,2024-10-11,470,40,1,169.83,South,169.83
15189,2024-05-13,216,9,4,283.81,West,1135.24
15190,2024-02-18,865,2,1,390.63,South,390.63
15191,2024-10-01,996,28,1,133.89,East,133.89
15192,2022-11-10,813,3,2,268.95,North,537.9
15193,2023-12-31,1000,16,5,189.69,East,948.45
15194,2023-01-19,566,4,1,195.31,North,195.31
15195,2022-10-04,878,23,5,56.13,West,280.65000000000003
15196,2024-12-31,592,30,4,209.38,West,837.52
15197,2023-11-29,194,38,1,88.83,South,88.83
15198,2024-10-26,712,13,3,157.62,West,472.86
15199,2024-01-21,13,6,2,171.84,West,343.68
15200,2024-09-09,222,10,3,220.99,South,662.97
15201,2023-09-16,705,17,2,459.29,East,918.58
15202,2022-08-16,396,8,1,319.19,North,319.19
15203,2022-01-17,881,9,1,487.49,North,487.49
15204,2022-01-12,839,34,5,299.42,North,1497.1000000000001
15205,2023-11-23,752,17,2,404.69,East,809.38
15206,2022-03-11,270,43,4,418.73,West,1674.92
15207,2022-04-18,298,50,3,372.11,North,1116.33
15208,2022-07-20,611,22,4,338.26,West,1353.04
15209,2024-12-11,732,3,2,214.78,West,429.56
15210,2023-09-21,844,41,4,287.97,West,1151.88
15211,2024-06-24,616,40,2,104.92,West,209.84
15212,2022-10-30,432,29,5,312.94,East,1564.7
15213,2024-07-25,889,39,5,262.01,South,1310.05
15214,2023-07-30,408,27,4,404.12,South,1616.48
15215,2023-07-09,65,39,4,452.25,South,1809.0
15216,2022-05-05,657,40,2,75.07,West,150.14
15217,2024-05-08,38,37,5,348.54,West,1742.7
15218,2024-01-15,28,3,4,475.52,South,1902.08
15219,2023-04-25,289,19,2,459.76,West,919.52
15220,2022-05-12,920,34,2,418.87,West,837.74
15221,2024-10-22,879,14,4,33.69,East,134.76
15222,2022-04-25,237,21,3,133.72,East,401.15999999999997
15223,2023-04-26,126,2,1,82.66,East,82.66
15224,2024-09-07,384,10,2,464.2,South,928.4
15225,2024-10-21,326,42,5,376.96,South,1884.8
15226,2022-11-27,85,17,1,270.57,North,270.57
15227,2024-07-30,749,2,2,489.91,East,979.82
15228,2024-08-12,246,27,3,105.41,North,316.23
15229,2024-02-07,388,1,1,324.37,South,324.37
15230,2023-01-26,929,50,5,308.6,North,1543.0
15231,2024-04-13,887,36,1,176.82,West,176.82
15232,2022-05-23,266,33,4,247.84,West,991.36
15233,2022-11-24,761,22,2,125.34,South,250.68
15234,2023-09-20,804,49,4,341.79,West,1367.16
15235,2023-01-12,205,35,3,214.94,West,644.8199999999999
15236,2022-03-31,228,34,1,21.54,North,21.54
15237,2024-03-18,240,18,4,475.88,West,1903.52
15238,2024-10-17,73,36,3,255.7,East,767.0999999999999
15239,2024-12-01,671,3,4,355.76,South,1423.04
15240,2024-11-24,388,44,5,106.5,East,532.5
15241,2024-10-08,378,16,4,72.34,East,289.36
15242,2023-07-07,212,11,2,452.19,North,904.38
15243,2022-05-04,648,10,4,299.56,West,1198.24
15244,2022-02-26,795,42,4,251.74,South,1006.96
15245,2024-03-16,676,21,4,265.36,North,1061.44
15246,2022-08-23,649,25,4,125.74,West,502.96
15247,2023-08-31,171,35,4,457.22,East,1828.88
15248,2023-01-27,152,6,1,114.98,South,114.98
15249,2024-08-27,677,46,1,87.42,North,87.42
15250,2022-02-21,809,44,5,465.72,East,2328.6000000000004
15251,2023-05-04,104,8,1,136.21,East,136.21
15252,2022-01-05,222,34,3,432.62,North,1297.8600000000001
15253,2023-09-24,282,41,2,388.53,East,777.06
15254,2022-08-05,388,46,4,197.15,West,788.6
15255,2023-06-20,372,1,4,134.46,East,537.84
15256,2024-01-08,129,3,4,381.9,North,1527.6
15257,2023-12-31,404,38,5,302.82,West,1514.1
15258,2024-11-15,220,27,5,134.48,North,672.4
15259,2022-01-03,173,13,3,446.53,West,1339.59
15260,2024-10-22,472,43,4,363.28,East,1453.12
15261,2024-10-22,860,47,5,455.55,North,2277.75
15262,2022-05-30,988,50,4,224.36,East,897.44
15263,2022-01-04,453,19,1,72.82,West,72.82
15264,2023-04-13,608,19,4,462.8,South,1851.2
15265,2022-03-11,502,6,3,304.7,West,914.0999999999999
15266,2022-07-20,52,47,3,306.97,East,920.9100000000001
15267,2022-11-04,94,14,5,296.29,North,1481.45
15268,2024-07-10,576,5,4,241.47,West,965.88
15269,2022-10-19,21,43,3,134.97,North,404.90999999999997
15270,2024-07-12,106,45,1,310.38,East,310.38
15271,2024-06-01,848,45,5,362.12,East,1810.6
15272,2023-08-09,200,36,1,459.11,East,459.11
15273,2023-05-24,844,9,3,45.35,West,136.05
15274,2022-01-05,352,23,5,134.81,South,674.05
15275,2022-10-20,281,32,4,390.58,North,1562.32
15276,2022-12-26,963,29,2,389.82,South,779.64
15277,2022-08-02,282,45,4,113.9,North,455.6
15278,2024-11-04,612,28,4,100.51,South,402.04
15279,2023-07-17,849,40,1,189.9,West,189.9
15280,2024-02-04,539,11,4,40.83,West,163.32
15281,2022-02-14,245,19,2,367.88,East,735.76
15282,2023-12-04,948,1,5,338.21,South,1691.05
15283,2023-09-26,575,9,5,430.78,West,2153.8999999999996
15284,2023-10-23,854,2,2,220.72,East,441.44
15285,2023-12-22,886,4,1,322.0,North,322.0
15286,2023-08-17,429,29,2,477.44,East,954.88
15287,2022-09-03,954,4,5,479.81,North,2399.05
15288,2024-05-06,38,1,2,44.83,North,89.66
15289,2023-07-06,419,28,1,10.92,East,10.92
15290,2022-02-12,302,18,4,480.39,West,1921.56
15291,2024-04-20,639,46,4,272.31,North,1089.24
15292,2022-06-28,71,13,5,353.2,North,1766.0
15293,2023-06-19,899,40,1,457.17,North,457.17
15294,2023-08-30,646,6,4,222.25,South,889.0
15295,2023-11-03,765,49,4,225.92,South,903.68
15296,2024-07-15,525,43,4,91.82,North,367.28
15297,2022-01-17,174,47,3,453.86,South,1361.58
15298,2024-04-05,975,39,4,327.36,South,1309.44
15299,2023-07-01,90,22,3,98.33,West,294.99
15300,2024-11-19,368,30,2,284.3,East,568.6
15301,2023-03-13,801,27,5,170.8,East,854.0
15302,2022-06-28,207,8,5,82.12,West,410.6
15303,2023-09-08,62,43,3,99.12,North,297.36
15304,2023-11-08,319,28,1,284.04,East,284.04
15305,2023-09-26,824,2,3,286.55,North,859.6500000000001
15306,2024-03-12,551,20,4,397.07,North,1588.28
15307,2022-11-08,60,11,1,131.51,West,131.51
15308,2022-01-25,105,14,5,458.76,East,2293.8
15309,2023-01-06,239,24,2,264.12,West,528.24
15310,2023-06-09,462,13,2,110.04,East,220.08
15311,2022-08-18,127,8,3,212.51,West,637.53
15312,2023-01-13,83,44,3,462.45,East,1387.35
15313,2024-06-06,220,21,3,244.3,North,732.9000000000001
15314,2023-04-07,408,22,3,438.61,North,1315.83
15315,2022-12-31,946,9,5,88.32,West,441.59999999999997
15316,2022-04-14,617,42,4,457.84,South,1831.36
15317,2023-03-04,929,43,5,221.0,North,1105.0
15318,2023-04-14,972,11,2,468.7,East,937.4
15319,2024-10-11,586,16,2,434.38,North,868.76
15320,2024-05-19,647,50,2,333.38,East,666.76
15321,2024-02-09,430,9,4,339.69,East,1358.76
15322,2023-11-11,890,3,4,113.64,West,454.56
15323,2024-03-15,574,36,1,305.39,North,305.39
15324,2024-06-04,513,42,4,279.25,West,1117.0
15325,2023-07-15,79,13,2,173.73,East,347.46
15326,2022-11-27,886,1,4,257.75,West,1031.0
15327,2023-08-10,65,44,4,465.28,North,1861.12
15328,2022-07-20,941,11,4,12.6,West,50.4
15329,2023-03-30,980,24,3,214.39,East,643.17
15330,2024-04-05,183,5,4,173.48,North,693.92
15331,2022-04-21,66,2,3,481.0,West,1443.0
15332,2024-05-13,835,17,2,487.21,South,974.42
15333,2024-06-26,868,17,1,296.97,North,296.97
15334,2022-02-02,208,20,5,279.5,East,1397.5
15335,2023-07-09,54,15,1,452.57,West,452.57
15336,2022-04-17,221,4,5,13.21,East,66.05000000000001
15337,2022-08-14,236,11,2,285.52,West,571.04
15338,2023-05-02,889,23,3,22.07,West,66.21000000000001
15339,2022-06-28,612,1,4,484.4,North,1937.6
15340,2023-09-29,959,42,3,166.88,West,500.64
15341,2024-02-27,438,50,5,265.19,East,1325.95
15342,2022-06-16,103,47,4,214.61,South,858.44
15343,2023-10-25,436,4,5,447.88,West,2239.4
15344,2022-10-27,694,38,5,499.91,North,2499.55
15345,2022-02-04,963,2,4,43.51,South,174.04
15346,2023-02-11,421,45,1,368.7,South,368.7
15347,2022-11-10,108,27,1,190.32,North,190.32
15348,2024-03-26,524,34,5,78.15,South,390.75
15349,2024-01-13,443,13,2,208.66,West,417.32
15350,2023-12-28,506,47,3,499.09,East,1497.27
15351,2024-04-05,404,18,1,185.21,West,185.21
15352,2023-07-23,343,11,4,145.93,West,583.72
15353,2023-07-30,598,5,5,424.62,South,2123.1
15354,2022-03-03,800,29,3,435.29,East,1305.8700000000001
15355,2023-01-04,327,25,3,176.05,South,528.1500000000001
15356,2022-04-04,214,14,5,156.35,North,781.75
15357,2024-09-10,556,48,3,327.17,West,981.51
15358,2024-11-15,322,46,2,110.54,East,221.08
15359,2022-02-19,78,41,5,247.01,South,1235.05
15360,2024-06-01,55,38,3,79.26,East,237.78000000000003
15361,2024-02-03,784,41,3,159.33,North,477.99
15362,2022-02-05,856,37,1,155.77,West,155.77
15363,2022-04-10,71,11,3,350.5,East,1051.5
15364,2022-11-25,68,44,3,148.31,East,444.93
15365,2023-12-07,180,32,1,450.26,East,450.26
15366,2022-08-09,380,49,5,491.69,South,2458.45
15367,2023-07-21,933,6,1,49.72,South,49.72
15368,2024-09-22,686,6,4,204.85,East,819.4
15369,2024-10-18,681,47,4,157.9,North,631.6
15370,2022-04-20,901,49,2,182.48,East,364.96
15371,2022-05-29,450,22,3,140.02,West,420.06000000000006
15372,2023-02-10,261,3,4,197.51,West,790.04
15373,2023-11-30,447,19,5,79.29,West,396.45000000000005
15374,2024-10-13,637,34,5,147.11,East,735.5500000000001
15375,2022-04-18,131,41,4,376.43,South,1505.72
15376,2023-01-24,234,41,1,178.58,East,178.58
15377,2023-03-01,904,7,2,111.84,East,223.68
15378,2023-03-23,154,16,1,63.14,West,63.14
15379,2024-07-06,330,38,2,180.52,North,361.04
15380,2024-12-27,637,9,4,325.27,North,1301.08
15381,2024-12-25,866,13,1,134.12,West,134.12
15382,2023-10-18,891,34,4,217.0,East,868.0
15383,2022-11-17,612,46,2,476.68,East,953.36
15384,2023-12-20,53,37,5,280.66,West,1403.3000000000002
15385,2023-12-29,844,43,1,270.65,North,270.65
15386,2023-08-03,468,47,4,210.87,North,843.48
15387,2023-03-23,640,6,2,282.85,West,565.7
15388,2022-07-29,413,38,5,492.44,East,2462.2
15389,2024-04-28,14,48,1,134.37,East,134.37
15390,2023-01-05,496,4,2,471.54,East,943.08
15391,2023-07-31,517,5,1,83.04,South,83.04
15392,2023-11-20,762,6,1,64.44,North,64.44
15393,2024-02-29,368,13,3,330.79,North,992.3700000000001
15394,2024-09-18,539,46,4,133.08,South,532.32
15395,2022-06-12,637,24,3,227.75,North,683.25
15396,2024-09-03,452,28,1,367.53,West,367.53
15397,2022-12-16,541,13,2,272.07,South,544.14
15398,2023-11-01,515,42,4,16.74,North,66.96
15399,2023-03-02,481,49,2,159.86,East,319.72
15400,2022-11-23,414,18,2,41.7,West,83.4
15401,2022-09-12,228,7,5,463.8,South,2319.0
15402,2022-12-24,137,4,1,399.38,South,399.38
15403,2023-03-20,769,31,2,492.08,East,984.16
15404,2022-04-23,240,24,1,443.7,South,443.7
15405,2024-11-19,791,22,3,242.91,North,728.73
15406,2023-06-08,835,21,3,442.47,South,1327.41
15407,2023-11-20,672,48,2,339.49,East,678.98
15408,2024-09-17,472,42,1,267.05,South,267.05
15409,2022-02-15,518,26,5,191.62,West,958.1
15410,2024-01-27,461,30,4,343.67,West,1374.68
15411,2024-11-24,305,35,3,299.17,North,897.51
15412,2023-07-18,655,23,3,310.95,East,932.8499999999999
15413,2022-06-10,954,45,5,205.92,South,1029.6
15414,2024-04-19,181,40,2,372.26,South,744.52
15415,2023-06-22,30,50,3,49.86,West,149.57999999999998
15416,2022-08-13,972,30,3,365.82,East,1097.46
15417,2022-04-05,765,19,4,368.07,East,1472.28
15418,2024-08-06,40,32,5,262.81,West,1314.05
15419,2023-07-07,187,50,5,139.01,North,695.05
15420,2023-10-07,319,19,1,264.45,South,264.45
15421,2022-03-07,816,22,5,70.31,West,351.55
15422,2023-10-27,227,4,4,149.72,East,598.88
15423,2023-11-15,732,45,5,216.44,North,1082.2
15424,2024-06-28,892,12,1,339.88,West,339.88
15425,2024-04-16,324,15,4,101.74,East,406.96
15426,2023-07-25,903,15,3,87.5,South,262.5
15427,2023-11-27,943,10,2,307.82,South,615.64
15428,2022-06-29,43,19,3,342.98,North,1028.94
15429,2024-04-13,656,8,1,50.99,North,50.99
15430,2024-12-27,278,31,4,26.25,East,105.0
15431,2022-07-21,319,9,3,82.1,South,246.29999999999998
15432,2024-11-04,174,29,1,451.5,South,451.5
15433,2024-12-01,759,7,3,339.59,South,1018.77
15434,2023-06-27,685,8,2,461.3,North,922.6
15435,2024-09-08,41,41,3,335.71,North,1007.1299999999999
15436,2024-02-13,409,17,3,482.97,South,1448.91
15437,2023-11-25,562,15,3,225.06,South,675.1800000000001
15438,2023-09-04,323,16,1,303.56,East,303.56
15439,2022-09-01,180,7,4,304.58,North,1218.32
15440,2022-03-01,854,42,5,11.54,East,57.699999999999996
15441,2022-04-14,159,19,1,23.45,North,23.45
15442,2023-10-13,37,38,5,81.18,East,405.90000000000003
15443,2024-10-07,406,25,5,260.45,East,1302.25
15444,2022-03-18,539,12,3,220.96,East,662.88
15445,2024-11-07,376,32,2,274.48,South,548.96
15446,2023-11-29,898,47,5,402.24,West,2011.2
15447,2024-08-03,256,10,5,412.9,West,2064.5
15448,2022-09-24,278,24,3,488.74,West,1466.22
15449,2024-02-20,249,50,2,283.2,West,566.4
15450,2023-09-01,693,4,3,180.14,West,540.42
15451,2024-08-03,17,43,5,160.93,East,804.6500000000001
15452,2024-10-21,368,37,1,176.96,North,176.96
15453,2024-11-16,125,45,5,168.68,East,843.4000000000001
15454,2023-07-02,312,42,1,202.53,South,202.53
15455,2022-06-09,212,39,4,46.69,West,186.76
15456,2024-07-25,472,43,2,320.38,South,640.76
15457,2023-02-03,749,4,4,288.34,South,1153.36
15458,2023-06-27,415,36,3,236.36,South,709.08
15459,2022-05-07,500,37,5,49.74,East,248.70000000000002
15460,2024-10-05,811,25,4,55.67,West,222.68
15461,2024-08-05,712,41,2,277.1,East,554.2
15462,2022-07-29,889,30,1,27.92,North,27.92
15463,2022-05-30,181,1,1,365.15,North,365.15
15464,2022-01-31,389,29,3,496.95,West,1490.85
15465,2023-09-04,642,16,3,302.73,East,908.19
15466,2022-10-29,633,37,5,364.48,North,1822.4
15467,2024-08-20,187,37,4,225.08,North,900.32
15468,2024-05-14,900,7,5,337.03,West,1685.1499999999999
15469,2024-02-04,739,40,1,329.37,North,329.37
15470,2023-11-14,674,33,1,413.8,West,413.8
15471,2022-09-14,963,50,4,358.56,North,1434.24
15472,2024-07-28,624,22,5,377.03,South,1885.1499999999999
15473,2024-12-16,468,43,3,282.75,North,848.25
15474,2022-01-09,457,27,4,247.41,East,989.64
15475,2024-10-25,134,29,3,234.77,East,704.3100000000001
15476,2024-04-26,698,16,4,202.09,West,808.36
15477,2024-02-16,175,21,3,140.35,North,421.04999999999995
15478,2023-11-16,261,11,2,26.32,West,52.64
15479,2024-01-02,317,21,1,338.84,South,338.84
15480,2022-01-24,824,9,4,451.47,South,1805.88
15481,2023-05-08,870,27,2,465.94,South,931.88
15482,2024-08-27,931,39,4,294.48,North,1177.92
15483,2022-04-13,887,22,1,56.13,East,56.13
15484,2024-12-19,991,15,1,440.55,North,440.55
15485,2024-02-06,269,43,3,376.39,West,1129.17
15486,2024-10-19,794,23,1,133.19,East,133.19
15487,2023-01-07,470,29,1,403.74,East,403.74
15488,2023-11-10,224,39,1,241.28,South,241.28
15489,2023-08-19,252,16,5,444.92,West,2224.6
15490,2022-07-21,64,3,5,131.33,North,656.6500000000001
15491,2022-03-30,975,16,1,402.44,East,402.44
15492,2023-03-13,907,8,5,358.84,East,1794.1999999999998
15493,2022-04-30,830,26,4,17.08,East,68.32
15494,2022-06-05,464,42,2,286.03,East,572.06
15495,2023-02-03,943,9,2,360.61,East,721.22
15496,2022-07-07,124,35,5,86.64,South,433.2
15497,2024-12-11,582,7,2,270.63,South,541.26
15498,2023-10-14,238,8,5,159.0,East,795.0
15499,2023-08-10,75,35,3,351.16,North,1053.48
15500,2022-08-18,442,48,1,274.67,East,274.67
15501,2022-02-24,500,46,2,314.51,North,629.02
15502,2022-09-28,522,39,1,45.54,West,45.54
15503,2024-12-28,912,36,2,77.52,East,155.04
15504,2024-08-27,268,6,4,280.52,South,1122.08
15505,2022-11-26,967,7,4,98.77,West,395.08
15506,2022-04-26,487,12,5,254.36,South,1271.8000000000002
15507,2022-11-19,987,39,1,348.11,North,348.11
15508,2023-07-17,600,1,5,406.79,East,2033.95
15509,2022-08-17,50,50,3,80.07,East,240.20999999999998
15510,2022-12-26,655,43,5,373.52,South,1867.6
15511,2024-10-25,59,43,5,187.96,West,939.8000000000001
15512,2022-01-28,454,49,5,342.68,West,1713.4
15513,2024-05-18,830,25,2,81.19,West,162.38
15514,2022-01-28,723,12,2,262.44,North,524.88
15515,2024-01-14,72,27,3,420.41,East,1261.23
15516,2023-08-03,756,23,1,62.15,North,62.15
15517,2023-03-27,751,19,4,415.56,South,1662.24
15518,2023-03-09,190,21,1,231.86,East,231.86
15519,2023-01-09,996,50,4,413.4,East,1653.6
15520,2023-03-11,562,21,2,479.61,West,959.22
15521,2022-08-06,717,24,5,88.23,North,441.15000000000003
15522,2024-08-05,566,13,3,340.54,South,1021.6200000000001
15523,2022-12-15,822,42,3,125.2,South,375.6
15524,2024-02-27,993,36,3,76.42,North,229.26
15525,2022-01-26,736,15,1,317.76,West,317.76
15526,2024-12-07,156,50,2,62.91,South,125.82
15527,2024-05-08,872,1,2,237.93,South,475.86
15528,2023-01-05,563,34,5,321.62,North,1608.1
15529,2024-11-03,753,42,1,254.82,North,254.82
15530,2024-06-02,842,31,5,351.56,East,1757.8
15531,2022-10-06,673,50,4,402.69,South,1610.76
15532,2022-12-07,641,32,2,437.4,South,874.8
15533,2023-08-30,85,36,3,284.34,East,853.02
15534,2024-11-14,69,29,5,145.55,West,727.75
15535,2023-06-13,385,10,4,259.73,West,1038.92
15536,2023-03-02,373,21,3,199.97,North,599.91
15537,2022-01-29,55,36,3,120.7,South,362.1
15538,2024-08-13,85,24,5,269.24,West,1346.2
15539,2022-11-19,857,27,5,21.1,North,105.5
15540,2022-11-09,980,21,5,306.73,West,1533.65
15541,2023-08-07,941,18,2,412.59,West,825.18
15542,2024-02-01,841,4,1,499.72,South,499.72
15543,2022-10-22,592,47,5,461.62,West,2308.1
15544,2023-10-18,732,18,2,54.01,North,108.02
15545,2024-02-25,936,9,1,89.59,East,89.59
15546,2022-08-11,622,49,4,77.94,South,311.76
15547,2022-03-16,765,30,1,283.59,East,283.59
15548,2022-04-12,317,35,2,32.51,North,65.02
15549,2024-06-03,164,45,2,469.13,West,938.26
15550,2022-06-22,615,30,1,40.3,South,40.3
15551,2024-10-24,625,39,1,201.71,West,201.71
15552,2023-01-30,252,46,2,448.05,West,896.1
15553,2024-04-12,152,6,2,474.71,East,949.42
15554,2024-09-30,336,14,4,237.99,North,951.96
15555,2022-06-16,910,46,2,249.33,East,498.66
15556,2022-10-27,368,29,2,321.73,West,643.46
15557,2022-04-28,763,32,3,209.74,West,629.22
15558,2023-05-27,866,14,3,169.08,North,507.24
15559,2023-09-04,600,20,3,372.32,West,1116.96
15560,2022-06-08,971,50,5,301.73,East,1508.65
15561,2024-11-27,100,9,5,246.02,North,1230.1000000000001
15562,2023-04-08,120,12,2,59.39,North,118.78
15563,2022-04-14,385,14,3,43.74,South,131.22
15564,2024-09-08,303,23,4,260.3,East,1041.2
15565,2022-09-07,716,48,4,313.52,West,1254.08
15566,2024-11-02,149,34,4,332.18,South,1328.72
15567,2023-07-21,201,16,2,448.5,East,897.0
15568,2023-08-20,807,18,3,409.95,South,1229.85
15569,2023-09-13,3,41,2,78.97,East,157.94
15570,2023-07-09,400,40,2,399.27,North,798.54
15571,2022-03-12,68,33,4,341.39,South,1365.56
15572,2024-08-13,154,5,3,415.73,West,1247.19
15573,2024-08-30,494,39,5,423.24,East,2116.2
15574,2023-03-14,182,10,1,179.31,East,179.31
15575,2024-12-03,525,22,2,139.0,South,278.0
15576,2024-11-03,189,43,3,280.79,North,842.3700000000001
15577,2022-11-10,20,44,1,156.32,East,156.32
15578,2023-04-30,851,33,1,181.35,East,181.35
15579,2022-06-18,283,31,5,43.89,North,219.45
15580,2024-06-06,898,6,5,495.77,North,2478.85
15581,2024-03-13,10,36,2,161.56,West,323.12
15582,2022-09-03,700,3,2,392.24,South,784.48
15583,2022-09-23,857,4,3,496.65,North,1489.9499999999998
15584,2024-04-28,531,27,5,484.87,South,2424.35
15585,2022-08-31,655,38,5,320.6,North,1603.0
15586,2023-06-14,615,25,3,273.94,West,821.8199999999999
15587,2024-04-26,303,37,5,161.55,West,807.75
15588,2024-09-30,241,27,4,432.14,East,1728.56
15589,2022-12-08,152,41,1,175.62,North,175.62
15590,2024-01-30,784,36,4,62.29,North,249.16
15591,2024-03-08,337,46,1,154.11,North,154.11
15592,2023-06-16,188,47,3,164.4,West,493.20000000000005
15593,2024-05-13,464,36,3,362.06,West,1086.18
15594,2022-02-11,722,46,1,93.08,North,93.08
15595,2023-08-22,177,42,1,165.26,North,165.26
15596,2022-11-02,900,7,1,47.53,South,47.53
15597,2024-03-19,706,30,1,425.72,South,425.72
15598,2024-05-11,177,50,2,365.14,West,730.28
15599,2023-11-10,881,47,5,224.37,South,1121.85
15600,2024-01-01,415,29,5,220.71,East,1103.55
15601,2023-03-17,578,40,3,91.52,South,274.56
15602,2024-07-21,310,41,2,198.39,East,396.78
15603,2024-06-21,2,5,1,454.34,East,454.34
15604,2022-05-13,317,6,2,77.94,West,155.88
15605,2023-12-20,783,44,1,384.86,East,384.86
15606,2022-02-20,509,7,5,33.12,South,165.6
15607,2023-09-10,572,39,1,162.72,North,162.72
15608,2023-01-27,368,32,5,425.0,South,2125.0
15609,2023-11-27,555,15,1,228.04,South,228.04
15610,2023-06-07,605,13,3,354.32,South,1062.96
15611,2023-05-23,226,18,5,60.74,West,303.7
15612,2022-12-20,936,10,3,344.88,South,1034.6399999999999
15613,2024-05-16,480,40,2,411.32,South,822.64
15614,2024-08-30,981,11,1,404.57,West,404.57
15615,2024-08-13,798,40,2,225.05,South,450.1
15616,2022-04-06,63,40,1,453.03,West,453.03
15617,2022-04-16,280,47,5,291.74,North,1458.7
15618,2023-11-09,940,2,1,410.76,South,410.76
15619,2023-05-28,14,27,4,114.6,North,458.4
15620,2024-05-05,28,45,4,113.02,East,452.08
15621,2024-02-29,142,50,4,379.64,East,1518.56
15622,2023-05-30,952,44,3,326.85,North,980.5500000000001
15623,2024-06-16,620,8,4,341.39,West,1365.56
15624,2024-12-20,802,49,1,125.92,North,125.92
15625,2024-10-04,590,38,2,205.82,East,411.64
15626,2024-01-07,759,16,3,136.61,South,409.83000000000004
15627,2022-10-29,473,24,5,43.38,South,216.9
15628,2023-10-08,524,23,3,109.93,North,329.79
15629,2024-11-30,184,14,2,497.63,East,995.26
15630,2022-08-19,317,27,4,124.68,South,498.72
15631,2024-01-08,361,10,2,88.05,North,176.1
15632,2024-09-23,445,28,3,351.47,East,1054.41
15633,2022-10-24,296,25,3,305.05,West,915.1500000000001
15634,2023-03-31,404,2,3,375.55,West,1126.65
15635,2024-12-16,752,45,2,330.3,West,660.6
15636,2024-07-30,938,33,1,119.27,East,119.27
15637,2022-08-28,263,50,1,255.44,North,255.44
15638,2024-12-22,847,46,4,96.55,North,386.2
15639,2023-07-05,377,35,5,134.23,East,671.15
15640,2022-05-18,585,47,2,493.59,South,987.18
15641,2023-03-30,68,41,1,367.05,East,367.05
15642,2023-03-19,799,13,4,393.6,South,1574.4
15643,2022-01-27,471,5,5,24.73,East,123.65
15644,2023-04-02,838,5,4,197.25,West,789.0
15645,2023-11-26,732,22,4,282.07,South,1128.28
15646,2023-12-11,972,34,5,83.34,East,416.70000000000005
15647,2024-04-28,47,1,3,425.79,North,1277.3700000000001
15648,2024-08-06,947,17,1,78.4,East,78.4
15649,2022-04-17,58,49,1,321.89,North,321.89
15650,2023-03-20,918,9,5,281.06,South,1405.3
15651,2022-02-05,24,10,1,426.16,South,426.16
15652,2023-08-20,290,15,2,162.79,West,325.58
15653,2022-06-04,831,45,2,149.2,East,298.4
15654,2024-03-06,444,29,2,424.74,North,849.48
15655,2022-09-29,403,25,5,118.49,North,592.4499999999999
15656,2024-09-07,24,21,4,375.56,West,1502.24
15657,2022-05-02,64,17,4,103.66,South,414.64
15658,2022-05-30,767,27,3,439.09,East,1317.27
15659,2023-12-08,660,28,3,421.14,North,1263.42
15660,2024-09-21,628,23,2,395.86,North,791.72
15661,2022-06-02,610,39,2,250.82,East,501.64
15662,2024-11-06,239,36,5,26.58,North,132.89999999999998
15663,2023-07-05,283,3,2,74.91,West,149.82
15664,2024-04-24,442,33,2,233.74,South,467.48
15665,2022-10-07,300,7,2,31.39,South,62.78
15666,2023-02-26,93,5,1,41.1,West,41.1
15667,2024-09-19,577,26,4,71.5,East,286.0
15668,2024-03-14,375,17,1,137.81,North,137.81
15669,2022-12-21,686,17,2,377.17,West,754.34
15670,2023-01-13,996,47,2,33.51,South,67.02
15671,2022-03-21,310,3,1,491.98,West,491.98
15672,2024-09-14,888,3,1,144.18,West,144.18
15673,2022-08-21,747,34,5,166.9,North,834.5
15674,2022-06-03,167,8,5,131.46,South,657.3000000000001
15675,2024-06-25,749,45,2,305.17,South,610.34
15676,2024-11-20,7,6,1,19.52,South,19.52
15677,2023-01-06,822,37,5,55.85,North,279.25
15678,2022-11-19,43,45,3,58.4,South,175.2
15679,2022-11-28,788,22,1,335.62,East,335.62
15680,2022-08-31,340,33,4,171.47,East,685.88
15681,2023-03-06,153,50,3,224.37,North,673.11
15682,2024-03-19,43,7,3,475.49,South,1426.47
15683,2023-01-11,725,49,1,108.02,East,108.02
15684,2022-03-22,201,40,2,44.4,East,88.8
15685,2023-02-24,895,19,4,226.3,South,905.2
15686,2023-04-12,667,48,5,90.4,North,452.0
15687,2024-12-16,732,46,5,80.88,West,404.4
15688,2024-04-08,665,10,2,210.96,North,421.92
15689,2024-03-14,548,23,4,338.13,West,1352.52
15690,2024-12-13,226,2,4,129.0,North,516.0
15691,2024-09-04,834,21,3,439.22,West,1317.66
15692,2022-01-04,633,24,3,187.6,North,562.8
15693,2023-08-26,521,48,4,467.68,South,1870.72
15694,2022-11-16,339,13,1,251.27,West,251.27
15695,2023-05-16,335,5,1,366.1,North,366.1
15696,2023-07-25,181,18,1,426.02,South,426.02
15697,2022-07-04,533,11,4,269.56,South,1078.24
15698,2023-07-10,946,37,5,426.66,South,2133.3
15699,2024-06-11,272,32,1,195.21,North,195.21
15700,2022-02-24,194,28,5,188.07,North,940.3499999999999
15701,2024-05-12,538,22,1,399.09,West,399.09
15702,2022-03-18,940,45,4,128.22,West,512.88
15703,2022-10-23,797,28,1,361.35,South,361.35
15704,2024-01-16,481,1,5,47.77,West,238.85000000000002
15705,2024-06-18,98,6,2,321.46,South,642.92
15706,2022-02-12,430,11,5,471.54,South,2357.7000000000003
15707,2022-08-15,512,42,2,233.67,South,467.34
15708,2024-12-22,731,33,5,213.82,South,1069.1
15709,2022-06-20,327,16,1,274.87,East,274.87
15710,2024-08-20,945,13,1,362.59,South,362.59
15711,2024-02-01,911,21,5,185.83,South,929.1500000000001
15712,2024-04-29,785,48,1,10.06,East,10.06
15713,2022-11-03,905,47,1,256.02,East,256.02
15714,2023-07-22,973,39,4,215.45,West,861.8
15715,2024-09-18,800,46,3,271.02,West,813.06
15716,2022-02-03,578,24,3,360.5,South,1081.5
15717,2024-04-06,827,43,5,148.86,South,744.3000000000001
15718,2022-05-10,416,27,3,257.58,North,772.74
15719,2023-10-17,111,45,2,134.16,East,268.32
15720,2023-09-22,212,37,5,235.08,South,1175.4
15721,2024-11-06,683,50,5,178.82,East,894.0999999999999
15722,2023-08-17,851,3,2,190.83,South,381.66
15723,2024-11-03,878,12,3,293.89,West,881.67
15724,2022-03-22,987,7,2,347.91,North,695.82
15725,2022-07-23,996,20,1,16.2,East,16.2
15726,2022-01-23,571,15,5,439.55,North,2197.75
15727,2023-09-06,30,1,4,188.52,South,754.08
15728,2022-05-24,267,10,2,325.37,East,650.74
15729,2022-04-14,976,14,5,69.97,West,349.85
15730,2022-11-20,887,15,5,290.01,North,1450.05
15731,2023-07-30,666,34,2,342.45,South,684.9
15732,2022-10-01,350,49,4,87.14,West,348.56
15733,2023-03-28,514,25,5,456.96,North,2284.7999999999997
15734,2024-05-30,930,31,1,381.16,West,381.16
15735,2022-05-05,681,10,1,271.62,West,271.62
15736,2022-11-13,214,37,1,91.37,North,91.37
15737,2022-04-17,251,6,4,434.12,West,1736.48
15738,2024-06-25,543,6,3,43.63,South,130.89000000000001
15739,2023-03-06,319,28,1,66.43,South,66.43
15740,2023-12-05,183,38,2,352.11,West,704.22
15741,2024-08-29,885,14,3,134.39,East,403.16999999999996
15742,2022-12-28,189,13,2,235.07,North,470.14
15743,2024-03-06,725,13,4,274.07,East,1096.28
15744,2023-03-08,127,10,1,234.53,South,234.53
15745,2023-11-06,804,16,5,51.11,South,255.55
15746,2024-05-08,296,39,1,371.36,North,371.36
15747,2024-10-10,23,35,4,127.6,South,510.4
15748,2023-07-30,922,15,1,371.88,North,371.88
15749,2024-12-24,530,23,1,433.99,East,433.99
15750,2024-06-11,79,37,1,272.82,North,272.82
15751,2022-09-27,546,8,4,356.12,South,1424.48
15752,2023-03-14,470,26,1,28.1,East,28.1
15753,2024-11-08,924,22,5,28.01,East,140.05
15754,2022-08-13,619,5,5,106.61,North,533.05
15755,2024-09-16,305,34,3,185.61,East,556.83
15756,2023-04-05,448,27,3,99.56,West,298.68
15757,2023-01-29,199,19,3,321.13,North,963.39
15758,2024-06-30,191,43,3,145.67,East,437.01
15759,2022-01-15,232,43,5,424.42,South,2122.1
15760,2023-07-14,574,35,3,284.7,West,854.0999999999999
15761,2024-09-30,554,45,2,195.26,West,390.52
15762,2023-02-18,24,20,4,447.61,West,1790.44
15763,2024-09-25,675,47,4,415.9,South,1663.6
15764,2022-04-25,461,38,5,411.82,West,2059.1
15765,2024-09-02,183,13,4,366.89,West,1467.56
15766,2022-02-05,433,18,4,310.97,West,1243.88
15767,2022-08-30,845,18,1,189.74,South,189.74
15768,2022-03-04,607,1,3,217.07,East,651.21
15769,2023-10-28,955,32,3,327.09,South,981.27
15770,2023-05-24,83,25,1,94.71,South,94.71
15771,2022-07-07,93,21,5,415.63,South,2078.15
15772,2024-01-05,278,27,2,469.95,East,939.9
15773,2022-04-03,617,11,5,58.01,East,290.05
15774,2022-01-05,85,48,2,21.0,South,42.0
15775,2022-01-25,573,1,2,79.92,South,159.84
15776,2023-05-23,208,19,1,382.35,South,382.35
15777,2022-04-08,670,32,5,62.84,East,314.20000000000005
15778,2023-10-24,581,8,3,192.4,South,577.2
15779,2023-11-15,444,19,5,40.93,North,204.65
15780,2022-01-27,774,16,5,221.95,West,1109.75
15781,2022-02-24,853,35,2,305.89,South,611.78
15782,2024-12-11,746,2,2,317.97,North,635.94
15783,2024-02-20,370,12,3,264.27,East,792.81
15784,2022-10-25,651,29,3,469.67,East,1409.01
15785,2024-11-07,792,10,2,270.26,North,540.52
15786,2024-03-28,476,22,5,431.03,East,2155.1499999999996
15787,2024-05-04,504,34,2,496.58,North,993.16
15788,2023-07-13,847,21,4,122.58,West,490.32
15789,2023-05-18,231,37,4,140.11,North,560.44
15790,2022-07-22,878,5,2,265.72,South,531.44
15791,2024-08-03,360,6,3,99.37,South,298.11
15792,2022-08-28,563,32,2,286.42,West,572.84
15793,2023-05-05,751,3,5,345.35,East,1726.75
15794,2024-11-02,19,10,4,39.59,South,158.36
15795,2023-10-11,690,5,1,343.88,East,343.88
15796,2023-11-16,209,24,3,88.14,West,264.42
15797,2022-08-31,899,20,1,156.67,East,156.67
15798,2023-05-22,131,37,3,372.02,West,1116.06
15799,2024-12-02,743,31,1,90.16,East,90.16
15800,2023-09-05,384,47,1,270.52,East,270.52
15801,2022-06-11,92,17,2,298.7,North,597.4
15802,2023-10-18,543,49,3,90.54,North,271.62
15803,2024-08-16,362,24,4,144.64,South,578.56
15804,2023-09-13,761,18,1,307.17,West,307.17
15805,2022-04-21,124,26,2,235.99,West,471.98
15806,2024-07-22,881,42,5,333.39,West,1666.9499999999998
15807,2024-01-20,943,7,3,428.81,East,1286.43
15808,2023-12-10,648,43,3,76.17,North,228.51
15809,2022-09-30,273,14,4,44.61,North,178.44
15810,2024-03-17,355,41,1,336.7,West,336.7
15811,2022-02-10,100,49,2,387.62,North,775.24
15812,2023-07-14,731,2,1,230.16,East,230.16
15813,2023-04-11,616,30,2,203.02,North,406.04
15814,2023-05-05,301,49,4,302.42,South,1209.68
15815,2022-04-27,609,17,1,280.21,West,280.21
15816,2023-03-10,828,20,5,250.18,West,1250.9
15817,2024-11-08,882,10,4,411.17,East,1644.68
15818,2024-09-20,203,24,4,95.02,South,380.08
15819,2022-07-15,21,44,3,343.79,North,1031.3700000000001
15820,2023-09-11,198,12,2,373.26,East,746.52
15821,2023-03-01,112,27,1,451.64,North,451.64
15822,2022-02-03,149,15,2,473.1,North,946.2
15823,2022-10-22,381,9,4,258.85,North,1035.4
15824,2024-10-03,755,18,1,222.48,West,222.48
15825,2022-12-05,954,48,5,256.92,West,1284.6000000000001
15826,2023-09-10,183,7,2,368.96,South,737.92
15827,2022-06-29,796,28,2,18.41,East,36.82
15828,2023-09-14,337,46,5,95.33,West,476.65
15829,2023-09-11,338,36,4,454.76,East,1819.04
15830,2023-10-05,971,3,2,105.76,East,211.52
15831,2022-01-23,814,44,3,121.96,East,365.88
15832,2023-09-11,300,16,3,470.34,South,1411.02
15833,2022-09-09,601,36,1,154.2,East,154.2
15834,2022-10-29,222,4,5,152.32,South,761.5999999999999
15835,2024-12-29,760,35,4,462.62,East,1850.48
15836,2022-06-12,409,9,3,193.79,West,581.37
15837,2024-12-22,967,46,1,252.03,South,252.03
15838,2023-09-04,689,12,1,284.6,West,284.6
15839,2024-12-07,997,10,2,435.46,West,870.92
15840,2023-03-21,118,46,4,48.01,North,192.04
15841,2022-03-15,174,44,3,137.82,North,413.46
15842,2024-04-05,219,44,5,297.63,West,1488.15
15843,2023-06-26,376,2,2,222.96,South,445.92
15844,2022-06-06,730,19,3,146.36,South,439.08000000000004
15845,2022-09-13,319,13,1,210.72,South,210.72
15846,2024-11-28,589,42,5,483.46,South,2417.2999999999997
15847,2024-12-14,88,33,1,20.31,West,20.31
15848,2024-11-17,908,1,2,82.02,East,164.04
15849,2024-07-25,78,28,5,19.14,East,95.7
15850,2022-04-28,441,40,5,300.76,West,1503.8
15851,2023-01-05,201,6,2,16.34,North,32.68
15852,2022-07-28,576,3,1,232.47,North,232.47
15853,2023-08-10,415,45,5,431.01,East,2155.05
15854,2024-04-28,4,25,4,57.63,South,230.52
15855,2022-11-12,950,44,4,188.94,South,755.76
15856,2023-03-20,83,16,1,195.22,South,195.22
15857,2023-09-20,705,43,5,187.5,West,937.5
15858,2023-03-21,989,4,1,366.46,East,366.46
15859,2023-07-24,493,8,4,12.16,West,48.64
15860,2023-08-05,6,39,5,392.18,East,1960.9
15861,2023-08-28,705,16,5,421.13,West,2105.65
15862,2024-01-11,729,44,1,221.42,North,221.42
15863,2024-06-26,347,38,5,444.71,West,2223.5499999999997
15864,2023-10-11,534,23,1,196.71,North,196.71
15865,2022-11-01,657,6,3,350.41,West,1051.23
15866,2022-12-05,955,43,3,200.52,North,601.5600000000001
15867,2023-06-13,797,44,4,28.54,West,114.16
15868,2022-02-23,451,16,4,50.88,East,203.52
15869,2023-11-15,145,16,2,226.6,East,453.2
15870,2023-02-23,2,23,3,495.15,East,1485.4499999999998
15871,2022-11-01,288,16,3,97.0,South,291.0
15872,2022-03-26,918,36,2,448.84,West,897.68
15873,2022-09-09,871,12,1,460.5,North,460.5
15874,2022-05-06,225,37,3,210.73,North,632.1899999999999
15875,2023-09-02,954,9,3,236.29,North,708.87
15876,2022-10-31,437,18,4,256.38,South,1025.52
15877,2024-11-17,214,9,2,387.5,East,775.0
15878,2024-04-27,943,48,2,70.62,North,141.24
15879,2024-12-11,900,21,4,171.03,West,684.12
15880,2023-10-17,166,1,3,93.64,West,280.92
15881,2023-10-06,373,23,5,440.42,North,2202.1
15882,2024-05-07,653,5,2,44.55,South,89.1
15883,2023-05-26,829,19,3,376.38,North,1129.1399999999999
15884,2022-07-26,507,35,1,225.47,South,225.47
15885,2023-07-28,983,33,2,360.16,West,720.32
15886,2024-05-24,576,46,4,446.05,North,1784.2
15887,2023-05-26,333,18,2,176.43,South,352.86
15888,2022-07-20,212,40,4,121.23,East,484.92
15889,2024-04-02,289,14,1,328.61,South,328.61
15890,2024-12-06,610,20,3,498.79,East,1496.3700000000001
15891,2024-10-16,166,13,4,367.46,North,1469.84
15892,2022-05-17,126,16,4,399.85,East,1599.4
15893,2022-05-10,157,41,1,318.63,North,318.63
15894,2024-10-14,762,31,5,190.41,North,952.05
15895,2023-03-08,573,39,2,330.78,East,661.56
15896,2024-12-28,32,35,5,72.99,North,364.95
15897,2023-06-24,907,20,2,249.52,North,499.04
15898,2022-12-01,274,1,1,290.8,East,290.8
15899,2023-06-10,301,40,1,454.31,North,454.31
15900,2023-07-12,21,46,5,460.66,East,2303.3
15901,2024-06-27,524,13,1,39.46,East,39.46
15902,2024-11-05,756,7,3,319.62,North,958.86
15903,2023-05-25,615,45,5,400.23,South,2001.15
15904,2022-07-28,276,22,4,272.86,West,1091.44
15905,2022-02-27,7,7,4,56.88,West,227.52
15906,2024-03-26,859,20,1,124.04,West,124.04
15907,2024-11-03,455,37,1,163.69,East,163.69
15908,2023-01-12,130,36,2,334.77,North,669.54
15909,2022-08-31,299,4,5,42.13,North,210.65
15910,2024-09-19,97,6,5,279.31,South,1396.55
15911,2024-06-09,277,46,3,63.38,East,190.14000000000001
15912,2023-02-19,285,3,4,203.61,South,814.44
15913,2023-01-29,800,3,4,218.52,East,874.08
15914,2023-12-30,173,3,3,231.4,North,694.2
15915,2022-12-24,332,36,2,358.33,East,716.66
15916,2023-11-05,205,9,3,49.79,North,149.37
15917,2022-01-18,103,16,2,141.44,West,282.88
15918,2023-12-29,625,16,2,324.15,North,648.3
15919,2023-07-15,955,12,2,472.35,South,944.7
15920,2024-12-17,360,38,1,314.19,West,314.19
15921,2022-06-04,131,20,1,442.85,West,442.85
15922,2023-05-02,39,31,2,484.52,North,969.04
15923,2022-05-31,307,30,3,443.11,West,1329.33
15924,2023-01-03,884,21,3,486.38,West,1459.1399999999999
15925,2024-12-06,520,3,3,390.75,South,1172.25
15926,2022-07-26,878,21,1,444.71,West,444.71
15927,2023-03-26,46,28,2,250.81,East,501.62
15928,2024-07-12,194,28,4,179.27,East,717.08
15929,2023-11-28,518,5,3,499.86,West,1499.58
15930,2023-07-24,880,7,1,57.9,North,57.9
15931,2022-05-23,570,5,5,479.52,South,2397.6
15932,2024-12-06,169,9,2,221.13,South,442.26
15933,2022-07-10,122,47,3,20.97,West,62.91
15934,2022-05-20,249,21,1,403.48,North,403.48
15935,2023-09-07,207,20,5,227.67,South,1138.35
15936,2024-07-13,115,38,2,401.36,East,802.72
15937,2024-12-08,239,40,4,31.96,West,127.84
15938,2023-09-16,566,37,2,487.33,West,974.66
15939,2022-03-28,76,17,2,338.81,West,677.62
15940,2022-10-09,169,42,3,33.52,South,100.56
15941,2024-02-03,48,28,2,12.28,West,24.56
15942,2023-03-29,736,31,5,301.06,East,1505.3
15943,2022-02-16,70,33,5,488.48,South,2442.4
15944,2024-07-26,508,32,2,266.76,East,533.52
15945,2022-01-31,155,32,2,183.41,North,366.82
15946,2023-06-18,559,48,5,470.07,East,2350.35
15947,2022-01-17,461,23,5,492.14,West,2460.7
15948,2023-01-27,373,21,3,394.4,West,1183.1999999999998
15949,2024-10-03,791,25,4,361.78,East,1447.12
15950,2022-12-20,202,33,5,11.01,East,55.05
15951,2022-11-01,654,3,4,163.7,North,654.8
15952,2023-05-24,317,6,4,463.34,West,1853.36
15953,2023-12-13,451,49,5,190.39,North,951.9499999999999
15954,2023-11-16,638,28,3,173.94,South,521.8199999999999
15955,2024-02-25,844,2,2,273.22,North,546.44
15956,2024-05-06,665,32,1,229.42,East,229.42
15957,2022-06-26,577,26,2,430.81,West,861.62
15958,2022-10-28,96,5,1,50.03,West,50.03
15959,2023-03-21,920,11,5,332.79,East,1663.95
15960,2022-01-21,693,10,2,351.62,West,703.24
15961,2024-10-12,496,15,2,441.26,North,882.52
15962,2023-12-12,362,18,1,213.73,West,213.73
15963,2023-12-02,457,49,3,154.55,South,463.65000000000003
15964,2022-06-01,178,14,5,317.01,East,1585.05
15965,2024-05-08,129,28,5,365.21,East,1826.05
15966,2022-04-06,490,30,5,93.78,East,468.9
15967,2024-05-27,39,13,2,87.5,South,175.0
15968,2023-10-02,458,20,4,139.17,West,556.68
15969,2023-02-04,812,2,1,131.48,North,131.48
15970,2022-09-03,873,25,2,377.82,East,755.64
15971,2022-04-22,350,44,3,270.04,East,810.1200000000001
15972,2024-03-04,645,43,3,278.42,West,835.26
15973,2024-10-23,891,12,2,17.2,North,34.4
15974,2022-04-26,452,25,1,497.19,South,497.19
15975,2024-07-22,380,4,5,416.6,North,2083.0
15976,2022-10-19,109,42,5,227.4,North,1137.0
15977,2022-12-08,584,12,4,42.77,South,171.08
15978,2024-10-11,208,7,2,350.2,North,700.4
15979,2023-08-08,577,38,4,272.17,South,1088.68
15980,2022-01-27,241,40,3,341.99,North,1025.97
15981,2023-03-31,591,32,5,342.01,West,1710.05
15982,2024-07-06,88,43,5,85.82,South,429.09999999999997
15983,2023-08-03,399,6,4,171.12,West,684.48
15984,2022-01-14,690,27,2,18.7,North,37.4
15985,2022-04-08,262,35,4,491.31,North,1965.24
15986,2022-10-06,578,21,3,405.17,North,1215.51
15987,2023-05-05,325,20,2,465.12,West,930.24
15988,2024-09-11,371,19,3,31.62,West,94.86
15989,2024-08-18,935,33,2,255.17,North,510.34
15990,2023-09-16,105,4,4,376.24,North,1504.96
15991,2022-07-26,98,19,1,60.82,South,60.82
15992,2023-08-20,487,49,4,390.77,East,1563.08
15993,2023-11-26,96,28,2,327.28,South,654.56
15994,2022-09-07,925,22,3,492.63,East,1477.8899999999999
15995,2024-01-10,989,24,4,79.02,East,316.08
15996,2022-11-02,472,46,2,318.35,North,636.7
15997,2024-11-28,46,30,3,474.1,West,1422.3000000000002
15998,2024-09-24,890,29,3,374.4,North,1123.1999999999998
15999,2023-12-19,31,10,3,174.71,North,524.13
16000,2022-07-02,408,32,2,68.43,South,136.86
16001,2023-10-07,375,9,3,482.25,East,1446.75
16002,2022-01-30,382,25,3,45.23,South,135.69
16003,2024-02-06,911,16,4,487.83,North,1951.32
16004,2023-09-07,716,15,3,158.72,East,476.15999999999997
16005,2024-10-01,660,48,1,431.55,South,431.55
16006,2022-03-15,644,18,2,281.61,South,563.22
16007,2024-12-14,698,23,3,457.17,South,1371.51
16008,2024-08-19,973,42,3,219.04,North,657.12
16009,2022-01-24,701,3,5,426.4,West,2132.0
16010,2024-11-11,489,7,4,126.81,West,507.24
16011,2023-03-04,639,39,3,238.7,North,716.0999999999999
16012,2024-11-21,876,11,4,424.69,East,1698.76
16013,2024-05-12,906,24,4,68.0,East,272.0
16014,2022-12-05,809,35,1,367.03,East,367.03
16015,2023-05-27,309,50,2,224.07,South,448.14
16016,2024-12-29,599,25,1,261.48,East,261.48
16017,2023-11-03,967,28,2,293.73,North,587.46
16018,2024-05-26,633,12,5,145.07,West,725.3499999999999
16019,2023-07-25,844,23,1,57.22,North,57.22
16020,2024-02-03,816,17,4,19.14,West,76.56
16021,2023-12-14,911,41,3,221.15,North,663.45
16022,2023-08-12,135,37,5,141.75,South,708.75
16023,2024-02-06,328,18,2,320.14,West,640.28
16024,2024-03-29,199,9,1,360.81,West,360.81
16025,2022-03-19,683,45,5,256.83,South,1284.1499999999999
16026,2022-01-10,260,35,1,313.29,South,313.29
16027,2023-09-28,124,36,4,284.77,North,1139.08
16028,2023-08-15,754,18,1,12.24,North,12.24
16029,2023-12-19,947,20,2,422.43,North,844.86
16030,2023-07-19,583,21,2,39.19,East,78.38
16031,2023-02-14,382,47,3,211.07,West,633.21
16032,2022-12-24,507,20,3,64.4,East,193.20000000000002
16033,2022-04-08,571,6,2,334.53,North,669.06
16034,2024-10-03,109,9,2,169.54,South,339.08
16035,2022-08-29,41,43,2,44.86,West,89.72
16036,2023-07-11,445,29,5,32.22,East,161.1
16037,2023-12-12,798,29,1,126.2,East,126.2
16038,2022-06-05,891,13,5,336.96,North,1684.8
16039,2022-12-18,146,36,4,361.93,South,1447.72
16040,2022-02-13,798,27,3,72.93,North,218.79000000000002
16041,2023-08-15,903,47,1,78.16,North,78.16
16042,2022-05-18,564,49,3,300.68,South,902.04
16043,2023-03-12,176,44,4,479.06,North,1916.24
16044,2024-01-24,279,6,2,280.93,East,561.86
16045,2022-05-23,380,39,3,358.75,South,1076.25
16046,2024-10-20,165,32,2,291.95,East,583.9
16047,2022-09-19,839,49,3,61.37,North,184.10999999999999
16048,2023-05-27,486,43,4,473.77,South,1895.08
16049,2023-11-04,989,44,3,45.27,East,135.81
16050,2022-03-03,994,28,4,382.34,East,1529.36
16051,2022-01-31,764,45,1,489.88,East,489.88
16052,2024-08-06,615,1,5,166.31,South,831.55
16053,2024-03-12,565,50,4,94.1,East,376.4
16054,2022-09-23,767,43,3,287.43,West,862.29
16055,2022-11-04,361,31,1,399.58,South,399.58
16056,2023-04-04,173,30,4,475.24,East,1900.96
16057,2022-11-30,763,18,3,349.9,West,1049.6999999999998
16058,2023-05-30,177,29,4,174.58,South,698.32
16059,2023-03-17,49,42,4,252.23,East,1008.92
16060,2023-11-04,111,38,2,382.99,South,765.98
16061,2023-01-26,210,23,3,396.09,West,1188.27
16062,2024-07-23,760,22,5,46.47,West,232.35
16063,2023-07-14,687,2,4,310.73,North,1242.92
16064,2022-09-11,619,5,1,484.01,South,484.01
16065,2024-10-24,665,42,3,394.78,South,1184.34
16066,2022-04-29,859,15,5,13.59,East,67.95
16067,2024-09-22,155,32,3,120.22,West,360.65999999999997
16068,2023-04-15,652,46,5,228.05,East,1140.25
16069,2024-02-24,663,6,5,356.07,North,1780.35
16070,2024-12-29,273,14,4,282.07,North,1128.28
16071,2023-11-25,556,24,2,47.89,East,95.78
16072,2024-05-14,583,21,3,371.75,North,1115.25
16073,2024-02-15,637,14,1,420.97,North,420.97
16074,2022-06-30,664,12,1,110.82,North,110.82
16075,2024-10-25,455,4,2,43.04,West,86.08
16076,2022-02-16,861,44,1,397.57,South,397.57
16077,2023-09-26,316,21,3,323.82,South,971.46
16078,2023-08-12,821,17,1,403.72,North,403.72
16079,2022-11-06,732,29,3,287.63,North,862.89
16080,2022-10-01,215,16,5,219.98,East,1099.8999999999999
16081,2024-04-19,330,18,4,481.91,West,1927.64
16082,2023-04-04,144,38,2,392.18,North,784.36
16083,2024-01-03,619,41,2,211.84,North,423.68
16084,2022-12-27,354,44,1,454.68,North,454.68
16085,2024-10-14,281,11,3,496.81,South,1490.43
16086,2024-12-28,322,32,4,161.04,East,644.16
16087,2023-10-24,306,28,1,447.31,North,447.31
16088,2023-11-30,837,16,4,32.24,East,128.96
16089,2024-06-03,846,34,3,115.03,West,345.09000000000003
16090,2024-01-28,479,50,1,88.85,West,88.85
16091,2024-11-21,936,30,1,184.73,South,184.73
16092,2023-09-13,390,38,4,285.69,East,1142.76
16093,2022-07-01,64,22,1,362.79,East,362.79
16094,2023-11-17,796,5,4,452.37,East,1809.48
16095,2023-11-12,265,9,3,87.69,South,263.07
16096,2022-09-05,6,13,4,293.36,East,1173.44
16097,2023-09-12,913,39,3,281.8,North,845.4000000000001
16098,2022-01-30,168,23,3,234.65,North,703.95
16099,2024-05-22,355,27,5,350.35,West,1751.75
16100,2024-08-05,972,32,4,261.55,North,1046.2
16101,2024-09-11,173,31,2,279.59,South,559.18
16102,2022-11-13,850,33,5,452.63,West,2263.15
16103,2024-01-07,119,42,5,431.53,East,2157.6499999999996
16104,2022-06-17,939,26,4,292.89,East,1171.56
16105,2024-01-13,226,18,5,86.54,South,432.70000000000005
16106,2022-05-06,174,12,5,479.76,West,2398.8
16107,2023-07-27,959,3,1,315.12,East,315.12
16108,2022-04-30,129,5,3,405.66,West,1216.98
16109,2024-10-05,187,14,2,36.96,North,73.92
16110,2023-07-14,63,47,4,449.44,West,1797.76
16111,2024-12-18,975,12,1,349.81,East,349.81
16112,2023-11-28,893,4,2,345.86,East,691.72
16113,2022-08-11,274,16,2,63.96,West,127.92
16114,2024-10-31,598,11,1,359.3,East,359.3
16115,2024-03-03,210,36,4,47.55,East,190.2
16116,2024-03-24,193,38,3,37.35,East,112.05000000000001
16117,2022-11-06,750,48,1,169.42,West,169.42
16118,2024-10-08,532,2,5,21.35,East,106.75
16119,2024-01-19,952,13,2,88.22,South,176.44
16120,2024-11-23,182,8,5,365.8,North,1829.0
16121,2024-10-15,560,44,4,419.11,South,1676.44
16122,2023-04-26,228,21,3,97.97,South,293.90999999999997
16123,2023-07-28,566,26,3,413.42,North,1240.26
16124,2024-04-04,614,38,3,245.46,South,736.38
16125,2023-09-20,89,35,5,479.37,North,2396.85
16126,2024-04-23,144,15,4,78.26,West,313.04
16127,2024-09-15,660,40,5,36.25,North,181.25
16128,2023-02-23,742,30,2,424.09,North,848.18
16129,2022-01-30,815,2,3,187.37,West,562.11
16130,2022-10-25,250,16,4,234.01,North,936.04
16131,2024-12-20,225,13,5,260.78,East,1303.8999999999999
16132,2023-04-03,903,1,5,414.33,North,2071.65
16133,2022-10-31,919,43,5,47.24,South,236.20000000000002
16134,2024-08-15,971,28,5,280.05,South,1400.25
16135,2022-12-06,673,1,5,220.98,East,1104.8999999999999
16136,2023-03-24,168,40,2,176.74,East,353.48
16137,2024-05-30,110,34,3,180.58,East,541.74
16138,2023-06-24,773,13,5,465.87,South,2329.35
16139,2023-04-30,173,2,2,141.38,East,282.76
16140,2022-03-18,511,4,4,232.76,West,931.04
16141,2023-05-30,879,25,4,251.47,South,1005.88
16142,2024-08-01,297,34,2,362.73,East,725.46
16143,2023-10-21,904,13,2,264.3,East,528.6
16144,2022-04-02,243,36,2,314.4,West,628.8
16145,2023-04-11,209,32,4,205.43,West,821.72
16146,2023-04-11,243,21,5,362.12,North,1810.6
16147,2024-11-29,254,26,3,238.27,West,714.8100000000001
16148,2023-11-21,82,15,5,119.13,North,595.65
16149,2024-08-04,434,29,1,410.3,West,410.3
16150,2023-07-08,475,26,2,385.07,West,770.14
16151,2024-12-25,543,21,5,317.47,South,1587.3500000000001
16152,2022-04-19,4,12,3,265.75,North,797.25
16153,2022-04-02,194,12,5,112.16,North,560.8
16154,2024-09-29,56,5,1,435.49,North,435.49
16155,2023-01-03,261,42,1,57.62,West,57.62
16156,2024-03-30,593,26,5,197.76,North,988.8
16157,2023-02-27,566,32,3,427.75,North,1283.25
16158,2023-07-26,380,2,5,301.83,North,1509.1499999999999
16159,2024-05-11,487,8,2,224.92,West,449.84
16160,2023-03-11,96,27,3,397.77,North,1193.31
16161,2022-07-31,861,37,4,494.86,South,1979.44
16162,2023-06-10,336,8,3,102.52,North,307.56
16163,2023-04-13,769,24,5,34.86,North,174.3
16164,2024-03-02,716,13,5,236.86,East,1184.3000000000002
16165,2024-05-24,723,29,4,150.82,West,603.28
16166,2022-07-29,329,13,1,336.71,South,336.71
16167,2022-09-13,496,23,5,252.19,South,1260.95
16168,2022-03-14,829,47,1,254.51,East,254.51
16169,2022-05-27,638,15,1,183.94,South,183.94
16170,2022-11-13,519,24,2,113.23,South,226.46
16171,2023-08-29,926,43,1,114.59,South,114.59
16172,2023-07-29,125,23,3,199.62,North,598.86
16173,2023-07-01,783,10,1,344.1,North,344.1
16174,2024-04-14,620,38,2,175.2,North,350.4
16175,2022-11-08,260,5,5,169.75,East,848.75
16176,2024-03-18,831,5,5,218.25,East,1091.25
16177,2024-02-04,582,31,4,495.52,North,1982.08
16178,2022-05-14,550,40,1,54.71,West,54.71
16179,2024-08-05,687,1,3,154.38,North,463.14
16180,2023-03-12,700,2,4,153.08,West,612.32
16181,2022-12-24,739,49,4,487.51,South,1950.04
16182,2024-07-18,770,29,2,209.52,West,419.04
16183,2024-06-01,709,7,5,287.82,East,1439.1
16184,2022-09-09,8,29,1,107.08,East,107.08
16185,2022-05-15,563,9,1,16.23,South,16.23
16186,2023-06-07,373,36,5,176.24,East,881.2
16187,2024-03-14,222,7,2,323.13,West,646.26
16188,2023-10-22,880,28,2,348.85,North,697.7
16189,2022-11-15,531,10,2,379.4,North,758.8
16190,2022-03-21,350,16,3,431.73,East,1295.19
16191,2024-11-19,759,10,1,66.66,East,66.66
16192,2023-02-18,31,39,2,50.57,West,101.14
16193,2023-01-03,592,26,2,395.97,North,791.94
16194,2024-10-03,358,34,5,223.52,West,1117.6000000000001
16195,2024-09-19,22,34,4,474.09,East,1896.36
16196,2023-08-19,289,40,4,472.31,East,1889.24
16197,2024-10-14,754,14,4,79.41,South,317.64
16198,2023-12-02,214,18,1,348.7,East,348.7
16199,2024-11-10,712,1,3,42.88,North,128.64000000000001
16200,2023-07-03,165,17,1,207.67,East,207.67
16201,2022-09-03,140,49,5,422.44,West,2112.2
16202,2022-10-10,370,22,2,235.87,East,471.74
16203,2023-09-06,965,37,1,26.47,North,26.47
16204,2024-07-19,320,16,4,127.76,North,511.04
16205,2024-03-16,409,7,3,52.32,East,156.96
16206,2022-08-20,438,15,5,210.04,West,1050.2
16207,2022-11-12,797,21,2,351.38,West,702.76
16208,2024-04-17,13,2,3,333.58,East,1000.74
16209,2023-02-15,501,48,1,362.28,East,362.28
16210,2022-09-02,26,25,1,198.07,West,198.07
16211,2023-01-22,534,9,3,139.99,West,419.97
16212,2023-11-20,861,20,3,37.9,West,113.69999999999999
16213,2022-12-24,76,50,2,471.37,East,942.74
16214,2024-10-18,366,10,4,67.96,East,271.84
16215,2023-09-06,491,21,3,97.34,East,292.02
16216,2024-03-08,92,4,2,22.25,South,44.5
16217,2022-01-22,841,30,3,165.41,West,496.23
16218,2022-01-19,887,34,3,411.24,North,1233.72
16219,2022-10-03,266,30,4,172.8,East,691.2
16220,2023-10-21,560,14,2,336.33,West,672.66
16221,2024-06-16,499,22,1,483.12,West,483.12
16222,2023-07-06,170,1,2,447.34,North,894.68
16223,2023-11-10,346,8,2,98.19,South,196.38
16224,2023-08-26,757,11,2,186.01,North,372.02
16225,2024-12-31,228,1,4,378.06,North,1512.24
16226,2022-12-31,699,5,4,489.05,West,1956.2
16227,2024-03-05,949,45,5,360.81,North,1804.05
16228,2023-10-14,680,49,1,133.58,South,133.58
16229,2023-08-13,203,10,4,75.08,West,300.32
16230,2022-07-18,446,39,4,252.63,East,1010.52
16231,2022-01-17,518,13,2,104.55,West,209.1
16232,2022-08-06,132,21,2,121.53,South,243.06
16233,2024-01-11,245,36,3,320.87,South,962.61
16234,2023-10-12,91,45,3,262.27,South,786.81
16235,2022-05-27,823,33,3,69.14,North,207.42000000000002
16236,2023-11-01,126,43,4,85.3,South,341.2
16237,2023-10-27,472,28,3,19.52,South,58.56
16238,2024-05-05,965,9,1,117.63,West,117.63
16239,2022-11-26,242,45,3,444.78,West,1334.34
16240,2024-06-13,502,11,5,398.59,West,1992.9499999999998
16241,2022-04-11,761,40,5,213.24,West,1066.2
16242,2022-11-23,387,29,2,373.55,North,747.1
16243,2022-11-23,7,7,4,209.41,North,837.64
16244,2022-01-10,88,27,5,398.13,North,1990.65
16245,2022-12-19,598,22,1,99.15,South,99.15
16246,2022-07-02,908,31,2,84.73,West,169.46
16247,2023-03-31,867,30,5,48.19,North,240.95
16248,2022-01-06,145,28,3,128.49,East,385.47
16249,2022-07-30,451,20,5,81.69,East,408.45
16250,2022-02-20,331,15,5,401.33,North,2006.6499999999999
16251,2024-10-06,710,15,2,127.59,South,255.18
16252,2023-01-12,875,12,4,262.94,South,1051.76
16253,2023-10-02,164,17,3,380.54,East,1141.6200000000001
16254,2024-02-09,657,23,3,341.77,West,1025.31
16255,2024-12-10,342,6,3,110.25,South,330.75
16256,2022-06-03,1,45,3,47.77,East,143.31
16257,2023-08-05,120,16,4,456.76,West,1827.04
16258,2024-02-27,579,27,3,314.78,West,944.3399999999999
16259,2024-03-01,464,23,4,356.22,North,1424.88
16260,2022-05-14,867,1,2,199.15,East,398.3
16261,2022-08-08,462,45,1,128.39,South,128.39
16262,2022-06-12,49,7,4,270.0,East,1080.0
16263,2024-08-28,819,45,3,48.16,South,144.48
16264,2023-10-10,327,39,2,401.99,East,803.98
16265,2023-07-23,474,40,2,330.71,North,661.42
16266,2024-08-03,888,50,5,383.2,East,1916.0
16267,2023-11-20,939,49,5,288.94,North,1444.7
16268,2022-04-25,368,48,1,293.18,North,293.18
16269,2022-05-03,287,49,1,304.18,North,304.18
16270,2024-03-14,24,40,5,394.24,South,1971.2
16271,2024-04-18,723,39,5,120.44,North,602.2
16272,2024-12-28,293,18,2,343.95,South,687.9
16273,2024-04-05,449,36,4,280.83,West,1123.32
16274,2022-03-04,985,22,5,252.6,North,1263.0
16275,2024-01-03,63,2,3,275.04,East,825.1200000000001
16276,2024-11-05,568,48,4,143.38,East,573.52
16277,2023-08-13,458,26,4,28.17,West,112.68
16278,2024-08-05,530,50,3,381.99,North,1145.97
16279,2022-08-05,874,32,3,458.93,West,1376.79
16280,2023-04-24,961,23,3,245.57,East,736.71
16281,2024-09-03,413,40,2,420.57,East,841.14
16282,2022-08-25,589,46,5,282.08,South,1410.3999999999999
16283,2023-04-21,260,18,5,465.85,South,2329.25
16284,2023-08-21,633,19,2,259.12,West,518.24
16285,2022-05-09,908,24,4,110.38,East,441.52
16286,2023-05-25,184,4,2,436.36,North,872.72
16287,2022-06-14,48,46,5,402.13,North,2010.65
16288,2022-10-04,147,2,1,205.03,South,205.03
16289,2022-09-14,794,30,2,422.54,East,845.08
16290,2024-09-18,876,49,1,14.43,South,14.43
16291,2023-07-24,806,38,1,401.88,North,401.88
16292,2022-05-21,592,31,3,347.14,South,1041.42
16293,2023-11-17,748,40,3,196.04,East,588.12
16294,2023-11-18,409,16,3,397.88,North,1193.6399999999999
16295,2023-12-17,440,33,1,72.06,East,72.06
16296,2024-10-19,458,50,5,109.63,North,548.15
16297,2024-12-10,229,3,3,271.45,East,814.3499999999999
16298,2022-06-27,284,18,3,441.7,East,1325.1
16299,2024-07-10,573,10,4,73.75,South,295.0
16300,2023-06-27,732,2,1,286.49,North,286.49
16301,2024-08-20,345,30,1,379.03,West,379.03
16302,2022-12-30,601,30,3,374.24,East,1122.72
16303,2024-12-14,947,25,4,317.7,North,1270.8
16304,2024-12-03,908,43,4,471.05,West,1884.2
16305,2023-08-16,264,24,2,246.25,South,492.5
16306,2023-06-26,740,35,2,441.32,West,882.64
16307,2022-11-18,378,10,3,313.6,West,940.8000000000001
16308,2023-10-10,103,48,1,371.36,East,371.36
16309,2022-01-14,954,30,4,237.77,North,951.08
16310,2023-09-10,600,26,4,92.13,South,368.52
16311,2022-12-25,23,35,4,63.46,West,253.84
16312,2022-07-13,293,24,1,344.34,East,344.34
16313,2022-12-29,267,20,2,194.47,North,388.94
16314,2024-11-29,529,39,3,288.07,South,864.21
16315,2024-02-07,476,49,2,375.56,West,751.12
16316,2023-02-01,952,40,4,395.38,West,1581.52
16317,2022-04-17,949,35,4,259.73,West,1038.92
16318,2024-11-06,451,39,1,164.11,South,164.11
16319,2023-06-11,898,10,1,390.18,East,390.18
16320,2024-10-07,285,27,1,213.52,East,213.52
16321,2024-02-23,313,15,3,469.0,East,1407.0
16322,2023-06-09,162,15,5,414.04,North,2070.2000000000003
16323,2024-12-02,590,37,5,375.99,South,1879.95
16324,2023-09-18,122,35,3,128.21,South,384.63
16325,2022-12-16,481,3,3,187.75,West,563.25
16326,2024-11-19,112,29,3,426.0,East,1278.0
16327,2024-10-02,239,4,2,21.34,West,42.68
16328,2023-06-26,210,47,3,392.92,West,1178.76
16329,2024-08-19,349,16,2,208.03,South,416.06
16330,2022-04-04,511,5,1,401.68,East,401.68
16331,2024-06-17,2,21,4,280.67,East,1122.68
16332,2022-03-30,892,40,5,268.14,South,1340.6999999999998
16333,2023-05-18,715,42,4,353.78,South,1415.12
16334,2024-02-06,799,21,5,405.1,North,2025.5
16335,2022-08-02,629,2,1,349.79,West,349.79
16336,2023-06-10,881,14,5,230.85,West,1154.25
16337,2022-07-11,461,5,1,167.21,East,167.21
16338,2023-11-25,812,7,4,424.36,South,1697.44
16339,2023-10-04,895,11,2,265.18,East,530.36
16340,2023-07-09,858,35,5,393.9,South,1969.5
16341,2023-01-22,952,30,3,497.9,East,1493.6999999999998
16342,2023-11-12,482,44,2,325.5,East,651.0
16343,2024-02-15,950,46,2,146.39,East,292.78
16344,2022-07-22,949,1,1,434.12,East,434.12
16345,2024-10-06,626,16,4,144.1,East,576.4
16346,2023-03-23,586,47,3,137.6,North,412.79999999999995
16347,2024-06-18,972,1,4,46.23,West,184.92
16348,2024-12-27,241,22,4,48.5,West,194.0
16349,2024-02-17,982,13,2,432.54,West,865.08
16350,2022-06-27,814,27,3,123.06,South,369.18
16351,2024-04-08,54,15,5,63.26,South,316.3
16352,2023-07-13,671,17,3,182.77,North,548.3100000000001
16353,2024-10-23,467,9,1,359.64,North,359.64
16354,2022-04-13,109,5,2,176.42,North,352.84
16355,2022-04-26,280,23,3,161.55,North,484.65000000000003
16356,2024-05-08,665,44,1,249.15,East,249.15
16357,2023-04-09,675,49,5,20.39,North,101.95
16358,2022-04-14,57,43,4,250.63,North,1002.52
16359,2022-09-16,840,11,4,495.11,North,1980.44
16360,2024-07-17,837,24,1,401.68,North,401.68
16361,2024-03-20,214,8,2,44.54,West,89.08
16362,2023-10-04,508,47,4,330.86,East,1323.44
16363,2024-03-17,28,34,2,235.94,North,471.88
16364,2024-10-19,204,42,2,414.86,South,829.72
16365,2023-07-14,545,31,4,58.28,West,233.12
16366,2022-01-27,309,22,5,124.04,West,620.2
16367,2023-05-23,634,14,3,397.66,South,1192.98
16368,2023-06-11,528,5,4,426.11,East,1704.44
16369,2024-02-14,666,17,3,269.36,East,808.08
16370,2024-08-10,908,18,2,19.65,West,39.3
16371,2022-10-25,343,19,5,447.92,South,2239.6
16372,2024-02-16,218,7,2,197.55,East,395.1
16373,2022-12-27,617,26,5,29.44,West,147.20000000000002
16374,2023-05-19,589,25,1,411.22,South,411.22
16375,2023-08-11,87,18,5,214.85,East,1074.25
16376,2022-01-30,31,44,5,103.1,East,515.5
16377,2022-05-06,100,15,2,402.77,West,805.54
16378,2023-08-19,667,29,4,234.28,North,937.12
16379,2022-09-20,804,46,4,307.83,West,1231.32
16380,2024-07-24,315,42,3,413.33,West,1239.99
16381,2024-05-21,495,49,1,265.99,West,265.99
16382,2022-01-02,618,1,5,64.13,South,320.65
16383,2023-01-29,471,4,3,482.24,East,1446.72
16384,2022-11-02,742,9,5,150.4,South,752.0
16385,2023-06-14,515,36,5,497.18,East,2485.9
16386,2023-06-12,734,32,1,12.95,South,12.95
16387,2024-08-22,633,24,1,247.06,North,247.06
16388,2023-11-02,672,37,3,355.42,North,1066.26
16389,2022-12-18,783,18,4,454.09,North,1816.36
16390,2024-03-20,998,15,5,392.37,West,1961.85
16391,2022-07-28,331,20,2,135.26,South,270.52
16392,2024-08-15,194,40,3,129.22,South,387.65999999999997
16393,2022-07-24,730,2,5,184.73,East,923.65
16394,2023-09-17,191,25,1,64.16,North,64.16
16395,2023-12-22,252,13,1,338.09,South,338.09
16396,2023-09-28,738,27,1,471.22,South,471.22
16397,2024-11-04,1,13,1,324.63,North,324.63
16398,2024-05-07,459,28,4,271.35,West,1085.4
16399,2023-04-21,645,46,4,256.64,South,1026.56
16400,2022-10-25,90,15,5,300.38,East,1501.9
16401,2023-07-11,518,29,5,358.2,North,1791.0
16402,2022-04-17,483,21,3,399.55,West,1198.65
16403,2022-05-08,756,44,1,352.18,North,352.18
16404,2023-04-04,645,31,1,355.47,North,355.47
16405,2022-02-07,116,23,2,476.35,North,952.7
16406,2022-07-17,73,37,2,450.68,South,901.36
16407,2022-12-23,156,3,1,413.72,North,413.72
16408,2022-01-07,723,50,2,31.25,East,62.5
16409,2023-06-03,69,35,2,337.75,West,675.5
16410,2022-07-13,471,14,1,232.94,West,232.94
16411,2022-11-12,492,2,4,312.62,North,1250.48
16412,2024-10-21,300,50,4,346.28,South,1385.12
16413,2024-12-21,144,13,5,360.18,East,1800.9
16414,2022-12-09,711,2,4,436.02,East,1744.08
16415,2023-08-24,206,12,1,455.9,East,455.9
16416,2024-11-07,918,27,2,307.35,West,614.7
16417,2023-09-12,713,34,1,448.14,East,448.14
16418,2024-04-01,751,40,3,384.66,North,1153.98
16419,2022-08-23,407,5,2,109.34,West,218.68
16420,2024-12-28,939,25,1,27.3,North,27.3
16421,2023-03-23,580,11,5,14.85,East,74.25
16422,2023-09-02,683,13,5,297.45,South,1487.25
16423,2022-01-08,922,28,2,265.58,South,531.16
16424,2023-04-07,297,21,4,351.22,East,1404.88
16425,2024-09-26,582,49,5,422.99,West,2114.95
16426,2022-05-14,799,48,3,90.58,West,271.74
16427,2023-01-20,529,26,2,429.65,South,859.3
16428,2022-02-25,137,27,3,58.06,East,174.18
16429,2024-09-19,219,26,2,442.79,East,885.58
16430,2022-05-18,823,15,4,426.74,North,1706.96
16431,2023-06-19,518,50,1,351.51,North,351.51
16432,2022-05-24,710,6,2,157.01,East,314.02
16433,2024-05-18,448,4,1,55.77,West,55.77
16434,2023-10-18,132,4,2,391.26,North,782.52
16435,2022-02-25,363,30,4,116.76,West,467.04
16436,2023-09-12,963,13,3,226.06,West,678.1800000000001
16437,2024-10-26,344,9,1,270.12,South,270.12
16438,2023-06-26,696,42,3,345.87,North,1037.6100000000001
16439,2023-03-23,18,14,2,248.84,West,497.68
16440,2024-05-23,416,28,2,350.32,West,700.64
16441,2023-10-01,725,40,4,408.88,East,1635.52
16442,2023-09-03,560,3,2,359.4,East,718.8
16443,2024-04-16,541,41,4,156.76,East,627.04
16444,2024-02-19,928,29,2,448.2,West,896.4
16445,2024-04-16,153,33,3,279.78,West,839.3399999999999
16446,2023-05-25,332,15,2,238.03,West,476.06
16447,2024-03-22,750,47,1,291.77,South,291.77
16448,2023-07-18,319,39,5,246.78,North,1233.9
16449,2022-09-22,777,15,1,380.0,North,380.0
16450,2022-01-10,199,7,1,216.13,North,216.13
16451,2022-10-29,526,45,4,390.59,East,1562.36
16452,2024-03-15,788,12,2,382.48,South,764.96
16453,2024-12-11,980,50,3,145.67,East,437.01
16454,2022-04-09,10,39,2,57.01,West,114.02
16455,2023-08-16,139,7,5,426.97,North,2134.8500000000004
16456,2024-11-02,167,47,2,92.77,South,185.54
16457,2022-12-23,147,41,5,25.28,North,126.4
16458,2024-07-16,403,6,5,207.14,East,1035.6999999999998
16459,2022-01-11,757,26,1,134.53,West,134.53
16460,2022-03-22,939,9,5,117.98,East,589.9
16461,2022-01-06,445,24,5,94.43,South,472.15000000000003
16462,2023-01-08,70,30,3,377.11,South,1131.33
16463,2023-04-26,328,16,4,393.88,South,1575.52
16464,2022-08-10,833,48,2,32.73,West,65.46
16465,2023-05-30,919,27,3,277.94,North,833.8199999999999
16466,2024-12-19,616,33,4,76.22,North,304.88
16467,2022-08-09,229,23,1,254.78,South,254.78
16468,2022-12-15,828,45,3,180.49,East,541.47
16469,2022-08-16,650,19,3,108.89,East,326.67
16470,2022-10-17,319,36,1,474.55,South,474.55
16471,2022-10-20,898,19,5,478.81,East,2394.05
16472,2024-03-20,36,22,1,286.35,East,286.35
16473,2024-08-13,630,42,2,102.14,West,204.28
16474,2023-01-23,255,45,1,295.8,East,295.8
16475,2023-09-07,313,33,3,464.96,South,1394.8799999999999
16476,2023-01-01,962,45,1,195.1,North,195.1
16477,2023-10-20,335,10,2,77.49,West,154.98
16478,2022-10-17,20,47,5,349.91,North,1749.5500000000002
16479,2022-07-08,298,32,5,331.57,West,1657.85
16480,2024-07-06,21,15,4,10.68,West,42.72
16481,2024-07-12,478,39,4,428.27,West,1713.08
16482,2024-09-14,768,46,2,333.77,North,667.54
16483,2023-01-10,760,8,4,105.89,South,423.56
16484,2024-01-30,472,25,5,11.59,East,57.95
16485,2022-08-05,962,18,5,486.43,North,2432.15
16486,2024-12-01,678,15,4,379.79,East,1519.16
16487,2022-07-13,470,26,1,188.88,West,188.88
16488,2022-06-12,349,41,5,222.07,West,1110.35
16489,2022-10-03,767,44,4,274.04,West,1096.16
16490,2022-12-30,590,21,4,362.13,East,1448.52
16491,2024-02-14,965,22,2,94.74,West,189.48
16492,2023-04-25,792,46,2,105.91,South,211.82
16493,2023-11-20,794,34,5,33.65,South,168.25
16494,2023-04-05,386,37,3,493.04,West,1479.1200000000001
16495,2023-06-23,942,37,4,439.03,South,1756.12
16496,2024-08-31,877,14,1,280.95,South,280.95
16497,2022-03-26,546,4,3,220.83,North,662.49
16498,2022-08-31,446,24,4,126.35,East,505.4
16499,2024-05-29,983,2,3,301.54,West,904.6200000000001
16500,2023-10-19,937,1,4,348.35,North,1393.4
16501,2022-03-29,99,2,4,347.7,East,1390.8
16502,2024-01-12,655,13,3,13.15,West,39.45
16503,2024-09-11,55,27,2,354.0,North,708.0
16504,2023-04-16,3,17,4,434.52,East,1738.08
16505,2023-02-20,332,45,5,66.31,West,331.55
16506,2024-12-10,934,17,3,380.13,South,1140.3899999999999
16507,2023-11-13,435,5,2,413.39,South,826.78
16508,2024-12-22,913,24,1,145.32,East,145.32
16509,2024-06-17,486,8,4,358.93,North,1435.72
16510,2023-08-24,219,44,4,57.41,East,229.64
16511,2024-02-15,211,9,5,328.11,West,1640.5500000000002
16512,2024-06-19,817,18,2,260.06,South,520.12
16513,2023-04-28,496,16,4,426.43,South,1705.72
16514,2022-06-18,661,32,2,231.46,South,462.92
16515,2022-05-27,232,40,4,219.77,West,879.08
16516,2023-03-15,600,39,1,467.55,North,467.55
16517,2024-06-06,920,41,5,467.79,West,2338.9500000000003
16518,2022-06-09,723,44,1,27.5,East,27.5
16519,2024-03-24,735,46,1,247.93,North,247.93
16520,2023-02-06,808,32,3,88.87,South,266.61
16521,2023-08-09,148,42,1,144.12,South,144.12
16522,2024-05-13,207,48,5,336.41,North,1682.0500000000002
16523,2024-11-07,360,2,5,73.35,East,366.75
16524,2022-05-20,419,38,4,15.52,North,62.08
16525,2022-11-24,944,43,1,366.29,West,366.29
16526,2022-08-13,739,4,2,324.26,West,648.52
16527,2023-07-12,417,5,3,452.31,South,1356.93
16528,2023-03-15,872,37,3,275.73,East,827.19
16529,2023-01-21,696,49,3,473.21,West,1419.6299999999999
16530,2023-06-05,553,37,5,308.56,East,1542.8
16531,2023-09-12,182,26,5,199.7,East,998.5
16532,2024-02-26,556,43,4,308.15,South,1232.6
16533,2024-12-30,210,9,1,377.1,South,377.1
16534,2023-07-05,849,15,5,180.3,West,901.5
16535,2023-03-23,968,24,3,192.54,South,577.62
16536,2022-04-17,250,24,5,318.67,West,1593.3500000000001
16537,2024-07-04,512,35,1,233.24,South,233.24
16538,2024-06-22,596,48,5,268.22,North,1341.1000000000001
16539,2023-06-28,139,41,1,491.22,West,491.22
16540,2022-10-07,990,25,4,31.45,East,125.8
16541,2022-01-24,987,26,5,327.47,West,1637.3500000000001
16542,2024-08-09,231,23,1,462.21,North,462.21
16543,2022-04-30,910,6,1,125.74,South,125.74
16544,2024-05-04,938,41,2,113.89,South,227.78
16545,2024-10-12,975,27,4,187.87,East,751.48
16546,2024-08-01,12,19,5,46.3,West,231.5
16547,2023-03-24,980,31,2,284.54,West,569.08
16548,2024-09-22,273,38,5,326.27,West,1631.35
16549,2024-11-13,488,43,3,411.74,West,1235.22
16550,2024-12-20,90,32,3,42.43,East,127.28999999999999
16551,2022-03-25,974,2,1,223.73,South,223.73
16552,2022-08-13,25,18,2,394.26,South,788.52
16553,2022-07-05,538,28,1,386.47,East,386.47
16554,2023-01-10,943,7,1,46.08,South,46.08
16555,2022-03-13,665,23,1,15.58,West,15.58
16556,2022-03-15,985,36,3,393.83,North,1181.49
16557,2022-06-02,572,24,1,77.61,North,77.61
16558,2022-04-06,60,28,1,293.12,East,293.12
16559,2023-03-21,795,25,1,56.18,North,56.18
16560,2024-04-07,171,39,1,154.8,South,154.8
16561,2024-12-10,588,49,2,87.44,West,174.88
16562,2023-01-12,788,4,5,370.83,East,1854.1499999999999
16563,2024-02-04,447,45,2,339.63,West,679.26
16564,2022-07-31,720,19,4,76.3,South,305.2
16565,2023-12-25,921,4,2,39.07,South,78.14
16566,2024-02-14,667,13,4,238.5,East,954.0
16567,2022-11-27,692,1,3,105.82,South,317.46
16568,2024-01-21,594,34,5,13.99,North,69.95
16569,2024-04-03,10,7,1,139.49,West,139.49
16570,2023-01-29,243,25,4,115.47,West,461.88
16571,2023-05-27,178,23,3,345.63,South,1036.8899999999999
16572,2023-11-17,798,30,5,431.82,North,2159.1
16573,2023-09-13,257,49,4,126.44,West,505.76
16574,2023-08-27,310,7,3,119.29,South,357.87
16575,2023-12-19,516,45,1,200.01,East,200.01
16576,2022-12-15,215,17,3,94.55,South,283.65
16577,2023-05-30,903,33,3,473.94,East,1421.82
16578,2023-02-03,30,2,1,129.33,East,129.33
16579,2022-08-02,346,38,4,55.73,South,222.92
16580,2023-07-16,65,44,3,282.88,North,848.64
16581,2022-09-15,636,13,1,273.43,South,273.43
16582,2023-11-25,797,32,4,319.64,West,1278.56
16583,2024-11-29,153,22,1,483.68,North,483.68
16584,2024-09-24,40,9,2,168.51,South,337.02
16585,2024-03-30,26,17,4,186.19,North,744.76
16586,2022-07-29,273,18,2,175.15,East,350.3
16587,2022-09-29,159,40,3,318.03,North,954.0899999999999
16588,2023-08-22,701,40,3,305.99,East,917.97
16589,2024-12-19,776,27,3,269.12,East,807.36
16590,2024-11-04,581,11,4,188.52,West,754.08
16591,2024-10-19,1,28,5,219.55,South,1097.75
16592,2022-09-12,79,8,4,398.33,West,1593.32
16593,2024-01-07,228,50,4,308.53,West,1234.12
16594,2023-12-23,327,18,5,360.99,East,1804.95
16595,2023-06-19,558,13,4,145.6,West,582.4
16596,2024-10-20,620,33,2,456.63,East,913.26
16597,2022-01-17,501,15,5,27.23,South,136.15
16598,2024-05-31,475,22,5,301.89,North,1509.4499999999998
16599,2024-08-11,355,38,2,408.05,South,816.1
16600,2024-04-05,124,30,5,434.48,North,2172.4
16601,2024-09-18,987,6,5,166.58,West,832.9000000000001
16602,2024-05-27,660,45,2,235.28,West,470.56
16603,2022-07-04,978,34,1,27.1,North,27.1
16604,2024-11-01,424,19,1,396.99,West,396.99
16605,2022-03-21,252,49,1,71.04,South,71.04
16606,2024-03-19,514,33,2,219.76,East,439.52
16607,2022-10-29,734,14,3,495.5,North,1486.5
16608,2022-05-13,701,48,4,459.69,East,1838.76
16609,2024-10-25,507,47,5,171.71,North,858.5500000000001
16610,2024-01-26,486,41,2,119.7,South,239.4
16611,2023-09-21,478,19,4,133.33,West,533.32
16612,2024-10-06,583,40,2,345.54,West,691.08
16613,2024-02-12,871,15,5,365.64,North,1828.1999999999998
16614,2022-05-21,333,10,3,116.08,West,348.24
16615,2023-04-28,609,2,2,127.6,East,255.2
16616,2022-12-11,232,50,4,168.46,East,673.84
16617,2023-04-19,542,2,4,222.26,East,889.04
16618,2024-12-30,30,21,5,459.56,West,2297.8
16619,2022-06-24,727,12,1,22.99,South,22.99
16620,2024-04-21,173,10,5,322.72,South,1613.6000000000001
16621,2024-05-15,792,12,5,432.23,East,2161.15
16622,2023-04-14,468,39,1,364.45,South,364.45
16623,2023-10-06,476,2,3,116.2,West,348.6
16624,2023-11-12,952,1,2,243.61,South,487.22
16625,2024-08-12,723,2,4,456.04,West,1824.16
16626,2024-04-28,317,23,2,66.7,South,133.4
16627,2022-08-29,397,28,2,493.88,West,987.76
16628,2023-12-03,125,17,4,80.38,West,321.52
16629,2022-12-06,80,40,1,79.78,South,79.78
16630,2024-03-03,696,21,4,408.3,West,1633.2
16631,2024-01-14,527,44,1,415.89,South,415.89
16632,2023-04-08,523,34,1,28.58,West,28.58
16633,2024-03-11,396,9,5,92.47,South,462.35
16634,2022-01-15,854,17,3,474.78,South,1424.34
16635,2024-11-30,89,49,5,146.88,South,734.4
16636,2022-07-27,3,42,3,16.0,South,48.0
16637,2024-12-19,536,45,1,134.48,North,134.48
16638,2022-12-31,601,32,5,370.36,East,1851.8000000000002
16639,2023-08-31,521,5,2,459.06,South,918.12
16640,2022-06-09,988,14,4,86.03,North,344.12
16641,2023-02-01,558,46,4,119.96,West,479.84
16642,2024-03-04,606,47,4,226.35,North,905.4
16643,2023-05-15,71,25,3,376.67,North,1130.01
16644,2022-07-28,700,22,4,332.76,North,1331.04
16645,2023-03-09,139,5,3,170.49,North,511.47
16646,2023-09-01,10,38,3,42.51,East,127.53
16647,2023-01-24,515,9,3,133.95,North,401.84999999999997
16648,2024-09-23,531,31,2,117.59,East,235.18
16649,2023-08-06,130,41,1,20.32,West,20.32
16650,2023-03-08,401,21,2,487.77,West,975.54
16651,2022-12-17,221,36,1,135.13,North,135.13
16652,2022-05-14,642,1,2,419.9,West,839.8
16653,2024-12-25,437,22,3,247.58,East,742.74
16654,2023-10-01,400,23,1,486.42,East,486.42
16655,2022-04-27,113,23,4,83.28,North,333.12
16656,2022-05-29,650,15,2,64.23,South,128.46
16657,2022-06-28,452,46,1,11.21,East,11.21
16658,2022-05-28,555,1,4,362.04,West,1448.16
16659,2023-04-10,218,6,5,160.12,South,800.6
16660,2024-09-02,58,40,3,436.47,South,1309.41
16661,2023-07-23,113,35,2,320.56,North,641.12
16662,2024-10-25,700,17,2,292.94,West,585.88
16663,2023-06-10,122,23,5,248.58,South,1242.9
16664,2022-10-07,408,20,1,136.51,East,136.51
16665,2023-05-14,460,28,2,41.7,North,83.4
16666,2024-04-15,85,37,2,227.35,South,454.7
16667,2023-03-12,618,18,2,58.57,South,117.14
16668,2024-03-26,400,7,2,453.81,North,907.62
16669,2023-11-18,356,49,5,416.37,West,2081.85
16670,2024-04-07,99,47,3,313.68,North,941.04
16671,2024-08-26,521,20,2,231.7,North,463.4
16672,2023-09-04,518,24,5,232.56,South,1162.8
16673,2023-08-18,108,16,4,237.61,West,950.44
16674,2022-05-12,961,13,2,375.28,West,750.56
16675,2023-01-28,974,28,1,71.84,North,71.84
16676,2023-04-26,152,7,5,270.33,West,1351.6499999999999
16677,2023-09-20,906,15,1,408.21,North,408.21
16678,2023-02-23,850,23,3,259.96,North,779.8799999999999
16679,2023-10-14,749,23,4,16.73,East,66.92
16680,2023-10-20,969,31,1,129.9,East,129.9
16681,2023-04-07,27,5,2,337.61,North,675.22
16682,2022-06-01,119,27,5,467.76,East,2338.8
16683,2022-08-10,723,44,4,447.94,South,1791.76
16684,2022-03-20,100,10,5,413.13,North,2065.65
16685,2022-04-09,3,42,4,475.58,South,1902.32
16686,2024-06-30,806,7,1,147.16,North,147.16
16687,2022-08-01,969,32,3,16.07,South,48.21
16688,2023-12-03,842,23,5,183.64,East,918.1999999999999
16689,2024-12-11,329,47,2,292.74,North,585.48
16690,2024-08-24,529,9,5,165.07,North,825.3499999999999
16691,2022-05-15,106,29,3,31.66,East,94.98
16692,2023-02-15,230,27,1,258.52,South,258.52
16693,2024-02-24,304,38,2,107.85,North,215.7
16694,2024-12-03,177,21,2,366.51,East,733.02
16695,2022-09-18,939,43,1,53.71,East,53.71
16696,2024-01-13,84,6,5,479.48,West,2397.4
16697,2023-06-29,263,26,2,439.57,East,879.14
16698,2023-01-23,196,20,5,438.19,East,2190.95
16699,2022-01-16,249,15,5,397.05,South,1985.25
16700,2023-10-24,382,45,1,320.46,North,320.46
16701,2022-04-12,458,38,3,36.18,North,108.53999999999999
16702,2024-08-08,661,20,3,334.59,East,1003.77
16703,2024-07-19,718,15,5,375.99,East,1879.95
16704,2022-01-25,409,29,1,74.1,West,74.1
16705,2024-12-31,81,6,3,311.72,East,935.1600000000001
16706,2022-01-18,701,16,5,244.65,North,1223.25
16707,2023-07-24,412,1,2,241.5,North,483.0
16708,2024-10-13,206,6,2,107.74,West,215.48
16709,2024-04-10,820,16,4,372.32,North,1489.28
16710,2024-11-01,781,33,4,463.31,West,1853.24
16711,2024-10-31,802,7,4,396.02,East,1584.08
16712,2022-06-12,895,10,3,190.83,South,572.49
16713,2024-05-21,873,8,2,492.25,West,984.5
16714,2024-04-14,963,21,2,188.44,North,376.88
16715,2024-05-06,388,26,3,124.87,West,374.61
16716,2024-12-04,812,37,2,484.36,South,968.72
16717,2024-08-27,894,18,2,397.01,West,794.02
16718,2023-08-16,767,4,5,383.01,West,1915.05
16719,2022-09-12,399,20,2,47.94,West,95.88
16720,2022-03-08,980,48,5,104.09,North,520.45
16721,2024-07-06,8,42,4,19.07,East,76.28
16722,2023-09-06,626,48,1,390.56,East,390.56
16723,2024-08-31,517,40,5,146.34,North,731.7
16724,2023-08-26,450,19,2,74.79,East,149.58
16725,2024-12-01,476,33,4,99.13,East,396.52
16726,2023-01-19,342,23,1,324.15,North,324.15
16727,2024-08-23,73,9,1,222.19,South,222.19
16728,2023-04-30,860,38,4,471.28,South,1885.12
16729,2022-02-08,121,45,4,189.29,East,757.16
16730,2022-01-11,302,45,1,418.6,East,418.6
16731,2023-09-16,961,18,1,277.77,West,277.77
16732,2023-02-13,884,46,2,355.62,South,711.24
16733,2022-04-18,996,2,5,92.64,North,463.2
16734,2022-03-25,881,48,5,377.0,North,1885.0
16735,2022-02-27,234,17,1,51.97,South,51.97
16736,2024-11-05,66,16,1,348.65,East,348.65
16737,2024-09-17,230,46,3,238.1,North,714.3
16738,2024-04-17,922,45,1,121.98,West,121.98
16739,2023-08-28,543,48,5,245.39,South,1226.9499999999998
16740,2024-08-26,819,24,2,429.28,South,858.56
16741,2022-06-14,809,31,3,85.81,East,257.43
16742,2023-03-13,51,1,5,93.12,West,465.6
16743,2023-12-28,659,28,2,271.66,South,543.32
16744,2023-02-07,607,49,3,316.37,South,949.11
16745,2023-12-17,329,33,3,215.9,East,647.7
16746,2024-03-24,387,42,3,140.53,North,421.59000000000003
16747,2023-12-23,38,37,3,42.92,South,128.76
16748,2023-06-15,710,39,3,34.4,East,103.19999999999999
16749,2022-10-20,753,4,3,30.0,East,90.0
16750,2024-10-19,173,1,4,451.63,West,1806.52
16751,2023-04-07,493,33,2,74.37,West,148.74
16752,2023-10-04,768,10,5,154.61,North,773.0500000000001
16753,2022-02-13,455,3,1,493.09,South,493.09
16754,2024-06-10,41,37,5,464.46,West,2322.2999999999997
16755,2023-09-28,921,45,4,31.0,South,124.0
16756,2023-06-23,985,21,4,280.12,South,1120.48
16757,2024-05-11,946,9,3,320.41,South,961.23
16758,2023-06-03,129,40,4,36.52,South,146.08
16759,2023-12-12,54,43,5,366.78,North,1833.8999999999999
16760,2022-03-30,86,24,4,494.06,South,1976.24
16761,2024-11-07,724,46,5,220.4,East,1102.0
16762,2023-11-04,269,8,3,230.21,South,690.63
16763,2024-05-13,296,24,3,333.08,North,999.24
16764,2024-06-08,21,24,4,370.91,North,1483.64
16765,2023-02-26,215,10,1,396.99,South,396.99
16766,2024-05-25,425,35,3,48.01,West,144.03
16767,2023-12-03,189,4,2,402.34,West,804.68
16768,2022-12-04,161,44,2,433.4,South,866.8
16769,2022-09-23,713,9,3,32.16,West,96.47999999999999
16770,2024-03-13,541,11,4,29.18,East,116.72
16771,2022-12-26,381,43,3,279.94,East,839.8199999999999
16772,2024-10-10,244,48,4,253.44,South,1013.76
16773,2022-08-05,183,13,5,490.25,West,2451.25
16774,2022-11-17,544,27,1,154.26,North,154.26
16775,2024-04-29,779,30,1,299.2,East,299.2
16776,2023-12-20,948,46,5,258.27,South,1291.35
16777,2024-09-18,548,39,5,272.51,North,1362.55
16778,2024-08-10,93,12,5,333.24,North,1666.2
16779,2023-12-18,368,19,1,273.42,East,273.42
16780,2024-09-11,159,40,3,13.4,West,40.2
16781,2024-06-14,398,4,2,423.42,North,846.84
16782,2022-10-14,959,49,4,108.57,South,434.28
16783,2024-01-27,180,34,2,123.27,South,246.54
16784,2023-05-11,438,23,4,327.51,West,1310.04
16785,2023-06-26,373,45,1,244.1,West,244.1
16786,2023-09-27,306,26,3,291.5,West,874.5
16787,2024-07-27,985,7,2,253.77,West,507.54
16788,2024-11-18,379,18,5,214.75,South,1073.75
16789,2023-11-29,950,42,5,246.82,South,1234.1
16790,2022-03-16,218,4,5,79.13,North,395.65
16791,2023-05-13,982,8,2,484.96,North,969.92
16792,2023-12-23,329,22,3,291.63,South,874.89
16793,2022-11-04,865,26,3,150.54,West,451.62
16794,2023-12-05,343,13,5,359.29,North,1796.45
16795,2024-06-02,739,46,2,441.25,South,882.5
16796,2022-09-10,724,17,5,155.27,South,776.35
16797,2024-07-24,865,44,4,169.01,East,676.04
16798,2023-02-01,163,36,4,224.89,South,899.56
16799,2024-09-12,878,41,2,116.47,North,232.94
16800,2024-11-18,158,47,4,406.8,West,1627.2
16801,2023-05-09,110,15,1,296.25,West,296.25
16802,2024-08-16,567,18,1,37.95,North,37.95
16803,2024-09-18,350,27,1,498.38,West,498.38
16804,2022-04-12,726,6,4,291.74,North,1166.96
16805,2024-04-06,365,34,3,446.07,West,1338.21
16806,2022-06-26,897,41,1,255.79,South,255.79
16807,2024-09-10,15,5,5,295.4,East,1477.0
16808,2024-07-15,153,12,3,232.69,East,698.0699999999999
16809,2022-08-20,532,29,2,217.15,South,434.3
16810,2022-01-12,967,37,4,116.97,East,467.88
16811,2024-01-31,400,12,5,481.44,South,2407.2
16812,2024-07-20,52,25,2,99.07,South,198.14
16813,2022-09-23,855,47,4,267.94,North,1071.76
16814,2024-01-27,469,34,4,52.68,West,210.72
16815,2024-11-20,321,11,5,496.75,North,2483.75
16816,2023-04-01,879,23,4,282.28,East,1129.12
16817,2022-09-16,596,24,4,409.15,South,1636.6
16818,2023-03-07,367,49,4,285.84,South,1143.36
16819,2023-04-14,979,18,3,404.44,East,1213.32
16820,2023-10-09,838,10,1,271.86,West,271.86
16821,2023-03-23,486,5,5,228.04,South,1140.2
16822,2024-02-22,736,31,3,233.39,West,700.17
16823,2022-07-14,641,25,5,11.15,South,55.75
16824,2023-04-07,862,17,3,191.62,South,574.86
16825,2022-07-15,894,28,4,476.45,North,1905.8
16826,2022-02-05,16,1,4,341.03,West,1364.12
16827,2022-03-08,411,45,3,460.47,South,1381.41
16828,2023-10-07,274,2,4,108.13,East,432.52
16829,2024-10-31,589,49,1,250.67,South,250.67
16830,2022-11-18,812,47,5,26.9,West,134.5
16831,2022-08-28,306,40,4,341.76,South,1367.04
16832,2024-10-13,92,2,2,394.17,West,788.34
16833,2024-12-19,458,27,3,376.42,East,1129.26
16834,2023-10-12,270,8,3,52.52,North,157.56
16835,2023-07-16,52,27,4,131.29,East,525.16
16836,2022-06-14,861,37,3,331.36,East,994.08
16837,2024-04-10,121,17,2,381.91,South,763.82
16838,2022-07-08,971,4,3,144.36,West,433.08000000000004
16839,2022-04-02,50,44,2,209.06,East,418.12
16840,2022-10-16,891,50,3,182.12,North,546.36
16841,2024-12-12,475,38,3,12.24,East,36.72
16842,2022-06-24,492,31,2,292.49,South,584.98
16843,2023-04-19,785,5,5,337.87,South,1689.35
16844,2022-09-27,380,25,1,145.45,East,145.45
16845,2023-02-11,632,28,2,347.01,North,694.02
16846,2023-11-25,387,19,1,128.95,East,128.95
16847,2023-01-11,958,37,3,360.61,South,1081.83
16848,2022-07-01,607,42,5,234.02,West,1170.1000000000001
16849,2022-02-05,661,23,2,437.25,East,874.5
16850,2022-05-14,289,36,5,276.92,West,1384.6000000000001
16851,2024-05-14,769,45,2,100.48,West,200.96
16852,2024-07-12,454,13,4,412.79,North,1651.16
16853,2023-11-21,371,17,2,391.06,North,782.12
16854,2023-05-06,184,50,1,51.27,East,51.27
16855,2024-04-20,772,30,4,33.54,West,134.16
16856,2024-09-14,662,23,3,76.78,East,230.34
16857,2024-04-18,205,49,2,424.2,North,848.4
16858,2024-12-05,954,3,1,166.99,West,166.99
16859,2023-10-30,172,13,3,257.33,West,771.99
16860,2024-10-16,825,32,1,305.45,East,305.45
16861,2023-03-08,222,45,3,374.31,South,1122.93
16862,2024-01-18,168,35,2,416.68,South,833.36
16863,2024-04-07,244,2,5,262.77,West,1313.85
16864,2023-06-01,218,47,3,213.72,West,641.16
16865,2023-04-07,56,3,5,106.01,East,530.0500000000001
16866,2024-08-23,575,48,3,307.68,South,923.04
16867,2022-06-30,615,29,5,279.44,West,1397.2
16868,2022-05-25,885,10,2,152.67,West,305.34
16869,2024-01-05,167,20,1,228.64,West,228.64
16870,2023-02-10,519,34,2,372.43,South,744.86
16871,2024-03-23,142,15,3,317.27,West,951.81
16872,2024-08-26,125,40,4,246.05,South,984.2
16873,2024-08-12,90,45,1,143.44,East,143.44
16874,2023-04-29,914,1,5,337.32,South,1686.6
16875,2023-04-27,311,26,1,317.55,South,317.55
16876,2022-12-05,371,32,1,234.53,North,234.53
16877,2022-09-25,952,2,2,126.88,West,253.76
16878,2022-09-23,216,32,3,95.69,South,287.07
16879,2023-06-12,441,41,2,176.31,South,352.62
16880,2024-11-08,635,29,3,455.27,East,1365.81
16881,2024-05-21,884,20,4,379.4,South,1517.6
16882,2024-07-14,186,23,2,446.62,East,893.24
16883,2023-03-06,883,12,4,422.87,North,1691.48
16884,2024-03-05,153,44,3,234.85,South,704.55
16885,2024-07-29,761,10,1,269.92,North,269.92
16886,2024-11-26,626,19,4,93.1,West,372.4
16887,2022-10-30,96,10,4,363.23,North,1452.92
16888,2023-02-05,710,19,3,216.75,South,650.25
16889,2024-04-02,336,26,3,89.02,North,267.06
16890,2022-12-10,515,24,2,56.72,South,113.44
16891,2024-05-12,149,9,2,351.11,North,702.22
16892,2023-06-02,928,29,3,246.28,East,738.84
16893,2022-06-14,898,29,4,14.41,West,57.64
16894,2024-11-02,623,37,5,414.01,East,2070.05
16895,2022-01-25,532,28,2,313.54,East,627.08
16896,2022-05-09,715,3,3,28.8,West,86.4
16897,2024-03-27,883,23,5,159.3,East,796.5
16898,2024-10-14,402,4,5,363.98,North,1819.9
16899,2023-08-18,694,14,5,38.92,North,194.60000000000002
16900,2023-03-12,331,38,5,370.76,North,1853.8
16901,2022-07-01,227,13,1,257.4,North,257.4
16902,2023-09-08,804,28,2,393.6,North,787.2
16903,2024-01-14,358,39,5,429.07,South,2145.35
16904,2022-02-12,588,44,5,386.2,East,1931.0
16905,2023-02-08,829,20,3,48.26,East,144.78
16906,2023-08-28,316,28,3,235.58,South,706.74
16907,2023-10-18,735,32,1,166.18,East,166.18
16908,2022-09-20,885,14,5,259.16,West,1295.8000000000002
16909,2022-03-11,36,13,1,483.24,East,483.24
16910,2023-10-23,509,11,3,70.95,East,212.85000000000002
16911,2024-05-21,478,38,2,434.14,South,868.28
16912,2024-04-01,428,39,4,495.52,North,1982.08
16913,2022-05-27,836,42,4,495.11,North,1980.44
16914,2022-01-25,450,15,1,400.38,North,400.38
16915,2023-11-24,812,9,3,238.13,West,714.39
16916,2022-09-08,845,3,4,97.22,North,388.88
16917,2023-04-27,90,5,5,308.02,East,1540.1
16918,2023-12-16,541,28,2,309.08,South,618.16
16919,2024-03-26,176,42,3,165.05,West,495.15000000000003
16920,2023-11-13,420,15,1,312.24,North,312.24
16921,2022-06-24,732,3,3,67.11,South,201.32999999999998
16922,2022-01-02,648,50,2,320.66,West,641.32
16923,2023-10-01,901,35,3,449.39,East,1348.17
16924,2023-12-07,864,7,1,241.31,North,241.31
16925,2022-12-28,990,30,5,384.64,East,1923.1999999999998
16926,2023-07-24,974,24,3,321.46,West,964.3799999999999
16927,2023-08-13,687,31,1,11.5,East,11.5
16928,2022-07-21,638,14,5,69.78,West,348.9
16929,2024-10-01,171,16,4,389.67,North,1558.68
16930,2024-12-21,394,4,3,29.82,South,89.46000000000001
16931,2022-05-06,266,3,5,478.56,West,2392.8
16932,2024-09-18,504,35,4,448.1,North,1792.4
16933,2022-02-18,134,9,3,187.56,East,562.6800000000001
16934,2024-04-25,784,4,3,162.09,South,486.27
16935,2022-06-28,956,19,2,310.34,South,620.68
16936,2023-05-08,26,24,3,309.78,West,929.3399999999999
16937,2023-07-26,277,11,3,53.63,North,160.89000000000001
16938,2022-10-29,100,15,5,115.54,West,577.7
16939,2024-08-21,442,36,1,321.87,West,321.87
16940,2024-09-16,425,31,2,402.38,West,804.76
16941,2024-09-03,874,8,3,104.08,North,312.24
16942,2022-09-26,30,2,5,353.95,West,1769.75
16943,2023-09-16,645,50,5,436.53,North,2182.6499999999996
16944,2022-04-10,906,3,1,67.72,South,67.72
16945,2022-08-03,496,3,4,225.16,South,900.64
16946,2023-09-17,863,21,3,426.77,North,1280.31
16947,2022-04-07,651,12,4,191.61,East,766.44
16948,2024-03-29,998,14,1,142.03,West,142.03
16949,2023-09-22,191,23,5,375.35,South,1876.75
16950,2023-07-02,903,13,4,206.38,West,825.52
16951,2022-12-03,187,16,1,356.09,West,356.09
16952,2022-12-25,140,17,4,71.93,East,287.72
16953,2024-03-26,320,18,5,281.22,North,1406.1000000000001
16954,2022-12-26,891,13,3,195.94,North,587.8199999999999
16955,2024-10-11,749,26,2,498.68,West,997.36
16956,2022-12-13,369,45,5,299.78,East,1498.8999999999999
16957,2023-07-06,297,40,4,344.26,West,1377.04
16958,2023-06-22,956,39,3,74.21,North,222.63
16959,2023-10-16,200,31,2,496.06,East,992.12
16960,2023-02-26,796,40,1,35.19,East,35.19
16961,2022-12-02,379,17,3,44.71,South,134.13
16962,2022-02-26,80,32,5,47.11,East,235.55
16963,2024-10-13,447,1,4,436.59,North,1746.36
16964,2024-06-30,501,35,2,367.01,North,734.02
16965,2023-12-18,259,36,3,486.8,West,1460.4
16966,2022-10-12,613,19,2,42.61,North,85.22
16967,2023-12-23,544,28,2,348.92,North,697.84
16968,2023-01-21,789,2,3,271.3,North,813.9000000000001
16969,2024-08-07,121,29,4,323.18,West,1292.72
16970,2024-02-09,55,43,1,261.33,South,261.33
16971,2024-04-19,493,29,3,340.92,South,1022.76
16972,2022-01-11,18,43,1,454.46,South,454.46
16973,2024-08-29,309,19,2,297.86,East,595.72
16974,2023-11-03,880,28,2,449.24,South,898.48
16975,2022-09-17,633,34,4,393.26,East,1573.04
16976,2023-01-28,110,31,3,433.81,East,1301.43
16977,2023-08-23,331,37,3,333.03,South,999.0899999999999
16978,2024-11-05,573,19,5,264.12,North,1320.6
16979,2024-01-26,946,32,4,44.08,South,176.32
16980,2023-12-12,264,29,3,419.1,East,1257.3000000000002
16981,2024-10-30,268,9,2,128.59,East,257.18
16982,2023-04-22,435,7,4,27.96,East,111.84
16983,2022-01-24,450,12,5,264.34,West,1321.6999999999998
16984,2022-11-08,297,31,5,319.93,West,1599.65
16985,2023-04-07,918,18,2,334.3,South,668.6
16986,2022-01-22,639,28,3,338.16,South,1014.48
16987,2022-06-29,137,50,2,330.32,East,660.64
16988,2024-03-01,590,21,5,406.01,South,2030.05
16989,2023-12-31,719,9,4,386.99,South,1547.96
16990,2024-01-19,907,34,3,408.29,East,1224.8700000000001
16991,2023-12-17,397,34,2,235.53,West,471.06
16992,2022-12-05,184,47,3,40.78,South,122.34
16993,2023-06-15,412,24,4,323.39,South,1293.56
16994,2023-11-23,601,16,5,113.01,North,565.0500000000001
16995,2022-06-11,320,28,2,431.17,North,862.34
16996,2024-12-20,741,46,5,363.62,West,1818.1
16997,2023-05-05,576,47,2,385.28,South,770.56
16998,2022-01-05,326,35,3,150.35,South,451.04999999999995
16999,2022-03-17,567,6,1,320.2,South,320.2
17000,2022-01-07,805,38,2,268.76,East,537.52
17001,2023-11-12,417,41,2,141.54,South,283.08
17002,2023-04-18,793,11,5,407.99,South,2039.95
17003,2024-03-22,882,4,1,279.48,North,279.48
17004,2024-04-17,791,14,1,103.49,South,103.49
17005,2023-08-26,700,13,1,159.57,North,159.57
17006,2022-11-14,952,15,1,121.28,West,121.28
17007,2022-08-20,703,49,4,163.08,South,652.32
17008,2022-11-24,904,8,3,102.2,East,306.6
17009,2022-08-26,785,43,2,191.86,West,383.72
17010,2024-08-07,607,24,3,350.05,West,1050.15
17011,2024-06-13,90,11,3,480.06,South,1440.18
17012,2023-09-11,759,48,3,113.16,South,339.48
17013,2022-09-07,441,35,3,156.92,North,470.76
17014,2022-07-17,75,25,4,11.06,West,44.24
17015,2023-02-20,574,23,5,120.4,North,602.0
17016,2024-01-02,734,47,4,215.04,North,860.16
17017,2024-07-26,267,45,2,236.25,South,472.5
17018,2022-08-04,963,7,1,140.5,West,140.5
17019,2024-03-25,936,5,5,83.66,East,418.29999999999995
17020,2023-09-02,936,32,2,285.9,North,571.8
17021,2023-05-26,633,28,1,210.5,West,210.5
17022,2024-07-06,312,44,4,218.87,West,875.48
17023,2022-06-06,821,3,3,448.54,West,1345.6200000000001
17024,2022-06-11,853,30,2,285.11,South,570.22
17025,2022-02-11,483,44,3,200.29,South,600.87
17026,2022-10-30,28,5,3,134.36,South,403.08000000000004
17027,2024-10-10,342,33,3,220.01,North,660.03
17028,2024-02-03,426,20,5,432.32,South,2161.6
17029,2022-04-30,883,30,1,482.9,West,482.9
17030,2023-11-05,814,44,3,194.84,West,584.52
17031,2023-10-23,786,22,2,112.4,South,224.8
17032,2022-05-03,535,22,5,458.11,North,2290.55
17033,2023-10-15,410,38,1,80.77,South,80.77
17034,2024-07-09,611,29,2,155.72,South,311.44
17035,2024-10-10,285,21,5,110.03,West,550.15
17036,2024-02-28,820,18,5,287.26,West,1436.3
17037,2022-09-14,622,48,1,210.23,East,210.23
17038,2024-01-27,715,11,3,150.71,South,452.13
17039,2023-08-21,106,10,2,386.28,East,772.56
17040,2024-03-01,504,35,4,335.42,West,1341.68
17041,2023-11-11,46,26,3,497.8,North,1493.4
17042,2024-10-29,769,50,4,162.87,North,651.48
17043,2024-03-06,447,44,2,424.19,East,848.38
17044,2023-08-31,144,46,4,158.23,West,632.92
17045,2022-11-27,537,4,4,14.43,East,57.72
17046,2022-02-25,62,10,1,83.94,East,83.94
17047,2022-04-15,742,39,1,259.15,West,259.15
17048,2023-07-01,82,16,1,406.9,South,406.9
17049,2024-03-03,336,41,4,38.13,South,152.52
17050,2023-05-04,211,30,4,417.69,West,1670.76
17051,2024-12-09,400,3,5,360.88,East,1804.4
17052,2022-10-30,709,34,5,26.91,West,134.55
17053,2024-10-21,347,25,1,62.08,East,62.08
17054,2023-10-12,198,38,5,47.06,West,235.3
17055,2023-10-10,377,42,3,342.71,East,1028.1299999999999
17056,2023-01-16,162,36,5,284.9,West,1424.5
17057,2022-06-11,208,4,5,185.84,West,929.2
17058,2022-01-19,821,42,3,53.27,West,159.81
17059,2024-08-31,919,10,3,202.56,West,607.6800000000001
17060,2022-08-31,427,13,2,344.26,North,688.52
17061,2022-05-09,44,6,4,55.77,West,223.08
17062,2023-02-13,800,7,4,429.73,South,1718.92
17063,2024-03-02,491,28,1,40.83,South,40.83
17064,2024-07-31,279,37,2,308.01,North,616.02
17065,2022-08-10,916,15,2,102.68,West,205.36
17066,2023-03-21,787,30,2,54.9,South,109.8
17067,2023-09-10,733,40,2,183.94,West,367.88
17068,2023-06-07,968,10,5,336.79,West,1683.95
17069,2022-06-15,797,12,2,69.32,East,138.64
17070,2023-12-09,146,17,1,243.09,South,243.09
17071,2024-01-13,69,48,4,208.99,East,835.96
17072,2024-10-05,652,30,2,219.45,North,438.9
17073,2024-07-01,522,1,4,472.27,West,1889.08
17074,2024-11-02,111,36,3,181.02,North,543.0600000000001
17075,2022-12-31,549,40,1,495.9,South,495.9
17076,2022-08-13,593,24,3,273.81,East,821.4300000000001
17077,2024-09-22,608,38,2,422.82,East,845.64
17078,2022-07-13,55,21,5,180.94,South,904.7
17079,2022-02-26,644,42,5,51.54,North,257.7
17080,2022-08-01,223,32,1,51.36,East,51.36
17081,2022-04-27,896,18,2,291.33,South,582.66
17082,2023-08-22,575,13,2,465.66,West,931.32
17083,2023-02-14,986,37,2,44.9,East,89.8
17084,2024-03-22,524,44,2,347.67,East,695.34
17085,2024-07-17,146,21,1,285.99,East,285.99
17086,2022-01-04,264,18,1,329.6,South,329.6
17087,2022-01-23,544,40,1,115.62,North,115.62
17088,2024-07-09,468,46,5,44.55,North,222.75
17089,2024-01-15,561,47,2,46.62,North,93.24
17090,2023-08-25,872,26,3,130.9,South,392.70000000000005
17091,2024-09-14,959,5,4,114.68,South,458.72
17092,2023-04-14,973,5,1,71.92,North,71.92
17093,2024-08-27,187,31,1,139.69,West,139.69
17094,2023-09-19,343,28,5,271.65,South,1358.25
17095,2022-07-26,963,49,5,475.26,North,2376.3
17096,2024-10-10,99,13,4,461.91,North,1847.64
17097,2022-03-22,679,49,5,143.14,West,715.6999999999999
17098,2023-09-07,306,11,1,42.44,South,42.44
17099,2023-04-28,725,1,2,497.86,East,995.72
17100,2023-08-15,199,24,2,243.44,East,486.88
17101,2022-02-02,758,13,5,489.37,South,2446.85
17102,2022-02-04,154,18,4,273.44,South,1093.76
17103,2024-09-26,919,24,2,444.32,West,888.64
17104,2024-12-09,96,29,1,229.14,North,229.14
17105,2022-10-07,575,28,2,314.79,East,629.58
17106,2022-06-01,706,38,4,272.51,West,1090.04
17107,2023-12-02,935,45,5,117.74,West,588.6999999999999
17108,2024-01-05,834,22,3,384.26,West,1152.78
17109,2024-10-15,359,20,2,36.85,East,73.7
17110,2023-10-27,814,11,1,187.58,North,187.58
17111,2024-07-11,399,20,4,436.25,North,1745.0
17112,2023-03-29,784,41,2,256.32,East,512.64
17113,2023-09-12,376,13,3,48.05,West,144.14999999999998
17114,2024-11-22,602,47,5,111.69,North,558.45
17115,2022-01-16,328,24,2,63.72,East,127.44
17116,2024-01-09,272,43,4,146.04,South,584.16
17117,2023-12-16,597,24,2,91.0,West,182.0
17118,2023-12-15,295,48,5,358.86,South,1794.3000000000002
17119,2022-04-08,395,17,4,333.12,East,1332.48
17120,2022-04-26,472,5,3,76.19,East,228.57
17121,2024-08-22,548,30,1,228.05,North,228.05
17122,2022-12-15,18,14,5,154.96,South,774.8000000000001
17123,2022-08-20,919,15,2,175.24,East,350.48
17124,2024-11-01,77,9,3,292.23,North,876.69
17125,2024-09-10,49,14,4,450.36,East,1801.44
17126,2023-10-01,498,10,4,449.69,South,1798.76
17127,2022-10-12,426,22,4,212.38,East,849.52
17128,2023-09-28,871,31,2,202.67,East,405.34
17129,2023-06-29,748,13,5,263.81,West,1319.05
17130,2023-01-27,556,17,3,242.32,East,726.96
17131,2022-03-18,621,1,4,40.27,East,161.08
17132,2022-10-24,129,14,1,293.59,East,293.59
17133,2022-11-26,519,44,5,296.52,West,1482.6
17134,2024-12-22,304,39,3,230.67,South,692.01
17135,2022-09-27,112,35,3,212.84,West,638.52
17136,2022-08-04,725,1,4,470.08,North,1880.32
17137,2023-05-25,912,27,1,304.4,South,304.4
17138,2023-08-02,816,45,4,409.98,North,1639.92
17139,2024-12-12,974,22,5,477.38,North,2386.9
17140,2023-05-11,939,34,2,406.95,South,813.9
17141,2024-08-05,819,9,5,472.06,East,2360.3
17142,2022-04-04,363,50,1,382.05,North,382.05
17143,2023-09-17,66,36,2,93.36,East,186.72
17144,2022-08-17,31,48,3,121.2,South,363.6
17145,2022-09-07,295,32,4,105.01,North,420.04
17146,2023-12-22,777,38,5,167.84,North,839.2
17147,2024-09-06,809,20,4,183.95,South,735.8
17148,2022-07-01,319,27,5,407.48,South,2037.4
17149,2022-09-24,14,3,4,186.82,East,747.28
17150,2024-09-30,570,11,2,366.34,South,732.68
17151,2022-10-08,970,24,4,452.87,West,1811.48
17152,2024-08-19,856,29,1,66.13,West,66.13
17153,2023-10-29,242,5,1,10.13,East,10.13
17154,2023-06-15,353,33,4,445.44,North,1781.76
17155,2023-02-27,248,8,3,126.75,East,380.25
17156,2024-09-07,610,19,1,85.18,North,85.18
17157,2023-03-30,468,4,5,154.65,North,773.25
17158,2022-09-24,960,41,4,101.15,North,404.6
17159,2023-05-22,924,35,4,398.89,South,1595.56
17160,2022-11-12,388,30,1,320.91,East,320.91
17161,2024-02-03,674,5,3,91.98,East,275.94
17162,2024-06-16,900,48,5,295.95,East,1479.75
17163,2024-08-10,759,40,1,111.96,East,111.96
17164,2024-05-24,838,38,1,106.8,West,106.8
17165,2024-07-04,442,3,2,301.77,North,603.54
17166,2022-01-22,342,16,1,335.7,North,335.7
17167,2023-01-19,516,8,5,179.64,East,898.1999999999999
17168,2022-04-13,818,45,2,384.07,South,768.14
17169,2024-06-18,773,5,3,420.24,South,1260.72
17170,2024-01-03,843,38,3,459.01,West,1377.03
17171,2022-04-20,45,35,1,316.77,South,316.77
17172,2024-12-24,419,8,5,117.81,East,589.05
17173,2023-11-01,723,36,3,376.75,West,1130.25
17174,2024-11-08,756,25,5,62.84,West,314.20000000000005
17175,2023-01-19,203,49,5,98.8,North,494.0
17176,2022-07-09,715,8,2,418.07,South,836.14
17177,2024-02-01,885,21,1,456.31,South,456.31
17178,2022-12-26,539,46,5,42.69,South,213.45
17179,2024-05-24,386,9,5,162.94,East,814.7
17180,2024-06-04,950,32,5,318.3,North,1591.5
17181,2022-03-20,630,44,1,469.94,North,469.94
17182,2023-08-19,968,13,2,289.66,East,579.32
17183,2024-06-04,738,23,5,412.29,West,2061.4500000000003
17184,2024-10-11,360,8,4,462.15,North,1848.6
17185,2022-05-29,468,35,2,264.33,North,528.66
17186,2022-01-10,983,28,1,372.82,West,372.82
17187,2024-03-02,975,15,3,334.58,South,1003.74
17188,2024-12-14,944,29,5,338.97,North,1694.8500000000001
17189,2024-05-21,205,4,4,263.36,East,1053.44
17190,2022-06-29,247,34,3,315.36,North,946.08
17191,2024-01-14,991,37,3,281.64,South,844.92
17192,2023-01-16,49,24,5,322.49,South,1612.45
17193,2023-03-27,366,21,5,257.55,East,1287.75
17194,2023-01-29,253,2,3,119.02,North,357.06
17195,2024-08-22,78,7,4,349.87,North,1399.48
17196,2023-03-09,769,11,2,198.18,South,396.36
17197,2024-08-11,632,12,5,72.59,North,362.95000000000005
17198,2024-08-03,987,4,5,427.15,South,2135.75
17199,2024-11-29,417,35,1,98.86,East,98.86
17200,2024-02-05,35,40,5,274.95,North,1374.75
17201,2024-06-26,438,26,1,363.35,South,363.35
17202,2022-03-26,312,18,3,327.37,East,982.11
17203,2024-02-23,143,37,4,88.82,West,355.28
17204,2024-03-26,197,16,1,105.13,North,105.13
17205,2023-12-08,997,12,1,82.94,South,82.94
17206,2022-09-27,260,41,2,45.55,South,91.1
17207,2024-04-20,366,40,3,148.8,West,446.40000000000003
17208,2024-11-08,596,37,1,266.83,North,266.83
17209,2024-11-29,192,19,1,94.75,East,94.75
17210,2023-05-31,487,15,3,485.72,North,1457.16
17211,2024-11-22,534,22,5,352.43,West,1762.15
17212,2023-03-26,24,20,4,295.88,West,1183.52
17213,2023-11-16,943,43,3,343.9,South,1031.6999999999998
17214,2023-09-17,75,13,2,223.62,South,447.24
17215,2024-06-03,878,23,2,240.26,East,480.52
17216,2022-11-15,646,31,4,445.45,East,1781.8
17217,2023-05-03,923,26,2,363.75,West,727.5
17218,2023-03-27,394,45,3,298.21,East,894.6299999999999
17219,2022-12-19,679,32,5,475.6,East,2378.0
17220,2024-08-12,458,21,2,334.69,East,669.38
17221,2024-11-02,110,17,3,205.36,South,616.08
17222,2022-11-16,90,29,2,33.25,West,66.5
17223,2022-03-26,37,29,1,201.43,South,201.43
17224,2022-09-05,822,48,1,463.15,East,463.15
17225,2023-07-22,993,22,5,31.88,South,159.4
17226,2023-11-15,563,49,1,100.44,West,100.44
17227,2023-10-06,572,19,1,406.29,North,406.29
17228,2023-04-24,584,14,2,188.83,East,377.66
17229,2023-12-14,640,39,2,101.09,North,202.18
17230,2023-01-03,307,23,4,409.68,East,1638.72
17231,2022-12-23,62,41,5,283.64,South,1418.1999999999998
17232,2023-02-12,305,2,1,278.75,East,278.75
17233,2022-06-28,179,32,4,153.95,South,615.8
17234,2023-01-02,540,38,2,340.82,West,681.64
17235,2024-11-25,752,33,4,432.29,West,1729.16
17236,2023-04-08,932,7,1,377.6,South,377.6
17237,2024-04-07,744,48,4,310.09,West,1240.36
17238,2022-05-26,665,34,3,181.75,South,545.25
17239,2023-01-15,932,4,5,428.85,South,2144.25
17240,2022-06-17,845,23,1,287.39,West,287.39
17241,2022-03-28,444,20,3,445.9,East,1337.6999999999998
17242,2022-06-03,519,22,4,134.55,North,538.2
17243,2023-05-12,577,46,1,330.6,East,330.6
17244,2022-11-11,969,29,4,468.24,West,1872.96
17245,2023-12-24,635,43,5,193.3,South,966.5
17246,2024-02-03,988,41,5,476.12,East,2380.6
17247,2022-09-19,36,37,2,202.31,West,404.62
17248,2023-05-02,750,3,3,224.47,North,673.41
17249,2023-03-30,478,22,5,405.16,East,2025.8000000000002
17250,2023-03-19,73,20,3,137.78,South,413.34000000000003
17251,2023-06-27,30,25,4,355.88,South,1423.52
17252,2022-12-16,739,34,3,156.21,South,468.63
17253,2024-04-03,303,42,1,300.95,West,300.95
17254,2023-03-14,347,29,2,390.22,East,780.44
17255,2022-06-18,797,10,3,22.81,West,68.42999999999999
17256,2022-01-23,511,39,3,53.35,East,160.05
17257,2024-09-14,517,47,5,467.84,North,2339.2
17258,2023-11-07,65,37,1,409.76,North,409.76
17259,2022-10-08,747,40,5,439.73,North,2198.65
17260,2023-12-23,627,50,3,225.08,South,675.24
17261,2022-09-10,453,20,4,361.01,East,1444.04
17262,2023-02-08,831,38,5,499.15,East,2495.75
17263,2022-05-13,758,23,5,221.94,West,1109.7
17264,2023-09-10,861,11,1,424.92,South,424.92
17265,2022-08-20,952,8,5,48.85,South,244.25
17266,2023-06-29,529,29,5,276.49,West,1382.45
17267,2022-03-20,895,36,2,173.29,North,346.58
17268,2024-11-24,819,25,3,266.31,South,798.9300000000001
17269,2023-05-10,369,39,1,65.9,South,65.9
17270,2022-11-24,37,34,5,190.16,South,950.8
17271,2024-08-24,856,47,3,47.5,North,142.5
17272,2023-11-21,884,32,1,232.02,South,232.02
17273,2023-01-19,381,41,5,226.48,North,1132.3999999999999
17274,2023-07-01,219,23,4,171.56,East,686.24
17275,2023-01-27,649,21,2,474.67,South,949.34
17276,2024-06-27,246,19,1,50.64,West,50.64
17277,2023-11-16,550,25,4,414.19,South,1656.76
17278,2023-06-25,251,23,1,183.91,North,183.91
17279,2022-10-24,565,19,1,107.66,West,107.66
17280,2022-02-25,909,5,2,143.55,East,287.1
17281,2024-11-05,346,19,4,451.93,West,1807.72
17282,2022-03-07,821,35,5,414.2,East,2071.0
17283,2024-08-15,715,12,3,17.72,South,53.16
17284,2024-11-12,887,39,4,82.19,East,328.76
17285,2023-12-03,472,25,1,340.76,West,340.76
17286,2024-01-30,887,5,4,165.53,North,662.12
17287,2023-05-01,993,12,3,460.38,North,1381.1399999999999
17288,2024-03-31,561,27,4,395.39,West,1581.56
17289,2024-06-06,122,4,3,438.77,North,1316.31
17290,2022-06-26,326,19,2,104.51,West,209.02
17291,2022-07-14,931,45,1,83.85,North,83.85
17292,2024-11-02,528,47,5,466.65,North,2333.25
17293,2024-05-25,781,24,4,208.06,West,832.24
17294,2022-06-15,748,42,2,213.7,West,427.4
17295,2023-07-11,121,28,4,345.44,East,1381.76
17296,2022-06-16,139,33,2,204.75,West,409.5
17297,2023-12-10,87,35,3,438.84,West,1316.52
17298,2023-12-19,130,50,2,479.95,East,959.9
17299,2022-04-07,252,16,3,172.93,South,518.79
17300,2023-11-10,862,12,2,111.95,South,223.9
17301,2023-02-08,787,16,4,46.9,East,187.6
17302,2022-10-18,360,11,5,115.04,East,575.2
17303,2022-05-16,813,43,1,78.33,South,78.33
17304,2024-06-07,430,28,5,24.27,South,121.35
17305,2024-05-30,47,23,2,32.86,North,65.72
17306,2023-01-02,945,46,3,259.59,East,778.77
17307,2023-07-02,591,17,4,356.82,East,1427.28
17308,2024-06-20,501,19,1,491.8,East,491.8
17309,2022-09-05,810,11,1,86.28,East,86.28
17310,2024-02-05,929,4,4,352.13,North,1408.52
17311,2022-03-11,876,10,2,281.46,West,562.92
17312,2024-01-16,425,19,1,244.28,East,244.28
17313,2024-09-22,375,36,4,363.7,North,1454.8
17314,2022-11-25,965,43,2,126.94,East,253.88
17315,2024-11-05,854,39,4,162.53,South,650.12
17316,2023-11-30,731,41,1,198.46,East,198.46
17317,2024-03-16,111,22,5,99.37,South,496.85
17318,2022-10-01,227,2,1,244.52,South,244.52
17319,2023-06-08,787,33,1,74.61,East,74.61
17320,2022-08-07,768,40,5,165.89,North,829.4499999999999
17321,2024-10-20,39,27,2,65.45,West,130.9
17322,2023-05-28,135,19,4,27.58,East,110.32
17323,2023-04-09,295,48,2,184.05,East,368.1
17324,2023-03-27,610,46,2,312.6,East,625.2
17325,2024-07-12,34,4,4,84.43,East,337.72
17326,2024-07-21,987,19,2,496.79,West,993.58
17327,2023-04-24,428,25,3,144.43,West,433.29
17328,2022-11-12,965,6,1,21.12,East,21.12
17329,2023-11-02,68,47,3,23.74,South,71.22
17330,2023-11-29,703,13,4,336.62,East,1346.48
17331,2024-09-19,199,22,5,338.24,East,1691.2
17332,2024-02-07,560,4,5,452.32,East,2261.6
17333,2024-06-25,259,2,4,54.51,West,218.04
17334,2024-05-27,725,3,4,194.42,North,777.68
17335,2024-11-18,674,46,2,445.74,West,891.48
17336,2022-03-30,625,30,1,400.86,South,400.86
17337,2023-01-10,137,4,3,124.39,West,373.17
17338,2022-12-30,829,48,4,446.08,North,1784.32
17339,2022-05-27,916,43,5,343.6,West,1718.0
17340,2022-11-10,936,29,1,139.52,North,139.52
17341,2023-07-02,381,45,1,31.96,West,31.96
17342,2024-03-06,524,33,2,253.75,West,507.5
17343,2024-06-17,871,13,5,359.41,West,1797.0500000000002
17344,2022-04-11,238,47,1,141.64,South,141.64
17345,2022-04-17,284,39,5,92.68,East,463.40000000000003
17346,2024-05-06,688,32,3,46.89,South,140.67000000000002
17347,2024-07-25,737,28,5,422.59,South,2112.95
17348,2022-10-18,458,37,1,36.82,East,36.82
17349,2023-09-09,587,28,5,308.61,West,1543.0500000000002
17350,2023-08-11,135,27,5,383.99,West,1919.95
17351,2023-08-19,82,25,5,392.44,South,1962.2
17352,2024-09-03,595,30,1,330.31,East,330.31
17353,2024-12-09,654,6,3,329.87,East,989.61
17354,2024-05-17,209,30,5,242.31,West,1211.55
17355,2024-08-27,727,9,3,214.19,West,642.5699999999999
17356,2023-12-23,403,6,1,77.3,West,77.3
17357,2022-06-07,822,29,4,272.32,East,1089.28
17358,2022-11-24,767,23,5,44.8,South,224.0
17359,2024-01-05,188,6,3,239.42,West,718.26
17360,2023-09-25,493,22,5,368.14,East,1840.6999999999998
17361,2022-11-23,759,2,2,227.0,North,454.0
17362,2023-05-23,255,31,2,259.06,West,518.12
17363,2024-05-19,323,6,1,422.68,South,422.68
17364,2022-08-29,674,42,3,326.83,North,980.49
17365,2023-03-11,857,5,3,72.52,West,217.56
17366,2024-11-17,425,20,5,276.04,North,1380.2
17367,2023-12-05,415,12,2,188.64,West,377.28
17368,2023-08-12,167,38,5,111.35,North,556.75
17369,2023-02-17,590,38,5,327.5,South,1637.5
17370,2023-07-23,485,8,1,199.39,East,199.39
17371,2024-09-15,436,49,4,385.98,West,1543.92
17372,2024-12-07,687,50,1,297.39,North,297.39
17373,2023-04-29,532,43,1,61.09,North,61.09
17374,2023-10-30,608,33,1,181.67,East,181.67
17375,2022-05-31,481,39,5,142.22,East,711.1
17376,2022-08-13,180,40,5,83.49,North,417.45
17377,2022-09-13,607,31,5,402.11,North,2010.5500000000002
17378,2022-03-02,71,3,5,195.48,South,977.4
17379,2023-01-31,702,19,2,310.5,East,621.0
17380,2023-01-15,901,48,3,442.19,West,1326.57
17381,2022-12-15,441,8,2,276.07,East,552.14
17382,2022-01-31,644,30,3,136.46,South,409.38
17383,2022-03-12,139,31,5,397.44,South,1987.2
17384,2023-02-01,787,29,2,223.52,South,447.04
17385,2022-01-02,102,6,3,286.28,North,858.8399999999999
17386,2024-07-17,468,2,4,452.02,South,1808.08
17387,2023-07-16,283,23,1,249.74,South,249.74
17388,2022-05-26,29,44,3,174.0,North,522.0
17389,2022-06-28,18,30,2,366.42,North,732.84
17390,2022-09-21,933,38,2,75.42,West,150.84
17391,2022-07-23,957,46,4,457.72,East,1830.88
17392,2023-11-30,756,39,3,458.62,North,1375.8600000000001
17393,2024-11-19,687,9,1,293.91,East,293.91
17394,2022-02-28,508,7,2,85.6,South,171.2
17395,2024-10-29,601,47,5,231.52,East,1157.6000000000001
17396,2024-09-14,20,44,5,217.42,North,1087.1
17397,2022-06-16,326,49,3,156.17,East,468.51
17398,2024-06-25,356,15,4,95.8,West,383.2
17399,2024-06-16,433,15,1,139.21,West,139.21
17400,2024-03-01,399,21,3,282.21,East,846.6299999999999
17401,2022-08-30,18,14,3,346.0,West,1038.0
17402,2024-06-26,550,11,1,490.0,West,490.0
17403,2024-02-16,376,11,2,115.72,East,231.44
17404,2022-07-18,601,20,5,109.97,North,549.85
17405,2024-11-22,340,13,2,67.35,East,134.7
17406,2023-02-12,150,45,4,470.11,West,1880.44
17407,2022-08-09,716,30,1,197.11,South,197.11
17408,2024-12-28,233,40,2,462.75,West,925.5
17409,2024-04-19,104,39,3,445.82,South,1337.46
17410,2024-02-27,956,20,3,31.55,South,94.65
17411,2023-07-08,623,45,4,147.09,South,588.36
17412,2023-08-01,737,43,4,158.24,East,632.96
17413,2023-06-17,221,38,1,145.9,South,145.9
17414,2022-12-01,962,8,2,218.41,East,436.82
17415,2024-10-17,26,37,3,254.66,North,763.98
17416,2022-09-03,64,42,1,381.52,East,381.52
17417,2023-09-03,254,33,1,141.17,North,141.17
17418,2022-11-25,249,26,3,156.39,North,469.16999999999996
17419,2023-07-01,736,44,2,303.32,West,606.64
17420,2022-12-05,826,39,5,97.84,South,489.20000000000005
17421,2024-09-20,131,8,4,241.86,South,967.44
17422,2024-03-17,30,18,2,132.98,North,265.96
17423,2024-10-30,787,39,5,107.02,South,535.1
17424,2023-11-24,10,14,5,399.87,East,1999.35
17425,2023-03-06,89,18,3,356.49,West,1069.47
17426,2024-12-25,430,21,5,132.41,South,662.05
17427,2024-03-16,147,23,4,213.44,East,853.76
17428,2023-09-04,127,4,1,85.57,South,85.57
17429,2022-02-04,698,10,2,36.05,East,72.1
17430,2023-07-11,124,43,4,296.76,West,1187.04
17431,2023-05-06,619,11,5,188.15,North,940.75
17432,2022-09-11,341,20,1,111.55,South,111.55
17433,2022-01-17,518,19,1,66.16,East,66.16
17434,2022-09-18,51,1,5,343.21,East,1716.05
17435,2023-12-29,398,31,4,143.02,West,572.08
17436,2023-05-16,314,2,5,454.62,West,2273.1
17437,2024-10-12,648,41,2,104.47,East,208.94
17438,2022-10-13,514,49,1,129.45,North,129.45
17439,2022-01-07,502,5,3,427.35,North,1282.0500000000002
17440,2023-10-21,530,34,1,290.49,West,290.49
17441,2024-07-25,761,4,5,63.11,East,315.55
17442,2022-02-21,982,27,5,279.24,South,1396.2
17443,2022-08-31,697,39,3,160.98,South,482.93999999999994
17444,2023-06-02,734,49,3,371.1,North,1113.3000000000002
17445,2024-08-27,740,3,1,48.12,East,48.12
17446,2022-04-19,860,26,5,459.76,West,2298.8
17447,2024-07-09,419,41,1,244.32,East,244.32
17448,2022-03-07,194,1,4,369.8,West,1479.2
17449,2024-10-30,312,16,5,355.28,South,1776.3999999999999
17450,2022-07-21,996,35,1,97.34,North,97.34
17451,2024-06-19,722,19,5,441.25,East,2206.25
17452,2022-08-02,299,16,5,124.02,North,620.1
17453,2022-03-09,329,33,2,103.38,North,206.76
17454,2024-01-29,476,31,1,265.11,East,265.11
17455,2024-05-15,584,22,5,492.43,West,2462.15
17456,2022-11-23,117,44,3,163.56,East,490.68
17457,2024-12-09,264,20,3,482.58,North,1447.74
17458,2024-11-06,517,6,2,223.19,North,446.38
17459,2023-06-07,781,35,5,418.99,East,2094.95
17460,2024-09-14,519,39,1,269.69,West,269.69
17461,2024-09-30,21,3,1,110.58,South,110.58
17462,2023-05-19,477,32,3,441.2,West,1323.6
17463,2024-01-26,549,13,4,45.26,West,181.04
17464,2023-04-18,173,48,5,344.55,North,1722.75
17465,2024-05-07,948,14,2,417.07,West,834.14
17466,2023-06-25,944,41,2,417.69,South,835.38
17467,2024-05-18,62,8,5,331.1,West,1655.5
17468,2024-05-27,206,47,5,132.99,North,664.95
17469,2024-07-28,613,19,2,270.52,West,541.04
17470,2024-05-26,631,45,2,318.47,North,636.94
17471,2024-03-07,179,14,1,445.95,North,445.95
17472,2023-04-17,644,11,2,88.24,West,176.48
17473,2024-04-17,888,50,3,237.81,East,713.4300000000001
17474,2022-03-25,342,35,2,173.24,East,346.48
17475,2023-01-12,440,36,2,219.58,West,439.16
17476,2022-07-23,75,3,3,99.69,East,299.07
17477,2024-10-05,290,25,3,116.54,South,349.62
17478,2023-05-19,557,13,5,387.23,South,1936.15
17479,2023-06-23,144,16,2,244.4,South,488.8
17480,2022-01-17,649,28,3,261.93,East,785.79
17481,2023-07-29,208,45,1,449.76,North,449.76
17482,2023-07-30,743,27,4,127.59,West,510.36
17483,2024-10-11,272,10,3,171.34,West,514.02
17484,2024-11-28,607,18,4,161.22,North,644.88
17485,2022-05-10,415,8,2,333.03,South,666.06
17486,2022-04-25,397,7,1,285.6,East,285.6
17487,2024-08-07,384,49,1,241.06,East,241.06
17488,2024-12-04,261,22,5,337.31,North,1686.55
17489,2022-08-04,891,38,5,247.12,West,1235.6
17490,2024-04-27,639,47,2,409.82,East,819.64
17491,2023-11-20,943,9,3,211.02,South,633.0600000000001
17492,2024-09-29,167,42,1,446.4,East,446.4
17493,2022-09-22,18,40,2,68.62,South,137.24
17494,2023-09-09,660,39,2,56.03,South,112.06
17495,2022-10-28,247,29,3,331.29,West,993.8700000000001
17496,2024-09-11,642,37,1,200.96,West,200.96
17497,2023-02-10,296,50,1,233.3,South,233.3
17498,2022-06-10,414,48,1,351.05,South,351.05
17499,2022-01-26,778,47,5,115.12,North,575.6
17500,2022-03-24,320,42,1,31.52,East,31.52
17501,2022-06-22,554,29,4,225.06,East,900.24
17502,2024-09-25,715,28,3,448.42,West,1345.26
17503,2024-03-04,693,21,1,230.86,North,230.86
17504,2024-12-29,861,33,3,290.26,North,870.78
17505,2024-04-14,181,26,3,112.1,West,336.29999999999995
17506,2022-01-06,296,38,4,237.4,East,949.6
17507,2024-03-06,656,15,1,245.52,North,245.52
17508,2023-06-09,944,2,3,125.22,East,375.65999999999997
17509,2022-03-04,893,12,1,90.26,North,90.26
17510,2024-11-02,61,33,4,181.63,West,726.52
17511,2024-01-31,988,15,5,29.04,North,145.2
17512,2022-07-24,209,45,5,91.56,East,457.8
17513,2024-06-15,166,1,5,368.36,South,1841.8000000000002
17514,2022-02-09,882,33,5,328.08,North,1640.3999999999999
17515,2024-11-20,300,4,2,163.26,West,326.52
17516,2024-05-26,655,28,3,280.07,South,840.21
17517,2024-04-04,351,14,2,416.4,South,832.8
17518,2024-06-27,61,49,1,421.18,North,421.18
17519,2023-02-02,263,45,5,330.64,South,1653.1999999999998
17520,2023-09-26,124,12,1,70.79,East,70.79
17521,2024-04-18,238,6,4,89.82,West,359.28
17522,2023-08-23,542,20,3,152.92,East,458.76
17523,2023-09-17,932,48,4,338.65,West,1354.6
17524,2024-07-26,767,21,3,136.42,South,409.26
17525,2024-06-02,881,16,4,237.57,East,950.28
17526,2023-03-01,90,12,4,414.51,North,1658.04
17527,2023-01-22,139,20,3,446.97,South,1340.91
17528,2024-09-30,891,45,1,420.89,North,420.89
17529,2024-05-07,966,33,4,67.05,North,268.2
17530,2023-09-15,362,50,3,456.27,East,1368.81
17531,2022-03-31,413,2,3,345.23,West,1035.69
17532,2023-01-20,860,34,4,313.21,South,1252.84
17533,2024-09-23,719,26,1,131.3,East,131.3
17534,2023-10-09,93,33,5,464.83,East,2324.15
17535,2023-02-26,134,42,2,18.51,South,37.02
17536,2024-05-23,880,30,5,50.27,West,251.35000000000002
17537,2022-02-22,204,1,4,85.3,North,341.2
17538,2024-09-12,819,46,4,350.13,West,1400.52
17539,2024-10-10,848,8,3,315.2,South,945.5999999999999
17540,2023-11-16,622,1,1,472.89,North,472.89
17541,2022-06-28,38,46,1,181.0,South,181.0
17542,2022-10-20,457,10,4,180.33,East,721.32
17543,2023-01-10,534,32,1,338.07,South,338.07
17544,2024-12-18,737,40,2,95.34,East,190.68
17545,2024-12-13,858,2,1,237.38,North,237.38
17546,2024-03-06,438,31,1,17.56,East,17.56
17547,2022-01-16,680,4,3,300.1,South,900.3000000000001
17548,2022-06-25,647,12,4,394.16,West,1576.64
17549,2022-05-09,622,31,1,109.84,South,109.84
17550,2024-06-02,224,41,4,160.51,South,642.04
17551,2023-03-02,168,23,1,74.6,West,74.6
17552,2022-12-20,107,33,1,311.68,East,311.68
17553,2024-01-20,380,8,1,286.37,East,286.37
17554,2024-01-14,24,49,3,414.93,North,1244.79
17555,2024-10-23,511,16,1,485.47,South,485.47
17556,2023-04-24,809,15,5,491.99,West,2459.95
17557,2024-09-02,307,41,2,62.51,West,125.02
17558,2022-02-13,935,40,1,281.04,North,281.04
17559,2022-06-04,358,26,5,396.93,West,1984.65
17560,2024-08-04,370,14,4,332.9,South,1331.6
17561,2024-07-16,997,12,3,449.52,East,1348.56
17562,2022-04-09,723,27,4,226.44,West,905.76
17563,2022-06-20,171,47,3,219.28,East,657.84
17564,2022-05-28,581,31,4,22.8,West,91.2
17565,2022-05-03,222,4,4,17.67,West,70.68
17566,2022-04-22,443,30,2,349.4,West,698.8
17567,2024-10-19,153,4,2,241.02,North,482.04
17568,2024-10-08,862,31,2,333.51,South,667.02
17569,2022-03-09,376,34,4,126.73,North,506.92
17570,2024-04-07,281,4,3,432.92,West,1298.76
17571,2024-06-10,713,20,2,452.4,South,904.8
17572,2024-10-25,219,18,3,334.53,West,1003.5899999999999
17573,2022-08-18,920,47,3,146.12,West,438.36
17574,2022-06-09,958,8,1,115.92,East,115.92
17575,2022-07-05,616,42,5,316.49,North,1582.45
17576,2024-10-10,811,2,4,470.98,East,1883.92
17577,2024-05-26,827,9,5,293.28,West,1466.3999999999999
17578,2023-07-06,822,16,4,421.26,South,1685.04
17579,2022-05-27,486,22,3,287.05,East,861.1500000000001
17580,2023-03-12,510,12,5,340.55,East,1702.75
17581,2024-01-02,335,5,1,288.21,North,288.21
17582,2022-03-01,742,39,5,291.93,East,1459.65
17583,2024-04-22,410,15,5,372.23,South,1861.15
17584,2023-02-08,54,45,1,204.16,South,204.16
17585,2024-05-30,701,8,1,452.96,West,452.96
17586,2023-09-07,734,24,2,433.11,West,866.22
17587,2022-12-02,75,19,4,365.4,East,1461.6
17588,2024-04-10,349,37,3,374.28,North,1122.84
17589,2022-10-12,975,18,5,212.49,South,1062.45
17590,2022-05-09,684,21,5,417.94,North,2089.7
17591,2022-11-11,393,49,3,466.98,South,1400.94
17592,2024-08-17,554,39,1,399.62,East,399.62
17593,2022-03-12,157,14,1,75.18,South,75.18
17594,2022-12-11,847,15,5,395.44,West,1977.2
17595,2022-06-25,81,49,5,237.64,West,1188.1999999999998
17596,2024-06-02,208,3,3,308.26,North,924.78
17597,2022-05-23,826,45,3,495.67,East,1487.01
17598,2024-07-19,86,11,4,186.08,West,744.32
17599,2024-11-12,744,3,1,180.78,North,180.78
17600,2022-06-30,447,30,2,138.94,North,277.88
17601,2024-12-04,177,6,2,72.29,South,144.58
17602,2022-04-02,511,6,3,92.41,North,277.23
17603,2022-02-03,619,31,4,261.99,East,1047.96
17604,2023-11-09,139,22,5,455.8,East,2279.0
17605,2024-01-29,102,21,3,406.85,North,1220.5500000000002
17606,2023-01-17,473,38,3,99.42,East,298.26
17607,2024-08-23,822,38,3,285.23,East,855.69
17608,2023-01-22,542,6,2,424.99,East,849.98
17609,2023-06-19,194,29,3,274.35,West,823.0500000000001
17610,2022-07-19,833,46,4,456.6,South,1826.4
17611,2022-10-02,756,11,2,454.86,East,909.72
17612,2023-05-16,486,48,4,180.64,East,722.56
17613,2023-04-04,314,22,2,438.23,East,876.46
17614,2022-02-19,697,39,4,296.71,East,1186.84
17615,2024-08-27,805,6,1,245.12,North,245.12
17616,2024-09-14,247,30,1,389.39,West,389.39
17617,2023-06-16,630,43,2,396.91,East,793.82
17618,2024-09-30,438,25,1,340.96,East,340.96
17619,2023-09-20,73,36,5,407.34,North,2036.6999999999998
17620,2022-12-05,69,1,4,476.2,North,1904.8
17621,2024-12-12,754,22,2,437.81,East,875.62
17622,2022-01-04,152,9,1,46.38,East,46.38
17623,2022-10-08,831,45,2,426.51,West,853.02
17624,2022-03-14,987,8,5,392.95,South,1964.75
17625,2024-02-07,94,34,2,464.1,North,928.2
17626,2024-08-28,435,16,2,372.39,South,744.78
17627,2024-09-24,783,19,3,440.15,North,1320.4499999999998
17628,2022-07-27,431,8,3,15.01,West,45.03
17629,2022-09-17,457,12,3,489.12,East,1467.3600000000001
17630,2024-07-18,430,43,3,103.54,West,310.62
17631,2022-09-20,229,41,4,433.47,North,1733.88
17632,2024-02-22,30,31,5,465.51,West,2327.55
17633,2023-05-20,625,42,2,11.09,West,22.18
17634,2022-07-22,335,33,5,457.7,West,2288.5
17635,2022-02-21,660,19,2,416.31,East,832.62
17636,2022-12-29,569,27,3,461.98,South,1385.94
17637,2022-02-14,177,24,4,96.67,South,386.68
17638,2024-04-06,824,49,2,390.95,South,781.9
17639,2024-02-28,568,28,2,248.87,North,497.74
17640,2024-02-10,409,4,1,136.27,North,136.27
17641,2022-05-22,777,12,4,380.52,East,1522.08
17642,2024-03-07,237,23,4,241.89,East,967.56
17643,2022-02-06,278,20,4,450.94,East,1803.76
17644,2022-02-14,77,40,5,358.26,West,1791.3
17645,2024-07-08,933,28,3,78.18,East,234.54000000000002
17646,2024-12-05,636,48,1,132.87,West,132.87
17647,2023-07-19,540,1,5,139.62,West,698.1
17648,2022-10-28,654,41,3,178.58,North,535.74
17649,2022-10-15,158,11,2,336.56,West,673.12
17650,2024-02-25,167,44,1,448.22,East,448.22
17651,2022-09-26,185,31,5,300.91,South,1504.5500000000002
17652,2024-03-01,389,41,1,378.38,East,378.38
17653,2024-12-21,12,38,3,165.2,South,495.59999999999997
17654,2023-08-04,931,9,5,266.01,South,1330.05
17655,2024-07-24,169,6,5,257.02,North,1285.1
17656,2022-12-20,831,6,1,353.52,East,353.52
17657,2024-08-25,426,3,2,263.8,West,527.6
17658,2022-03-12,893,32,2,173.78,East,347.56
17659,2024-04-14,449,35,2,129.51,North,259.02
17660,2023-02-17,494,16,3,134.81,East,404.43
17661,2023-09-04,449,2,1,490.63,North,490.63
17662,2024-12-20,106,36,3,185.16,West,555.48
17663,2023-09-07,766,41,3,405.24,South,1215.72
17664,2023-06-13,427,7,2,44.97,North,89.94
17665,2022-07-10,956,35,2,53.93,East,107.86
17666,2022-03-19,916,30,2,346.21,West,692.42
17667,2024-06-07,98,45,1,234.03,North,234.03
17668,2024-08-06,631,46,1,441.44,West,441.44
17669,2022-01-17,226,29,2,432.49,North,864.98
17670,2024-03-25,447,41,3,380.27,West,1140.81
17671,2023-03-10,887,1,1,409.5,South,409.5
17672,2024-12-02,664,44,5,436.55,North,2182.75
17673,2024-12-27,476,1,3,393.95,East,1181.85
17674,2022-07-31,203,41,3,268.18,South,804.54
17675,2022-07-22,968,7,4,139.73,South,558.92
17676,2023-12-27,675,3,1,395.82,North,395.82
17677,2022-04-19,297,36,5,165.68,East,828.4000000000001
17678,2024-08-25,634,39,1,129.96,West,129.96
17679,2022-10-11,16,31,3,94.12,North,282.36
17680,2024-07-29,378,25,1,317.32,North,317.32
17681,2024-01-07,336,47,3,128.81,North,386.43
17682,2024-07-20,618,24,5,193.67,North,968.3499999999999
17683,2023-08-26,774,1,3,357.44,West,1072.32
17684,2023-05-06,20,38,2,398.98,East,797.96
17685,2022-01-19,440,31,3,164.23,West,492.68999999999994
17686,2024-03-11,244,37,2,422.97,South,845.94
17687,2024-01-30,244,11,5,38.4,North,192.0
17688,2024-07-17,971,49,5,493.08,West,2465.4
17689,2022-10-25,392,3,3,214.27,South,642.8100000000001
17690,2023-12-06,724,12,2,169.19,West,338.38
17691,2024-03-25,736,20,3,462.6,East,1387.8000000000002
17692,2024-03-13,865,30,5,74.87,West,374.35
17693,2023-01-08,262,10,2,185.32,North,370.64
17694,2024-07-16,220,39,4,185.86,South,743.44
17695,2024-08-08,8,15,4,217.94,East,871.76
17696,2024-04-23,446,21,5,425.69,South,2128.45
17697,2024-08-04,14,18,2,426.2,West,852.4
17698,2023-03-19,387,32,3,299.9,South,899.6999999999999
17699,2022-05-22,642,19,5,495.96,East,2479.7999999999997
17700,2023-02-06,22,30,5,423.64,North,2118.2
17701,2024-04-02,225,33,1,343.72,West,343.72
17702,2022-08-10,235,22,3,107.73,South,323.19
17703,2024-01-07,341,45,3,279.37,West,838.11
17704,2024-09-20,966,29,4,114.81,South,459.24
17705,2022-04-23,1000,24,1,157.81,East,157.81
17706,2024-12-29,711,4,3,346.07,North,1038.21
17707,2023-08-21,134,50,3,100.37,North,301.11
17708,2024-06-22,178,12,4,54.51,South,218.04
17709,2023-04-30,556,36,1,270.46,West,270.46
17710,2023-07-05,520,4,1,10.47,North,10.47
17711,2024-10-30,792,5,2,308.37,South,616.74
17712,2022-01-03,539,19,5,451.66,West,2258.3
17713,2023-10-24,437,41,2,103.22,North,206.44
17714,2022-03-08,51,39,1,197.56,South,197.56
17715,2023-12-06,924,31,4,459.02,East,1836.08
17716,2022-04-08,443,7,2,354.9,South,709.8
17717,2024-12-16,581,12,4,76.3,East,305.2
17718,2022-03-29,979,10,1,197.18,North,197.18
17719,2024-08-29,969,29,4,380.44,West,1521.76
17720,2023-10-15,281,21,2,335.74,North,671.48
17721,2023-10-18,44,13,1,86.27,East,86.27
17722,2024-06-30,687,23,1,40.62,North,40.62
17723,2023-01-06,631,6,2,344.02,East,688.04
17724,2023-01-10,365,31,5,308.42,East,1542.1000000000001
17725,2022-02-21,888,9,2,39.08,South,78.16
17726,2022-02-10,269,24,2,487.66,West,975.32
17727,2024-03-26,693,16,3,133.69,South,401.07
17728,2022-04-01,565,11,1,199.15,South,199.15
17729,2022-02-08,293,36,3,97.02,East,291.06
17730,2024-11-02,703,1,3,415.98,South,1247.94
17731,2024-06-18,194,21,3,481.66,West,1444.98
17732,2023-09-13,371,44,4,114.52,East,458.08
17733,2022-04-14,552,36,2,148.75,West,297.5
17734,2024-01-13,78,37,3,356.19,West,1068.57
17735,2022-02-12,189,6,4,268.67,South,1074.68
17736,2022-07-28,607,14,4,61.48,South,245.92
17737,2023-08-23,390,29,1,465.02,East,465.02
17738,2023-08-28,25,1,2,309.46,South,618.92
17739,2023-04-21,615,8,5,157.62,East,788.1
17740,2022-04-19,302,47,2,250.0,West,500.0
17741,2022-08-02,671,44,4,255.12,North,1020.48
17742,2023-02-13,358,19,2,267.45,East,534.9
17743,2024-02-10,720,23,1,253.68,East,253.68
17744,2023-09-25,959,39,2,285.28,South,570.56
17745,2022-03-18,859,41,4,202.74,North,810.96
17746,2022-04-05,94,11,4,81.62,North,326.48
17747,2022-09-26,836,27,3,335.65,West,1006.9499999999999
17748,2022-12-27,551,40,4,398.32,West,1593.28
17749,2023-06-14,336,36,1,422.1,East,422.1
17750,2023-11-14,164,42,4,20.76,West,83.04
17751,2022-06-11,903,20,2,208.27,South,416.54
17752,2023-04-10,341,42,5,489.43,West,2447.15
17753,2024-04-02,834,8,4,40.66,West,162.64
17754,2023-07-02,567,46,1,394.92,West,394.92
17755,2022-02-21,72,36,1,71.8,West,71.8
17756,2023-05-03,42,26,1,414.07,North,414.07
17757,2022-04-02,411,35,1,339.39,West,339.39
17758,2023-10-13,898,3,2,365.27,East,730.54
17759,2022-12-23,838,4,3,488.89,West,1466.67
17760,2023-12-20,644,44,5,470.35,South,2351.75
17761,2022-07-18,21,29,3,159.14,West,477.41999999999996
17762,2024-03-25,1,50,3,193.86,West,581.58
17763,2022-08-05,678,28,3,209.52,East,628.5600000000001
17764,2023-07-10,572,19,2,98.48,North,196.96
17765,2024-03-13,76,43,5,196.76,South,983.8
17766,2023-12-02,603,28,4,489.72,North,1958.88
17767,2023-05-18,398,18,4,249.89,East,999.56
17768,2023-04-14,719,14,5,476.77,North,2383.85
17769,2023-01-01,88,43,5,45.01,South,225.04999999999998
17770,2023-09-16,594,14,1,29.25,North,29.25
17771,2024-07-08,17,29,3,291.91,North,875.73
17772,2023-07-15,329,3,1,370.76,South,370.76
17773,2024-04-02,943,34,2,116.55,East,233.1
17774,2024-08-24,210,9,2,256.65,West,513.3
17775,2023-10-25,824,40,5,437.74,South,2188.7
17776,2024-01-21,383,5,2,383.24,East,766.48
17777,2023-01-18,565,29,5,123.59,East,617.95
17778,2022-11-05,640,41,4,173.89,North,695.56
17779,2022-06-25,146,5,3,159.84,South,479.52
17780,2022-08-16,453,45,2,362.56,East,725.12
17781,2022-12-13,816,43,1,484.41,East,484.41
17782,2024-10-17,393,43,2,147.24,East,294.48
17783,2022-12-16,310,44,3,298.27,North,894.81
17784,2023-03-31,931,13,2,494.39,South,988.78
17785,2023-03-17,492,26,5,87.21,North,436.04999999999995
17786,2024-01-31,760,9,2,332.95,East,665.9
17787,2023-05-30,430,4,4,172.67,East,690.68
17788,2022-10-15,1,39,4,495.92,West,1983.68
17789,2022-01-08,41,31,2,63.3,South,126.6
17790,2022-03-28,585,5,1,231.12,South,231.12
17791,2024-09-24,672,7,2,134.94,South,269.88
17792,2022-10-13,212,28,5,25.52,East,127.6
17793,2022-03-15,333,40,5,482.16,East,2410.8
17794,2024-03-16,808,14,5,288.4,East,1442.0
17795,2022-06-07,651,24,1,353.39,South,353.39
17796,2023-03-06,446,42,4,313.93,West,1255.72
17797,2024-04-25,942,38,5,82.75,North,413.75
17798,2022-02-05,304,5,5,93.57,North,467.84999999999997
17799,2024-10-17,555,47,2,316.96,West,633.92
17800,2024-08-31,691,48,4,392.11,East,1568.44
17801,2024-10-14,701,34,5,309.42,East,1547.1000000000001
17802,2023-12-14,758,28,5,289.48,West,1447.4
17803,2024-12-05,810,47,2,375.52,West,751.04
17804,2023-05-03,154,8,2,129.37,North,258.74
17805,2023-09-11,616,21,3,368.51,North,1105.53
17806,2022-06-19,523,24,2,211.5,East,423.0
17807,2022-05-26,25,24,2,340.28,West,680.56
17808,2024-05-17,808,13,3,144.61,South,433.83000000000004
17809,2023-02-24,25,49,5,77.36,East,386.8
17810,2023-07-27,596,15,2,24.29,South,48.58
17811,2024-10-23,106,46,1,403.7,North,403.7
17812,2024-03-09,753,25,3,106.51,West,319.53000000000003
17813,2022-11-17,119,45,3,188.1,North,564.3
17814,2022-09-03,971,28,5,386.74,North,1933.7
17815,2023-04-22,108,39,2,230.59,North,461.18
17816,2024-02-22,330,8,1,116.6,East,116.6
17817,2023-06-17,180,31,5,105.43,North,527.1500000000001
17818,2022-08-25,881,7,2,209.89,South,419.78
17819,2024-09-01,131,47,5,286.94,South,1434.7
17820,2023-11-10,807,39,3,202.25,East,606.75
17821,2023-08-02,603,17,3,453.24,West,1359.72
17822,2022-05-10,931,50,2,11.88,West,23.76
17823,2022-01-11,753,35,5,206.99,North,1034.95
17824,2022-09-14,759,22,2,373.99,North,747.98
17825,2024-03-26,168,7,4,446.54,South,1786.16
17826,2023-01-04,223,10,2,185.62,North,371.24
17827,2024-08-01,469,28,4,340.06,South,1360.24
17828,2024-05-31,278,39,3,294.37,South,883.11
17829,2022-01-19,190,43,1,108.75,East,108.75
17830,2022-04-20,531,29,3,343.66,West,1030.98
17831,2023-05-20,526,35,1,132.29,East,132.29
17832,2024-11-23,997,22,5,394.11,East,1970.5500000000002
17833,2024-09-29,755,9,1,434.29,North,434.29
17834,2022-09-12,621,36,5,244.43,North,1222.15
17835,2023-09-30,946,8,4,36.52,West,146.08
17836,2022-05-14,190,30,5,371.3,North,1856.5
17837,2023-05-14,983,30,2,238.94,West,477.88
17838,2023-02-01,218,31,2,56.31,West,112.62
17839,2023-10-09,299,22,2,172.26,West,344.52
17840,2023-11-16,311,44,3,152.41,North,457.23
17841,2022-01-19,236,31,2,365.92,East,731.84
17842,2024-10-07,168,40,5,217.79,South,1088.95
17843,2022-04-29,780,47,5,297.65,South,1488.25
17844,2022-10-29,193,28,5,255.54,East,1277.7
17845,2022-08-15,242,46,2,364.89,South,729.78
17846,2022-12-22,162,5,4,361.84,East,1447.36
17847,2023-12-02,876,17,4,229.91,West,919.64
17848,2023-05-02,339,11,3,76.17,North,228.51
17849,2022-08-11,791,22,5,209.86,East,1049.3000000000002
17850,2024-09-21,455,47,5,88.47,East,442.35
17851,2023-05-15,135,25,3,479.99,North,1439.97
17852,2024-11-11,193,13,5,475.57,West,2377.85
17853,2022-12-31,402,36,1,233.78,North,233.78
17854,2024-12-03,392,45,3,23.54,North,70.62
17855,2023-06-03,601,45,5,193.58,West,967.9000000000001
17856,2023-06-13,42,11,3,448.6,South,1345.8000000000002
17857,2022-07-05,93,5,1,151.13,East,151.13
17858,2024-03-08,215,14,1,314.77,South,314.77
17859,2024-09-08,349,22,2,100.13,South,200.26
17860,2022-12-14,513,3,5,414.33,East,2071.65
17861,2024-07-10,335,50,1,447.03,West,447.03
17862,2024-07-09,399,35,1,311.41,South,311.41
17863,2024-08-14,924,32,1,315.64,West,315.64
17864,2022-12-27,164,38,2,195.49,South,390.98
17865,2022-07-01,106,40,5,356.47,West,1782.3500000000001
17866,2022-04-07,232,24,3,244.45,North,733.3499999999999
17867,2023-07-17,992,28,2,375.29,North,750.58
17868,2022-11-10,558,21,5,484.57,North,2422.85
17869,2024-08-12,717,49,1,412.96,South,412.96
17870,2022-01-21,533,33,2,263.49,West,526.98
17871,2024-03-15,177,28,4,489.66,West,1958.64
17872,2023-07-30,679,39,4,307.47,South,1229.88
17873,2023-02-07,294,50,1,41.79,West,41.79
17874,2023-09-05,265,36,5,367.88,North,1839.4
17875,2024-08-27,788,10,5,411.83,East,2059.15
17876,2023-11-24,852,37,2,76.07,North,152.14
17877,2024-08-16,520,40,4,342.85,East,1371.4
17878,2024-05-21,270,25,5,461.25,East,2306.25
17879,2024-04-19,830,45,2,133.2,South,266.4
17880,2022-04-13,212,17,2,296.65,West,593.3
17881,2022-11-29,163,4,4,144.55,North,578.2
17882,2024-01-23,823,10,1,389.46,East,389.46
17883,2022-05-14,557,25,2,294.52,South,589.04
17884,2023-03-01,917,32,1,219.76,West,219.76
17885,2024-07-25,745,8,4,24.2,South,96.8
17886,2023-05-20,53,42,2,472.95,South,945.9
17887,2024-05-20,233,45,3,253.89,North,761.67
17888,2022-07-09,438,12,4,404.01,South,1616.04
17889,2023-09-04,854,21,4,202.03,South,808.12
17890,2022-02-21,683,45,3,426.06,West,1278.18
17891,2023-09-04,518,27,4,88.42,East,353.68
17892,2023-01-09,951,30,3,123.43,East,370.29
17893,2023-01-10,44,10,3,173.36,East,520.08
17894,2023-01-24,603,21,4,53.41,East,213.64
17895,2023-11-05,708,1,3,227.48,North,682.4399999999999
17896,2024-03-14,516,9,3,248.1,South,744.3
17897,2023-02-08,633,3,4,66.25,East,265.0
17898,2023-08-16,575,49,3,219.28,West,657.84
17899,2024-01-02,92,42,1,106.68,North,106.68
17900,2023-05-20,759,19,4,438.85,East,1755.4
17901,2022-03-24,731,6,4,259.55,West,1038.2
17902,2022-11-15,954,7,1,476.46,West,476.46
17903,2024-12-26,438,43,5,177.3,West,886.5
17904,2023-02-18,337,16,2,177.28,West,354.56
17905,2023-03-29,743,36,3,175.97,North,527.91
17906,2024-01-16,294,4,3,141.46,South,424.38
17907,2022-07-17,700,18,2,394.28,South,788.56
17908,2022-09-16,820,32,3,148.54,West,445.62
17909,2022-10-25,925,32,3,151.13,East,453.39
17910,2022-10-27,680,18,1,32.98,South,32.98
17911,2022-05-09,967,39,1,483.03,South,483.03
17912,2023-05-13,264,43,1,444.28,East,444.28
17913,2023-03-14,105,37,1,153.33,East,153.33
17914,2022-07-26,993,28,4,265.18,North,1060.72
17915,2022-10-21,224,50,3,246.55,North,739.6500000000001
17916,2022-01-29,419,39,2,52.97,North,105.94
17917,2022-06-28,978,2,3,270.29,West,810.8700000000001
17918,2022-02-10,115,37,4,65.53,West,262.12
17919,2022-12-10,891,37,4,222.7,South,890.8
17920,2024-03-26,235,2,3,53.02,North,159.06
17921,2024-01-07,784,19,3,298.57,West,895.71
17922,2023-09-18,274,5,1,34.01,South,34.01
17923,2022-10-05,955,44,4,317.93,North,1271.72
17924,2023-06-13,230,13,3,356.54,South,1069.6200000000001
17925,2022-03-27,729,22,2,289.72,West,579.44
17926,2022-11-13,34,7,2,240.05,North,480.1
17927,2023-11-24,388,2,1,39.79,South,39.79
17928,2024-05-12,709,14,1,15.56,East,15.56
17929,2022-11-11,501,25,3,177.79,South,533.37
17930,2022-08-13,895,26,2,387.91,East,775.82
17931,2024-12-13,462,5,4,327.17,East,1308.68
17932,2022-03-09,449,20,5,71.39,South,356.95
17933,2024-10-17,829,12,2,347.09,South,694.18
17934,2024-05-05,214,36,4,291.71,East,1166.84
17935,2024-12-31,46,31,2,91.69,North,183.38
17936,2024-06-01,405,17,3,380.1,East,1140.3000000000002
17937,2024-08-28,333,16,5,416.85,North,2084.25
17938,2022-07-19,240,10,5,123.95,East,619.75
17939,2022-11-28,254,35,3,321.58,East,964.74
17940,2023-07-01,228,33,3,195.28,West,585.84
17941,2022-03-07,733,38,1,38.65,East,38.65
17942,2024-01-01,891,35,4,432.06,South,1728.24
17943,2023-07-22,166,27,4,412.16,South,1648.64
17944,2023-10-19,585,7,1,165.79,West,165.79
17945,2023-02-08,737,27,4,270.44,West,1081.76
17946,2023-09-10,511,41,5,261.06,South,1305.3
17947,2023-08-19,598,12,2,96.95,West,193.9
17948,2023-10-10,593,46,5,81.38,East,406.9
17949,2022-05-26,956,33,1,423.69,East,423.69
17950,2024-01-31,727,13,4,435.01,South,1740.04
17951,2022-05-05,676,2,4,365.34,South,1461.36
17952,2023-04-25,390,3,2,45.66,South,91.32
17953,2024-09-28,752,11,2,455.48,South,910.96
17954,2023-12-13,423,5,2,490.57,East,981.14
17955,2023-12-16,925,2,5,390.05,North,1950.25
17956,2024-03-25,411,46,1,183.17,South,183.17
17957,2024-11-19,581,28,1,208.83,West,208.83
17958,2022-02-25,649,13,1,436.12,East,436.12
17959,2022-05-12,664,46,5,147.29,West,736.4499999999999
17960,2022-08-19,447,35,3,79.51,North,238.53000000000003
17961,2023-01-30,403,40,4,413.17,South,1652.68
17962,2024-09-08,97,13,5,104.73,East,523.65
17963,2024-08-20,379,12,1,454.58,West,454.58
17964,2024-07-21,670,18,5,301.88,West,1509.4
17965,2024-06-26,186,18,5,282.13,West,1410.65
17966,2023-06-17,680,17,3,390.12,West,1170.3600000000001
17967,2024-08-22,244,39,2,18.07,South,36.14
17968,2023-03-24,631,22,1,359.63,East,359.63
17969,2022-05-06,708,13,5,303.26,West,1516.3
17970,2023-07-09,503,45,2,266.65,East,533.3
17971,2023-11-25,288,38,4,116.49,East,465.96
17972,2023-05-04,369,19,4,416.42,North,1665.68
17973,2023-09-04,65,24,4,132.82,North,531.28
17974,2024-06-09,162,19,5,249.99,West,1249.95
17975,2023-03-22,597,21,5,87.46,South,437.29999999999995
17976,2023-05-23,927,24,3,487.12,South,1461.3600000000001
17977,2023-04-02,571,30,1,105.32,South,105.32
17978,2024-09-12,974,28,2,403.58,West,807.16
17979,2023-01-20,794,48,4,138.91,South,555.64
17980,2023-12-13,662,35,2,135.46,East,270.92
17981,2024-07-17,418,46,3,216.64,East,649.92
17982,2023-03-28,481,38,4,424.47,North,1697.88
17983,2023-10-16,633,17,2,346.9,East,693.8
17984,2023-06-05,269,48,1,437.1,West,437.1
17985,2023-06-22,767,34,1,33.13,South,33.13
17986,2022-05-25,736,9,3,478.29,West,1434.8700000000001
17987,2024-12-27,567,13,2,47.8,East,95.6
17988,2023-12-01,648,14,3,363.32,North,1089.96
17989,2022-05-11,190,26,3,111.51,East,334.53000000000003
17990,2024-01-03,406,21,3,422.01,North,1266.03
17991,2023-05-28,765,44,5,432.56,West,2162.8
17992,2023-10-02,489,20,1,280.11,West,280.11
17993,2022-01-01,312,11,5,207.41,West,1037.05
17994,2023-03-08,596,42,5,398.75,West,1993.75
17995,2023-01-26,917,50,1,438.28,West,438.28
17996,2023-02-03,866,35,3,371.75,North,1115.25
17997,2024-03-18,689,48,2,454.39,East,908.78
17998,2023-01-30,94,31,3,317.0,North,951.0
17999,2024-08-09,390,18,3,338.53,West,1015.5899999999999
18000,2022-06-23,547,14,5,290.21,East,1451.05
18001,2024-12-04,411,49,2,249.2,West,498.4
18002,2024-05-04,212,5,1,330.88,North,330.88
18003,2023-06-23,638,17,4,284.97,West,1139.88
18004,2024-01-15,369,21,1,368.31,East,368.31
18005,2023-12-22,742,14,2,467.77,North,935.54
18006,2022-02-19,168,3,1,192.79,South,192.79
18007,2024-12-20,14,31,5,211.47,South,1057.35
18008,2022-08-31,586,25,2,17.37,East,34.74
18009,2023-08-20,564,47,4,268.25,North,1073.0
18010,2022-10-03,874,44,4,74.39,North,297.56
18011,2024-11-20,207,17,2,360.84,South,721.68
18012,2022-01-08,808,26,1,392.0,South,392.0
18013,2023-12-16,43,17,4,364.14,East,1456.56
18014,2022-02-02,880,19,2,277.86,North,555.72
18015,2024-03-20,442,27,2,271.77,North,543.54
18016,2024-07-16,515,7,2,326.81,East,653.62
18017,2024-05-11,911,26,3,281.8,North,845.4000000000001
18018,2022-02-06,941,5,1,377.64,South,377.64
18019,2022-02-03,607,2,2,448.32,North,896.64
18020,2023-03-31,395,16,2,272.7,North,545.4
18021,2023-03-20,238,45,3,64.07,North,192.20999999999998
18022,2022-07-31,679,11,5,74.21,West,371.04999999999995
18023,2023-12-03,531,39,3,194.2,North,582.5999999999999
18024,2023-08-31,719,23,2,253.18,South,506.36
18025,2024-09-08,742,35,1,120.27,West,120.27
18026,2022-12-27,404,6,3,231.85,North,695.55
18027,2022-10-31,214,37,2,76.51,East,153.02
18028,2022-10-23,967,1,1,128.01,North,128.01
18029,2022-06-01,568,33,3,369.64,East,1108.92
18030,2023-08-23,846,18,4,492.93,West,1971.72
18031,2022-07-30,374,3,1,101.24,East,101.24
18032,2022-08-20,132,19,2,176.16,East,352.32
18033,2024-05-19,9,10,1,181.84,North,181.84
18034,2023-11-26,743,20,1,119.43,South,119.43
18035,2023-01-02,153,11,2,109.99,West,219.98
18036,2023-04-26,431,32,4,74.53,East,298.12
18037,2023-07-26,483,40,1,454.68,East,454.68
18038,2024-07-18,997,20,2,328.19,North,656.38
18039,2024-11-05,305,32,1,152.33,South,152.33
18040,2023-04-11,923,43,5,136.47,West,682.35
18041,2022-10-21,284,37,4,298.96,South,1195.84
18042,2022-06-20,472,22,5,351.64,East,1758.1999999999998
18043,2024-11-21,993,4,1,133.97,North,133.97
18044,2022-09-20,993,13,4,180.11,North,720.44
18045,2023-07-12,190,6,2,152.4,West,304.8
18046,2022-07-08,528,29,5,52.98,North,264.9
18047,2024-02-25,512,2,4,199.4,East,797.6
18048,2023-08-06,343,25,4,271.47,East,1085.88
18049,2024-09-28,430,32,1,331.13,North,331.13
18050,2023-08-23,715,26,5,214.2,East,1071.0
18051,2024-04-25,686,26,2,491.85,West,983.7
18052,2022-12-08,680,38,3,316.66,South,949.98
18053,2024-08-11,851,22,1,444.43,North,444.43
18054,2022-01-22,34,10,4,458.83,North,1835.32
18055,2022-06-15,471,23,5,412.49,North,2062.45
18056,2022-08-22,394,4,3,142.29,South,426.87
18057,2023-10-03,741,16,4,221.33,North,885.32
18058,2023-08-30,495,42,5,10.19,South,50.949999999999996
18059,2023-06-24,513,33,5,231.19,West,1155.95
18060,2024-11-24,322,13,3,153.94,West,461.82
18061,2022-11-14,115,46,4,64.83,North,259.32
18062,2022-12-09,214,44,3,420.91,North,1262.73
18063,2024-09-05,766,13,2,339.99,East,679.98
18064,2023-09-29,145,33,1,499.56,East,499.56
18065,2022-03-20,559,14,1,254.21,East,254.21
18066,2024-06-11,792,8,2,172.05,South,344.1
18067,2023-07-27,178,26,4,139.27,South,557.08
18068,2023-03-25,725,22,3,223.33,South,669.99
18069,2022-10-09,360,46,1,161.84,South,161.84
18070,2023-11-06,285,1,2,495.47,North,990.94
18071,2022-02-26,245,49,5,99.57,South,497.84999999999997
18072,2022-07-10,765,16,1,19.37,South,19.37
18073,2023-10-06,206,44,1,73.7,East,73.7
18074,2022-02-11,584,29,2,446.85,East,893.7
18075,2023-11-10,734,23,3,350.02,East,1050.06
18076,2023-05-17,342,5,1,394.15,East,394.15
18077,2024-02-29,727,21,3,167.03,South,501.09000000000003
18078,2024-01-20,360,50,2,315.12,West,630.24
18079,2024-01-12,499,36,5,356.87,South,1784.35
18080,2022-06-14,141,20,1,169.94,South,169.94
18081,2024-01-25,960,43,3,365.02,East,1095.06
18082,2022-03-31,668,8,3,318.53,West,955.5899999999999
18083,2024-09-13,222,26,4,155.16,North,620.64
18084,2024-12-17,389,41,3,35.9,North,107.69999999999999
18085,2023-10-10,330,25,3,126.55,East,379.65
18086,2024-01-20,743,42,2,313.57,North,627.14
18087,2024-03-29,393,7,3,303.53,East,910.5899999999999
18088,2022-08-31,654,22,4,258.75,North,1035.0
18089,2023-10-25,358,33,5,133.22,East,666.1
18090,2024-05-07,394,5,4,227.82,East,911.28
18091,2022-08-07,929,38,5,80.58,North,402.9
18092,2022-01-09,587,12,1,334.57,North,334.57
18093,2023-03-06,40,44,5,435.89,North,2179.45
18094,2022-01-13,902,14,5,237.21,West,1186.05
18095,2024-06-25,273,7,4,114.37,South,457.48
18096,2024-08-27,420,28,2,415.66,South,831.32
18097,2023-11-21,70,46,2,163.41,West,326.82
18098,2024-12-26,829,16,5,301.04,West,1505.2
18099,2023-11-08,623,41,4,46.96,West,187.84
18100,2022-07-03,458,2,2,361.79,East,723.58
18101,2024-10-01,945,49,2,235.73,South,471.46
18102,2022-07-27,234,31,4,217.44,South,869.76
18103,2023-06-12,197,36,5,468.07,North,2340.35
18104,2024-03-28,851,14,1,250.83,North,250.83
18105,2024-09-29,711,46,4,18.21,South,72.84
18106,2023-03-31,509,28,4,480.31,East,1921.24
18107,2024-06-20,536,47,4,15.98,South,63.92
18108,2022-09-01,819,32,5,272.58,North,1362.8999999999999
18109,2024-02-10,938,28,5,320.46,East,1602.3
18110,2022-08-26,147,12,4,448.3,East,1793.2
18111,2022-12-11,574,13,2,342.81,South,685.62
18112,2022-11-06,459,22,1,407.46,South,407.46
18113,2022-02-07,67,42,3,387.26,West,1161.78
18114,2022-02-01,30,48,4,114.63,South,458.52
18115,2022-10-19,107,29,4,353.23,North,1412.92
18116,2022-10-19,678,30,5,322.42,East,1612.1000000000001
18117,2024-01-28,390,15,5,129.55,East,647.75
18118,2023-08-01,879,40,3,72.88,East,218.64
18119,2023-08-28,995,4,5,378.3,South,1891.5
18120,2023-03-23,406,33,5,485.85,North,2429.25
18121,2022-10-05,121,46,2,371.84,East,743.68
18122,2024-09-20,11,9,1,377.23,South,377.23
18123,2023-06-16,584,38,2,91.69,East,183.38
18124,2024-09-10,347,16,4,131.06,North,524.24
18125,2023-08-25,253,26,2,297.02,South,594.04
18126,2023-07-16,797,43,3,25.4,East,76.19999999999999
18127,2024-10-30,119,27,2,337.28,East,674.56
18128,2023-08-14,887,11,5,80.96,North,404.79999999999995
18129,2022-02-28,520,46,3,212.56,North,637.6800000000001
18130,2023-04-04,215,43,3,166.89,North,500.66999999999996
18131,2022-04-14,733,26,4,62.16,South,248.64
18132,2024-04-10,80,14,4,293.6,North,1174.4
18133,2024-02-28,419,1,5,187.01,North,935.05
18134,2022-04-14,584,11,1,31.55,West,31.55
18135,2024-01-12,712,30,3,227.77,East,683.3100000000001
18136,2022-10-28,685,24,5,299.23,North,1496.15
18137,2023-10-16,289,50,4,73.9,West,295.6
18138,2023-07-09,234,49,4,296.65,East,1186.6
18139,2023-09-20,261,4,1,157.99,West,157.99
18140,2024-07-17,958,22,3,137.23,North,411.68999999999994
18141,2022-12-26,933,46,3,399.79,South,1199.3700000000001
18142,2022-03-28,657,8,5,239.19,East,1195.95
18143,2023-03-04,22,47,1,195.18,West,195.18
18144,2023-01-02,78,16,2,408.38,West,816.76
18145,2022-12-09,742,33,5,456.07,West,2280.35
18146,2022-12-13,672,33,3,164.39,North,493.16999999999996
18147,2022-04-06,14,10,5,34.7,East,173.5
18148,2024-06-02,748,2,5,274.95,East,1374.75
18149,2023-05-01,148,44,5,360.43,West,1802.15
18150,2023-08-27,662,4,5,298.02,South,1490.1
18151,2023-02-16,30,23,3,347.15,East,1041.4499999999998
18152,2023-03-24,438,27,1,326.89,East,326.89
18153,2022-09-04,673,33,1,478.44,North,478.44
18154,2024-02-09,773,33,4,434.3,West,1737.2
18155,2023-11-30,530,41,4,74.6,North,298.4
18156,2023-02-25,63,20,2,231.78,South,463.56
18157,2022-05-04,430,13,1,232.84,West,232.84
18158,2024-07-29,135,11,5,233.6,South,1168.0
18159,2024-05-26,157,19,4,466.04,South,1864.16
18160,2022-01-13,569,49,5,170.32,North,851.5999999999999
18161,2024-03-10,943,32,2,310.99,West,621.98
18162,2024-11-12,777,3,1,449.19,East,449.19
18163,2024-08-02,254,13,3,34.76,West,104.28
18164,2022-07-19,187,28,2,440.49,North,880.98
18165,2022-10-30,880,22,3,384.83,East,1154.49
18166,2024-01-08,873,19,1,111.86,South,111.86
18167,2022-06-25,379,31,3,169.5,East,508.5
18168,2024-11-18,327,20,1,162.19,West,162.19
18169,2023-11-08,199,24,5,118.44,North,592.2
18170,2023-06-19,881,32,2,322.88,West,645.76
18171,2023-04-22,171,9,5,491.59,West,2457.95
18172,2023-01-18,315,19,1,91.64,South,91.64
18173,2023-07-10,6,23,1,123.77,North,123.77
18174,2022-11-30,878,25,5,152.28,West,761.4
18175,2024-06-16,256,33,5,469.41,East,2347.05
18176,2024-07-19,879,49,5,316.65,East,1583.25
18177,2023-11-16,821,46,2,114.21,South,228.42
18178,2023-07-15,320,44,2,403.95,North,807.9
18179,2022-05-03,1000,2,1,462.21,North,462.21
18180,2024-11-24,248,3,4,207.69,West,830.76
18181,2023-09-10,731,28,5,94.68,West,473.40000000000003
18182,2024-09-14,4,37,3,161.86,South,485.58000000000004
18183,2024-04-19,513,35,3,116.39,East,349.17
18184,2023-02-20,838,14,3,108.7,East,326.1
18185,2023-12-09,506,24,5,93.69,South,468.45
18186,2023-09-29,31,50,4,439.26,West,1757.04
18187,2022-12-13,833,37,4,52.09,East,208.36
18188,2022-02-06,629,3,2,212.54,South,425.08
18189,2023-05-27,965,23,4,17.22,West,68.88
18190,2024-04-28,275,34,3,153.76,North,461.28
18191,2023-06-19,709,9,3,356.4,West,1069.1999999999998
18192,2024-06-28,886,18,5,109.39,East,546.95
18193,2024-02-12,325,2,2,499.38,South,998.76
18194,2023-10-26,177,22,1,33.67,South,33.67
18195,2024-11-07,287,35,2,76.88,East,153.76
18196,2022-01-27,956,31,1,395.57,South,395.57
18197,2023-06-20,748,26,2,488.24,South,976.48
18198,2024-11-18,967,50,4,477.47,South,1909.88
18199,2024-10-04,79,14,2,401.14,North,802.28
18200,2023-10-20,243,45,5,486.76,South,2433.8
18201,2023-10-02,823,48,1,421.99,West,421.99
18202,2022-02-11,501,28,4,38.43,South,153.72
18203,2022-08-01,205,11,4,424.36,West,1697.44
18204,2024-04-15,460,32,2,247.05,West,494.1
18205,2023-12-03,383,21,4,233.81,North,935.24
18206,2022-03-21,723,23,3,11.24,East,33.72
18207,2024-08-12,333,24,3,313.93,South,941.79
18208,2024-06-20,603,12,3,339.09,South,1017.27
18209,2023-02-28,166,3,2,397.45,West,794.9
18210,2024-07-07,161,6,1,169.72,North,169.72
18211,2023-05-31,6,48,2,72.79,South,145.58
18212,2022-06-14,653,12,5,225.53,North,1127.65
18213,2024-09-23,205,20,4,187.52,West,750.08
18214,2024-09-19,973,6,3,379.04,North,1137.1200000000001
18215,2024-06-11,532,20,2,122.43,North,244.86
18216,2024-10-12,100,14,2,77.7,East,155.4
18217,2024-12-01,677,41,4,225.69,East,902.76
18218,2024-01-11,45,49,2,317.71,West,635.42
18219,2024-01-25,457,44,3,147.69,West,443.07
18220,2023-02-20,849,1,4,66.07,West,264.28
18221,2024-12-14,227,20,1,225.17,West,225.17
18222,2022-12-02,315,22,3,481.32,North,1443.96
18223,2024-05-30,52,40,5,483.98,West,2419.9
18224,2024-08-29,146,31,5,357.26,North,1786.3
18225,2023-11-16,281,31,4,390.81,East,1563.24
18226,2024-01-11,123,28,3,109.72,West,329.15999999999997
18227,2022-01-30,719,12,3,193.58,East,580.74
18228,2023-07-29,471,16,3,306.33,South,918.99
18229,2022-08-09,897,33,5,377.7,South,1888.5
18230,2024-04-06,297,35,4,91.65,North,366.6
18231,2023-08-17,614,44,5,234.24,East,1171.2
18232,2024-01-24,512,4,2,89.75,East,179.5
18233,2024-11-28,786,10,1,320.35,South,320.35
18234,2024-10-17,641,34,5,388.36,West,1941.8000000000002
18235,2023-05-07,502,41,4,418.32,North,1673.28
18236,2023-03-14,679,3,5,368.86,West,1844.3000000000002
18237,2023-04-24,202,31,2,87.98,East,175.96
18238,2024-02-22,415,31,2,415.92,East,831.84
18239,2024-08-06,614,1,2,173.86,East,347.72
18240,2024-10-04,583,5,2,419.53,North,839.06
18241,2022-03-13,422,5,1,132.94,North,132.94
18242,2023-08-05,520,2,3,243.09,East,729.27
18243,2022-08-08,674,15,2,292.52,North,585.04
18244,2024-10-24,73,1,1,27.01,West,27.01
18245,2024-09-29,345,21,5,452.81,South,2264.05
18246,2022-10-17,27,37,2,260.66,South,521.32
18247,2023-01-15,169,7,5,104.1,South,520.5
18248,2024-03-14,775,11,5,88.8,North,444.0
18249,2024-01-13,800,26,4,346.41,South,1385.64
18250,2022-03-21,585,42,1,50.05,East,50.05
18251,2022-03-07,209,2,1,225.51,East,225.51
18252,2022-05-16,611,30,2,274.74,North,549.48
18253,2023-02-03,880,14,2,124.23,South,248.46
18254,2022-12-13,912,5,2,73.31,North,146.62
18255,2022-02-28,898,31,1,250.45,West,250.45
18256,2024-02-17,939,48,5,176.76,West,883.8
18257,2023-06-03,543,32,5,78.72,West,393.6
18258,2023-12-15,848,34,2,113.08,North,226.16
18259,2024-09-03,943,10,5,240.76,West,1203.8
18260,2022-03-20,545,31,2,75.19,West,150.38
18261,2022-04-25,725,27,3,468.7,North,1406.1
18262,2024-09-12,657,18,5,389.97,East,1949.8500000000001
18263,2022-05-06,611,5,1,169.52,North,169.52
18264,2023-07-27,822,17,4,136.59,East,546.36
18265,2024-08-22,310,11,1,438.4,West,438.4
18266,2023-05-15,947,5,1,219.19,North,219.19
18267,2024-04-08,180,38,4,432.73,South,1730.92
18268,2023-09-18,647,48,2,373.8,East,747.6
18269,2023-03-28,438,37,5,55.14,North,275.7
18270,2023-01-20,477,21,1,408.67,South,408.67
18271,2022-12-29,395,24,5,274.54,North,1372.7
18272,2023-05-13,702,30,4,342.02,South,1368.08
18273,2023-06-21,542,16,4,117.31,East,469.24
18274,2022-01-16,594,49,5,10.13,East,50.650000000000006
18275,2024-09-07,57,41,5,173.51,North,867.55
18276,2023-09-12,174,22,4,103.41,West,413.64
18277,2022-10-27,720,2,2,223.26,North,446.52
18278,2022-12-05,326,19,5,54.54,North,272.7
18279,2022-10-30,322,49,3,448.57,South,1345.71
18280,2023-08-15,183,37,3,68.17,West,204.51
18281,2022-03-17,235,2,5,384.45,East,1922.25
18282,2024-07-02,619,11,1,470.27,North,470.27
18283,2024-02-19,186,33,4,82.63,South,330.52
18284,2024-07-09,266,9,2,179.77,South,359.54
18285,2023-01-01,644,25,3,368.22,East,1104.66
18286,2023-10-15,842,6,3,360.09,West,1080.27
18287,2024-10-02,329,11,1,28.32,East,28.32
18288,2023-01-31,830,27,5,44.64,West,223.2
18289,2024-03-14,365,8,1,68.87,North,68.87
18290,2024-11-17,683,45,2,288.33,East,576.66
18291,2024-04-24,810,31,5,36.97,North,184.85
18292,2024-05-21,24,27,3,298.32,East,894.96
18293,2022-04-25,261,44,3,177.81,West,533.4300000000001
18294,2023-01-08,355,41,4,338.01,West,1352.04
18295,2024-04-29,196,47,2,393.2,South,786.4
18296,2022-03-31,611,5,3,397.79,East,1193.3700000000001
18297,2024-01-27,490,15,1,28.44,South,28.44
18298,2022-01-31,888,2,3,474.13,South,1422.3899999999999
18299,2022-12-24,333,15,1,297.46,South,297.46
18300,2023-04-15,613,31,1,448.89,North,448.89
18301,2022-09-27,864,20,5,311.42,South,1557.1000000000001
18302,2022-07-28,941,3,5,247.22,West,1236.1
18303,2023-11-21,955,42,3,367.57,North,1102.71
18304,2023-04-02,632,39,3,117.52,South,352.56
18305,2023-03-25,321,10,1,60.58,South,60.58
18306,2022-03-09,447,26,5,54.34,North,271.70000000000005
18307,2024-05-23,377,10,3,426.08,East,1278.24
18308,2023-04-12,203,40,5,457.1,West,2285.5
18309,2022-05-08,90,13,2,409.06,North,818.12
18310,2024-01-03,707,21,1,453.17,South,453.17
18311,2024-11-08,177,34,5,492.54,West,2462.7000000000003
18312,2023-01-03,627,44,3,267.77,West,803.31
18313,2022-02-27,845,32,1,85.4,North,85.4
18314,2023-07-11,32,9,4,307.88,North,1231.52
18315,2022-02-17,880,30,1,183.41,West,183.41
18316,2023-07-16,946,1,2,179.76,East,359.52
18317,2023-08-16,727,12,1,366.63,North,366.63
18318,2024-03-22,954,44,5,54.42,East,272.1
18319,2022-02-28,820,35,5,28.39,North,141.95
18320,2022-06-10,791,24,3,350.68,North,1052.04
18321,2022-04-13,243,40,3,137.76,East,413.28
18322,2024-04-25,798,45,1,198.9,East,198.9
18323,2023-02-16,70,49,1,160.74,North,160.74
18324,2024-02-25,71,10,1,311.27,East,311.27
18325,2022-07-02,623,47,5,85.71,North,428.54999999999995
18326,2023-02-21,158,24,5,363.09,West,1815.4499999999998
18327,2023-02-03,549,41,4,463.21,West,1852.84
18328,2024-08-14,816,18,4,419.69,West,1678.76
18329,2024-02-18,928,8,4,454.45,North,1817.8
18330,2023-10-17,326,46,3,469.16,East,1407.48
18331,2023-03-13,35,43,5,192.44,South,962.2
18332,2022-11-14,480,13,1,399.91,South,399.91
18333,2023-08-29,460,16,1,252.46,South,252.46
18334,2024-06-29,836,14,4,142.19,South,568.76
18335,2023-05-12,416,9,3,375.97,West,1127.91
18336,2023-03-03,571,9,3,129.62,East,388.86
18337,2024-03-28,886,5,4,63.71,North,254.84
18338,2024-10-19,419,47,1,355.26,West,355.26
18339,2022-08-28,511,11,3,150.9,West,452.70000000000005
18340,2024-12-18,368,19,2,159.9,South,319.8
18341,2024-03-07,912,38,4,441.75,North,1767.0
18342,2022-07-22,887,10,1,76.41,West,76.41
18343,2022-10-14,883,16,2,384.77,East,769.54
18344,2022-03-14,207,29,5,199.24,East,996.2
18345,2023-12-27,361,5,1,447.58,South,447.58
18346,2022-12-03,436,18,2,225.77,West,451.54
18347,2022-07-22,578,42,5,210.42,North,1052.1
18348,2022-08-19,774,42,3,220.63,East,661.89
18349,2024-06-22,270,44,1,420.47,South,420.47
18350,2024-12-16,233,35,1,15.15,North,15.15
18351,2023-10-06,669,36,3,355.38,West,1066.1399999999999
18352,2024-07-03,106,22,1,110.57,South,110.57
18353,2022-10-07,666,24,4,442.24,West,1768.96
18354,2024-03-19,18,12,2,194.2,North,388.4
18355,2023-04-11,495,39,5,176.09,West,880.45
18356,2024-01-07,260,12,5,359.19,North,1795.95
18357,2024-03-14,485,35,2,364.0,West,728.0
18358,2022-09-23,313,50,4,320.52,West,1282.08
18359,2022-09-04,631,19,1,171.61,North,171.61
18360,2022-03-19,821,37,3,309.07,East,927.21
18361,2024-05-03,102,14,3,36.59,South,109.77000000000001
18362,2022-09-10,537,23,1,478.04,North,478.04
18363,2023-04-20,943,40,5,231.83,North,1159.15
18364,2022-06-25,180,22,2,159.19,South,318.38
18365,2024-08-28,510,47,2,431.78,West,863.56
18366,2022-09-11,477,48,5,168.84,East,844.2
18367,2024-06-21,674,50,2,498.61,South,997.22
18368,2022-04-17,400,11,5,348.39,North,1741.9499999999998
18369,2022-02-27,997,2,4,328.29,North,1313.16
18370,2024-07-30,350,10,1,84.41,South,84.41
18371,2022-03-25,215,43,5,308.83,West,1544.1499999999999
18372,2023-12-13,383,5,4,86.01,South,344.04
18373,2024-06-19,124,30,5,393.97,East,1969.8500000000001
18374,2023-10-19,292,21,4,77.82,North,311.28
18375,2023-04-01,668,49,4,185.83,North,743.32
18376,2023-10-21,705,33,4,243.6,South,974.4
18377,2024-02-12,328,25,1,404.54,South,404.54
18378,2024-03-01,565,46,5,320.05,North,1600.25
18379,2024-04-30,682,47,5,376.5,North,1882.5
18380,2023-06-10,847,7,5,129.55,East,647.75
18381,2022-09-23,98,40,4,126.26,West,505.04
18382,2022-05-21,659,28,2,196.5,North,393.0
18383,2024-06-13,300,16,2,19.15,West,38.3
18384,2023-02-10,30,45,5,417.05,North,2085.25
18385,2022-10-20,74,37,2,191.28,West,382.56
18386,2024-11-20,172,3,2,43.1,South,86.2
18387,2022-12-21,885,45,2,437.39,East,874.78
18388,2022-07-24,923,19,4,484.23,North,1936.92
18389,2024-09-20,84,12,5,326.83,West,1634.1499999999999
18390,2022-10-18,985,19,5,184.73,South,923.65
18391,2022-04-21,585,49,3,212.74,North,638.22
18392,2024-12-27,744,11,3,135.52,North,406.56000000000006
18393,2023-01-08,290,3,2,358.52,East,717.04
18394,2022-07-15,639,2,5,184.48,West,922.4
18395,2022-05-06,85,46,2,25.92,North,51.84
18396,2022-09-19,254,26,4,32.62,South,130.48
18397,2024-06-05,664,22,5,311.23,North,1556.15
18398,2024-07-12,824,17,4,152.29,West,609.16
18399,2022-06-04,519,34,4,92.61,South,370.44
18400,2022-04-18,452,50,5,280.66,West,1403.3000000000002
18401,2022-02-04,307,15,2,146.43,North,292.86
18402,2024-12-03,648,12,3,45.93,South,137.79
18403,2023-10-17,184,16,2,104.86,South,209.72
18404,2023-12-24,973,16,3,391.17,West,1173.51
18405,2024-09-24,314,39,1,427.49,North,427.49
18406,2023-02-20,341,6,3,437.35,South,1312.0500000000002
18407,2024-09-26,227,46,5,272.07,South,1360.35
18408,2022-10-12,837,8,3,475.97,North,1427.91
18409,2023-06-02,756,25,1,84.32,West,84.32
18410,2022-01-27,264,19,3,342.39,West,1027.17
18411,2022-08-15,450,19,2,355.09,North,710.18
18412,2024-04-27,251,12,3,36.06,West,108.18
18413,2022-01-18,408,9,5,148.4,North,742.0
18414,2022-02-12,170,41,5,475.03,East,2375.1499999999996
18415,2022-03-30,566,29,4,381.92,South,1527.68
18416,2023-08-09,912,27,2,36.8,West,73.6
18417,2022-06-06,132,5,2,274.99,South,549.98
18418,2022-05-14,827,26,3,327.82,East,983.46
18419,2023-04-09,606,30,3,486.81,East,1460.43
18420,2024-01-11,46,14,5,361.05,South,1805.25
18421,2024-11-23,350,33,4,322.94,North,1291.76
18422,2022-03-24,99,35,1,455.18,West,455.18
18423,2024-07-17,746,11,3,333.86,West,1001.58
18424,2024-05-15,781,4,2,466.74,East,933.48
18425,2022-07-23,37,33,3,251.46,East,754.38
18426,2024-08-19,438,6,4,362.1,North,1448.4
18427,2023-05-12,945,28,2,319.56,North,639.12
18428,2023-03-18,75,10,4,280.74,South,1122.96
18429,2024-04-07,58,36,2,168.81,West,337.62
18430,2024-05-20,19,49,3,452.85,North,1358.5500000000002
18431,2024-05-18,402,26,4,142.32,West,569.28
18432,2022-03-21,188,30,5,88.1,East,440.5
18433,2024-03-22,913,22,2,358.9,South,717.8
18434,2024-07-03,139,5,4,277.81,South,1111.24
18435,2023-07-24,143,2,4,138.8,South,555.2
18436,2024-05-11,968,33,1,436.45,North,436.45
18437,2022-06-18,108,16,1,150.24,North,150.24
18438,2024-10-08,221,7,3,41.25,North,123.75
18439,2022-08-24,145,21,5,17.53,North,87.65
18440,2023-02-03,858,35,5,462.2,East,2311.0
18441,2023-08-11,510,46,4,207.07,East,828.28
18442,2024-03-31,376,22,4,114.61,West,458.44
18443,2024-10-09,5,48,4,287.88,South,1151.52
18444,2023-04-22,957,22,2,249.06,East,498.12
18445,2024-04-24,388,6,3,499.92,West,1499.76
18446,2023-08-08,568,33,3,445.37,West,1336.1100000000001
18447,2023-09-07,767,39,1,142.84,North,142.84
18448,2023-08-29,984,43,4,351.88,West,1407.52
18449,2024-08-18,971,25,4,199.72,West,798.88
18450,2024-02-17,734,18,2,188.57,North,377.14
18451,2022-12-24,872,41,4,189.88,East,759.52
18452,2024-12-17,560,35,4,323.24,East,1292.96
18453,2023-06-05,816,24,3,273.61,East,820.83
18454,2023-06-09,163,40,4,379.97,North,1519.88
18455,2023-01-28,748,40,2,84.96,West,169.92
18456,2022-06-02,760,23,2,218.46,North,436.92
18457,2024-06-11,365,33,5,431.56,West,2157.8
18458,2024-09-10,417,29,5,11.55,South,57.75
18459,2023-04-25,509,10,1,315.51,South,315.51
18460,2023-08-06,612,15,2,395.01,South,790.02
18461,2024-05-06,21,10,2,198.09,East,396.18
18462,2022-01-20,614,26,3,442.97,East,1328.91
18463,2023-08-16,517,40,5,370.49,North,1852.45
18464,2022-08-16,960,29,1,306.96,East,306.96
18465,2022-01-19,197,34,3,107.18,North,321.54
18466,2023-03-20,661,18,3,338.35,North,1015.0500000000001
18467,2023-01-03,345,2,5,418.55,East,2092.75
18468,2024-06-17,330,25,3,367.66,East,1102.98
18469,2024-06-07,378,21,5,291.68,North,1458.4
18470,2023-12-27,211,31,2,360.14,North,720.28
18471,2022-05-27,160,22,2,488.68,North,977.36
18472,2023-03-06,658,9,5,15.29,West,76.44999999999999
18473,2024-04-27,570,27,4,335.33,East,1341.32
18474,2022-07-17,354,25,4,398.57,North,1594.28
18475,2024-09-23,240,25,1,323.06,South,323.06
18476,2023-07-19,79,27,4,143.82,North,575.28
18477,2023-01-04,152,10,1,413.15,West,413.15
18478,2024-03-12,517,30,5,457.52,East,2287.6
18479,2023-12-01,383,4,5,344.92,North,1724.6000000000001
18480,2024-09-22,693,21,5,260.4,South,1302.0
18481,2023-06-02,352,30,1,189.5,East,189.5
18482,2024-02-14,201,33,3,171.73,West,515.1899999999999
18483,2023-07-15,951,43,1,364.38,North,364.38
18484,2022-03-01,133,26,3,307.49,North,922.47
18485,2023-06-29,965,2,2,86.86,East,173.72
18486,2024-10-13,634,23,2,79.14,East,158.28
18487,2022-10-30,169,31,3,44.84,North,134.52
18488,2022-10-10,866,4,3,344.92,North,1034.76
18489,2023-04-23,391,47,4,164.04,West,656.16
18490,2024-11-11,858,20,3,19.92,East,59.760000000000005
18491,2023-07-13,385,25,3,175.47,East,526.41
18492,2022-12-15,820,45,5,417.74,West,2088.7
18493,2023-11-01,98,1,1,131.35,North,131.35
18494,2022-09-15,794,2,3,320.44,East,961.3199999999999
18495,2023-10-17,377,6,5,225.44,East,1127.2
18496,2024-12-06,992,7,3,278.96,West,836.8799999999999
18497,2024-11-16,959,4,4,301.93,West,1207.72
18498,2024-11-16,780,18,3,232.86,North,698.58
18499,2022-05-25,838,41,3,38.35,North,115.05000000000001
18500,2023-08-10,340,43,5,288.17,East,1440.8500000000001
18501,2023-06-06,531,5,3,204.79,West,614.37
18502,2024-03-11,976,25,5,107.94,South,539.7
18503,2023-01-17,132,1,1,449.29,West,449.29
18504,2024-02-15,608,34,5,370.67,East,1853.3500000000001
18505,2023-11-04,210,3,1,149.19,East,149.19
18506,2022-11-23,5,17,3,274.09,South,822.27
18507,2023-09-22,377,32,1,481.93,West,481.93
18508,2022-03-25,640,24,2,130.28,South,260.56
18509,2022-05-26,54,2,2,474.22,South,948.44
18510,2023-02-28,498,1,5,344.85,South,1724.25
18511,2023-10-23,198,34,4,275.01,East,1100.04
18512,2024-02-02,441,8,3,491.77,South,1475.31
18513,2023-07-23,718,45,2,173.52,North,347.04
18514,2022-12-13,180,46,4,146.33,East,585.32
18515,2022-12-13,241,44,5,176.4,North,882.0
18516,2023-02-12,786,9,1,377.92,North,377.92
18517,2022-05-13,320,28,3,175.13,East,525.39
18518,2023-09-06,501,19,1,60.35,East,60.35
18519,2024-09-14,650,20,3,325.71,West,977.1299999999999
18520,2022-04-16,23,7,2,119.26,East,238.52
18521,2022-06-20,632,42,4,12.04,South,48.16
18522,2023-10-02,627,35,5,107.59,West,537.95
18523,2022-09-19,594,19,3,411.38,South,1234.1399999999999
18524,2023-05-09,708,17,2,470.72,North,941.44
18525,2024-06-21,180,40,5,334.36,East,1671.8000000000002
18526,2022-10-17,864,18,3,162.14,North,486.41999999999996
18527,2022-03-26,175,7,2,223.88,West,447.76
18528,2022-02-14,198,27,5,105.33,North,526.65
18529,2024-03-25,538,39,1,441.58,West,441.58
18530,2022-11-29,454,30,4,336.13,South,1344.52
18531,2023-04-10,99,23,4,51.36,East,205.44
18532,2022-07-19,745,20,1,189.8,South,189.8
18533,2022-11-25,427,23,4,273.63,West,1094.52
18534,2022-08-28,453,26,4,400.69,West,1602.76
18535,2024-03-08,191,48,3,461.05,South,1383.15
18536,2023-12-03,974,47,2,75.01,South,150.02
18537,2023-08-06,578,14,1,418.93,South,418.93
18538,2023-10-19,758,48,2,42.23,East,84.46
18539,2023-12-22,499,31,4,127.84,South,511.36
18540,2022-12-26,616,27,2,20.3,North,40.6
18541,2023-01-20,191,9,5,41.28,South,206.4
18542,2024-03-09,141,23,1,25.89,West,25.89
18543,2022-12-31,691,10,1,81.54,West,81.54
18544,2022-03-13,773,47,1,439.5,West,439.5
18545,2023-05-19,175,23,3,149.08,South,447.24
18546,2022-05-07,420,10,2,245.06,South,490.12
18547,2023-04-27,676,2,2,248.69,East,497.38
18548,2022-10-10,434,37,3,497.68,South,1493.04
18549,2024-10-22,440,40,1,188.69,West,188.69
18550,2022-03-15,531,38,3,139.9,South,419.70000000000005
18551,2024-12-23,532,38,3,481.99,North,1445.97
18552,2024-02-12,918,1,4,300.34,South,1201.36
18553,2022-12-13,799,48,1,151.85,South,151.85
18554,2022-11-20,361,18,5,150.87,West,754.35
18555,2022-08-27,751,35,4,52.32,East,209.28
18556,2022-12-03,446,7,1,282.87,West,282.87
18557,2022-12-07,556,44,1,364.61,West,364.61
18558,2024-08-03,708,42,1,242.61,South,242.61
18559,2024-06-10,707,22,2,443.37,West,886.74
18560,2023-04-07,357,25,1,247.14,South,247.14
18561,2024-03-08,857,42,1,179.72,South,179.72
18562,2024-01-03,561,23,5,132.88,North,664.4
18563,2022-06-11,997,9,1,129.21,West,129.21
18564,2023-03-24,59,27,3,165.09,South,495.27
18565,2022-09-22,644,11,1,496.07,East,496.07
18566,2024-10-06,885,27,1,186.8,East,186.8
18567,2022-05-12,167,40,1,267.05,North,267.05
18568,2022-04-30,647,28,2,144.59,South,289.18
18569,2023-11-03,967,18,4,80.33,West,321.32
18570,2023-05-20,945,36,2,326.46,West,652.92
18571,2022-04-19,601,34,5,277.16,West,1385.8000000000002
18572,2022-10-20,783,13,5,43.23,North,216.14999999999998
18573,2024-09-14,263,46,3,442.57,South,1327.71
18574,2024-04-07,431,30,3,258.78,East,776.3399999999999
18575,2022-07-06,628,28,5,174.31,South,871.55
18576,2024-11-25,196,22,4,391.89,North,1567.56
18577,2022-09-13,354,24,4,64.92,West,259.68
18578,2024-10-28,886,47,5,242.15,North,1210.75
18579,2024-01-18,941,30,1,278.9,East,278.9
18580,2022-02-10,620,45,2,389.81,North,779.62
18581,2024-01-27,874,38,2,191.42,East,382.84
18582,2022-04-23,915,20,1,428.93,East,428.93
18583,2024-02-07,47,6,4,351.86,West,1407.44
18584,2024-05-03,753,33,2,387.83,West,775.66
18585,2022-03-19,309,47,2,484.85,North,969.7
18586,2023-12-20,230,38,3,423.93,East,1271.79
18587,2024-05-27,411,15,4,179.93,North,719.72
18588,2023-02-06,901,15,5,326.45,South,1632.25
18589,2024-04-12,757,32,5,435.62,West,2178.1
18590,2022-03-05,316,14,1,267.31,East,267.31
18591,2023-10-14,762,42,2,344.57,West,689.14
18592,2024-06-04,77,8,5,94.41,West,472.04999999999995
18593,2024-12-01,62,36,1,409.8,South,409.8
18594,2023-01-08,571,22,3,381.16,West,1143.48
18595,2022-11-02,238,38,4,445.56,South,1782.24
18596,2022-07-28,701,20,2,357.97,East,715.94
18597,2023-04-12,568,24,2,439.68,West,879.36
18598,2024-07-20,78,21,1,89.49,West,89.49
18599,2023-10-09,734,28,2,408.69,North,817.38
18600,2022-12-28,559,49,4,476.95,North,1907.8
18601,2023-12-22,944,23,5,409.6,South,2048.0
18602,2023-12-17,650,24,1,311.46,North,311.46
18603,2023-06-27,416,39,4,463.99,East,1855.96
18604,2022-07-13,961,44,2,56.3,South,112.6
18605,2023-10-14,24,23,5,18.26,North,91.30000000000001
18606,2024-11-16,29,4,4,483.01,West,1932.04
18607,2024-12-05,491,46,5,344.67,North,1723.3500000000001
18608,2023-10-09,135,4,5,65.94,South,329.7
18609,2024-08-11,351,30,1,176.61,North,176.61
18610,2024-12-17,913,48,2,376.91,North,753.82
18611,2024-11-02,350,28,3,377.69,South,1133.07
18612,2024-08-06,281,31,3,93.3,South,279.9
18613,2024-08-18,476,33,3,240.37,East,721.11
18614,2022-02-18,292,50,4,405.58,South,1622.32
18615,2024-03-13,189,19,3,483.73,South,1451.19
18616,2023-08-30,583,10,2,315.06,South,630.12
18617,2022-01-10,419,25,3,322.69,East,968.0699999999999
18618,2023-11-05,888,37,5,239.98,West,1199.8999999999999
18619,2023-12-27,468,13,5,274.14,South,1370.6999999999998
18620,2023-05-31,206,6,5,58.48,South,292.4
18621,2022-08-12,242,30,3,181.3,South,543.9000000000001
18622,2022-07-22,306,23,2,258.57,West,517.14
18623,2024-07-30,184,36,2,144.74,South,289.48
18624,2023-08-12,478,16,3,186.32,East,558.96
18625,2023-07-25,504,8,2,485.89,North,971.78
18626,2024-08-14,128,16,3,12.55,East,37.650000000000006
18627,2022-07-15,449,11,2,158.3,West,316.6
18628,2023-02-22,230,1,1,296.14,West,296.14
18629,2022-01-09,41,22,1,146.69,West,146.69
18630,2023-06-16,793,18,2,341.47,North,682.94
18631,2022-05-29,674,36,5,156.64,North,783.1999999999999
18632,2023-01-18,392,11,1,322.72,East,322.72
18633,2024-11-01,824,20,4,426.43,North,1705.72
18634,2023-04-21,340,10,3,332.74,West,998.22
18635,2023-08-02,670,48,4,34.44,West,137.76
18636,2024-12-12,836,10,2,399.65,South,799.3
18637,2022-07-25,21,37,2,114.27,West,228.54
18638,2024-09-12,347,50,5,321.05,South,1605.25
18639,2024-07-03,10,22,1,326.9,East,326.9
18640,2024-01-15,87,11,1,403.83,North,403.83
18641,2024-07-01,545,35,4,257.85,South,1031.4
18642,2022-02-23,971,9,1,194.22,East,194.22
18643,2024-09-28,873,15,2,263.83,East,527.66
18644,2022-12-10,339,19,5,277.42,West,1387.1000000000001
18645,2023-12-04,715,37,3,412.55,North,1237.65
18646,2023-06-11,4,6,4,110.48,West,441.92
18647,2023-02-16,23,36,4,424.95,North,1699.8
18648,2023-07-23,197,44,3,189.2,West,567.5999999999999
18649,2022-07-18,821,5,2,374.49,East,748.98
18650,2024-02-14,881,3,4,174.5,West,698.0
18651,2023-01-24,498,10,1,357.35,North,357.35
18652,2023-04-19,901,13,1,401.6,West,401.6
18653,2024-02-04,786,4,1,283.45,South,283.45
18654,2023-08-15,273,40,5,313.58,West,1567.8999999999999
18655,2024-12-31,954,33,3,356.8,East,1070.4
18656,2024-09-08,451,34,2,347.33,West,694.66
18657,2024-09-20,107,36,1,366.43,East,366.43
18658,2022-06-17,881,33,1,426.34,East,426.34
18659,2022-10-11,378,21,5,118.05,East,590.25
18660,2024-11-25,200,39,1,115.22,South,115.22
18661,2024-04-03,952,5,5,485.63,North,2428.15
18662,2024-06-09,936,45,3,427.15,North,1281.4499999999998
18663,2022-05-14,855,13,4,299.94,North,1199.76
18664,2022-05-02,727,40,1,14.01,North,14.01
18665,2024-04-12,2,17,1,428.83,North,428.83
18666,2024-10-18,121,10,3,378.28,East,1134.84
18667,2024-06-13,615,10,4,478.62,West,1914.48
18668,2022-10-16,149,2,5,16.45,West,82.25
18669,2024-12-12,948,38,4,23.98,North,95.92
18670,2024-12-10,152,21,1,263.55,East,263.55
18671,2024-04-18,565,1,3,429.46,North,1288.3799999999999
18672,2024-06-30,678,30,2,495.75,West,991.5
18673,2022-02-09,916,18,3,166.81,South,500.43
18674,2022-09-07,306,35,5,27.82,South,139.1
18675,2022-08-06,679,39,5,105.8,West,529.0
18676,2022-06-28,828,48,1,439.74,West,439.74
18677,2022-07-02,882,22,3,238.56,South,715.6800000000001
18678,2023-12-06,475,3,2,428.12,North,856.24
18679,2023-05-12,364,6,3,227.52,West,682.5600000000001
18680,2023-08-20,807,36,5,36.16,North,180.79999999999998
18681,2023-04-06,71,16,3,312.61,West,937.83
18682,2023-04-19,640,3,1,223.48,North,223.48
18683,2023-11-16,33,36,5,250.76,North,1253.8
18684,2024-11-26,157,11,3,475.0,North,1425.0
18685,2022-11-15,330,17,3,233.97,South,701.91
18686,2022-12-22,778,19,1,400.3,North,400.3
18687,2023-09-09,716,8,1,38.87,East,38.87
18688,2022-08-17,707,14,3,244.73,North,734.1899999999999
18689,2023-12-30,387,26,2,297.48,South,594.96
18690,2023-07-15,973,48,5,65.48,South,327.40000000000003
18691,2023-09-27,621,25,3,158.09,West,474.27
18692,2023-04-04,159,48,1,372.4,North,372.4
18693,2022-01-25,795,10,5,100.11,West,500.55
18694,2023-01-05,966,32,1,72.94,North,72.94
18695,2024-10-08,539,15,5,156.65,North,783.25
18696,2023-09-03,227,4,3,430.89,West,1292.67
18697,2022-04-19,252,28,4,383.84,South,1535.36
18698,2023-12-21,367,4,4,390.63,South,1562.52
18699,2023-03-08,777,13,5,168.0,West,840.0
18700,2024-10-28,262,12,1,58.48,North,58.48
18701,2023-09-28,646,15,1,25.66,West,25.66
18702,2023-01-02,1000,29,1,297.24,West,297.24
18703,2024-07-13,538,23,3,354.12,South,1062.3600000000001
18704,2023-02-18,43,13,5,195.17,South,975.8499999999999
18705,2022-12-22,531,38,3,269.14,North,807.42
18706,2022-01-11,16,46,4,146.71,North,586.84
18707,2022-03-06,105,35,4,188.51,West,754.04
18708,2022-05-05,791,40,1,367.61,South,367.61
18709,2022-11-08,203,12,1,361.93,North,361.93
18710,2024-02-14,720,30,5,23.76,North,118.80000000000001
18711,2024-09-28,925,46,4,472.67,West,1890.68
18712,2024-05-22,678,5,5,141.82,South,709.0999999999999
18713,2023-11-25,59,2,4,454.72,East,1818.88
18714,2024-09-16,48,42,2,260.83,East,521.66
18715,2024-03-09,660,30,5,254.6,West,1273.0
18716,2023-11-05,277,35,2,230.8,East,461.6
18717,2024-06-30,412,10,3,461.99,South,1385.97
18718,2023-02-10,178,9,4,111.97,East,447.88
18719,2024-09-22,801,17,2,309.71,East,619.42
18720,2024-11-06,114,38,3,165.71,South,497.13
18721,2023-09-29,296,30,5,458.47,North,2292.3500000000004
18722,2024-06-08,730,41,2,92.98,South,185.96
18723,2023-05-04,438,35,2,341.33,North,682.66
18724,2022-08-27,266,7,3,216.66,North,649.98
18725,2022-06-29,162,12,2,334.0,West,668.0
18726,2022-11-13,841,50,3,87.23,North,261.69
18727,2022-08-20,504,42,4,202.89,West,811.56
18728,2022-11-27,36,34,4,62.56,East,250.24
18729,2023-07-15,587,49,4,484.7,South,1938.8
18730,2024-08-06,458,3,2,114.86,North,229.72
18731,2022-09-05,647,33,2,496.68,West,993.36
18732,2022-10-10,371,40,1,215.06,South,215.06
18733,2024-07-28,486,13,1,45.06,South,45.06
18734,2022-02-01,272,11,3,18.61,West,55.83
18735,2023-06-14,179,40,2,303.49,South,606.98
18736,2023-01-16,986,20,3,311.22,North,933.6600000000001
18737,2022-03-04,480,31,5,267.15,East,1335.75
18738,2022-05-08,957,33,2,42.54,North,85.08
18739,2022-06-12,159,34,5,172.44,South,862.2
18740,2024-08-15,755,50,2,185.94,West,371.88
18741,2022-10-22,928,50,4,355.36,East,1421.44
18742,2022-06-28,813,9,3,215.24,East,645.72
18743,2022-08-17,204,7,1,290.75,East,290.75
18744,2024-06-01,795,9,4,150.3,South,601.2
18745,2023-01-29,278,42,1,365.73,North,365.73
18746,2023-11-23,143,26,2,32.92,West,65.84
18747,2022-03-13,520,2,5,494.37,West,2471.85
18748,2022-11-14,512,5,5,324.33,West,1621.6499999999999
18749,2023-08-18,964,49,4,82.94,South,331.76
18750,2023-01-14,116,2,1,361.57,South,361.57
18751,2024-06-25,392,10,3,395.41,North,1186.23
18752,2022-05-16,343,31,3,396.41,South,1189.23
18753,2023-12-31,373,33,3,142.66,South,427.98
18754,2024-06-24,784,44,1,479.73,South,479.73
18755,2023-06-14,688,47,5,18.69,North,93.45
18756,2024-07-23,930,6,5,196.12,North,980.6
18757,2023-10-28,726,14,4,61.07,West,244.28
18758,2023-06-07,369,14,1,198.58,East,198.58
18759,2023-01-22,215,15,2,38.04,West,76.08
18760,2023-07-28,511,33,2,326.04,North,652.08
18761,2023-08-06,569,31,3,40.61,North,121.83
18762,2023-07-27,901,17,5,311.76,West,1558.8
18763,2023-10-06,741,43,5,124.7,West,623.5
18764,2023-07-27,812,15,1,97.78,West,97.78
18765,2024-05-19,327,20,1,180.03,East,180.03
18766,2023-07-01,37,48,4,324.07,East,1296.28
18767,2023-03-14,986,21,1,293.32,South,293.32
18768,2023-07-09,380,29,4,343.43,East,1373.72
18769,2022-04-21,796,9,3,460.3,North,1380.9
18770,2023-06-11,512,29,3,109.62,East,328.86
18771,2022-06-26,324,44,5,212.54,North,1062.7
18772,2023-11-05,369,34,5,140.25,South,701.25
18773,2023-09-16,224,47,5,297.31,South,1486.55
18774,2024-08-01,934,9,2,148.87,West,297.74
18775,2023-04-18,814,48,4,283.43,East,1133.72
18776,2024-09-20,713,30,3,413.35,South,1240.0500000000002
18777,2024-05-28,100,17,4,279.96,East,1119.84
18778,2022-06-19,794,4,2,420.68,East,841.36
18779,2024-10-10,75,40,2,309.56,South,619.12
18780,2022-02-25,724,32,3,436.45,South,1309.35
18781,2022-11-21,437,32,3,465.9,North,1397.6999999999998
18782,2023-10-20,703,7,5,258.83,East,1294.1499999999999
18783,2024-08-14,368,38,2,397.42,South,794.84
18784,2022-09-17,63,32,5,239.72,South,1198.6
18785,2023-10-03,624,5,3,355.54,South,1066.6200000000001
18786,2023-07-16,934,42,2,28.38,West,56.76
18787,2022-12-06,655,3,2,483.79,North,967.58
18788,2023-02-08,99,20,1,448.22,North,448.22
18789,2023-06-16,777,17,2,447.71,South,895.42
18790,2024-03-05,225,16,5,147.81,South,739.05
18791,2024-10-30,75,11,1,148.75,South,148.75
18792,2023-08-17,790,13,2,207.27,South,414.54
18793,2023-09-09,710,18,1,441.29,East,441.29
18794,2023-10-14,184,14,2,430.73,North,861.46
18795,2023-12-15,293,34,4,151.84,North,607.36
18796,2022-12-10,57,12,5,275.47,West,1377.3500000000001
18797,2022-02-15,249,22,5,242.83,West,1214.15
18798,2024-06-22,956,21,1,328.83,North,328.83
18799,2022-02-24,626,26,4,114.81,West,459.24
18800,2024-05-05,469,42,1,51.67,West,51.67
18801,2023-10-22,140,39,1,23.36,West,23.36
18802,2022-04-21,903,2,3,196.89,West,590.67
18803,2024-11-04,962,50,1,473.84,East,473.84
18804,2022-03-19,359,49,2,345.56,West,691.12
18805,2023-05-16,553,16,3,377.07,North,1131.21
18806,2023-08-11,408,34,3,473.13,North,1419.3899999999999
18807,2023-02-22,474,11,1,216.81,West,216.81
18808,2022-10-02,665,19,3,242.44,East,727.3199999999999
18809,2024-12-22,446,30,5,186.18,West,930.9000000000001
18810,2024-08-30,980,7,3,98.87,North,296.61
18811,2024-09-17,232,27,3,385.53,West,1156.59
18812,2022-07-13,617,22,2,454.28,South,908.56
18813,2024-05-04,618,17,5,408.8,South,2044.0
18814,2024-03-09,300,15,3,33.38,South,100.14000000000001
18815,2022-10-28,642,9,2,156.58,West,313.16
18816,2024-08-25,426,12,5,300.12,West,1500.6
18817,2023-07-22,995,8,3,170.32,East,510.96
18818,2023-11-03,161,2,1,83.56,East,83.56
18819,2022-05-29,401,49,3,273.8,North,821.4000000000001
18820,2024-02-08,378,48,5,265.53,North,1327.6499999999999
18821,2022-05-19,959,16,3,357.85,South,1073.5500000000002
18822,2024-05-10,918,3,5,499.93,East,2499.65
18823,2022-10-19,257,48,1,327.64,North,327.64
18824,2022-12-01,741,31,3,165.27,West,495.81000000000006
18825,2023-11-30,862,43,5,478.63,West,2393.15
18826,2022-11-03,494,26,2,289.94,South,579.88
18827,2024-07-13,966,41,3,326.41,West,979.23
18828,2024-09-07,489,46,1,185.2,North,185.2
18829,2024-06-16,182,2,2,231.4,South,462.8
18830,2024-07-15,526,30,3,215.13,South,645.39
18831,2022-12-10,100,13,5,468.75,North,2343.75
18832,2023-10-19,737,37,4,406.7,South,1626.8
18833,2022-09-18,358,14,2,54.44,North,108.88
18834,2022-06-18,231,1,5,163.79,West,818.9499999999999
18835,2023-10-22,565,32,2,37.29,West,74.58
18836,2022-07-19,6,6,3,263.21,North,789.6299999999999
18837,2023-08-05,90,22,1,146.92,West,146.92
18838,2023-07-20,64,11,1,45.97,North,45.97
18839,2023-01-30,88,49,2,388.28,South,776.56
18840,2022-12-17,33,23,4,54.65,East,218.6
18841,2022-01-28,72,14,3,143.07,East,429.21
18842,2023-09-24,556,14,5,388.1,North,1940.5
18843,2023-01-15,253,20,3,260.67,West,782.01
18844,2023-06-12,107,7,4,410.39,South,1641.56
18845,2024-06-21,802,19,5,213.1,West,1065.5
18846,2024-03-17,930,26,4,409.28,East,1637.12
18847,2022-08-15,920,22,3,273.7,West,821.0999999999999
18848,2022-01-27,514,6,3,53.1,West,159.3
18849,2022-03-30,136,13,2,241.03,East,482.06
18850,2023-09-11,629,10,4,281.24,East,1124.96
18851,2022-05-02,409,19,1,309.93,West,309.93
18852,2024-05-15,121,31,4,464.66,West,1858.64
18853,2022-02-02,478,10,4,99.94,South,399.76
18854,2023-08-26,800,37,5,306.95,North,1534.75
18855,2023-11-27,824,13,5,378.49,South,1892.45
18856,2024-06-06,94,17,2,446.08,South,892.16
18857,2023-06-09,505,5,1,267.4,West,267.4
18858,2024-11-13,7,21,3,114.84,South,344.52
18859,2022-02-03,944,39,1,410.66,South,410.66
18860,2022-09-04,600,20,1,453.47,South,453.47
18861,2024-11-08,694,7,1,62.12,South,62.12
18862,2024-11-19,191,15,2,122.56,West,245.12
18863,2022-02-18,457,15,2,437.02,East,874.04
18864,2024-06-30,720,23,1,247.36,West,247.36
18865,2022-06-29,386,33,3,92.86,South,278.58
18866,2024-01-08,803,44,3,326.19,North,978.5699999999999
18867,2023-08-13,866,2,3,234.56,North,703.6800000000001
18868,2023-05-11,278,50,2,484.3,East,968.6
18869,2023-03-07,979,32,5,119.13,North,595.65
18870,2024-11-24,448,15,3,187.46,South,562.38
18871,2022-12-30,827,7,5,91.41,West,457.04999999999995
18872,2022-11-06,945,9,1,34.37,West,34.37
18873,2024-09-08,52,28,3,144.21,North,432.63
18874,2022-08-15,405,22,1,411.72,East,411.72
18875,2022-01-10,396,3,1,140.94,West,140.94
18876,2022-02-17,779,42,4,351.21,East,1404.84
18877,2022-07-23,756,2,1,267.75,West,267.75
18878,2024-09-15,694,22,1,264.66,North,264.66
18879,2024-06-12,211,25,2,392.96,West,785.92
18880,2022-06-06,890,25,1,312.71,South,312.71
18881,2024-05-04,710,32,3,88.33,North,264.99
18882,2022-01-26,270,44,2,118.17,West,236.34
18883,2023-02-25,545,7,4,276.45,East,1105.8
18884,2024-01-31,614,31,4,424.2,West,1696.8
18885,2024-02-13,845,37,1,84.64,South,84.64
18886,2022-09-21,282,4,5,62.38,East,311.90000000000003
18887,2023-08-11,398,33,4,263.59,South,1054.36
18888,2024-08-15,749,15,4,102.44,East,409.76
18889,2023-04-15,216,9,4,497.18,North,1988.72
18890,2022-09-11,432,6,3,12.14,South,36.42
18891,2024-01-10,321,46,5,229.94,West,1149.7
18892,2022-04-28,814,31,1,89.65,East,89.65
18893,2023-07-04,639,34,1,343.73,East,343.73
18894,2024-06-29,493,44,2,318.77,East,637.54
18895,2024-05-19,951,38,3,405.46,North,1216.3799999999999
18896,2024-03-18,606,13,5,286.07,North,1430.35
18897,2024-03-31,586,36,2,102.79,East,205.58
18898,2023-07-18,128,32,5,36.12,West,180.6
18899,2023-02-18,74,22,4,363.85,East,1455.4
18900,2024-05-29,476,48,5,225.56,North,1127.8
18901,2024-09-19,452,29,2,118.88,North,237.76
18902,2022-01-01,462,11,3,133.39,South,400.16999999999996
18903,2022-06-16,908,6,3,83.02,West,249.06
18904,2022-01-16,438,5,4,148.95,West,595.8
18905,2023-10-19,256,1,1,398.09,East,398.09
18906,2022-04-22,448,39,2,314.12,West,628.24
18907,2023-08-17,102,50,1,493.83,North,493.83
18908,2023-05-22,559,10,4,266.9,West,1067.6
18909,2023-11-02,677,10,5,265.53,East,1327.6499999999999
18910,2024-11-29,970,49,5,103.78,South,518.9
18911,2024-01-29,768,24,4,297.36,South,1189.44
18912,2023-05-12,937,7,3,308.1,East,924.3000000000001
18913,2024-08-22,283,22,2,111.2,North,222.4
18914,2022-10-08,938,21,4,53.1,South,212.4
18915,2022-12-17,760,22,4,190.7,East,762.8
18916,2022-11-30,204,33,2,94.33,North,188.66
18917,2024-01-31,86,44,3,256.57,West,769.71
18918,2023-12-29,324,25,3,267.79,East,803.3700000000001
18919,2024-04-02,925,31,2,308.0,East,616.0
18920,2022-01-14,164,49,1,305.39,North,305.39
18921,2024-12-15,877,16,5,340.69,East,1703.45
18922,2022-12-08,57,15,2,122.92,West,245.84
18923,2022-07-18,206,29,3,368.11,East,1104.33
18924,2023-11-09,908,19,1,267.16,West,267.16
18925,2023-10-20,429,17,4,224.28,North,897.12
18926,2022-03-19,148,26,4,327.47,East,1309.88
18927,2022-04-22,301,36,4,255.62,North,1022.48
18928,2023-06-19,791,36,5,267.58,West,1337.8999999999999
18929,2024-09-18,958,35,3,21.39,North,64.17
18930,2024-02-29,982,40,1,403.0,South,403.0
18931,2023-06-14,290,23,3,217.85,South,653.55
18932,2022-04-10,21,9,5,263.86,East,1319.3000000000002
18933,2024-08-30,947,34,5,201.06,East,1005.3
18934,2024-10-11,137,18,2,280.25,East,560.5
18935,2022-05-05,970,16,3,36.48,North,109.44
18936,2024-10-11,369,32,4,198.12,West,792.48
18937,2023-06-03,522,28,2,337.65,North,675.3
18938,2022-01-23,820,32,3,469.84,South,1409.52
18939,2022-06-11,557,50,2,426.1,South,852.2
18940,2023-09-21,436,18,2,481.78,East,963.56
18941,2023-05-21,761,44,1,392.94,North,392.94
18942,2024-05-31,30,34,2,319.98,West,639.96
18943,2024-11-10,448,29,5,217.4,North,1087.0
18944,2023-04-28,225,21,4,70.34,North,281.36
18945,2022-11-05,386,1,1,132.89,South,132.89
18946,2024-05-23,689,16,2,142.88,West,285.76
18947,2022-07-22,608,49,1,219.66,South,219.66
18948,2023-10-02,429,33,4,308.82,North,1235.28
18949,2022-05-22,529,21,4,313.14,West,1252.56
18950,2024-09-30,28,35,1,233.22,North,233.22
18951,2023-09-07,126,27,3,144.58,North,433.74
18952,2022-04-17,813,20,4,37.68,East,150.72
18953,2023-06-13,785,31,5,494.53,West,2472.6499999999996
18954,2023-07-30,499,16,5,470.38,North,2351.9
18955,2024-08-26,187,14,2,99.63,North,199.26
18956,2023-11-19,654,48,3,306.64,South,919.92
18957,2022-10-18,372,32,3,154.87,North,464.61
18958,2024-03-15,138,41,2,105.27,South,210.54
18959,2023-10-30,994,32,4,345.36,West,1381.44
18960,2023-01-20,974,2,1,395.23,South,395.23
18961,2024-12-12,337,45,3,209.23,South,627.6899999999999
18962,2023-12-02,741,22,3,38.94,North,116.82
18963,2022-01-13,214,37,4,206.73,West,826.92
18964,2024-08-17,786,17,1,270.78,East,270.78
18965,2022-06-09,291,32,5,447.68,East,2238.4
18966,2023-07-19,944,38,3,331.83,West,995.49
18967,2022-01-08,570,17,4,358.14,North,1432.56
18968,2022-03-13,371,34,3,109.29,West,327.87
18969,2024-06-10,530,7,5,362.93,South,1814.65
18970,2022-04-08,692,29,2,255.89,South,511.78
18971,2022-03-28,670,17,4,412.0,East,1648.0
18972,2022-04-11,768,24,1,116.02,West,116.02
18973,2022-10-08,549,8,2,262.28,North,524.56
18974,2024-06-01,296,23,1,112.64,South,112.64
18975,2024-01-19,774,33,5,150.1,North,750.5
18976,2022-07-15,591,29,1,417.78,North,417.78
18977,2023-01-26,419,19,3,347.02,West,1041.06
18978,2023-09-01,666,5,5,366.96,East,1834.8
18979,2023-03-26,361,37,2,43.58,South,87.16
18980,2022-05-01,859,23,3,367.09,North,1101.27
18981,2022-11-28,158,26,3,250.79,East,752.37
18982,2024-12-11,75,24,5,234.98,South,1174.8999999999999
18983,2022-11-14,372,21,1,212.19,South,212.19
18984,2023-11-06,920,33,1,427.38,East,427.38
18985,2023-12-03,890,26,2,96.96,East,193.92
18986,2023-11-24,567,10,5,408.92,South,2044.6000000000001
18987,2024-10-13,718,42,2,464.88,East,929.76
18988,2022-01-21,727,29,4,92.44,West,369.76
18989,2023-02-03,521,35,5,499.8,North,2499.0
18990,2022-07-21,106,28,4,495.36,East,1981.44
18991,2023-04-11,830,12,2,314.45,North,628.9
18992,2024-06-14,367,44,4,141.58,West,566.32
18993,2022-11-06,402,7,4,220.52,North,882.08
18994,2023-05-19,757,16,3,93.49,West,280.46999999999997
18995,2022-01-26,819,20,3,68.9,East,206.70000000000002
18996,2022-03-07,103,29,2,354.97,West,709.94
18997,2022-09-20,787,35,2,294.12,North,588.24
18998,2023-04-17,325,28,1,286.15,East,286.15
18999,2022-06-16,373,7,4,131.4,West,525.6
19000,2024-03-10,338,22,1,125.1,North,125.1
19001,2022-12-09,891,14,1,494.97,South,494.97
19002,2023-12-19,33,36,5,318.1,East,1590.5
19003,2023-02-17,108,10,1,411.53,East,411.53
19004,2024-10-22,422,2,1,195.47,West,195.47
19005,2023-11-18,269,22,4,423.4,South,1693.6
19006,2024-03-07,945,16,1,363.97,South,363.97
19007,2023-04-28,73,35,4,181.56,South,726.24
19008,2024-11-21,858,47,4,361.67,South,1446.68
19009,2022-01-15,181,40,1,463.56,West,463.56
19010,2022-01-17,897,48,4,114.73,East,458.92
19011,2023-06-18,780,11,2,278.34,North,556.68
19012,2022-03-22,152,43,2,483.66,South,967.32
19013,2023-10-18,512,43,4,412.48,South,1649.92
19014,2023-03-12,897,33,2,313.94,East,627.88
19015,2024-10-28,68,34,5,44.19,North,220.95
19016,2024-10-15,903,33,3,209.1,North,627.3
19017,2023-11-10,372,19,2,328.88,East,657.76
19018,2024-02-19,348,20,1,210.73,East,210.73
19019,2022-07-05,997,10,2,498.57,West,997.14
19020,2023-02-26,709,19,5,379.16,North,1895.8000000000002
19021,2023-04-11,807,43,5,101.67,North,508.35
19022,2022-03-24,32,12,5,250.29,West,1251.45
19023,2023-07-21,945,10,2,198.15,East,396.3
19024,2023-10-05,927,7,3,300.98,West,902.94
19025,2022-11-21,620,40,1,228.82,South,228.82
19026,2022-02-20,79,11,3,126.57,South,379.71
19027,2024-11-16,259,50,2,364.94,North,729.88
19028,2023-11-08,497,16,3,62.26,East,186.78
19029,2024-09-07,878,33,4,270.75,South,1083.0
19030,2024-03-03,175,38,1,161.98,East,161.98
19031,2024-12-21,367,17,4,483.6,East,1934.4
19032,2023-10-19,15,45,4,158.75,North,635.0
19033,2022-04-27,51,25,3,177.06,East,531.1800000000001
19034,2024-10-24,107,42,4,356.47,East,1425.88
19035,2024-12-25,722,31,1,72.95,East,72.95
19036,2024-12-19,469,42,4,169.07,North,676.28
19037,2024-06-23,202,1,2,351.0,West,702.0
19038,2023-05-17,789,39,1,25.07,North,25.07
19039,2024-03-09,218,20,2,162.39,North,324.78
19040,2024-05-06,41,9,2,14.05,North,28.1
19041,2022-03-10,888,43,5,83.61,North,418.05
19042,2023-10-26,771,2,5,306.06,East,1530.3
19043,2024-03-02,385,1,2,233.79,West,467.58
19044,2022-08-09,917,44,4,86.45,North,345.8
19045,2024-10-06,715,39,2,48.23,West,96.46
19046,2022-08-11,336,5,2,37.6,West,75.2
19047,2023-11-08,611,12,5,51.83,South,259.15
19048,2022-07-30,661,14,3,57.08,South,171.24
19049,2024-07-19,105,39,3,52.29,West,156.87
19050,2024-06-04,203,32,3,36.99,North,110.97
19051,2024-05-31,510,40,2,351.55,East,703.1
19052,2022-09-19,95,46,2,471.22,South,942.44
19053,2023-06-02,177,44,4,429.43,North,1717.72
19054,2024-03-08,65,9,5,140.27,West,701.35
19055,2024-12-22,553,42,2,110.1,North,220.2
19056,2023-06-24,224,42,1,33.48,East,33.48
19057,2023-02-21,579,33,1,86.46,West,86.46
19058,2022-02-22,380,25,5,288.21,East,1441.05
19059,2022-02-07,255,38,1,499.08,North,499.08
19060,2022-11-04,992,14,1,430.93,South,430.93
19061,2024-04-25,298,9,5,262.31,West,1311.55
19062,2024-06-16,581,27,2,217.49,West,434.98
19063,2022-02-22,953,44,2,82.43,East,164.86
19064,2023-08-29,171,19,4,215.11,North,860.44
19065,2023-03-28,613,25,2,301.48,West,602.96
19066,2023-04-06,652,32,1,301.78,North,301.78
19067,2024-02-14,718,22,1,283.2,North,283.2
19068,2023-01-30,832,29,4,413.77,West,1655.08
19069,2024-11-26,364,28,5,259.94,West,1299.7
19070,2024-10-28,819,44,1,241.7,North,241.7
19071,2023-10-09,73,13,2,159.83,North,319.66
19072,2022-09-20,60,28,2,98.32,East,196.64
19073,2023-09-24,455,3,2,10.69,South,21.38
19074,2023-06-14,336,30,1,167.83,East,167.83
19075,2022-10-28,668,11,3,320.21,North,960.6299999999999
19076,2023-04-30,124,2,1,283.86,East,283.86
19077,2022-04-02,455,50,1,269.95,West,269.95
19078,2022-11-11,14,50,3,388.46,West,1165.3799999999999
19079,2024-08-02,416,9,3,124.09,East,372.27
19080,2022-08-26,776,33,2,342.48,East,684.96
19081,2022-03-24,27,26,2,307.51,West,615.02
19082,2023-10-31,757,16,2,176.11,South,352.22
19083,2022-06-27,50,25,1,117.09,North,117.09
19084,2022-09-07,187,1,5,285.72,North,1428.6000000000001
19085,2024-02-04,57,21,4,473.12,East,1892.48
19086,2023-10-29,771,20,5,47.41,East,237.04999999999998
19087,2024-06-21,667,5,3,476.96,West,1430.8799999999999
19088,2022-04-01,990,17,1,237.73,West,237.73
19089,2022-12-05,34,40,1,357.92,East,357.92
19090,2022-06-18,538,38,4,403.57,East,1614.28
19091,2023-08-01,762,1,5,84.24,East,421.2
19092,2024-02-19,997,13,3,32.03,North,96.09
19093,2022-06-19,936,18,4,72.96,South,291.84
19094,2022-12-28,371,4,1,177.07,East,177.07
19095,2022-09-01,86,47,4,478.71,West,1914.84
19096,2022-05-18,160,14,2,30.96,South,61.92
19097,2024-11-17,425,48,5,460.7,East,2303.5
19098,2023-06-03,898,5,3,285.03,East,855.0899999999999
19099,2022-11-29,879,33,2,60.15,West,120.3
19100,2024-08-22,712,26,5,84.85,West,424.25
19101,2023-07-17,106,4,2,347.77,South,695.54
19102,2023-03-02,391,30,4,308.14,East,1232.56
19103,2023-10-03,512,17,3,92.05,South,276.15
19104,2023-12-10,275,28,4,453.12,North,1812.48
19105,2022-04-17,289,6,4,75.12,North,300.48
19106,2023-07-14,258,27,5,260.67,North,1303.3500000000001
19107,2022-05-18,963,36,3,268.86,South,806.58
19108,2023-09-07,220,7,3,436.55,East,1309.65
19109,2022-02-16,974,1,4,20.85,East,83.4
19110,2023-01-03,527,10,3,76.86,North,230.57999999999998
19111,2022-01-06,533,13,1,93.63,South,93.63
19112,2023-06-07,846,41,3,40.81,West,122.43
19113,2023-06-13,59,32,4,319.43,North,1277.72
19114,2022-03-07,360,14,1,122.5,West,122.5
19115,2023-02-24,594,33,1,292.57,South,292.57
19116,2024-07-22,630,30,5,393.48,East,1967.4
19117,2023-05-13,113,9,4,210.18,East,840.72
19118,2022-11-27,807,6,3,386.74,East,1160.22
19119,2024-02-07,276,10,1,391.16,North,391.16
19120,2024-09-27,257,11,4,139.08,West,556.32
19121,2023-06-14,329,39,5,17.71,East,88.55000000000001
19122,2022-08-31,777,20,2,60.61,South,121.22
19123,2022-12-16,235,25,2,413.53,West,827.06
19124,2024-11-06,51,12,3,208.6,South,625.8
19125,2024-01-05,678,22,2,421.16,North,842.32
19126,2024-05-31,743,12,1,278.28,North,278.28
19127,2022-12-29,221,14,1,106.72,North,106.72
19128,2024-10-11,783,42,4,359.0,South,1436.0
19129,2023-06-09,596,48,3,283.51,East,850.53
19130,2024-04-10,230,36,4,182.38,South,729.52
19131,2024-02-21,809,14,4,52.98,North,211.92
19132,2023-02-24,222,2,3,60.13,South,180.39000000000001
19133,2024-02-25,943,2,4,102.37,East,409.48
19134,2022-05-13,666,43,2,339.74,East,679.48
19135,2022-01-14,54,43,5,366.71,North,1833.55
19136,2024-12-03,631,6,4,319.15,South,1276.6
19137,2022-10-22,710,25,1,175.26,West,175.26
19138,2023-03-21,935,3,1,225.83,North,225.83
19139,2024-12-21,273,23,2,357.68,North,715.36
19140,2023-02-16,198,9,4,333.33,North,1333.32
19141,2023-09-22,128,31,4,388.78,West,1555.12
19142,2022-11-17,604,28,3,128.16,North,384.48
19143,2024-03-28,9,25,4,12.2,South,48.8
19144,2024-06-23,987,35,4,140.56,North,562.24
19145,2022-02-05,227,1,1,180.47,East,180.47
19146,2024-03-01,558,2,3,480.65,North,1441.9499999999998
19147,2023-08-09,134,15,4,116.69,East,466.76
19148,2022-11-02,964,43,2,414.94,South,829.88
19149,2024-10-04,16,40,4,315.03,North,1260.12
19150,2024-06-11,215,16,3,92.09,South,276.27
19151,2022-01-12,112,23,2,207.72,East,415.44
19152,2022-03-24,855,49,2,259.98,East,519.96
19153,2024-11-21,157,35,2,178.63,South,357.26
19154,2024-08-14,425,8,1,120.81,North,120.81
19155,2023-12-14,452,7,1,133.9,South,133.9
19156,2022-08-29,318,21,2,296.75,North,593.5
19157,2024-06-16,360,35,1,347.17,East,347.17
19158,2024-06-14,376,39,2,239.8,North,479.6
19159,2024-06-25,936,37,2,471.45,West,942.9
19160,2024-01-26,958,33,5,367.0,East,1835.0
19161,2024-10-21,920,37,1,446.96,East,446.96
19162,2023-08-24,902,35,5,243.08,South,1215.4
19163,2022-10-09,296,18,2,17.29,North,34.58
19164,2023-10-13,198,19,2,300.11,South,600.22
19165,2023-08-22,570,10,5,410.95,West,2054.75
19166,2024-09-05,398,4,3,272.9,South,818.6999999999999
19167,2024-10-08,590,30,2,288.27,North,576.54
19168,2024-06-18,242,45,1,487.74,East,487.74
19169,2024-06-12,429,33,4,189.41,North,757.64
19170,2024-08-14,879,4,4,402.92,North,1611.68
19171,2022-08-07,611,9,4,257.49,East,1029.96
19172,2023-12-28,6,17,5,237.22,East,1186.1
19173,2024-10-05,791,43,2,81.33,West,162.66
19174,2023-06-02,318,39,3,376.71,East,1130.1299999999999
19175,2024-03-22,212,24,1,413.41,North,413.41
19176,2023-05-17,273,39,4,221.13,East,884.52
19177,2022-02-27,84,13,4,384.13,North,1536.52
19178,2024-03-24,624,26,1,294.75,East,294.75
19179,2023-09-06,710,19,4,136.2,East,544.8
19180,2023-03-02,360,17,5,462.62,West,2313.1
19181,2024-06-01,381,50,2,351.42,East,702.84
19182,2023-03-08,540,30,2,440.38,West,880.76
19183,2024-08-05,141,26,3,147.92,North,443.76
19184,2024-07-23,925,13,5,459.02,West,2295.1
19185,2023-02-09,510,49,3,188.69,South,566.0699999999999
19186,2023-05-07,173,18,4,14.67,North,58.68
19187,2022-03-07,20,21,2,46.76,North,93.52
19188,2024-06-30,954,34,3,53.78,South,161.34
19189,2023-01-26,977,47,3,111.5,South,334.5
19190,2022-03-24,629,9,5,101.4,South,507.0
19191,2024-09-29,503,30,4,38.37,North,153.48
19192,2023-04-26,566,29,1,448.74,West,448.74
19193,2024-02-16,227,29,5,415.87,East,2079.35
19194,2024-02-24,109,46,5,383.78,South,1918.8999999999999
19195,2023-10-14,743,19,4,244.78,East,979.12
19196,2023-06-07,320,8,1,218.32,North,218.32
19197,2022-07-24,308,44,5,218.43,West,1092.15
19198,2024-01-12,741,17,3,138.27,South,414.81000000000006
19199,2022-11-15,811,12,3,308.05,East,924.1500000000001
19200,2022-10-05,87,15,3,38.95,East,116.85000000000001
19201,2024-06-20,786,5,3,332.8,South,998.4000000000001
19202,2022-05-28,228,34,1,261.79,North,261.79
19203,2024-02-17,852,50,4,410.09,West,1640.36
19204,2023-02-23,310,3,4,486.64,South,1946.56
19205,2023-06-22,828,5,1,439.54,East,439.54
19206,2023-01-27,379,34,4,362.76,East,1451.04
19207,2024-07-28,583,9,3,222.06,West,666.1800000000001
19208,2022-08-30,740,24,1,115.12,East,115.12
19209,2024-09-25,385,5,3,335.79,North,1007.3700000000001
19210,2022-08-31,113,27,4,108.78,West,435.12
19211,2024-09-02,293,49,5,19.93,East,99.65
19212,2023-11-15,305,20,1,290.88,West,290.88
19213,2023-08-11,291,47,2,203.12,South,406.24
19214,2023-09-09,105,45,2,439.25,North,878.5
19215,2022-01-26,963,41,3,326.43,East,979.29
19216,2024-05-12,291,2,4,327.15,North,1308.6
19217,2022-03-20,477,23,3,396.07,North,1188.21
19218,2024-10-08,521,34,2,174.47,South,348.94
19219,2022-05-08,677,29,1,479.5,South,479.5
19220,2023-02-17,60,43,3,118.45,South,355.35
19221,2022-05-17,312,35,4,437.12,North,1748.48
19222,2023-07-02,106,30,2,456.31,East,912.62
19223,2023-01-23,623,3,1,29.13,North,29.13
19224,2023-07-25,89,10,3,319.59,South,958.77
19225,2024-10-12,268,34,1,377.22,North,377.22
19226,2023-02-25,742,1,5,477.38,West,2386.9
19227,2022-05-21,839,6,2,133.18,East,266.36
19228,2022-02-20,583,6,3,285.31,North,855.9300000000001
19229,2024-09-13,119,43,1,388.83,North,388.83
19230,2024-07-17,900,16,3,82.69,East,248.07
19231,2023-10-24,445,1,4,427.96,East,1711.84
19232,2023-01-01,429,5,4,207.78,North,831.12
19233,2024-06-26,351,25,3,323.48,North,970.44
19234,2024-09-24,946,27,2,30.6,East,61.2
19235,2024-05-03,306,42,3,119.24,North,357.71999999999997
19236,2022-09-15,615,38,3,244.31,South,732.9300000000001
19237,2022-02-14,202,43,3,151.71,South,455.13
19238,2022-09-26,944,26,3,479.34,South,1438.02
19239,2023-11-03,23,16,2,399.52,South,799.04
19240,2024-10-15,90,45,5,433.79,South,2168.9500000000003
19241,2024-05-06,471,44,5,238.5,East,1192.5
19242,2022-05-25,93,50,1,242.08,North,242.08
19243,2022-08-23,776,26,2,404.54,South,809.08
19244,2023-11-22,979,45,2,199.89,North,399.78
19245,2023-12-21,285,37,2,245.62,East,491.24
19246,2022-12-19,683,28,4,269.01,East,1076.04
19247,2024-09-20,309,28,2,307.51,South,615.02
19248,2022-10-02,902,30,4,328.49,North,1313.96
19249,2024-06-28,733,13,5,343.57,West,1717.85
19250,2023-03-16,536,25,5,227.56,East,1137.8
19251,2024-12-22,376,45,4,154.62,East,618.48
19252,2024-05-21,714,19,3,460.88,East,1382.6399999999999
19253,2023-10-13,499,13,5,415.09,West,2075.45
19254,2024-07-31,636,11,3,11.68,South,35.04
19255,2022-02-03,142,48,1,261.33,South,261.33
19256,2023-12-06,52,23,4,144.56,East,578.24
19257,2024-05-16,70,14,1,324.94,North,324.94
19258,2024-09-11,260,10,4,256.29,South,1025.16
19259,2024-04-11,698,34,1,20.37,South,20.37
19260,2023-04-07,884,40,1,366.61,West,366.61
19261,2022-03-22,719,23,2,144.94,East,289.88
19262,2022-11-18,293,40,5,137.52,East,687.6
19263,2023-02-19,816,21,4,25.64,South,102.56
19264,2024-09-18,378,20,5,415.88,West,2079.4
19265,2022-07-09,39,32,2,293.63,West,587.26
19266,2023-01-27,348,14,5,247.57,East,1237.85
19267,2022-06-17,578,24,4,341.15,West,1364.6
19268,2023-10-26,525,46,2,179.23,North,358.46
19269,2023-01-16,706,18,3,289.04,North,867.1200000000001
19270,2024-06-16,828,47,2,132.14,West,264.28
19271,2024-05-13,506,30,4,40.85,East,163.4
19272,2022-03-03,382,28,1,285.06,West,285.06
19273,2023-06-12,425,48,5,118.38,South,591.9
19274,2024-05-11,800,14,1,377.52,North,377.52
19275,2022-05-30,436,42,3,231.4,South,694.2
19276,2022-04-26,645,21,1,132.7,North,132.7
19277,2024-04-03,707,34,5,308.09,South,1540.4499999999998
19278,2022-03-06,322,5,1,67.14,North,67.14
19279,2022-11-06,590,31,2,383.1,East,766.2
19280,2023-12-07,250,3,4,231.57,South,926.28
19281,2024-05-03,744,23,1,408.2,East,408.2
19282,2024-10-20,180,39,4,77.67,South,310.68
19283,2022-11-02,894,44,4,197.45,North,789.8
19284,2024-05-22,689,30,4,98.21,South,392.84
19285,2022-06-18,29,42,2,39.99,South,79.98
19286,2024-10-27,496,43,4,478.12,West,1912.48
19287,2023-08-11,678,30,1,366.06,West,366.06
19288,2024-02-01,326,49,4,169.55,South,678.2
19289,2022-12-13,738,36,2,130.61,South,261.22
19290,2024-08-12,648,38,4,110.12,South,440.48
19291,2024-01-05,187,7,1,31.08,North,31.08
19292,2023-02-14,55,5,2,60.31,West,120.62
19293,2023-06-27,878,6,3,60.42,East,181.26
19294,2022-12-21,514,49,3,336.47,South,1009.4100000000001
19295,2023-12-14,410,14,1,301.41,West,301.41
19296,2023-08-07,831,11,5,288.41,North,1442.0500000000002
19297,2023-05-26,17,37,4,369.89,West,1479.56
19298,2023-06-17,571,2,5,133.07,South,665.3499999999999
19299,2023-06-12,88,31,2,177.81,East,355.62
19300,2024-08-04,223,46,4,72.08,West,288.32
19301,2024-04-03,784,27,5,297.98,West,1489.9
19302,2022-03-19,58,16,1,467.12,West,467.12
19303,2023-03-16,704,2,2,432.94,North,865.88
19304,2023-07-03,562,49,4,281.95,West,1127.8
19305,2023-02-04,725,26,3,325.86,South,977.58
19306,2023-12-02,230,16,4,496.23,South,1984.92
19307,2022-05-06,154,9,2,263.5,East,527.0
19308,2024-04-13,273,9,3,436.59,West,1309.77
19309,2023-06-28,882,5,1,255.32,West,255.32
19310,2023-05-17,46,36,4,33.46,West,133.84
19311,2024-04-03,874,7,5,467.98,West,2339.9
19312,2023-01-22,895,32,5,64.82,South,324.09999999999997
19313,2023-02-16,452,29,1,355.05,North,355.05
19314,2022-11-24,306,37,2,126.6,North,253.2
19315,2022-04-10,427,3,1,451.51,East,451.51
19316,2023-04-06,118,30,2,108.24,West,216.48
19317,2022-01-25,688,40,3,78.64,North,235.92000000000002
19318,2023-05-09,580,31,2,224.97,East,449.94
19319,2022-12-19,251,48,3,253.37,North,760.11
19320,2024-05-18,403,27,4,411.27,West,1645.08
19321,2022-07-18,742,6,4,383.58,West,1534.32
19322,2024-04-26,921,29,1,170.85,West,170.85
19323,2023-06-10,200,9,1,198.63,South,198.63
19324,2023-06-25,146,20,4,292.57,West,1170.28
19325,2023-04-22,51,50,5,280.27,West,1401.35
19326,2022-01-10,914,11,3,432.4,South,1297.1999999999998
19327,2023-06-08,368,19,4,241.51,West,966.04
19328,2024-03-20,698,39,5,447.82,South,2239.1
19329,2024-02-11,320,10,2,110.49,North,220.98
19330,2024-05-09,199,5,4,435.14,North,1740.56
19331,2024-10-26,441,39,5,159.1,North,795.5
19332,2024-11-24,145,23,4,396.74,East,1586.96
19333,2022-06-24,59,6,2,287.04,South,574.08
19334,2023-03-18,707,31,2,439.03,East,878.06
19335,2024-11-02,982,18,3,123.31,West,369.93
19336,2022-09-03,143,21,2,353.73,East,707.46
19337,2023-11-06,223,15,2,425.99,North,851.98
19338,2022-04-24,100,31,3,390.58,North,1171.74
19339,2024-10-08,26,10,4,287.34,North,1149.36
19340,2024-03-04,432,6,4,340.95,South,1363.8
19341,2022-08-21,526,24,3,106.29,East,318.87
19342,2024-09-06,122,33,4,116.07,North,464.28
19343,2022-05-06,465,28,4,140.97,South,563.88
19344,2023-05-26,265,28,5,415.73,East,2078.65
19345,2022-10-08,7,10,3,92.05,West,276.15
19346,2024-03-08,731,23,3,156.47,South,469.40999999999997
19347,2024-09-04,220,15,1,461.01,South,461.01
19348,2024-06-21,695,46,5,380.07,South,1900.35
19349,2023-10-13,396,48,4,369.23,West,1476.92
19350,2023-01-27,913,37,1,233.02,West,233.02
19351,2023-01-17,457,14,5,354.16,East,1770.8000000000002
19352,2022-08-04,108,48,4,287.21,South,1148.84
19353,2023-06-26,492,14,5,45.02,East,225.10000000000002
19354,2023-08-29,904,7,2,292.5,West,585.0
19355,2022-04-26,859,36,4,231.6,South,926.4
19356,2023-05-24,636,18,5,65.84,North,329.20000000000005
19357,2022-09-28,682,15,5,178.69,South,893.45
19358,2024-11-28,460,49,1,448.45,West,448.45
19359,2024-11-13,933,33,5,403.81,West,2019.05
19360,2024-02-15,916,47,2,457.81,North,915.62
19361,2024-12-02,769,48,2,361.37,West,722.74
19362,2022-12-06,9,22,5,319.95,North,1599.75
19363,2022-06-18,367,43,4,78.23,West,312.92
19364,2023-10-24,792,41,1,62.53,North,62.53
19365,2022-05-23,125,17,4,130.91,West,523.64
19366,2023-07-29,162,26,5,163.96,North,819.8000000000001
19367,2023-04-20,36,15,2,307.45,West,614.9
19368,2022-11-07,4,40,3,439.88,East,1319.6399999999999
19369,2024-12-19,413,18,1,446.46,North,446.46
19370,2024-11-18,87,8,4,344.35,West,1377.4
19371,2023-06-15,483,3,2,291.22,West,582.44
19372,2024-09-17,912,14,4,129.75,North,519.0
19373,2022-03-14,776,34,5,469.59,East,2347.95
19374,2024-05-18,603,33,4,338.85,North,1355.4
19375,2023-01-29,807,37,1,271.39,West,271.39
19376,2023-04-26,58,49,3,60.94,North,182.82
19377,2023-04-18,140,1,3,414.68,East,1244.04
19378,2022-11-09,172,48,5,181.01,West,905.05
19379,2024-08-09,260,35,1,451.29,North,451.29
19380,2022-11-20,495,10,3,92.52,East,277.56
19381,2024-10-09,25,19,2,33.81,East,67.62
19382,2024-08-22,198,11,4,223.02,West,892.08
19383,2022-03-28,579,35,5,48.37,South,241.85
19384,2022-12-25,423,2,2,40.28,East,80.56
19385,2023-11-26,118,3,5,359.73,West,1798.65
19386,2022-07-16,792,15,1,136.11,West,136.11
19387,2024-01-26,981,41,5,323.04,East,1615.2
19388,2024-09-03,6,47,3,289.71,North,869.1299999999999
19389,2023-05-13,97,28,1,78.97,East,78.97
19390,2024-06-26,72,2,5,199.03,West,995.15
19391,2024-07-19,929,30,2,42.37,South,84.74
19392,2023-04-07,432,38,1,216.62,West,216.62
19393,2024-08-27,963,5,1,99.36,West,99.36
19394,2022-08-22,380,6,5,57.19,North,285.95
19395,2023-02-21,770,5,5,165.32,West,826.5999999999999
19396,2022-06-02,550,12,1,11.68,East,11.68
19397,2022-09-29,808,4,4,381.31,East,1525.24
19398,2023-01-27,56,24,4,87.51,East,350.04
19399,2023-07-01,615,25,3,316.66,South,949.98
19400,2023-12-26,103,26,1,417.97,North,417.97
19401,2022-07-08,216,46,4,459.45,North,1837.8
19402,2024-03-22,21,46,2,283.21,North,566.42
19403,2023-01-30,627,43,1,396.26,East,396.26
19404,2023-10-24,210,33,4,232.84,South,931.36
19405,2024-05-02,291,21,5,250.19,East,1250.95
19406,2023-08-17,715,23,2,277.92,East,555.84
19407,2022-07-09,971,37,3,338.37,North,1015.11
19408,2022-08-22,835,37,4,338.26,South,1353.04
19409,2022-08-20,188,12,5,394.84,West,1974.1999999999998
19410,2022-12-24,151,37,2,312.3,North,624.6
19411,2023-04-23,961,21,2,442.49,South,884.98
19412,2022-08-25,191,13,3,357.53,West,1072.59
19413,2024-11-22,407,43,5,465.19,East,2325.95
19414,2022-08-01,214,33,4,377.71,East,1510.84
19415,2023-01-14,891,44,1,371.97,North,371.97
19416,2024-10-22,554,6,2,431.59,South,863.18
19417,2024-06-27,478,43,4,331.35,South,1325.4
19418,2023-03-26,960,12,1,97.99,South,97.99
19419,2023-07-23,194,38,4,50.65,East,202.6
19420,2024-03-23,250,30,4,164.75,West,659.0
19421,2022-10-06,593,37,2,409.05,North,818.1
19422,2022-08-02,41,18,2,20.64,North,41.28
19423,2023-12-19,370,16,4,83.52,East,334.08
19424,2024-08-27,20,45,4,62.0,North,248.0
19425,2024-10-31,9,7,3,28.22,West,84.66
19426,2024-05-20,825,46,1,407.04,East,407.04
19427,2024-12-06,636,1,5,147.0,South,735.0
19428,2023-03-14,203,28,5,367.17,South,1835.8500000000001
19429,2023-11-02,913,44,3,79.54,West,238.62
19430,2024-06-22,590,3,4,210.38,East,841.52
19431,2024-11-11,722,50,4,67.07,West,268.28
19432,2024-06-10,18,43,3,11.22,South,33.660000000000004
19433,2023-01-24,748,39,5,310.45,East,1552.25
19434,2022-05-15,319,10,2,245.68,South,491.36
19435,2023-06-16,712,45,2,214.15,North,428.3
19436,2022-08-08,861,14,4,48.54,East,194.16
19437,2022-11-29,968,15,1,298.22,North,298.22
19438,2024-11-21,282,6,5,392.2,West,1961.0
19439,2022-12-23,476,39,1,42.95,West,42.95
19440,2023-02-05,968,45,4,212.59,East,850.36
19441,2024-06-14,252,16,5,162.66,North,813.3
19442,2024-09-16,340,47,2,447.02,West,894.04
19443,2023-12-10,751,18,2,138.7,East,277.4
19444,2024-11-23,968,35,1,472.7,North,472.7
19445,2022-09-05,462,48,5,415.92,West,2079.6
19446,2024-08-03,781,25,4,59.08,East,236.32
19447,2022-02-11,631,33,3,245.51,South,736.53
19448,2024-03-11,1000,33,3,328.01,West,984.03
19449,2022-05-03,401,19,3,300.61,East,901.83
19450,2022-01-27,371,38,4,342.82,East,1371.28
19451,2023-07-25,282,11,3,218.89,East,656.67
19452,2023-05-11,390,39,1,453.32,South,453.32
19453,2023-05-01,337,3,2,142.48,West,284.96
19454,2024-06-17,900,38,3,56.11,West,168.32999999999998
19455,2023-12-12,345,1,2,489.21,West,978.42
19456,2023-01-11,519,40,1,329.46,North,329.46
19457,2023-10-27,273,25,5,333.01,South,1665.05
19458,2024-02-22,253,32,5,410.59,South,2052.95
19459,2024-04-30,854,46,4,216.51,North,866.04
19460,2023-11-05,640,36,2,199.26,East,398.52
19461,2022-12-28,374,4,4,475.08,East,1900.32
19462,2023-11-15,604,23,3,199.52,North,598.5600000000001
19463,2022-09-04,818,16,4,48.45,South,193.8
19464,2023-06-19,896,11,1,160.84,North,160.84
19465,2022-11-10,6,22,4,438.04,East,1752.16
19466,2023-03-20,414,39,3,56.53,North,169.59
19467,2024-05-18,586,33,3,361.19,West,1083.57
19468,2023-08-05,498,41,1,140.54,North,140.54
19469,2024-05-20,56,38,2,375.43,East,750.86
19470,2023-07-02,807,13,5,262.13,South,1310.65
19471,2024-11-13,398,21,1,321.92,West,321.92
19472,2023-04-10,822,12,5,129.17,North,645.8499999999999
19473,2024-11-11,238,26,1,92.38,West,92.38
19474,2023-05-17,490,49,1,41.02,East,41.02
19475,2024-04-30,22,1,4,414.53,East,1658.12
19476,2023-12-17,441,41,4,358.14,South,1432.56
19477,2024-06-10,41,22,4,153.74,East,614.96
19478,2023-05-16,858,27,1,420.09,South,420.09
19479,2024-01-05,778,32,4,418.51,West,1674.04
19480,2023-08-16,258,8,1,77.5,East,77.5
19481,2023-02-11,451,34,4,359.71,North,1438.84
19482,2023-12-04,48,18,5,153.22,North,766.1
19483,2022-10-13,810,4,2,238.92,North,477.84
19484,2022-05-27,503,1,4,220.77,East,883.08
19485,2024-03-04,139,44,3,304.09,North,912.27
19486,2023-01-19,202,16,2,180.09,West,360.18
19487,2022-01-11,652,30,3,45.89,South,137.67000000000002
19488,2022-10-03,509,23,2,339.6,North,679.2
19489,2024-06-04,654,31,4,480.68,North,1922.72
19490,2024-08-21,286,28,5,337.26,East,1686.3
19491,2022-10-30,233,50,4,274.41,South,1097.64
19492,2022-07-23,316,37,1,90.17,South,90.17
19493,2022-12-11,461,16,3,316.34,West,949.02
19494,2024-04-05,670,41,2,309.43,North,618.86
19495,2022-01-22,550,9,5,313.19,West,1565.95
19496,2024-04-18,587,2,3,447.23,South,1341.69
19497,2023-06-20,321,46,5,361.0,North,1805.0
19498,2024-09-07,987,43,3,393.87,South,1181.6100000000001
19499,2022-09-20,175,2,4,163.54,West,654.16
19500,2023-08-07,39,32,1,142.48,West,142.48
19501,2024-10-09,433,16,3,111.32,East,333.96
19502,2023-01-18,485,13,5,391.4,West,1957.0
19503,2024-07-05,585,49,4,352.31,North,1409.24
19504,2023-01-27,58,27,2,177.63,North,355.26
19505,2024-06-07,496,31,2,79.14,West,158.28
19506,2023-06-24,875,33,4,424.87,South,1699.48
19507,2023-07-20,986,21,2,198.3,North,396.6
19508,2024-06-02,601,19,5,102.98,East,514.9
19509,2022-08-16,785,48,1,80.76,North,80.76
19510,2023-04-18,134,13,4,460.64,East,1842.56
19511,2023-01-07,655,19,1,73.78,North,73.78
19512,2022-02-06,509,35,1,186.24,West,186.24
19513,2023-11-22,963,35,4,319.77,West,1279.08
19514,2024-04-23,607,33,3,209.96,South,629.88
19515,2024-11-26,156,3,5,243.96,West,1219.8
19516,2022-04-11,201,48,4,403.28,East,1613.12
19517,2023-10-20,940,21,5,499.62,West,2498.1
19518,2022-03-31,499,40,1,238.94,South,238.94
19519,2024-10-26,402,23,1,195.63,North,195.63
19520,2024-06-23,496,48,3,209.31,North,627.9300000000001
19521,2022-04-05,488,45,1,190.86,North,190.86
19522,2023-09-24,160,45,4,242.15,South,968.6
19523,2022-05-03,211,11,5,173.22,West,866.1
19524,2023-01-01,453,4,3,236.68,South,710.04
19525,2023-11-22,684,4,4,473.27,West,1893.08
19526,2022-11-21,70,15,5,150.24,North,751.2
19527,2023-02-11,831,28,5,329.42,North,1647.1000000000001
19528,2024-09-22,972,36,2,248.6,West,497.2
19529,2023-06-03,314,8,2,368.87,East,737.74
19530,2024-06-14,431,24,4,241.42,North,965.68
19531,2022-03-18,382,34,3,88.67,East,266.01
19532,2022-08-22,657,15,5,437.49,South,2187.45
19533,2024-04-09,167,23,5,341.13,West,1705.65
19534,2023-08-09,955,27,4,267.68,North,1070.72
19535,2023-04-29,391,14,3,417.23,South,1251.69
19536,2022-09-28,319,2,1,488.33,North,488.33
19537,2024-07-27,117,35,3,210.61,East,631.83
19538,2023-04-14,697,43,1,183.0,East,183.0
19539,2023-09-24,512,7,5,379.26,North,1896.3
19540,2023-07-01,203,16,2,232.76,West,465.52
19541,2023-12-20,162,22,2,52.03,East,104.06
19542,2024-10-04,821,28,4,183.66,North,734.64
19543,2022-09-27,962,32,3,406.23,South,1218.69
19544,2023-08-28,462,7,3,356.28,South,1068.84
19545,2024-08-22,850,22,1,432.79,East,432.79
19546,2023-01-13,944,43,4,81.85,South,327.4
19547,2022-06-26,700,2,3,129.52,East,388.56000000000006
19548,2022-10-01,555,8,4,115.22,West,460.88
19549,2023-09-29,201,7,1,485.95,North,485.95
19550,2022-01-27,231,38,5,92.77,West,463.84999999999997
19551,2023-07-30,516,48,4,302.99,East,1211.96
19552,2022-03-01,752,21,2,320.13,East,640.26
19553,2024-01-01,206,43,5,313.26,North,1566.3
19554,2023-10-23,331,22,3,348.91,South,1046.73
19555,2022-09-27,606,35,1,247.12,South,247.12
19556,2022-09-02,744,18,1,51.01,South,51.01
19557,2023-10-22,875,9,2,353.61,East,707.22
19558,2022-03-26,347,49,4,147.74,North,590.96
19559,2024-06-25,349,2,2,47.18,South,94.36
19560,2023-06-20,948,42,4,93.2,East,372.8
19561,2022-03-30,160,42,2,150.74,East,301.48
19562,2023-07-03,625,17,2,221.9,East,443.8
19563,2024-05-03,252,40,1,432.05,North,432.05
19564,2024-06-13,222,20,4,272.89,West,1091.56
19565,2023-05-22,858,6,2,241.26,North,482.52
19566,2023-02-12,606,11,3,103.72,East,311.15999999999997
19567,2023-06-08,947,5,1,480.04,West,480.04
19568,2023-08-30,394,10,1,455.17,South,455.17
19569,2024-09-29,396,23,1,409.88,East,409.88
19570,2023-03-24,993,33,1,168.34,South,168.34
19571,2023-06-27,994,40,2,285.2,East,570.4
19572,2024-08-06,978,36,2,200.54,North,401.08
19573,2022-12-16,167,39,1,207.43,South,207.43
19574,2024-05-01,976,47,2,45.34,North,90.68
19575,2022-11-24,452,34,2,78.62,West,157.24
19576,2024-11-24,138,17,4,480.97,North,1923.88
19577,2023-09-15,860,26,3,308.94,North,926.8199999999999
19578,2023-05-03,873,48,4,13.09,North,52.36
19579,2023-05-02,210,27,5,406.5,South,2032.5
19580,2022-05-25,768,46,4,52.65,North,210.6
19581,2024-01-26,585,3,3,357.0,South,1071.0
19582,2022-05-26,214,19,3,314.22,East,942.6600000000001
19583,2024-10-17,778,8,4,40.85,East,163.4
19584,2024-04-07,360,17,4,270.16,West,1080.64
19585,2023-09-19,663,50,5,33.24,East,166.20000000000002
19586,2023-06-18,235,1,1,41.55,East,41.55
19587,2023-09-22,973,7,3,35.08,West,105.24
19588,2024-05-30,728,36,1,135.17,East,135.17
19589,2023-02-19,397,3,5,402.87,West,2014.35
19590,2022-09-14,304,19,2,187.6,North,375.2
19591,2022-03-28,109,42,2,323.37,East,646.74
19592,2024-06-23,857,27,1,71.18,North,71.18
19593,2023-07-24,812,3,4,467.1,North,1868.4
19594,2024-01-12,861,34,3,257.08,South,771.24
19595,2022-04-18,976,5,1,22.05,North,22.05
19596,2024-11-08,832,49,4,273.33,West,1093.32
19597,2022-06-09,808,37,5,100.42,South,502.1
19598,2022-04-10,390,46,4,105.95,North,423.8
19599,2022-09-22,120,16,5,304.18,East,1520.9
19600,2024-01-20,840,14,1,120.93,North,120.93
19601,2024-12-08,610,30,2,114.85,North,229.7
19602,2023-11-08,210,32,3,275.07,North,825.21
19603,2024-03-09,427,45,1,125.38,North,125.38
19604,2024-12-18,544,12,2,64.15,East,128.3
19605,2022-07-02,945,27,5,210.05,South,1050.25
19606,2023-10-21,330,26,3,35.48,West,106.44
19607,2023-08-31,226,48,4,453.61,West,1814.44
19608,2023-10-05,727,29,1,231.25,South,231.25
19609,2022-12-13,635,23,4,16.42,East,65.68
19610,2024-03-22,147,49,3,120.08,South,360.24
19611,2024-03-11,340,22,1,479.33,East,479.33
19612,2024-11-19,564,20,1,253.23,South,253.23
19613,2022-05-26,180,38,4,185.86,North,743.44
19614,2023-05-18,290,46,4,164.4,West,657.6
19615,2024-03-09,187,16,2,214.32,North,428.64
19616,2024-08-25,486,31,4,113.76,East,455.04
19617,2023-04-16,337,3,5,377.07,North,1885.35
19618,2023-11-21,108,21,2,259.07,North,518.14
19619,2022-01-01,126,39,4,378.2,East,1512.8
19620,2022-04-20,773,5,1,134.65,East,134.65
19621,2024-06-12,706,20,4,10.71,East,42.84
19622,2024-12-23,809,23,3,483.45,North,1450.35
19623,2024-01-26,34,32,2,260.91,West,521.82
19624,2022-02-22,438,42,1,49.07,West,49.07
19625,2022-09-19,276,9,4,60.84,East,243.36
19626,2024-06-04,494,3,3,222.99,East,668.97
19627,2022-08-22,182,27,2,350.68,South,701.36
19628,2022-03-14,239,27,2,204.35,North,408.7
19629,2024-08-08,834,10,2,411.87,East,823.74
19630,2023-04-29,348,16,1,171.24,South,171.24
19631,2024-10-26,146,24,4,32.35,North,129.4
19632,2024-05-26,44,23,1,14.06,North,14.06
19633,2024-05-08,871,9,5,431.13,East,2155.65
19634,2022-05-17,816,2,4,492.39,South,1969.56
19635,2024-02-18,499,6,5,75.07,North,375.34999999999997
19636,2023-09-20,803,37,4,40.4,South,161.6
19637,2023-07-09,975,35,2,458.06,West,916.12
19638,2024-01-13,879,7,1,59.37,West,59.37
19639,2023-07-24,295,15,5,121.92,South,609.6
19640,2023-02-14,1000,21,2,402.81,East,805.62
19641,2024-11-25,999,38,2,499.01,East,998.02
19642,2022-08-18,771,36,5,248.15,West,1240.75
19643,2022-09-19,531,23,4,113.28,North,453.12
19644,2024-06-10,727,29,5,425.38,South,2126.9
19645,2023-03-24,211,13,1,203.21,North,203.21
19646,2022-07-05,893,5,3,143.59,North,430.77
19647,2022-12-18,402,47,4,250.3,North,1001.2
19648,2023-01-19,990,39,2,429.34,North,858.68
19649,2024-11-25,231,39,5,124.17,East,620.85
19650,2022-11-22,339,42,3,217.68,North,653.04
19651,2023-04-10,5,45,5,227.68,South,1138.4
19652,2023-04-11,311,43,3,418.05,East,1254.15
19653,2022-06-11,781,1,4,341.24,East,1364.96
19654,2023-07-10,162,20,5,392.44,North,1962.2
19655,2022-10-27,216,43,5,349.76,West,1748.8
19656,2022-12-22,786,1,3,300.41,East,901.23
19657,2023-07-18,836,35,1,74.88,South,74.88
19658,2024-03-03,612,40,2,418.15,West,836.3
19659,2024-10-19,968,45,3,307.57,West,922.71
19660,2023-08-09,171,7,5,353.57,North,1767.85
19661,2024-01-20,961,35,3,391.59,West,1174.77
19662,2022-05-20,252,34,3,162.73,South,488.18999999999994
19663,2022-08-23,681,50,5,224.28,South,1121.4
19664,2024-10-23,38,5,5,275.23,West,1376.15
19665,2022-09-13,228,29,1,177.98,East,177.98
19666,2023-01-06,934,50,1,136.68,South,136.68
19667,2022-10-05,909,48,1,390.65,East,390.65
19668,2023-05-31,637,27,5,379.33,West,1896.6499999999999
19669,2024-06-22,278,7,4,417.58,West,1670.32
19670,2022-09-27,285,1,1,351.38,West,351.38
19671,2023-04-21,510,9,2,162.75,East,325.5
19672,2024-07-16,649,47,4,170.23,East,680.92
19673,2022-03-05,987,1,1,268.62,North,268.62
19674,2023-04-05,366,27,2,419.44,East,838.88
19675,2024-11-05,620,17,5,179.68,South,898.4000000000001
19676,2023-07-18,68,32,2,385.31,West,770.62
19677,2024-11-08,104,41,1,159.79,East,159.79
19678,2024-06-26,401,30,3,175.88,East,527.64
19679,2022-04-03,246,15,3,378.66,East,1135.98
19680,2024-02-12,677,42,2,342.5,South,685.0
19681,2024-03-20,192,28,5,112.03,East,560.15
19682,2024-11-06,707,3,4,415.24,South,1660.96
19683,2024-04-19,644,28,3,394.46,West,1183.3799999999999
19684,2023-05-03,296,5,4,400.73,South,1602.92
19685,2024-10-30,144,2,5,240.47,North,1202.35
19686,2024-01-19,907,38,3,171.03,North,513.09
19687,2023-06-12,731,16,5,426.39,West,2131.95
19688,2023-07-08,26,44,1,298.22,North,298.22
19689,2023-05-30,251,17,4,466.18,West,1864.72
19690,2023-01-12,607,12,1,134.38,South,134.38
19691,2023-04-29,866,26,5,488.06,North,2440.3
19692,2023-03-28,712,49,5,195.82,East,979.0999999999999
19693,2024-02-26,615,7,2,198.39,West,396.78
19694,2024-11-29,193,24,2,127.02,North,254.04
19695,2022-10-29,381,16,3,482.86,North,1448.58
19696,2024-12-21,2,18,1,29.46,North,29.46
19697,2024-09-25,759,8,1,241.95,North,241.95
19698,2022-01-18,603,27,5,189.09,East,945.45
19699,2023-02-02,45,26,2,88.04,East,176.08
19700,2024-10-03,939,31,4,359.49,West,1437.96
19701,2023-08-17,3,18,5,450.18,South,2250.9
19702,2022-07-08,930,2,1,129.35,West,129.35
19703,2022-04-14,848,41,1,253.85,North,253.85
19704,2022-02-02,449,23,5,293.32,West,1466.6
19705,2024-01-19,576,48,5,201.34,South,1006.7
19706,2023-01-09,135,49,5,461.55,East,2307.75
19707,2024-11-01,291,42,1,236.14,South,236.14
19708,2024-01-11,278,22,4,491.56,North,1966.24
19709,2024-06-08,176,33,1,154.65,West,154.65
19710,2023-04-01,928,18,5,45.89,West,229.45
19711,2022-09-06,282,15,2,291.73,West,583.46
19712,2023-03-24,120,41,4,413.44,West,1653.76
19713,2024-10-14,774,3,3,200.31,East,600.9300000000001
19714,2024-09-06,174,48,1,100.7,South,100.7
19715,2024-10-24,439,23,4,371.74,North,1486.96
19716,2022-06-22,459,47,4,142.73,West,570.92
19717,2023-01-06,991,2,5,387.17,East,1935.8500000000001
19718,2024-03-01,630,42,4,138.54,South,554.16
19719,2024-01-19,951,4,1,283.07,South,283.07
19720,2024-02-26,341,26,2,444.96,East,889.92
19721,2024-04-19,697,19,4,110.26,North,441.04
19722,2023-02-04,755,49,1,412.14,North,412.14
19723,2024-12-17,726,10,5,140.06,North,700.3
19724,2023-07-02,121,22,4,333.73,West,1334.92
19725,2023-02-12,575,6,3,129.42,West,388.26
19726,2023-10-03,897,1,3,66.14,East,198.42000000000002
19727,2022-03-05,661,43,2,335.37,West,670.74
19728,2023-07-28,493,16,5,301.5,North,1507.5
19729,2023-02-24,276,7,1,206.73,North,206.73
19730,2022-05-26,969,24,4,27.97,North,111.88
19731,2022-01-17,987,35,1,242.89,North,242.89
19732,2022-04-08,29,14,3,82.87,East,248.61
19733,2023-03-28,811,4,5,186.14,East,930.6999999999999
19734,2024-09-01,737,41,1,297.24,South,297.24
19735,2024-06-16,685,15,4,470.28,West,1881.12
19736,2024-10-12,244,44,5,260.54,South,1302.7
19737,2023-04-24,321,48,4,105.44,East,421.76
19738,2022-07-20,643,23,4,473.65,West,1894.6
19739,2022-06-28,352,19,5,22.7,North,113.5
19740,2023-05-23,532,14,5,324.98,West,1624.9
19741,2023-03-29,81,27,4,138.57,South,554.28
19742,2022-09-27,293,36,3,381.18,South,1143.54
19743,2023-05-01,294,38,4,172.3,North,689.2
19744,2023-08-01,497,22,5,220.09,South,1100.45
19745,2022-12-04,458,11,2,387.5,North,775.0
19746,2024-05-10,747,4,1,449.93,West,449.93
19747,2024-01-27,813,32,4,99.45,West,397.8
19748,2024-01-27,733,40,1,155.18,North,155.18
19749,2023-08-07,682,41,4,12.12,East,48.48
19750,2024-12-08,558,24,4,429.72,West,1718.88
19751,2022-12-12,60,34,2,474.09,East,948.18
19752,2023-12-03,608,3,5,146.93,West,734.6500000000001
19753,2022-10-20,781,38,3,198.43,West,595.29
19754,2024-03-06,543,2,5,220.19,East,1100.95
19755,2024-10-18,380,23,1,210.78,South,210.78
19756,2022-03-18,324,40,1,202.51,North,202.51
19757,2024-03-27,628,20,4,243.18,South,972.72
19758,2024-06-14,62,8,5,85.35,South,426.75
19759,2023-10-13,945,35,2,38.26,East,76.52
19760,2023-07-01,146,49,3,364.53,South,1093.59
19761,2023-01-29,843,43,5,424.82,East,2124.1
19762,2022-11-21,362,3,4,406.99,West,1627.96
19763,2022-05-31,53,32,1,317.05,North,317.05
19764,2024-05-28,402,31,5,484.72,North,2423.6000000000004
19765,2024-11-21,563,44,1,10.76,South,10.76
19766,2022-09-29,681,46,4,166.58,East,666.32
19767,2024-04-15,869,31,1,161.91,South,161.91
19768,2023-01-03,993,1,4,181.34,West,725.36
19769,2023-08-13,869,12,3,401.99,East,1205.97
19770,2023-08-11,707,18,2,182.23,North,364.46
19771,2023-07-26,449,24,1,268.27,North,268.27
19772,2022-03-21,83,36,5,310.83,South,1554.1499999999999
19773,2022-09-15,379,29,3,424.24,North,1272.72
19774,2022-10-06,646,25,2,311.77,North,623.54
19775,2023-05-19,458,23,5,196.84,North,984.2
19776,2023-07-12,933,3,5,350.42,South,1752.1000000000001
19777,2023-05-06,780,30,4,262.61,South,1050.44
19778,2023-07-20,81,17,2,268.92,West,537.84
19779,2023-06-05,731,45,5,174.22,East,871.1
19780,2022-11-22,514,49,5,10.79,North,53.949999999999996
19781,2022-03-25,309,30,5,184.37,West,921.85
19782,2024-04-20,921,49,3,158.33,East,474.99
19783,2022-11-16,763,19,2,59.17,West,118.34
19784,2022-10-31,494,5,4,107.33,West,429.32
19785,2023-11-21,236,40,3,490.64,North,1471.92
19786,2023-02-11,668,34,3,147.11,East,441.33000000000004
19787,2024-11-15,941,9,3,263.9,North,791.6999999999999
19788,2023-11-15,37,39,4,279.17,South,1116.68
19789,2022-08-21,741,48,4,284.41,North,1137.64
19790,2024-10-18,657,44,3,33.19,West,99.57
19791,2023-07-03,325,26,3,388.02,West,1164.06
19792,2024-11-02,56,5,1,367.87,South,367.87
19793,2023-05-11,121,24,4,488.82,South,1955.28
19794,2023-09-10,314,31,5,100.5,South,502.5
19795,2024-04-27,211,24,2,281.36,West,562.72
19796,2024-10-02,772,21,2,403.88,North,807.76
19797,2023-01-19,103,22,2,70.93,East,141.86
19798,2024-10-13,439,38,3,396.89,East,1190.67
19799,2023-10-04,817,22,4,142.28,South,569.12
19800,2022-11-12,747,21,1,147.61,East,147.61
19801,2022-09-13,38,30,1,473.34,West,473.34
19802,2023-03-17,813,49,2,163.8,North,327.6
19803,2022-10-26,620,47,5,296.28,East,1481.3999999999999
19804,2024-07-03,414,10,5,225.65,South,1128.25
19805,2022-09-13,224,3,5,48.3,North,241.5
19806,2023-10-13,293,39,5,475.74,West,2378.7
19807,2022-02-16,696,29,1,114.73,East,114.73
19808,2024-06-21,155,25,1,141.17,East,141.17
19809,2023-04-08,32,2,4,194.85,North,779.4
19810,2022-01-31,234,13,1,254.28,East,254.28
19811,2022-02-24,907,27,4,80.7,North,322.8
19812,2022-06-02,489,29,4,318.67,South,1274.68
19813,2023-04-01,762,14,3,262.2,North,786.5999999999999
19814,2022-10-13,570,4,1,158.48,East,158.48
19815,2022-02-05,333,8,5,349.4,West,1747.0
19816,2024-03-28,675,5,2,261.9,East,523.8
19817,2022-09-13,17,44,4,421.94,South,1687.76
19818,2022-06-27,414,27,2,429.15,East,858.3
19819,2023-05-23,766,24,5,490.25,West,2451.25
19820,2022-01-21,658,44,4,42.99,West,171.96
19821,2022-03-16,741,43,4,208.54,East,834.16
19822,2023-12-20,240,34,1,255.74,East,255.74
19823,2023-04-05,286,28,3,124.57,East,373.71
19824,2024-11-26,346,24,2,461.8,West,923.6
19825,2023-09-22,375,5,5,53.18,East,265.9
19826,2022-01-01,16,13,3,219.97,North,659.91
19827,2024-07-24,587,18,3,100.74,West,302.21999999999997
19828,2022-11-07,950,17,1,344.25,South,344.25
19829,2024-02-01,260,30,4,355.45,East,1421.8
19830,2023-11-14,895,38,5,437.53,West,2187.6499999999996
19831,2022-11-11,361,19,3,210.4,East,631.2
19832,2022-11-03,399,22,3,389.8,North,1169.4
19833,2023-09-11,460,49,2,279.29,North,558.58
19834,2022-01-07,923,49,5,408.01,East,2040.05
19835,2024-11-01,516,18,5,51.84,South,259.20000000000005
19836,2023-05-29,931,26,3,237.09,North,711.27
19837,2022-12-15,763,15,4,83.77,South,335.08
19838,2024-07-05,85,28,5,397.27,East,1986.35
19839,2024-10-27,63,30,5,84.81,East,424.05
19840,2023-05-15,100,28,2,13.95,East,27.9
19841,2023-04-20,834,20,2,465.47,East,930.94
19842,2023-06-08,755,4,2,247.45,North,494.9
19843,2024-12-16,295,4,4,492.74,East,1970.96
19844,2023-08-13,924,37,4,231.97,West,927.88
19845,2022-08-21,162,15,5,299.49,West,1497.45
19846,2024-03-01,929,34,4,374.65,East,1498.6
19847,2024-11-19,178,11,2,147.59,East,295.18
19848,2023-01-02,444,23,4,75.1,West,300.4
19849,2022-02-25,328,35,5,333.95,North,1669.75
19850,2022-01-10,328,43,3,260.24,East,780.72
19851,2022-05-27,764,35,1,415.13,East,415.13
19852,2022-12-30,42,11,4,32.08,South,128.32
19853,2022-09-10,242,2,3,276.94,North,830.8199999999999
19854,2024-07-28,342,15,5,101.02,South,505.09999999999997
19855,2024-01-06,91,40,3,312.49,South,937.47
19856,2022-12-06,28,28,3,382.62,South,1147.8600000000001
19857,2023-09-16,459,31,3,138.87,West,416.61
19858,2023-12-06,667,32,2,246.08,East,492.16
19859,2022-11-19,631,34,4,215.9,West,863.6
19860,2024-05-10,385,50,3,379.89,South,1139.67
19861,2022-04-05,487,22,5,303.94,West,1519.7
19862,2023-07-07,220,29,1,69.15,North,69.15
19863,2024-02-29,859,8,1,488.61,North,488.61
19864,2023-07-07,264,22,1,457.05,South,457.05
19865,2022-04-26,121,12,2,293.57,East,587.14
19866,2023-09-24,46,23,4,390.96,West,1563.84
19867,2022-09-27,280,38,1,19.79,North,19.79
19868,2024-05-10,115,2,2,108.73,East,217.46
19869,2022-10-18,168,12,5,386.25,West,1931.25
19870,2022-01-09,435,21,5,62.03,North,310.15
19871,2023-09-22,246,12,2,30.94,West,61.88
19872,2024-05-13,484,45,4,311.7,West,1246.8
19873,2023-04-20,375,31,5,26.78,West,133.9
19874,2023-06-21,280,9,4,99.73,South,398.92
19875,2023-11-16,746,15,2,49.19,North,98.38
19876,2024-10-31,22,32,5,271.79,South,1358.95
19877,2023-09-05,714,43,5,341.7,South,1708.5
19878,2024-02-16,68,9,3,99.82,East,299.46
19879,2023-08-18,648,24,5,239.69,West,1198.45
19880,2022-10-03,743,8,1,19.88,North,19.88
19881,2023-01-05,58,28,3,139.68,West,419.04
19882,2022-12-11,527,18,2,98.01,West,196.02
19883,2023-01-03,264,43,1,91.32,South,91.32
19884,2024-01-01,989,37,1,120.26,South,120.26
19885,2022-01-15,682,36,4,404.62,North,1618.48
19886,2024-01-28,423,37,3,475.38,East,1426.1399999999999
19887,2023-11-19,499,32,4,355.97,East,1423.88
19888,2022-01-04,291,21,3,45.41,East,136.23
19889,2023-06-17,169,39,3,317.8,West,953.4000000000001
19890,2024-09-12,560,49,1,369.72,East,369.72
19891,2024-04-13,462,29,5,64.45,South,322.25
19892,2022-12-29,608,18,4,154.22,South,616.88
19893,2022-04-27,839,23,4,219.91,South,879.64
19894,2022-05-08,556,33,1,162.25,West,162.25
19895,2022-03-19,353,48,5,263.98,East,1319.9
19896,2024-01-11,240,9,3,74.15,East,222.45000000000002
19897,2024-02-13,803,44,3,227.93,South,683.79
19898,2022-03-23,283,43,5,369.31,West,1846.55
19899,2022-12-08,449,38,3,235.86,South,707.58
19900,2024-03-29,582,4,4,113.11,South,452.44
19901,2023-08-01,765,16,4,403.04,North,1612.16
19902,2022-04-06,66,3,4,203.25,West,813.0
19903,2023-07-31,327,8,1,218.3,South,218.3
19904,2023-06-05,456,16,3,185.24,North,555.72
19905,2024-09-22,959,2,1,151.97,East,151.97
19906,2022-12-23,477,45,3,304.95,East,914.8499999999999
19907,2022-07-05,848,19,4,102.03,East,408.12
19908,2023-06-27,285,24,4,386.92,North,1547.68
19909,2022-05-31,31,16,5,246.03,West,1230.15
19910,2024-12-18,448,40,3,442.96,East,1328.8799999999999
19911,2022-01-10,214,2,2,470.06,North,940.12
19912,2024-05-06,693,32,1,197.66,South,197.66
19913,2022-12-22,714,1,4,87.82,West,351.28
19914,2024-03-04,580,49,5,257.58,West,1287.8999999999999
19915,2022-08-25,25,18,5,142.52,North,712.6
19916,2022-11-29,760,39,4,219.0,West,876.0
19917,2022-01-17,373,32,3,194.95,East,584.8499999999999
19918,2022-11-20,397,9,5,230.73,West,1153.6499999999999
19919,2022-01-23,337,3,3,254.3,East,762.9000000000001
19920,2024-07-19,936,24,5,317.44,East,1587.2
19921,2023-04-04,968,11,1,11.87,North,11.87
19922,2023-06-05,855,28,3,135.65,East,406.95000000000005
19923,2023-12-20,903,16,5,93.42,South,467.1
19924,2023-07-11,672,29,4,358.12,East,1432.48
19925,2023-02-07,280,41,2,417.84,East,835.68
19926,2023-04-02,769,12,4,365.62,North,1462.48
19927,2024-11-16,623,46,3,487.59,West,1462.77
19928,2023-02-01,559,4,4,47.85,East,191.4
19929,2022-05-20,691,26,4,237.73,West,950.92
19930,2023-06-05,548,4,2,450.69,North,901.38
19931,2024-01-16,923,11,4,166.35,South,665.4
19932,2022-04-02,198,2,5,403.14,East,2015.6999999999998
19933,2022-03-18,554,31,1,285.25,West,285.25
19934,2024-05-01,479,50,2,489.49,South,978.98
19935,2024-04-24,844,3,3,191.8,North,575.4000000000001
19936,2023-10-29,602,25,5,214.41,South,1072.05
19937,2024-08-16,857,34,3,90.27,North,270.81
19938,2024-09-15,580,1,2,88.22,South,176.44
19939,2024-03-07,70,5,2,431.89,East,863.78
19940,2022-03-29,505,39,4,209.57,East,838.28
19941,2024-07-03,110,31,2,314.03,East,628.06
19942,2022-04-05,382,36,3,378.6,North,1135.8000000000002
19943,2023-07-05,397,3,2,224.74,South,449.48
19944,2023-02-03,409,38,1,477.35,North,477.35
19945,2024-02-06,351,12,4,469.71,East,1878.84
19946,2024-12-13,534,16,2,343.26,South,686.52
19947,2022-08-31,501,8,1,497.65,North,497.65
19948,2023-09-16,995,11,3,11.3,South,33.900000000000006
19949,2023-12-02,789,45,3,14.53,East,43.589999999999996
19950,2023-07-18,911,14,1,43.09,West,43.09
19951,2022-06-11,707,27,1,472.32,South,472.32
19952,2022-02-04,421,18,2,306.37,East,612.74
19953,2024-08-23,557,8,4,464.58,West,1858.32
19954,2022-02-06,922,33,4,72.28,East,289.12
19955,2024-04-25,111,4,5,25.67,South,128.35000000000002
19956,2024-04-08,209,49,1,276.21,North,276.21
19957,2023-09-15,742,30,3,95.86,South,287.58
19958,2023-06-05,439,20,5,431.32,South,2156.6
19959,2022-04-15,178,30,1,216.0,North,216.0
19960,2022-06-05,931,27,1,387.52,East,387.52
19961,2022-12-02,762,25,5,263.06,North,1315.3
19962,2024-11-15,425,6,4,269.05,West,1076.2
19963,2022-10-23,328,5,1,344.1,East,344.1
19964,2024-06-04,884,14,5,174.37,East,871.85
19965,2022-03-10,11,14,2,474.94,South,949.88
19966,2022-05-31,252,34,2,206.2,West,412.4
19967,2024-05-06,856,41,3,205.04,West,615.12
19968,2023-07-31,235,25,4,356.64,South,1426.56
19969,2023-10-24,648,39,5,321.76,North,1608.8
19970,2024-01-27,254,18,4,497.93,South,1991.72
19971,2023-03-28,566,20,4,426.61,South,1706.44
19972,2023-07-24,478,43,5,149.45,East,747.25
19973,2023-09-27,129,8,1,59.76,South,59.76
19974,2022-12-28,738,26,2,62.25,West,124.5
19975,2022-07-22,532,21,3,187.19,East,561.5699999999999
19976,2023-05-02,100,27,1,243.82,West,243.82
19977,2022-01-04,290,32,4,322.19,West,1288.76
19978,2024-11-15,569,42,4,430.29,South,1721.16
19979,2024-03-11,226,50,5,494.87,East,2474.35
19980,2024-09-03,653,17,2,210.27,South,420.54
19981,2022-01-27,125,49,2,277.33,East,554.66
19982,2024-12-01,438,1,3,304.37,North,913.11
19983,2024-08-22,821,27,1,283.7,North,283.7
19984,2022-03-05,564,36,3,54.25,South,162.75
19985,2024-11-14,646,11,4,66.37,North,265.48
19986,2022-03-13,804,41,4,445.49,North,1781.96
19987,2024-06-18,665,41,2,341.04,West,682.08
19988,2022-09-25,347,35,4,342.59,South,1370.36
19989,2022-04-05,698,38,1,409.24,North,409.24
19990,2023-01-30,751,38,1,51.23,West,51.23
19991,2024-05-18,183,42,3,213.59,East,640.77
19992,2022-12-30,351,42,1,130.87,South,130.87
19993,2022-04-27,515,49,4,333.8,South,1335.2
19994,2022-06-13,796,47,5,115.32,West,576.5999999999999
19995,2024-05-26,378,36,2,349.14,West,698.28
19996,2024-02-29,708,10,2,200.07,West,400.14
19997,2023-07-31,465,40,2,225.31,West,450.62
19998,2022-11-02,678,1,5,410.83,East,2054.15
19999,2024-02-11,802,22,4,180.6,East,722.4
20000,2022-07-19,340,17,1,135.73,North,135.73
