order_id,order_date,customer_id,product_id,quantity,unit_price,region
1,2024-04-15,985,13,4,237.75,East
2,2022-06-18,732,47,4,375.7,North
3,2022-08-05,180,5,1,72.33,East
4,2023-01-13,358,24,5,171.1,South
5,2022-04-29,740,38,1,67.86,South
6,2022-07-09,996,17,2,348.95,South
7,2024-02-06,252,31,1,454.75,South
8,2023-01-05,299,28,3,445.64,North
9,2022-05-29,873,1,1,169.96,East
10,2023-10-14,430,2,5,124.77,East
11,2024-02-09,4,33,2,144.28,West
12,2023-01-09,653,40,1,150.79,West
13,2024-02-20,678,29,4,50.3,South
14,2022-06-09,254,4,2,75.34,West
15,2022-12-17,941,18,2,115.1,South
16,2024-06-10,665,24,5,14.0,West
17,2023-06-07,579,32,4,33.14,South
18,2023-06-06,567,9,3,352.29,East
19,2024-02-22,96,47,1,313.47,North
20,2022-09-30,167,16,3,473.26,South
21,2024-07-24,833,21,4,206.86,West
22,2022-07-02,331,30,2,227.72,West
23,2023-05-03,898,3,5,43.19,West
24,2024-04-25,965,33,5,84.6,South
25,2022-05-04,888,31,2,348.89,East
26,2024-09-11,854,45,5,125.17,North
27,2024-02-29,62,14,3,388.91,West
28,2023-02-18,174,6,2,355.78,West
29,2023-11-17,253,5,1,376.16,South
30,2022-04-23,461,29,1,348.39,North
31,2024-06-06,624,37,4,356.75,South
32,2022-05-02,215,36,2,277.93,East
33,2022-02-08,239,21,3,342.34,North
34,2023-05-12,415,12,2,267.83,East
35,2024-02-19,739,46,2,110.98,South
36,2024-07-31,742,23,3,116.63,East
37,2022-05-29,745,14,5,208.6,South
38,2024-10-18,675,43,3,16.82,West
39,2023-10-23,126,42,2,445.76,West
40,2022-10-29,941,10,2,141.45,West
41,2022-08-26,253,27,2,35.25,South
42,2023-10-09,845,41,2,217.97,South
43,2023-10-25,950,2,4,409.64,South
44,2022-08-24,711,14,5,204.7,East
45,2022-07-22,197,7,2,138.71,West
46,2022-09-13,634,17,4,277.0,South
47,2023-08-21,413,20,2,291.45,West
48,2023-10-24,456,8,5,382.0,West
49,2022-08-23,776,20,5,401.88,South
50,2023-06-18,54,36,3,356.04,South
51,2024-05-09,647,5,4,12.22,East
52,2024-02-09,339,13,5,11.02,East
53,2023-06-25,359,39,1,488.95,West
54,2022-08-01,151,38,2,139.46,South
55,2023-04-08,100,17,5,148.35,South
56,2023-03-12,234,6,4,368.8,South
57,2022-10-10,544,19,4,294.98,West
58,2022-03-29,62,25,4,237.15,South
59,2024-12-03,941,3,3,67.06,East
60,2023-04-06,196,41,2,49.93,North
61,2022-10-05,542,28,1,354.78,North
62,2023-02-25,755,26,4,71.06,East
63,2023-11-27,106,47,2,223.55,North
64,2023-05-30,295,8,4,370.7,East
65,2023-12-04,645,15,4,462.37,West
66,2022-01-19,451,1,1,438.06,North
67,2022-01-23,534,40,2,433.38,West
68,2023-02-17,156,23,4,185.66,West
69,2024-11-19,406,36,3,464.31,East
70,2022-04-18,896,42,4,344.99,West
71,2022-05-16,726,16,2,444.38,North
72,2022-12-28,738,50,5,53.57,North
73,2022-05-09,797,4,4,29.38,East
74,2023-05-30,683,8,3,220.53,West
75,2023-03-25,554,36,3,415.73,South
76,2024-05-23,572,10,4,210.18,West
77,2023-04-18,375,30,2,443.48,North
78,2024-10-30,589,36,4,125.04,North
79,2022-10-29,455,16,3,29.28,North
80,2022-08-19,202,30,4,383.03,West
81,2024-07-11,732,44,3,316.82,South
82,2024-12-25,452,10,5,225.64,North
83,2024-07-25,187,11,4,424.18,West
84,2022-04-22,608,34,1,413.85,East
85,2024-11-02,854,16,4,169.02,West
86,2023-05-15,724,19,3,420.61,North
87,2024-07-20,368,44,2,179.13,North
88,2023-08-21,340,4,3,314.73,North
89,2022-08-22,262,49,5,104.32,North
90,2023-08-25,841,44,2,139.45,North
91,2022-11-10,924,31,1,229.46,West
92,2023-07-20,589,48,1,164.15,West
93,2024-11-01,543,35,5,73.28,South
94,2022-07-28,551,34,5,246.34,West
95,2024-11-03,306,26,5,260.57,North
96,2024-11-09,846,39,5,87.77,West
97,2023-08-10,726,6,4,95.41,West
98,2024-10-11,638,33,3,24.38,South
99,2024-12-29,165,47,4,24.87,North
100,2023-11-29,758,27,2,185.73,South
101,2022-05-12,621,12,1,81.86,North
102,2024-11-09,88,45,1,460.35,North
103,2023-06-20,200,8,2,107.71,East
104,2024-10-10,271,9,1,42.32,West
105,2022-08-15,51,1,5,208.04,North
106,2024-04-01,489,5,5,104.31,East
107,2024-05-20,198,7,5,40.27,South
108,2023-02-09,23,18,2,378.84,West
109,2022-07-21,665,40,3,282.98,North
110,2022-02-07,223,24,2,37.94,East
111,2024-07-30,942,26,3,239.33,South
112,2022-07-07,221,10,1,29.03,South
113,2024-12-16,663,40,1,183.61,East
114,2024-07-29,266,44,1,188.01,West
115,2024-11-09,73,48,3,413.26,North
116,2022-09-30,881,12,1,370.29,East
117,2023-08-06,77,22,2,449.5,East
118,2023-05-31,544,27,3,78.85,South
119,2023-06-10,881,3,5,271.54,East
120,2022-12-02,435,18,3,19.89,West
121,2023-11-29,937,5,2,414.51,South
122,2024-12-14,65,14,2,189.62,East
123,2023-05-15,961,25,2,43.96,East
124,2024-06-18,357,31,1,169.08,West
125,2024-02-05,936,21,5,150.59,North
126,2023-06-20,18,48,5,385.34,North
127,2022-06-11,676,38,4,72.04,North
128,2023-08-17,799,48,2,282.33,South
129,2022-06-08,566,20,1,399.02,North
130,2022-03-01,575,14,3,372.37,North
131,2024-07-03,769,20,1,468.59,South
132,2022-07-30,751,37,2,10.31,East
133,2023-02-10,436,46,1,183.36,South
134,2023-10-26,996,30,2,191.1,North
135,2023-06-26,441,43,3,26.32,South
136,2024-09-24,9,41,3,410.46,South
137,2024-07-15,470,20,5,347.56,North
138,2024-05-17,632,7,4,268.76,East
139,2022-01-19,348,5,1,208.46,North
140,2023-03-08,602,31,4,448.75,South
141,2024-01-10,372,29,1,139.59,North
142,2022-07-02,970,15,5,173.93,East
143,2022-04-23,824,25,5,476.79,West
144,2023-04-26,175,13,3,41.67,South
145,2024-04-10,515,44,3,392.5,East
146,2024-02-02,130,24,3,361.85,North
147,2023-04-21,566,15,1,451.93,North
148,2024-02-02,293,24,4,54.38,West
149,2024-08-28,696,26,4,485.52,South
150,2024-10-16,927,19,3,24.13,North
151,2022-06-10,353,24,5,175.47,East
152,2023-02-05,224,19,4,51.56,South
153,2022-07-17,524,42,5,35.08,West
154,2023-10-22,954,17,3,482.71,East
155,2024-12-06,707,48,1,362.64,West
156,2023-02-03,759,5,2,257.79,East
157,2022-03-19,509,4,4,63.01,South
158,2022-05-04,368,22,3,267.75,East
159,2022-03-16,666,10,3,166.83,South
160,2022-05-17,590,21,4,143.08,South
161,2023-08-25,652,25,2,312.87,East
162,2024-04-16,500,6,1,397.55,East
163,2023-05-15,90,30,4,227.2,South
164,2022-05-18,656,29,1,251.72,North
165,2022-02-19,949,11,3,329.2,North
166,2024-08-30,72,11,4,71.07,East
167,2022-09-11,433,48,1,416.02,North
168,2023-12-11,689,46,5,420.1,North
169,2023-07-17,348,27,5,275.11,South
170,2024-01-27,263,19,5,101.9,South
171,2023-07-01,271,22,1,255.37,North
172,2024-07-10,509,28,5,61.91,West
173,2023-08-04,508,4,3,384.01,East
174,2022-02-18,617,37,1,162.47,West
175,2024-07-05,420,19,3,162.44,West
176,2023-12-05,72,17,2,473.07,West
177,2022-09-18,74,50,1,216.71,North
178,2022-12-22,655,40,5,396.89,South
179,2023-09-30,503,36,5,322.21,North
180,2024-01-13,574,23,2,164.93,West
181,2024-10-06,146,50,4,70.66,North
182,2024-07-19,46,28,2,400.89,East
183,2023-10-03,741,11,5,383.63,West
184,2024-03-02,105,14,5,92.89,North
185,2023-09-04,109,13,4,132.07,South
186,2024-03-19,317,24,2,385.46,West
187,2023-11-17,121,16,3,491.98,South
188,2022-07-07,499,28,2,423.38,East
189,2024-09-11,43,30,3,345.23,East
190,2023-07-02,940,44,5,458.56,North
191,2023-12-26,99,41,5,149.77,North
192,2024-07-14,706,39,2,14.73,East
193,2024-05-25,311,42,5,167.27,West
194,2023-09-10,214,27,4,486.25,West
195,2023-02-18,463,17,1,442.17,West
196,2024-06-21,741,50,3,34.67,East
197,2022-06-12,423,26,5,255.96,South
198,2022-09-27,996,7,3,48.71,South
199,2023-09-24,389,35,2,396.63,West
200,2024-06-24,697,15,4,192.58,North
201,2022-07-24,112,16,3,456.85,North
202,2023-08-05,911,21,5,36.68,East
203,2024-04-20,859,17,1,369.66,North
204,2023-08-19,272,45,4,205.69,East
205,2022-09-07,825,26,2,141.43,East
206,2024-05-24,996,35,5,263.55,North
207,2022-07-15,102,20,4,247.89,North
208,2023-11-21,210,20,5,180.92,West
209,2024-12-29,739,23,2,327.94,West
210,2023-10-01,793,5,2,334.04,North
211,2023-11-03,22,9,1,47.8,West
212,2024-08-01,760,23,4,301.75,West
213,2022-07-18,159,18,1,358.26,South
214,2023-05-07,891,29,1,47.19,West
215,2024-06-14,741,11,1,332.97,West
216,2022-05-22,930,43,3,403.95,West
217,2022-06-14,343,48,2,417.65,South
218,2022-11-10,400,8,1,30.41,West
219,2022-01-21,454,27,3,351.73,South
220,2024-09-10,699,2,3,400.52,West
221,2022-11-01,143,23,3,204.44,East
222,2023-01-06,850,21,1,275.99,East
223,2024-05-02,870,10,3,139.91,West
224,2023-01-19,397,38,1,162.02,South
225,2023-03-21,536,4,4,255.79,North
226,2023-03-01,141,21,2,84.06,East
227,2022-06-10,961,37,5,191.55,North
228,2023-09-21,240,43,1,157.7,North
229,2024-06-13,292,12,2,126.74,East
230,2023-05-05,817,48,1,247.11,East
231,2024-10-13,82,46,4,420.95,North
232,2022-11-23,560,14,2,128.71,South
233,2023-08-21,865,20,2,333.27,East
234,2024-10-11,870,47,3,134.55,West
235,2022-10-16,171,8,1,79.62,East
236,2023-08-16,774,27,1,472.23,West
237,2023-07-27,977,37,5,320.29,East
238,2022-01-28,580,41,3,61.25,West
239,2024-08-11,526,21,3,320.0,West
240,2022-02-12,542,48,5,96.41,South
241,2023-02-27,110,35,3,445.02,South
242,2022-06-26,212,44,3,131.26,North
243,2023-06-13,776,39,4,405.33,East
244,2024-08-23,438,49,2,107.61,East
245,2022-07-17,322,15,5,283.56,East
246,2023-09-02,997,47,4,457.04,South
247,2024-04-21,900,12,4,155.04,East
248,2024-05-02,714,34,4,49.88,East
249,2022-01-22,84,8,3,280.77,North
250,2024-12-16,956,37,5,94.44,South
251,2024-12-25,376,30,3,366.89,North
252,2024-04-21,53,3,3,299.5,East
253,2022-04-08,867,30,4,179.72,North
254,2023-03-11,496,29,1,355.77,East
255,2023-09-29,256,1,5,126.88,East
256,2023-08-11,586,16,5,459.35,North
257,2022-12-10,220,42,4,179.98,North
258,2023-07-25,655,31,4,383.85,West
259,2023-09-03,100,10,2,136.67,East
260,2022-08-31,129,30,4,360.26,West
261,2023-07-15,918,43,3,25.45,South
262,2024-08-17,219,26,4,154.8,West
263,2022-02-01,477,12,5,55.52,South
264,2023-01-26,783,40,1,231.1,West
265,2022-10-04,458,5,1,223.2,West
266,2023-06-16,980,9,3,185.91,West
267,2023-01-18,22,11,1,490.77,North
268,2024-12-27,690,47,4,129.6,South
269,2024-06-02,560,23,1,397.62,West
270,2022-08-02,629,17,4,229.25,West
271,2023-01-11,329,43,2,174.06,South
272,2024-01-14,888,13,5,109.7,West
273,2022-08-01,691,17,3,320.37,East
274,2022-03-20,480,23,2,173.5,North
275,2023-09-20,785,39,1,408.33,North
276,2023-08-27,874,9,3,484.55,North
277,2024-02-21,339,18,4,121.29,West
278,2024-09-27,872,18,2,73.05,North
279,2023-11-11,859,30,5,164.6,East
280,2022-02-27,179,42,5,238.88,East
281,2024-11-15,421,44,2,157.47,South
282,2024-05-30,482,26,2,485.53,West
283,2023-03-23,49,18,2,391.81,North
284,2022-03-07,827,21,1,483.41,East
285,2024-12-03,906,41,5,192.89,East
286,2024-10-08,767,41,5,159.29,West
287,2022-08-15,30,42,1,209.61,North
288,2024-02-13,85,33,3,266.19,South
289,2023-11-10,789,43,5,373.36,South
290,2023-08-24,502,14,3,441.74,West
291,2023-01-14,546,10,3,236.96,East
292,2023-12-10,329,28,3,151.7,East
293,2022-11-03,610,14,5,166.23,West
294,2024-02-18,434,19,4,351.5,West
295,2023-05-19,588,26,3,288.1,West
296,2022-09-25,687,10,4,248.38,North
297,2022-01-08,853,17,1,109.36,North
298,2023-05-23,249,34,4,438.97,South
299,2023-04-21,852,14,4,392.7,West
300,2022-06-13,134,26,2,78.91,West
301,2023-04-30,690,50,3,190.02,East
302,2024-12-31,365,34,5,275.64,South
303,2023-07-21,740,19,2,232.63,South
304,2024-06-23,575,24,4,204.92,West
305,2023-07-13,780,31,1,362.23,South
306,2022-08-26,425,40,5,36.71,South
307,2023-07-08,415,6,1,240.99,East
308,2024-04-07,770,20,4,138.47,South
309,2023-04-13,656,39,1,51.46,West
310,2023-01-21,512,45,2,237.79,East
311,2024-02-14,385,34,1,93.97,West
312,2024-04-27,388,22,2,136.53,East
313,2023-01-22,815,7,3,258.43,North
314,2024-05-26,449,33,5,487.12,West
315,2022-09-16,564,6,1,345.28,South
316,2022-10-10,303,16,2,147.01,South
317,2022-02-09,99,8,4,197.38,East
318,2023-05-01,973,45,4,209.01,South
319,2024-07-17,306,23,2,85.28,South
320,2022-08-08,557,18,5,88.72,South
321,2024-10-11,42,14,3,82.71,North
322,2024-10-20,991,50,3,265.62,West
323,2023-09-05,468,36,5,340.35,East
324,2024-07-16,440,15,1,299.45,East
325,2023-11-19,327,5,2,489.11,West
326,2023-09-05,569,46,3,71.68,North
327,2022-09-17,1000,48,5,493.37,West
328,2024-09-16,33,15,3,238.67,East
329,2024-08-23,412,11,3,117.13,South
330,2023-01-01,626,2,1,472.21,South
331,2023-06-28,812,23,3,239.62,South
332,2023-10-11,114,24,2,180.2,North
333,2024-03-24,508,18,5,114.77,North
334,2024-11-05,56,4,1,141.26,North
335,2023-07-29,556,15,1,489.82,South
336,2024-10-09,724,12,5,158.95,East
337,2023-11-01,352,3,2,489.12,North
338,2022-09-26,329,32,3,171.81,West
339,2024-07-12,546,36,3,123.4,South
340,2022-09-04,270,21,2,99.85,South
341,2022-05-11,196,48,4,211.81,South
342,2022-12-19,413,6,5,126.04,South
343,2022-07-15,637,2,2,351.5,East
344,2024-07-18,79,9,3,127.49,South
345,2024-10-18,767,12,5,419.34,South
346,2023-10-07,657,44,5,418.67,East
347,2022-08-15,83,24,3,149.91,West
348,2023-12-02,742,14,2,379.23,West
349,2022-09-22,137,49,4,430.2,East
350,2023-10-08,539,41,5,299.17,South
351,2022-07-30,689,12,5,189.5,North
352,2024-07-31,719,27,5,226.07,North
353,2023-04-02,933,10,2,395.25,South
354,2023-12-26,924,43,5,153.73,East
355,2024-09-08,306,2,3,173.89,South
356,2023-08-11,311,31,3,88.78,South
357,2023-04-21,388,28,1,205.54,East
358,2024-09-12,725,16,5,52.39,East
359,2022-06-05,866,1,4,167.31,North
360,2022-07-09,915,22,1,193.0,North
361,2024-09-07,549,1,5,135.18,South
362,2023-06-30,506,31,5,59.67,East
363,2022-02-10,388,22,2,265.62,West
364,2022-11-03,293,34,2,433.89,South
365,2024-07-31,179,12,3,174.47,West
366,2022-12-04,672,23,1,126.03,South
367,2024-08-10,429,28,1,149.67,East
368,2022-10-06,880,50,1,432.32,North
369,2024-06-14,524,12,3,268.63,South
370,2022-09-30,681,27,4,74.09,East
371,2024-04-16,312,23,4,357.52,North
372,2023-09-12,80,1,4,85.64,North
373,2024-05-11,14,43,1,39.52,East
374,2024-07-19,54,2,5,135.29,East
375,2022-10-16,447,44,1,92.36,East
376,2023-12-25,766,31,5,306.45,West
377,2024-06-11,65,2,2,247.44,West
378,2022-09-29,372,49,3,364.79,South
379,2024-12-25,503,25,4,260.67,South
380,2023-04-28,570,38,1,215.31,East
381,2024-07-24,96,48,1,267.85,South
382,2022-09-05,533,19,2,222.9,South
383,2022-06-05,260,28,5,28.17,West
384,2024-12-06,585,6,4,343.54,East
385,2023-03-30,248,39,3,481.44,South
386,2022-07-20,127,19,5,216.8,East
387,2022-05-04,499,17,5,217.63,South
388,2022-01-01,46,6,4,32.43,West
389,2024-08-25,982,15,3,446.29,East
390,2024-05-04,268,22,4,465.27,South
391,2023-10-02,640,41,4,408.44,North
392,2022-07-10,542,34,1,62.11,West
393,2023-05-31,94,5,3,451.11,North
394,2023-03-18,736,23,5,21.74,East
395,2022-05-23,316,5,4,227.84,West
396,2023-06-17,612,44,2,255.31,West
397,2022-08-15,71,10,3,418.66,South
398,2024-08-06,593,4,2,377.92,East
399,2023-04-05,449,12,5,400.58,North
400,2023-07-05,910,47,3,435.27,North
401,2023-01-28,367,10,1,243.27,North
402,2024-04-24,812,30,3,392.32,West
403,2022-07-29,620,50,5,43.34,North
404,2023-10-08,614,24,1,227.83,West
405,2022-08-07,410,5,5,24.77,North
406,2023-02-11,91,13,3,458.5,South
407,2024-06-06,509,36,5,479.62,East
408,2023-07-12,877,9,3,51.13,East
409,2023-07-04,528,18,1,270.99,South
410,2022-05-22,110,35,3,169.32,South
411,2023-09-04,775,31,5,177.84,West
412,2023-05-16,672,24,5,230.84,East
413,2024-04-19,765,43,5,71.28,North
414,2023-12-03,89,4,2,98.58,South
415,2023-08-19,607,41,2,292.91,South
416,2022-10-08,272,26,2,19.19,West
417,2023-02-28,247,44,4,303.9,West
418,2024-05-05,361,42,3,166.27,East
419,2022-09-27,378,10,2,417.78,North
420,2022-06-03,206,41,5,304.0,South
421,2023-09-06,345,42,5,356.96,South
422,2023-10-24,830,9,2,66.07,West
423,2022-03-24,798,1,2,140.27,North
424,2024-08-04,760,16,5,498.37,South
425,2024-06-17,455,46,2,222.49,East
426,2022-10-11,908,13,4,185.84,West
427,2024-09-06,67,38,4,438.19,West
428,2022-06-22,987,14,4,26.21,East
429,2024-12-22,558,40,1,272.04,West
430,2024-02-02,979,23,4,113.03,West
431,2023-09-25,43,18,5,190.39,North
432,2024-02-26,229,28,1,107.89,East
433,2024-07-31,951,20,5,28.53,South
434,2024-10-08,813,1,5,214.09,West
435,2023-02-02,444,12,2,396.71,East
436,2024-07-22,234,27,3,476.46,North
437,2023-11-07,199,43,4,315.69,East
438,2024-07-24,497,13,3,200.53,South
439,2023-04-10,848,4,3,387.23,South
440,2022-10-13,32,25,2,257.56,West
441,2022-09-22,264,6,3,190.13,East
442,2022-11-16,113,45,4,97.75,West
443,2023-11-04,973,22,1,400.1,North
444,2024-03-30,830,45,5,255.21,North
445,2022-03-30,459,38,4,482.26,West
446,2024-03-31,276,36,2,402.94,East
447,2024-09-27,146,3,1,215.81,North
448,2022-11-30,357,15,2,373.02,South
449,2022-08-10,6,11,4,232.16,West
450,2022-02-10,340,34,5,49.13,North
451,2022-03-09,992,27,3,263.17,East
452,2024-09-14,494,23,3,434.21,South
453,2023-05-29,108,17,2,429.17,West
454,2023-11-26,925,23,1,291.73,South
455,2024-11-05,772,34,5,196.21,West
456,2023-04-22,71,21,2,14.95,West
457,2024-12-21,939,33,5,162.59,East
458,2024-05-30,340,5,2,495.01,North
459,2023-03-08,674,17,1,365.98,North
460,2022-09-25,100,1,4,361.62,West
461,2024-11-24,327,7,3,382.93,South
462,2024-02-18,33,3,5,313.86,South
463,2023-05-09,143,26,5,297.07,East
464,2023-10-23,244,16,1,232.27,North
465,2024-10-09,736,16,5,227.53,South
466,2024-11-24,726,44,4,436.72,North
467,2024-09-03,632,41,4,202.79,East
468,2023-04-27,680,14,1,421.74,West
469,2023-12-29,861,44,2,420.49,South
470,2023-04-25,217,26,2,387.74,East
471,2024-12-24,901,27,5,28.44,North
472,2024-10-28,974,48,5,82.51,North
473,2022-12-09,434,17,1,164.21,West
474,2022-11-28,867,44,4,425.29,West
475,2023-03-14,834,4,1,437.9,South
476,2022-06-23,729,17,2,30.36,South
477,2023-07-13,54,33,4,169.12,East
478,2023-06-11,720,30,5,426.69,South
479,2023-10-21,942,21,2,132.35,West
480,2022-01-26,592,17,3,488.24,North
481,2024-03-30,907,11,2,249.76,West
482,2023-08-28,892,30,4,469.28,South
483,2023-02-10,945,18,4,220.12,North
484,2022-08-20,995,20,1,168.66,West
485,2023-06-17,151,34,4,187.58,South
486,2023-05-20,55,41,3,443.31,West
487,2022-06-28,517,28,3,172.04,West
488,2022-05-12,448,9,4,337.98,West
489,2022-12-14,35,44,5,240.22,West
490,2023-06-24,861,31,4,471.42,West
491,2024-02-11,119,45,5,88.09,West
492,2022-03-17,197,16,4,220.04,West
493,2023-08-02,566,31,2,71.07,West
494,2024-05-03,771,29,4,293.29,East
495,2022-07-13,774,13,2,207.42,West
496,2022-12-13,855,23,5,39.86,West
497,2024-08-08,878,14,4,426.42,East
498,2022-08-02,824,39,5,194.0,North
499,2023-07-27,514,2,3,251.88,East
500,2024-02-19,594,12,1,209.68,South
501,2022-09-19,862,28,5,249.44,North
502,2023-12-31,422,32,2,18.0,South
503,2022-10-10,952,49,1,409.58,North
504,2022-12-28,517,24,4,172.83,West
505,2023-03-17,686,37,2,364.99,North
506,2022-04-03,139,29,1,41.79,West
507,2024-01-23,705,42,1,266.67,North
508,2024-05-16,650,18,5,455.31,West
509,2022-05-22,809,3,4,205.14,East
510,2024-01-19,628,13,4,106.66,East
511,2023-10-15,44,13,4,58.55,East
512,2023-12-02,858,42,5,430.95,North
513,2024-09-24,801,29,5,127.02,West
514,2022-02-18,219,2,4,487.78,West
515,2024-05-30,568,28,1,131.43,West
516,2023-07-09,754,48,4,245.69,East
517,2023-02-08,908,4,5,234.42,East
518,2024-06-10,258,5,4,40.38,North
519,2024-05-14,513,39,5,270.6,East
520,2023-08-25,961,41,4,339.59,North
521,2022-12-07,377,5,1,373.65,East
522,2023-12-05,893,8,1,266.07,North
523,2022-11-14,289,34,5,408.17,North
524,2023-09-10,470,25,5,378.53,North
525,2023-01-17,972,27,2,105.05,East
526,2022-08-21,103,7,3,206.78,North
527,2024-03-27,804,36,2,79.87,North
528,2023-07-07,149,32,5,75.38,South
529,2024-05-05,84,21,5,358.94,South
530,2024-03-29,932,47,4,269.92,North
531,2022-07-02,26,18,2,304.47,North
532,2024-11-30,175,2,3,368.77,East
533,2023-02-01,735,46,2,145.85,West
534,2024-02-18,641,42,1,206.67,East
535,2024-06-25,422,5,1,307.33,North
536,2022-05-07,654,44,2,57.35,East
537,2022-01-01,346,42,2,418.2,East
538,2022-01-19,302,50,5,178.29,North
539,2023-08-07,298,38,4,332.79,East
540,2023-04-01,135,28,1,497.83,West
541,2024-08-14,55,31,3,242.93,South
542,2023-03-21,56,44,4,115.37,West
543,2023-08-25,374,24,2,116.05,East
544,2022-04-13,588,33,1,39.58,East
545,2024-09-14,831,39,2,385.87,West
546,2023-06-04,920,12,1,153.78,North
547,2024-05-08,339,39,3,94.64,East
548,2022-06-23,457,9,4,359.71,West
549,2024-10-01,355,15,3,161.48,South
550,2023-03-07,132,23,3,304.23,North
551,2023-12-28,493,44,4,214.73,South
552,2024-04-29,554,45,4,173.73,East
553,2024-09-16,864,22,3,249.82,West
554,2023-10-01,110,36,2,163.76,North
555,2023-02-24,582,10,4,436.58,North
556,2023-08-17,796,28,3,45.79,North
557,2023-04-30,126,35,3,24.78,South
558,2023-02-16,860,29,3,209.13,North
559,2024-07-24,296,5,2,94.69,West
560,2022-11-28,179,4,5,374.43,East
561,2023-10-17,925,15,5,183.18,West
562,2022-02-10,810,30,4,138.1,North
563,2024-08-16,886,26,5,186.1,North
564,2022-04-15,197,23,1,117.55,West
565,2022-07-21,773,39,4,156.83,East
566,2023-03-26,101,29,4,288.31,West
567,2024-06-28,937,22,3,433.38,North
568,2022-07-29,573,35,1,191.73,North
569,2023-07-17,183,48,5,167.13,South
570,2023-12-14,924,47,4,393.08,East
571,2024-02-10,809,18,1,20.99,East
572,2023-03-30,879,35,2,158.02,North
573,2023-10-29,9,46,2,231.56,South
574,2023-09-21,413,33,3,304.32,South
575,2023-01-22,718,7,1,86.47,South
576,2022-10-23,934,34,4,222.1,South
577,2022-09-15,830,10,2,287.49,West
578,2022-09-25,566,24,2,260.02,South
579,2023-02-23,692,25,5,291.53,East
580,2022-08-23,104,48,5,334.58,West
581,2024-09-12,126,44,1,195.89,North
582,2023-07-28,546,27,5,41.18,East
583,2022-02-18,677,50,1,37.22,West
584,2022-08-11,945,6,4,430.77,East
585,2024-07-09,810,49,4,341.94,West
586,2022-10-04,270,8,4,384.45,East
587,2023-02-24,466,21,5,465.11,South
588,2023-09-03,801,41,5,377.77,South
589,2023-01-10,118,19,3,349.23,East
590,2022-03-14,866,34,2,331.32,East
591,2024-11-19,92,39,4,136.7,North
592,2022-07-14,612,43,5,479.07,South
593,2024-04-26,485,23,2,275.6,North
594,2024-11-30,87,13,4,118.82,North
595,2024-12-22,234,42,4,112.81,South
596,2022-01-23,913,47,2,409.48,North
597,2022-12-26,124,39,2,132.6,South
598,2023-07-14,203,28,5,30.3,North
599,2023-11-03,32,6,2,219.92,West
600,2023-11-10,357,12,2,410.5,North
601,2023-03-16,463,3,5,213.08,West
602,2024-07-21,964,48,4,403.74,South
603,2022-01-07,551,20,2,415.33,East
604,2023-02-25,94,41,3,430.28,West
605,2024-04-12,522,42,1,298.56,East
606,2023-07-13,727,45,2,352.74,East
607,2024-07-02,408,8,2,138.31,East
608,2024-10-03,100,26,1,58.85,South
609,2022-05-06,244,38,3,271.06,West
610,2023-01-30,58,28,4,15.19,North
611,2024-03-27,965,35,3,238.21,South
612,2024-05-30,357,44,1,60.03,South
613,2023-07-30,491,41,2,63.13,South
614,2022-11-21,320,41,4,436.68,North
615,2024-07-18,19,43,3,323.85,West
616,2024-04-12,357,38,3,326.16,East
617,2024-11-20,117,2,4,208.19,South
618,2024-04-16,136,7,3,212.49,West
619,2024-07-14,839,41,1,158.52,West
620,2023-03-19,296,25,4,222.84,South
621,2022-03-16,525,50,1,297.69,North
622,2023-07-11,101,32,4,101.43,North
623,2022-12-29,380,12,1,138.22,South
624,2023-03-24,155,11,2,252.43,West
625,2022-09-19,594,10,2,198.54,North
626,2022-05-05,600,35,3,411.55,South
627,2024-06-29,105,44,4,412.63,South
628,2022-09-02,642,4,4,174.64,South
629,2023-06-26,784,42,1,230.89,North
630,2023-04-30,526,2,3,488.53,East
631,2022-05-02,128,44,3,415.46,South
632,2022-05-05,401,28,4,115.67,West
633,2022-06-19,572,43,2,147.31,South
634,2022-05-04,966,46,4,50.91,South
635,2024-11-24,739,47,4,342.13,South
636,2023-10-08,529,14,5,165.28,West
637,2024-02-25,557,44,1,272.93,South
638,2022-07-20,550,29,1,386.39,West
639,2023-01-04,124,2,5,419.66,East
640,2024-03-07,360,34,3,169.43,South
641,2022-03-18,64,33,1,126.25,North
642,2022-02-28,889,20,3,425.78,East
643,2023-03-07,765,47,2,196.82,West
644,2023-09-30,774,30,3,412.78,West
645,2022-04-19,956,42,1,83.38,West
646,2024-10-04,624,26,3,456.84,South
647,2022-03-09,102,20,2,246.73,East
648,2024-12-28,561,1,5,93.37,West
649,2022-11-01,277,1,1,272.18,South
650,2023-11-05,227,25,2,436.31,West
651,2022-12-31,23,33,4,200.77,East
652,2024-03-31,844,23,5,97.25,South
653,2022-12-09,697,11,5,292.51,North
654,2024-08-04,64,44,1,418.89,South
655,2024-06-17,157,15,2,69.46,East
656,2024-02-01,795,14,4,30.29,North
657,2022-12-07,390,1,2,37.58,West
658,2024-07-30,149,33,3,122.94,East
659,2023-01-18,839,6,1,13.58,West
660,2024-09-30,363,23,3,220.05,East
661,2022-10-27,681,26,3,351.9,West
662,2022-05-19,464,3,5,358.12,South
663,2022-12-25,645,46,5,321.99,North
664,2024-04-15,399,6,3,155.14,South
665,2023-04-28,405,40,2,370.61,East
666,2024-06-27,826,25,1,292.48,North
667,2024-05-15,132,47,1,431.98,South
668,2022-05-19,197,17,2,244.22,East
669,2024-09-22,647,28,3,98.27,North
670,2023-03-11,35,32,1,320.98,South
671,2023-05-24,420,29,5,83.88,West
672,2022-09-30,377,23,4,481.94,North
673,2022-04-14,399,41,5,354.61,West
674,2024-02-01,220,16,2,380.6,North
675,2024-02-26,898,32,4,342.84,South
676,2022-06-14,888,26,1,57.8,East
677,2024-09-25,697,33,1,238.0,South
678,2023-06-04,517,48,4,329.19,South
679,2023-06-01,583,19,1,122.38,North
680,2023-10-19,342,41,4,342.96,West
681,2023-09-05,753,17,3,411.74,South
682,2022-06-13,863,38,2,144.72,West
683,2022-03-05,416,14,5,107.81,North
684,2022-09-24,456,18,4,442.75,East
685,2022-09-03,297,21,4,12.55,North
686,2023-01-30,938,46,3,135.32,West
687,2023-04-21,331,39,5,209.3,West
688,2024-09-03,705,42,3,339.41,West
689,2024-11-09,680,48,3,498.56,South
690,2023-07-12,339,39,2,191.7,West
691,2024-10-14,748,28,1,474.92,West
692,2024-06-01,806,20,5,189.72,South
693,2022-05-27,298,6,3,350.81,West
694,2023-10-28,760,26,1,91.03,South
695,2023-09-12,677,6,1,235.6,East
696,2024-03-30,312,39,1,436.92,South
697,2024-05-13,583,26,1,166.8,South
698,2023-08-05,743,17,2,61.55,West
699,2024-10-19,55,40,2,266.13,North
700,2023-11-26,985,2,3,225.37,South
701,2023-02-11,694,21,1,122.47,North
702,2023-02-03,534,7,3,453.75,East
703,2023-12-16,795,44,4,304.83,South
704,2023-12-05,105,20,2,180.12,West
705,2024-01-31,175,3,2,498.1,East
706,2023-05-14,294,36,5,77.41,South
707,2024-08-31,880,43,4,425.5,South
708,2022-03-23,551,44,2,123.01,West
709,2023-08-27,911,19,1,127.36,West
710,2024-02-11,375,30,1,254.1,West
711,2024-06-21,450,11,1,334.35,South
712,2022-12-31,445,13,3,348.33,North
713,2022-06-12,60,33,2,20.84,West
714,2024-12-07,392,38,3,150.56,North
715,2023-05-26,812,48,2,333.7,West
716,2022-04-26,811,2,5,445.97,North
717,2024-07-29,390,46,3,338.25,South
718,2022-12-03,212,23,2,140.28,South
719,2024-05-30,667,50,5,258.81,South
720,2024-01-07,685,49,2,327.31,North
721,2024-04-19,535,20,4,76.32,North
722,2022-05-27,240,50,3,277.0,East
723,2023-03-19,488,30,1,241.12,West
724,2024-04-16,721,15,5,174.96,North
725,2024-11-02,122,2,5,315.53,West
726,2024-07-31,253,30,1,321.75,East
727,2022-10-14,141,25,5,486.02,East
728,2023-12-21,452,4,1,219.87,North
729,2023-04-25,852,1,1,270.32,South
730,2022-01-22,874,8,2,87.18,North
731,2023-11-14,832,14,3,278.7,East
732,2024-06-24,153,11,4,27.68,South
733,2022-11-16,893,24,5,83.44,North
734,2022-05-06,726,24,2,93.91,South
735,2022-10-04,308,32,4,319.99,East
736,2022-07-13,560,25,4,287.97,North
737,2023-11-27,317,46,5,401.04,South
738,2022-02-26,529,28,5,237.56,East
739,2022-01-19,296,16,2,242.68,North
740,2022-09-21,843,42,5,89.16,North
741,2024-03-04,345,39,4,373.92,South
742,2022-04-23,581,16,5,11.79,South
743,2023-06-26,597,36,2,218.2,South
744,2023-10-09,282,12,2,102.28,North
745,2023-08-02,208,12,2,387.79,South
746,2024-12-24,952,34,5,339.96,South
747,2022-01-25,552,38,3,356.32,West
748,2022-01-01,981,20,2,82.8,South
749,2024-06-29,96,47,3,337.72,North
750,2022-05-21,452,15,1,348.54,North
751,2023-10-10,998,22,2,11.29,West
752,2022-07-07,762,16,3,165.62,East
753,2022-07-20,373,24,3,52.77,North
754,2022-09-14,648,3,4,343.88,West
755,2023-07-01,73,1,3,113.93,North
756,2022-07-13,813,44,4,139.68,South
757,2023-12-04,785,47,3,48.38,South
758,2024-03-12,681,38,3,247.07,North
759,2024-07-30,333,17,1,26.19,West
760,2023-02-18,393,41,3,424.34,North
761,2024-06-28,710,21,5,22.92,South
762,2022-07-07,859,45,5,40.2,South
763,2022-02-14,106,47,5,323.8,West
764,2022-03-24,101,48,1,459.3,West
765,2022-12-24,359,13,3,447.14,South
766,2024-12-25,747,2,1,50.98,East
767,2024-07-24,792,2,3,151.34,South
768,2023-01-10,329,43,4,265.31,East
769,2022-06-11,889,25,1,23.05,West
770,2022-11-18,618,28,5,269.03,North
771,2023-03-26,395,48,5,229.41,South
772,2024-11-02,35,49,5,298.32,East
773,2022-07-03,157,26,3,460.95,South
774,2022-04-21,904,35,3,144.56,South
775,2023-05-23,273,28,1,323.16,North
776,2022-10-22,967,33,2,220.62,East
777,2024-06-22,396,18,3,223.21,West
778,2024-08-31,752,14,2,327.16,East
779,2023-09-24,207,41,2,476.15,South
780,2024-11-16,757,9,3,432.89,North
781,2024-01-03,605,44,1,323.37,West
782,2022-11-17,621,30,2,236.15,North
783,2024-07-01,306,3,1,217.76,North
784,2023-03-13,626,34,1,395.7,South
785,2024-02-20,536,33,3,116.93,West
786,2024-12-12,805,27,2,297.96,North
787,2023-12-27,462,9,1,257.43,West
788,2022-01-31,252,13,2,328.18,West
789,2022-12-03,267,30,1,101.84,West
790,2022-07-02,867,16,3,350.92,North
791,2024-11-12,209,42,1,317.23,North
792,2023-06-28,955,26,3,98.27,East
793,2024-10-30,567,5,3,230.31,West
794,2023-10-22,539,46,2,342.52,North
795,2022-06-09,835,27,2,451.79,North
796,2024-11-03,503,15,2,69.83,South
797,2023-02-16,956,28,4,14.28,East
798,2024-10-08,514,3,2,90.93,West
799,2022-02-22,580,41,2,494.74,North
800,2023-02-12,914,1,1,386.5,North
801,2024-04-26,148,1,4,311.04,East
802,2024-11-11,981,6,4,75.18,East
803,2024-11-19,831,11,1,213.86,West
804,2023-12-04,974,50,2,360.47,North
805,2022-09-17,840,46,5,448.98,East
806,2024-12-18,642,16,3,197.09,North
807,2024-02-15,986,33,4,499.85,East
808,2024-11-01,83,24,1,78.47,North
809,2024-04-29,42,32,5,199.6,East
810,2022-12-20,156,10,3,438.94,North
811,2024-05-22,669,25,5,328.46,East
812,2024-09-17,453,10,2,407.35,East
813,2024-10-14,619,13,1,454.82,West
814,2022-10-21,284,1,3,258.59,North
815,2022-07-28,188,35,3,125.03,South
816,2024-03-28,617,14,2,349.92,East
817,2023-01-25,624,21,2,286.11,North
818,2022-11-21,474,48,2,388.6,South
819,2024-07-28,507,38,1,260.74,West
820,2024-06-07,133,1,4,407.44,West
821,2023-10-30,271,20,5,451.99,South
822,2023-09-25,622,5,1,377.3,West
823,2023-07-31,73,40,1,374.39,West
824,2022-05-17,928,44,5,297.72,North
825,2023-03-04,436,32,3,241.1,East
826,2023-09-04,858,1,5,486.57,North
827,2024-06-29,293,45,2,326.11,East
828,2024-03-29,655,41,3,421.77,South
829,2022-05-21,937,40,1,257.65,East
830,2022-06-26,772,45,5,281.88,North
831,2022-07-17,757,2,1,334.82,North
832,2023-09-16,437,31,1,366.99,West
833,2023-11-22,996,47,5,229.69,South
834,2023-02-05,852,46,1,184.59,North
835,2023-04-16,667,26,4,127.32,East
836,2022-08-06,661,9,4,217.59,North
837,2024-07-17,60,30,1,113.51,North
838,2023-09-24,598,46,3,214.21,North
839,2024-08-08,704,8,3,438.58,West
840,2024-06-24,327,5,3,488.76,West
841,2022-06-24,943,39,3,292.78,East
842,2022-01-23,182,4,4,81.54,West
843,2022-08-23,799,40,3,219.5,East
844,2024-11-02,785,36,5,305.02,West
845,2024-07-17,767,21,3,191.68,West
846,2023-06-07,434,33,5,110.53,South
847,2023-03-07,519,26,4,121.14,East
848,2024-03-03,638,40,5,242.23,West
849,2023-06-17,83,39,5,116.05,North
850,2024-09-05,28,11,1,132.27,North
851,2024-03-20,266,21,5,437.81,West
852,2024-07-01,283,48,1,391.74,East
853,2024-05-20,397,22,3,37.1,West
854,2023-06-24,962,49,5,166.89,East
855,2024-10-20,982,37,5,270.65,West
856,2022-08-15,763,7,2,39.7,South
857,2024-05-22,980,42,3,344.75,East
858,2024-06-10,700,13,5,198.38,West
859,2024-11-02,383,20,5,204.62,South
860,2022-07-29,811,15,2,140.01,South
861,2024-01-11,581,38,1,173.63,East
862,2023-02-01,319,34,3,432.23,West
863,2022-01-31,838,36,2,396.42,South
864,2024-06-16,611,46,3,468.53,South
865,2023-10-11,193,25,3,352.51,North
866,2022-11-25,227,29,1,293.16,North
867,2024-08-09,451,47,1,137.04,North
868,2023-09-13,182,28,4,336.76,East
869,2022-06-11,932,14,2,454.02,North
870,2024-02-15,327,4,2,43.89,West
871,2022-10-01,605,38,3,227.1,South
872,2024-10-23,655,7,4,83.19,North
873,2024-11-17,203,13,4,407.2,West
874,2022-11-22,402,17,3,310.91,West
875,2024-07-28,644,29,1,441.03,North
876,2023-06-24,472,17,4,40.92,East
877,2023-05-03,779,36,2,453.81,West
878,2024-04-01,646,19,1,42.93,East
879,2024-12-24,890,26,5,150.93,East
880,2022-12-22,179,45,4,86.52,East
881,2022-08-23,698,9,3,81.24,West
882,2022-08-15,956,2,2,94.12,North
883,2022-02-18,18,20,4,245.31,West
884,2022-04-28,463,23,3,394.34,South
885,2022-02-23,835,18,2,450.16,South
886,2023-07-19,913,26,4,287.77,North
887,2024-12-03,609,25,2,87.3,West
888,2022-02-22,546,17,5,48.8,West
889,2023-07-12,926,39,2,252.12,South
890,2024-05-17,403,49,3,385.04,South
891,2023-02-02,393,10,4,313.88,West
892,2023-11-06,936,25,3,295.56,West
893,2023-01-22,300,46,5,33.6,North
894,2022-04-21,351,28,1,211.66,West
895,2023-09-06,187,26,2,279.69,East
896,2022-01-17,347,12,3,303.16,North
897,2024-06-02,623,44,4,12.36,East
898,2023-06-25,409,49,4,107.78,South
899,2022-06-20,759,19,1,475.4,East
900,2023-02-13,71,23,4,259.24,East
901,2024-01-10,821,14,5,354.78,South
902,2024-05-07,944,17,1,161.01,East
903,2022-08-18,327,15,5,296.83,West
904,2022-04-29,212,21,2,184.67,South
905,2024-02-23,309,38,5,155.51,South
906,2023-04-10,108,30,2,211.59,West
907,2022-04-14,177,19,5,235.32,North
908,2023-11-29,427,32,1,172.26,North
909,2022-06-24,740,29,2,136.41,North
910,2024-01-15,531,22,5,315.67,South
911,2023-10-27,834,20,5,196.56,East
912,2022-02-02,418,38,4,108.89,West
913,2022-02-24,248,38,5,381.6,East
914,2023-06-03,209,36,4,364.63,West
915,2024-01-26,216,1,5,444.54,North
916,2022-01-12,713,19,3,281.96,North
917,2023-12-21,438,43,4,146.92,North
918,2023-07-09,769,26,1,433.22,West
919,2023-01-08,618,7,1,147.35,South
920,2023-04-29,988,34,2,331.24,West
921,2024-08-30,311,36,1,103.29,South
922,2023-09-15,783,6,2,318.3,North
923,2022-11-03,383,37,1,422.02,South
924,2023-04-02,981,22,4,274.57,North
925,2022-06-09,271,9,3,240.73,East
926,2022-11-27,121,43,2,496.8,West
927,2024-02-15,407,29,3,21.0,South
928,2022-08-13,245,50,5,172.55,South
929,2024-09-09,66,17,5,460.11,South
930,2023-12-30,942,13,3,324.89,South
931,2024-12-04,228,17,4,275.63,East
932,2024-12-18,882,10,3,322.47,East
933,2023-10-06,137,25,3,167.75,South
934,2023-09-08,194,18,3,44.87,East
935,2022-07-14,706,49,2,144.82,North
936,2023-05-04,658,44,2,174.88,East
937,2022-06-06,657,15,3,245.13,West
938,2023-09-02,489,27,4,203.01,West
939,2023-02-16,584,19,5,265.29,North
940,2023-04-16,354,15,5,106.08,South
941,2023-05-31,930,45,5,100.18,North
942,2023-01-28,965,7,1,182.34,North
943,2023-09-23,704,43,4,242.12,East
944,2023-08-31,556,40,2,177.45,South
945,2024-09-06,157,16,5,292.52,East
946,2023-03-10,958,24,2,161.9,East
947,2023-06-24,476,23,2,96.81,South
948,2022-10-05,16,11,2,432.79,South
949,2022-08-21,78,24,2,108.3,East
950,2022-12-28,52,5,3,483.65,East
951,2022-01-26,514,39,2,493.83,West
952,2024-11-14,504,48,1,351.43,North
953,2023-05-22,744,30,2,255.98,North
954,2022-09-24,61,16,5,399.76,East
955,2023-04-06,132,20,2,437.87,East
956,2023-04-01,382,29,5,357.7,East
957,2024-12-27,564,17,2,60.0,West
958,2024-10-03,809,19,4,11.46,East
959,2024-05-12,692,26,3,104.03,West
960,2023-05-06,543,15,5,102.38,East
961,2024-12-08,410,25,1,99.43,South
962,2023-07-18,155,15,2,259.79,West
963,2022-08-04,633,20,5,264.84,East
964,2023-07-13,51,30,3,364.28,East
965,2022-06-08,994,21,2,108.72,North
966,2023-05-04,95,47,3,55.4,South
967,2023-11-17,688,35,1,336.38,North
968,2024-03-04,523,44,5,247.16,East
969,2022-01-05,904,6,1,336.5,East
970,2022-12-27,524,37,3,196.56,East
971,2023-04-04,355,11,4,377.89,West
972,2022-09-05,45,23,4,344.47,East
973,2024-08-03,802,44,5,328.67,West
974,2023-02-26,205,39,2,23.51,East
975,2022-01-15,731,9,1,430.48,South
976,2024-01-06,840,18,4,194.54,South
977,2022-10-04,431,46,4,76.45,West
978,2023-03-29,256,36,2,380.24,South
979,2023-08-21,248,40,1,248.37,South
980,2023-03-22,533,48,3,25.68,South
981,2022-07-29,41,36,4,393.12,North
982,2023-12-15,459,28,5,223.17,North
983,2022-10-29,790,19,5,379.91,South
984,2022-01-03,277,30,3,380.24,East
985,2024-09-16,924,38,2,58.97,East
986,2023-06-04,195,15,2,310.48,East
987,2023-05-08,71,44,4,186.47,South
988,2023-09-12,270,12,4,277.74,South
989,2022-11-27,335,2,4,53.39,East
990,2022-11-29,585,9,3,298.21,North
991,2022-02-19,308,35,3,390.99,North
992,2024-05-12,427,1,4,493.54,North
993,2022-09-29,199,46,2,166.94,North
994,2023-08-03,76,31,1,86.01,West
995,2023-07-14,787,28,4,189.29,West
996,2023-11-27,795,45,2,19.46,East
997,2023-03-22,658,37,2,210.3,West
998,2024-10-13,525,7,5,458.15,West
999,2022-12-23,875,46,1,105.23,North
1000,2022-10-01,641,16,4,244.08,West
1001,2024-11-08,230,50,1,290.58,South
1002,2022-11-07,85,14,4,98.15,South
1003,2024-05-19,162,33,1,171.75,South
1004,2024-06-04,397,6,1,456.57,North
1005,2022-06-03,877,21,2,154.91,South
1006,2023-09-12,371,10,1,321.33,South
1007,2024-06-01,563,32,1,77.11,South
1008,2024-03-07,215,6,4,338.23,South
1009,2022-05-05,1,2,2,146.78,East
1010,2023-09-11,983,39,1,123.32,North
1011,2022-09-02,377,49,2,70.84,North
1012,2024-04-27,412,27,2,32.94,West
1013,2023-03-26,635,14,3,484.25,North
1014,2024-07-18,800,23,4,212.81,East
1015,2023-06-04,200,39,3,391.03,North
1016,2022-12-28,183,21,2,460.84,East
1017,2022-01-08,410,41,1,109.97,South
1018,2023-04-23,398,30,4,436.23,East
1019,2023-05-10,216,25,5,356.93,North
1020,2024-04-12,752,24,4,293.21,East
1021,2024-11-28,349,11,3,406.45,East
1022,2023-08-16,580,35,4,64.23,South
1023,2022-07-06,831,4,1,139.16,East
1024,2024-01-24,594,37,4,74.21,East
1025,2022-04-03,654,36,5,449.03,West
1026,2022-03-27,923,13,3,58.41,West
1027,2024-12-03,41,9,3,490.18,East
1028,2022-05-17,751,28,2,63.85,East
1029,2023-02-25,3,46,3,334.29,North
1030,2022-03-15,94,16,5,333.64,South
1031,2022-06-20,59,6,5,466.31,East
1032,2022-06-19,740,27,3,168.33,South
1033,2024-05-21,407,10,4,172.69,West
1034,2022-11-18,18,23,5,424.68,South
1035,2023-04-01,494,21,3,489.5,North
1036,2024-08-01,751,26,3,24.77,East
1037,2024-02-29,872,45,4,321.31,West
1038,2023-09-05,508,3,3,129.38,East
1039,2024-06-07,586,43,1,366.7,North
1040,2022-12-15,888,35,2,388.63,West
1041,2022-01-10,332,7,5,383.64,West
1042,2024-01-10,169,27,4,223.4,West
1043,2023-10-29,776,42,4,87.32,North
1044,2023-06-30,672,33,2,296.53,West
1045,2022-05-09,849,4,1,396.63,North
1046,2023-08-24,681,26,2,456.98,South
1047,2023-08-28,941,8,3,231.8,East
1048,2022-11-23,206,20,4,130.38,East
1049,2024-09-06,869,17,3,68.22,West
1050,2023-02-08,521,5,4,400.82,East
1051,2023-09-21,505,49,4,272.3,West
1052,2023-12-19,346,9,3,340.35,North
1053,2024-11-06,304,8,2,88.03,South
1054,2022-10-01,115,7,5,13.22,South
1055,2023-11-16,664,37,5,484.11,North
1056,2022-04-26,87,36,2,407.34,West
1057,2024-05-10,95,3,1,206.01,East
1058,2023-11-24,743,8,2,234.0,East
1059,2022-11-20,428,5,2,465.24,West
1060,2024-08-18,698,5,2,111.75,West
1061,2022-04-24,450,17,5,403.39,West
1062,2024-12-17,626,47,4,18.79,South
1063,2022-06-03,786,27,1,439.1,South
1064,2022-11-11,976,40,1,298.75,East
1065,2024-11-30,541,39,1,244.01,West
1066,2022-04-15,715,49,3,356.16,North
1067,2022-12-20,2,12,2,43.15,West
1068,2024-10-12,78,28,4,105.82,North
1069,2024-01-03,324,4,4,209.42,West
1070,2023-12-10,743,28,3,312.75,West
1071,2023-10-13,98,25,5,80.83,South
1072,2024-04-03,629,50,3,195.95,North
1073,2024-08-04,110,36,3,137.84,West
1074,2023-10-23,679,42,2,326.33,West
1075,2022-04-09,457,3,5,460.45,North
1076,2023-08-11,488,31,3,91.33,East
1077,2022-10-09,809,37,4,102.74,East
1078,2023-02-07,967,12,2,304.26,North
1079,2023-12-01,371,37,5,232.25,West
1080,2022-07-18,337,37,4,361.87,West
1081,2022-11-23,890,4,1,151.06,South
1082,2022-06-03,599,30,2,276.96,West
1083,2023-07-06,971,38,4,199.55,East
1084,2023-02-09,22,42,3,147.82,East
1085,2023-04-07,722,38,3,367.36,West
1086,2022-05-12,305,27,2,399.99,East
1087,2024-03-01,924,22,5,171.19,West
1088,2024-05-23,272,1,3,315.26,South
1089,2022-03-25,490,48,4,97.51,West
1090,2024-01-24,836,43,1,397.57,East
1091,2023-09-20,446,38,5,147.81,East
1092,2022-08-09,932,20,2,93.77,North
1093,2023-07-07,278,18,3,470.58,South
1094,2022-04-22,651,6,5,217.02,North
1095,2023-09-07,853,49,1,325.31,West
1096,2024-07-12,377,12,5,406.51,West
1097,2023-04-20,232,17,5,346.21,North
1098,2024-04-15,745,22,2,286.68,North
1099,2022-09-28,592,18,1,192.09,North
1100,2023-02-25,426,10,1,460.08,North
1101,2023-12-08,55,24,5,75.44,North
1102,2022-02-09,969,20,3,443.12,East
1103,2022-07-08,803,12,5,357.83,South
1104,2024-09-20,441,4,4,289.99,North
1105,2023-06-20,34,42,3,169.13,South
1106,2024-10-24,329,5,2,81.56,South
1107,2022-10-17,845,26,1,227.15,West
1108,2023-03-09,454,36,3,394.04,East
1109,2023-04-16,388,16,2,375.2,South
1110,2023-09-20,764,5,5,326.27,South
1111,2022-10-06,430,26,2,496.32,South
1112,2024-05-26,476,19,4,486.59,South
1113,2023-08-04,125,6,2,206.0,East
1114,2024-05-12,523,24,3,104.34,East
1115,2022-09-11,482,31,1,237.28,West
1116,2022-06-30,317,31,3,423.84,North
1117,2023-11-12,122,7,3,234.7,West
1118,2024-04-04,547,10,1,174.63,South
1119,2023-12-01,581,39,4,373.2,West
1120,2023-07-20,313,22,3,328.57,South
1121,2023-11-11,487,14,1,484.66,West
1122,2023-01-26,651,28,1,279.14,West
1123,2022-07-31,12,42,3,484.06,West
1124,2023-01-19,125,22,1,152.56,East
1125,2022-12-08,811,32,5,433.76,West
1126,2024-04-23,659,11,3,181.95,East
1127,2024-11-27,77,14,4,406.74,East
1128,2023-02-24,580,31,5,463.73,West
1129,2024-01-21,718,44,4,315.36,South
1130,2022-11-02,236,4,3,366.99,East
1131,2023-12-03,571,45,2,479.73,West
1132,2024-05-18,770,22,1,193.83,West
1133,2023-06-21,254,29,5,260.68,South
1134,2022-07-25,904,35,3,450.16,East
1135,2023-05-11,406,13,1,339.68,South
1136,2024-12-06,243,20,2,438.06,North
1137,2023-05-19,461,19,4,312.94,East
1138,2024-11-11,277,15,3,372.47,North
1139,2022-08-01,469,26,3,16.4,West
1140,2022-11-06,220,20,2,176.44,East
1141,2023-10-23,225,36,4,387.51,East
1142,2024-01-23,925,6,3,207.96,South
1143,2022-09-29,101,15,1,187.79,North
1144,2024-07-26,854,4,2,476.26,South
1145,2022-02-01,634,6,3,280.75,West
1146,2023-03-19,730,2,4,104.32,South
1147,2022-06-11,507,36,5,241.39,South
1148,2024-02-06,587,50,3,264.15,South
1149,2022-09-11,331,15,4,494.48,East
1150,2023-06-05,237,12,2,361.93,West
1151,2024-09-03,994,40,4,264.51,West
1152,2022-01-10,339,44,4,221.68,South
1153,2023-12-27,752,41,2,458.59,East
1154,2023-05-20,506,7,5,326.51,East
1155,2024-02-24,165,22,1,184.48,South
1156,2023-03-12,846,8,5,237.67,West
1157,2022-06-02,669,42,1,146.28,East
1158,2024-07-05,723,11,1,480.61,North
1159,2024-05-18,933,2,1,353.95,North
1160,2024-01-23,789,30,3,202.23,West
1161,2023-07-17,728,4,5,99.77,West
1162,2023-05-04,218,25,4,96.74,West
1163,2024-06-13,745,21,3,244.09,North
1164,2022-04-14,376,25,2,239.11,North
1165,2024-10-21,12,9,2,214.72,East
1166,2024-10-03,432,8,1,427.38,West
1167,2023-02-11,83,5,3,489.8,East
1168,2022-06-16,431,46,3,183.86,North
1169,2023-05-24,625,28,2,154.36,North
1170,2022-11-09,478,2,4,387.35,North
1171,2024-02-02,783,21,5,230.4,North
1172,2023-11-12,707,49,5,116.61,East
1173,2023-04-22,369,8,1,98.66,North
1174,2022-03-14,653,34,1,147.48,North
1175,2023-08-05,955,23,1,10.65,West
1176,2022-09-19,969,15,2,471.3,South
1177,2022-09-02,636,27,2,220.82,South
1178,2023-07-15,141,2,5,50.6,East
1179,2022-06-24,720,28,1,90.83,North
1180,2022-04-19,627,11,3,168.44,North
1181,2022-07-02,718,46,4,280.33,South
1182,2022-07-11,456,21,2,354.82,North
1183,2022-03-06,502,42,1,160.85,West
1184,2024-08-20,403,32,1,479.23,North
1185,2024-05-13,953,32,2,382.55,North
1186,2023-01-04,288,7,5,414.64,South
1187,2024-04-30,355,22,5,168.59,South
1188,2022-02-12,343,14,5,196.67,North
1189,2023-05-03,149,13,5,273.65,North
1190,2022-03-19,210,21,3,231.33,North
1191,2024-04-05,112,22,1,137.35,North
1192,2023-11-05,654,34,5,498.66,East
1193,2023-12-02,976,10,5,425.7,South
1194,2024-01-29,536,1,4,126.61,West
1195,2023-12-29,49,1,4,447.28,East
1196,2024-07-13,800,24,1,297.57,East
1197,2024-06-20,331,3,2,16.16,East
1198,2024-06-07,365,31,5,179.61,East
1199,2024-09-19,11,43,3,22.61,North
1200,2022-12-05,188,41,4,53.01,North
1201,2022-07-12,509,13,5,97.7,West
1202,2022-10-10,580,4,2,247.36,West
1203,2023-01-25,445,23,3,196.83,North
1204,2024-09-26,90,6,4,83.01,North
1205,2023-06-09,622,34,2,203.33,South
1206,2023-10-21,901,41,2,159.13,West
1207,2023-12-17,676,18,3,210.98,South
1208,2024-06-09,993,36,3,94.43,West
1209,2023-03-28,448,26,4,308.76,North
1210,2023-03-04,718,33,3,31.82,West
1211,2024-11-11,32,33,5,200.06,North
1212,2024-06-01,327,25,3,448.49,North
1213,2022-11-09,74,17,2,215.64,North
1214,2024-04-19,251,3,3,226.13,North
1215,2023-06-03,450,22,4,43.32,South
1216,2023-01-10,906,49,5,306.63,South
1217,2023-03-27,355,35,3,468.84,North
1218,2024-10-11,533,4,5,152.89,South
1219,2023-08-18,296,28,3,202.69,South
1220,2023-05-15,298,13,5,298.2,West
1221,2023-04-09,328,30,3,55.67,East
1222,2022-04-23,302,47,3,475.64,North
1223,2024-11-01,512,12,1,239.12,North
1224,2022-11-27,338,3,2,66.4,West
1225,2022-05-20,585,21,4,174.26,South
1226,2024-06-20,374,40,4,193.18,West
1227,2023-06-01,553,1,1,179.23,South
1228,2023-07-23,94,18,3,349.68,West
1229,2024-04-25,132,13,2,179.31,South
1230,2024-12-28,611,7,5,168.69,South
1231,2022-04-28,910,13,1,167.82,West
1232,2024-06-06,910,17,4,391.15,North
1233,2024-12-18,53,45,4,161.11,West
1234,2024-11-22,496,32,4,16.86,South
1235,2022-02-19,229,29,3,189.11,South
1236,2022-01-19,640,45,5,146.34,North
1237,2023-12-27,212,30,5,455.42,South
1238,2022-07-16,797,11,5,244.17,West
1239,2023-07-13,791,14,3,124.94,East
1240,2023-03-28,504,10,4,490.98,North
1241,2022-10-16,495,8,4,130.9,West
1242,2023-01-26,853,31,3,383.88,South
1243,2022-08-03,671,6,2,328.28,South
1244,2022-08-03,864,19,3,236.49,North
1245,2022-05-08,233,19,3,208.86,West
1246,2024-01-30,71,12,4,437.47,South
1247,2023-02-08,717,39,5,242.79,West
1248,2024-11-18,189,50,4,193.92,West
1249,2022-12-04,663,18,2,183.58,East
1250,2024-04-10,8,3,1,145.18,West
1251,2023-12-15,332,9,1,210.39,East
1252,2022-12-27,612,6,3,68.76,North
1253,2023-07-23,16,1,1,41.91,East
1254,2022-08-06,666,42,5,275.32,West
1255,2022-07-21,669,40,4,232.59,North
1256,2022-01-17,93,29,2,94.96,East
1257,2022-11-18,262,49,2,62.33,North
1258,2023-06-02,549,35,2,80.2,South
1259,2023-11-12,161,35,4,164.47,West
1260,2023-03-01,351,30,5,231.23,South
1261,2024-10-15,174,35,2,104.74,North
1262,2023-01-22,317,39,1,380.26,East
1263,2024-02-17,937,22,5,104.73,North
1264,2022-04-08,18,43,5,70.82,South
1265,2022-07-27,486,28,5,497.33,West
1266,2023-08-09,367,18,2,229.38,North
1267,2022-06-15,351,32,5,93.3,South
1268,2022-01-22,528,5,2,448.33,North
1269,2022-06-03,872,34,1,123.23,North
1270,2022-08-07,435,31,1,463.53,West
1271,2023-10-31,933,46,1,68.29,East
1272,2022-08-18,270,33,1,422.49,South
1273,2022-01-20,871,4,5,100.29,North
1274,2023-07-07,68,14,5,469.79,West
1275,2024-08-07,30,15,2,291.38,North
1276,2022-05-28,316,20,1,103.06,East
1277,2023-02-07,821,20,3,423.96,West
1278,2023-08-19,737,49,1,201.38,West
1279,2023-01-02,164,35,4,369.08,North
1280,2024-03-12,926,4,3,325.29,West
1281,2024-07-06,320,18,4,360.0,North
1282,2022-03-14,14,24,3,178.42,West
1283,2023-04-26,279,27,2,470.02,North
1284,2023-07-14,432,33,5,284.31,West
1285,2024-01-15,668,25,2,48.0,East
1286,2022-04-10,634,5,3,42.7,East
1287,2024-12-18,263,18,1,371.73,East
1288,2023-05-23,682,45,2,426.49,North
1289,2022-09-15,522,46,3,350.69,North
1290,2023-02-17,964,20,1,145.97,North
1291,2024-12-24,172,35,5,120.69,East
1292,2023-08-18,358,6,3,287.06,West
1293,2022-09-23,13,27,4,106.42,North
1294,2024-03-31,725,28,4,195.76,North
1295,2023-10-24,673,11,4,318.06,North
1296,2024-08-04,232,9,1,149.61,West
1297,2023-07-14,476,28,1,193.97,North
1298,2024-07-05,471,19,2,186.65,South
1299,2024-06-09,160,39,1,235.66,West
1300,2024-05-17,639,21,3,340.44,East
1301,2023-09-02,560,31,4,393.35,West
1302,2023-02-18,261,42,5,335.89,North
1303,2022-01-25,573,7,4,22.82,North
1304,2022-10-11,634,37,3,449.45,East
1305,2024-05-30,602,25,5,294.78,North
1306,2022-10-28,359,28,2,460.92,North
1307,2024-12-27,255,36,1,482.3,North
1308,2024-10-27,602,17,3,239.24,South
1309,2024-03-27,515,26,1,459.02,South
1310,2022-03-24,280,28,2,189.04,East
1311,2022-02-15,117,37,5,137.59,East
1312,2023-09-10,610,17,3,46.08,West
1313,2024-07-16,162,49,5,231.4,North
1314,2022-09-19,852,17,3,347.46,West
1315,2022-06-25,887,33,2,488.65,North
1316,2023-10-19,990,34,2,265.44,West
1317,2024-04-21,298,23,2,369.89,North
1318,2023-01-05,916,30,1,449.11,West
1319,2022-02-23,297,27,4,276.16,North
1320,2023-11-21,594,9,5,91.71,South
1321,2023-01-02,358,20,3,425.62,North
1322,2023-10-06,660,23,5,291.35,East
1323,2023-01-14,518,47,4,381.67,East
1324,2022-03-14,378,19,1,332.65,West
1325,2024-07-03,697,37,1,39.91,West
1326,2024-05-09,426,45,4,92.87,South
1327,2022-02-12,764,4,3,150.26,West
1328,2023-01-12,537,13,4,149.51,East
1329,2024-11-30,553,38,1,421.21,West
1330,2022-06-19,169,12,1,303.14,East
1331,2022-07-31,515,9,5,50.85,East
1332,2022-02-08,364,15,3,199.73,South
1333,2023-01-04,683,21,3,282.6,South
1334,2024-01-27,430,15,1,133.24,North
1335,2022-05-31,569,49,4,29.52,East
1336,2024-12-06,83,5,1,196.33,West
1337,2024-10-20,330,5,5,235.98,East
1338,2024-01-07,691,25,4,453.33,East
1339,2022-03-10,133,24,1,455.1,North
1340,2022-10-26,598,37,3,255.2,South
1341,2024-08-01,457,31,5,241.03,North
1342,2024-03-12,353,46,1,323.85,North
1343,2022-10-23,783,34,1,136.48,East
1344,2022-07-22,344,41,2,150.0,North
1345,2022-03-02,94,14,4,11.25,East
1346,2024-08-03,382,27,2,48.32,South
1347,2024-08-20,868,47,3,97.47,North
1348,2022-11-27,762,4,4,323.88,East
1349,2022-12-04,295,23,5,114.2,West
1350,2023-10-01,198,38,4,70.8,North
1351,2022-10-02,79,46,1,311.99,East
1352,2022-11-15,678,5,1,329.36,West
1353,2023-08-12,551,27,1,39.24,North
1354,2023-05-19,820,43,4,388.72,East
1355,2023-01-22,214,14,1,307.02,East
1356,2024-05-19,643,7,1,204.56,East
1357,2024-04-12,669,46,2,491.76,East
1358,2024-10-11,989,45,1,15.0,South
1359,2023-08-26,894,18,2,276.98,West
1360,2023-11-22,159,32,3,88.25,West
1361,2023-05-09,834,2,4,171.37,South
1362,2023-05-05,739,41,2,75.27,South
1363,2023-12-22,557,43,4,337.43,West
1364,2023-05-24,201,20,4,206.77,West
1365,2023-01-25,22,29,5,493.29,West
1366,2022-10-22,339,43,2,330.39,South
1367,2024-03-06,242,26,1,459.49,East
1368,2024-05-14,741,38,5,128.01,South
1369,2023-07-03,906,1,2,166.2,West
1370,2023-10-11,238,5,2,187.71,South
1371,2023-07-22,149,14,3,420.87,West
1372,2024-05-02,785,25,1,113.72,North
1373,2024-02-09,579,48,3,473.89,East
1374,2023-03-21,7,9,4,31.35,West
1375,2022-12-29,233,30,1,446.03,North
1376,2022-05-03,869,19,3,231.19,West
1377,2024-01-12,804,40,3,267.69,South
1378,2023-11-11,768,8,1,498.72,South
1379,2023-02-24,579,16,2,436.32,South
1380,2022-04-02,762,50,4,452.97,West
1381,2022-03-04,77,8,5,296.91,West
1382,2023-05-27,489,23,5,478.61,South
1383,2024-02-11,926,9,5,347.02,East
1384,2022-09-13,87,32,4,411.47,East
1385,2022-05-15,764,37,1,363.26,South
1386,2024-05-24,967,34,1,392.65,West
1387,2024-04-01,222,46,1,322.61,East
1388,2022-03-29,413,18,5,365.94,South
1389,2024-09-14,584,45,2,223.61,South
1390,2024-04-02,202,44,3,356.37,North
1391,2024-10-23,929,15,5,145.64,South
1392,2024-08-31,571,15,4,321.12,West
1393,2024-07-22,276,29,1,266.64,North
1394,2022-05-01,221,23,3,450.28,North
1395,2024-11-27,157,23,1,339.88,East
1396,2024-10-04,181,1,1,302.34,North
1397,2024-07-13,725,22,1,163.41,West
1398,2023-10-07,129,7,2,432.77,East
1399,2023-12-15,243,45,3,36.54,East
1400,2024-05-09,930,32,5,450.88,South
1401,2022-01-21,172,28,2,329.96,West
1402,2022-08-30,503,50,4,102.85,West
1403,2023-03-31,480,32,4,452.47,North
1404,2024-08-20,877,33,5,169.91,West
1405,2023-09-13,270,43,3,92.45,East
1406,2022-10-30,421,13,5,166.38,East
1407,2024-03-13,163,28,2,480.93,West
1408,2024-08-21,955,9,3,378.85,North
1409,2022-03-10,24,48,4,459.23,South
1410,2022-07-15,497,43,3,156.45,West
1411,2022-05-20,193,3,3,50.4,North
1412,2022-10-10,878,17,3,285.75,North
1413,2022-11-08,390,34,5,246.67,North
1414,2024-01-16,497,32,1,363.1,South
1415,2022-10-04,964,9,2,275.91,South
1416,2022-03-02,806,41,3,204.27,South
1417,2022-02-21,129,48,3,12.3,North
1418,2022-06-02,553,1,5,239.2,South
1419,2023-06-28,543,49,2,69.11,North
1420,2023-07-21,36,42,2,461.78,West
1421,2023-09-14,457,20,4,461.64,North
1422,2022-11-10,361,5,2,403.79,West
1423,2024-03-17,765,40,2,87.35,West
1424,2024-04-27,950,45,3,82.25,South
1425,2022-04-07,877,21,1,286.02,South
1426,2024-05-30,215,5,3,366.46,North
1427,2024-04-08,287,4,5,453.22,West
1428,2022-05-17,768,8,2,448.08,West
1429,2024-10-26,925,25,1,86.11,East
1430,2024-10-07,369,7,3,497.78,West
1431,2022-04-19,469,37,4,86.83,South
1432,2023-07-01,899,42,5,421.66,South
1433,2024-11-28,186,32,5,297.6,West
1434,2023-10-24,474,17,5,342.36,West
1435,2023-03-01,61,28,3,305.95,North
1436,2023-09-22,262,6,1,436.14,East
1437,2022-09-18,788,42,1,322.18,East
1438,2022-03-28,111,48,2,425.85,North
1439,2023-04-10,829,42,1,85.64,North
1440,2022-03-17,942,36,4,434.69,East
1441,2023-04-16,141,2,5,496.55,East
1442,2023-02-18,745,31,3,334.14,North
1443,2024-04-04,535,1,5,488.42,West
1444,2024-06-13,79,3,5,117.74,West
1445,2023-12-27,494,13,4,416.35,South
1446,2023-04-02,31,31,5,92.83,East
1447,2023-10-15,516,29,5,262.81,East
1448,2023-11-03,509,44,4,335.38,East
1449,2023-05-10,971,33,4,333.53,East
1450,2024-12-04,630,10,1,338.72,North
1451,2023-08-20,66,38,5,167.25,West
1452,2023-03-26,510,9,2,487.12,West
1453,2023-04-30,912,1,2,13.21,South
1454,2023-10-08,371,44,2,314.29,East
1455,2023-09-12,287,37,4,434.39,South
1456,2024-11-07,176,32,5,446.65,West
1457,2023-10-24,123,33,1,362.9,North
1458,2024-01-28,231,2,5,291.66,West
1459,2022-10-16,555,46,2,234.09,West
1460,2023-12-22,4,2,3,230.26,North
1461,2023-09-30,702,5,2,218.3,North
1462,2022-08-23,816,10,4,352.95,West
1463,2023-02-20,412,38,5,368.29,West
1464,2024-07-26,250,37,4,262.23,South
1465,2023-05-14,656,2,1,373.0,East
1466,2024-08-31,487,41,5,268.94,North
1467,2023-09-26,345,42,5,57.7,East
1468,2024-10-16,894,40,5,427.29,South
1469,2022-04-25,333,25,3,436.54,North
1470,2024-07-20,453,38,5,140.57,North
1471,2023-11-05,158,37,3,395.35,East
1472,2024-10-31,577,18,5,260.47,North
1473,2022-07-25,837,27,2,70.77,West
1474,2022-09-04,270,20,1,205.02,South
1475,2024-01-28,587,50,5,47.51,South
1476,2022-05-27,418,34,4,395.37,North
1477,2022-04-28,440,44,2,106.15,North
1478,2023-02-16,29,8,4,90.55,East
1479,2022-12-29,978,4,4,112.18,South
1480,2022-05-17,335,30,3,120.8,West
1481,2024-08-15,238,36,1,340.24,West
1482,2022-01-19,153,9,4,322.91,East
1483,2022-07-14,606,41,2,73.37,South
1484,2022-11-26,749,12,1,364.97,South
1485,2022-06-24,834,14,2,181.04,West
1486,2024-09-28,115,35,4,234.16,South
1487,2023-03-25,808,6,1,71.18,South
1488,2024-08-03,731,47,5,357.23,South
1489,2022-05-21,758,23,4,194.35,West
1490,2024-01-28,399,4,4,319.74,North
1491,2024-07-18,32,1,3,219.34,South
1492,2022-04-03,532,9,2,33.95,North
1493,2022-08-27,53,48,5,354.71,North
1494,2022-07-24,718,9,1,280.73,East
1495,2023-07-14,731,44,4,222.78,North
1496,2022-09-02,195,46,4,108.76,East
1497,2024-04-11,305,15,5,315.93,South
1498,2024-07-13,707,24,4,144.85,West
1499,2022-10-22,973,48,2,220.3,North
1500,2023-10-02,345,8,1,37.68,North
1501,2024-05-05,82,28,5,390.61,West
1502,2022-01-17,1,42,5,54.12,East
1503,2022-03-12,167,46,3,446.51,East
1504,2022-11-01,317,17,1,435.11,East
1505,2024-10-27,183,35,5,485.83,North
1506,2024-03-27,965,31,4,455.14,South
1507,2024-03-31,898,4,1,485.99,East
1508,2022-07-12,862,48,2,444.77,East
1509,2023-06-13,273,14,5,65.13,West
1510,2022-06-20,669,25,2,224.46,South
1511,2022-09-08,373,46,5,47.32,South
1512,2023-06-25,362,48,4,277.2,South
1513,2023-02-20,900,40,3,269.58,South
1514,2024-03-04,201,50,4,461.87,South
1515,2022-01-25,192,7,2,485.15,East
1516,2023-10-30,341,31,1,137.23,West
1517,2023-09-24,299,35,2,295.33,East
1518,2023-05-20,506,38,3,237.58,South
1519,2022-12-02,588,20,5,277.9,West
1520,2023-03-01,140,16,5,270.55,North
1521,2023-05-14,306,22,2,457.92,North
1522,2024-08-04,196,36,1,449.1,South
1523,2023-09-22,61,19,5,70.14,East
1524,2023-12-19,988,2,5,179.1,West
1525,2022-12-05,969,4,3,378.86,West
1526,2023-10-21,360,34,3,345.15,East
1527,2024-08-19,307,7,1,319.28,South
1528,2023-03-05,480,47,5,496.97,North
1529,2024-06-17,333,49,4,175.1,North
1530,2022-05-19,866,14,2,262.47,South
1531,2024-07-30,83,43,5,489.78,West
1532,2023-06-26,334,32,2,350.82,East
1533,2022-02-26,517,17,5,327.85,South
1534,2023-10-20,731,37,3,85.83,West
1535,2023-03-11,924,14,1,130.86,East
1536,2023-01-19,766,17,4,194.96,West
1537,2023-07-14,474,32,3,237.78,West
1538,2022-07-13,394,2,1,253.63,North
1539,2023-06-18,600,39,3,452.05,South
1540,2023-06-02,721,4,2,62.53,West
1541,2023-12-17,692,40,5,131.69,North
1542,2024-01-21,720,30,3,80.38,South
1543,2022-07-04,785,30,1,370.3,South
1544,2022-10-19,577,33,5,485.58,East
1545,2024-01-02,380,42,2,448.04,South
1546,2022-04-26,21,1,2,364.42,North
1547,2024-04-04,950,33,4,20.55,North
1548,2024-12-08,879,36,5,180.05,South
1549,2023-11-16,177,49,2,433.17,North
1550,2022-03-23,363,31,3,330.0,West
1551,2024-04-13,22,37,2,112.7,West
1552,2022-11-29,837,14,2,238.58,East
1553,2023-07-11,960,6,2,53.08,West
1554,2022-12-01,548,7,4,265.19,South
1555,2023-06-16,250,40,1,451.5,West
1556,2022-08-09,661,24,2,28.97,East
1557,2023-09-27,952,50,1,310.81,North
1558,2022-11-19,73,4,5,124.22,South
1559,2022-01-03,91,25,1,495.29,East
1560,2022-07-25,176,3,5,41.9,West
1561,2022-02-09,126,28,4,312.47,South
1562,2022-02-28,204,23,5,135.62,South
1563,2024-08-08,914,36,5,442.41,North
1564,2023-07-28,246,48,3,69.75,West
1565,2023-10-06,611,13,4,220.33,West
1566,2024-04-22,271,22,2,100.83,West
1567,2023-09-11,44,25,4,401.73,West
1568,2022-04-06,734,43,3,182.21,East
1569,2024-06-16,941,24,5,101.49,North
1570,2024-12-21,609,43,4,365.69,South
1571,2023-07-15,548,37,3,410.44,West
1572,2024-06-23,168,33,2,236.57,North
1573,2022-12-14,435,14,5,195.64,South
1574,2023-11-02,30,24,4,319.75,West
1575,2022-11-13,794,22,4,329.18,South
1576,2023-12-20,597,37,5,333.77,West
1577,2024-12-07,357,23,4,145.12,West
1578,2022-09-07,491,6,5,471.24,South
1579,2022-11-10,633,19,3,114.59,West
1580,2024-03-17,799,12,5,193.34,East
1581,2023-04-30,248,26,2,149.01,East
1582,2022-02-13,696,29,5,466.25,South
1583,2023-07-25,253,14,4,415.9,West
1584,2023-08-06,957,17,5,407.52,South
1585,2024-06-13,785,30,5,12.31,North
1586,2022-08-08,721,7,5,346.09,North
1587,2024-07-13,866,21,2,122.83,North
1588,2023-02-05,382,1,2,484.19,West
1589,2023-12-28,536,49,4,270.07,South
1590,2024-09-17,634,38,4,286.7,North
1591,2024-06-17,737,4,5,184.68,West
1592,2024-05-07,900,46,1,273.0,West
1593,2024-03-14,905,8,3,377.37,North
1594,2023-05-05,898,18,5,285.34,East
1595,2024-07-26,419,45,3,324.22,East
1596,2024-04-23,123,8,2,241.51,East
1597,2022-09-24,294,31,4,361.04,East
1598,2022-02-23,685,31,1,450.78,South
1599,2023-06-12,143,28,4,35.02,South
1600,2023-09-08,938,48,2,62.58,North
1601,2024-12-18,899,37,5,345.95,West
1602,2024-11-29,511,3,2,195.08,East
1603,2024-08-12,927,45,1,147.99,West
1604,2023-01-21,948,15,5,97.51,West
1605,2024-01-04,681,4,5,290.59,South
1606,2023-12-17,57,35,1,180.29,West
1607,2023-10-12,42,34,4,258.9,West
1608,2022-10-27,821,36,5,479.7,East
1609,2023-01-30,631,6,4,381.55,North
1610,2023-08-16,121,4,3,400.02,South
1611,2023-05-29,824,49,1,70.86,East
1612,2023-01-31,763,30,3,169.24,North
1613,2023-01-06,343,39,5,62.06,East
1614,2024-05-07,332,18,1,484.58,North
1615,2024-03-01,456,22,5,344.27,East
1616,2023-10-20,437,10,1,19.42,East
1617,2024-01-06,341,49,4,243.0,North
1618,2023-01-19,341,29,2,139.13,East
1619,2022-03-03,416,23,2,274.58,North
1620,2023-05-20,849,4,1,97.54,West
1621,2022-08-27,182,19,3,37.86,West
1622,2022-07-14,677,26,1,168.36,North
1623,2023-11-09,984,7,4,154.8,East
1624,2022-03-02,264,13,3,361.31,West
1625,2024-09-16,210,3,1,242.53,North
1626,2023-11-16,523,40,1,152.75,South
1627,2022-06-05,182,11,5,289.51,West
1628,2024-07-11,444,16,4,44.95,North
1629,2024-05-17,251,20,4,334.55,North
1630,2024-06-21,138,23,2,82.17,West
1631,2024-09-25,218,23,5,147.05,East
1632,2024-09-01,751,32,3,148.24,South
1633,2023-01-23,454,41,2,238.27,North
1634,2024-06-05,883,42,4,477.05,East
1635,2024-04-17,849,38,1,169.08,East
1636,2022-12-06,87,3,5,147.85,North
1637,2022-07-23,810,8,4,92.71,South
1638,2022-06-10,293,38,4,202.06,West
1639,2023-01-27,92,40,5,99.2,South
1640,2024-02-08,208,14,4,77.51,East
1641,2023-07-29,204,8,2,430.11,North
1642,2023-06-18,186,11,5,35.79,North
1643,2024-12-29,85,42,4,358.3,South
1644,2024-06-11,827,42,4,109.26,South
1645,2023-02-09,664,43,5,15.74,South
1646,2023-08-31,156,33,1,399.62,North
1647,2024-04-07,293,15,3,354.12,North
1648,2023-11-21,533,37,5,173.81,East
1649,2024-06-20,161,14,1,48.87,South
1650,2022-02-25,386,26,4,186.73,East
1651,2023-01-01,485,8,2,98.85,East
1652,2023-03-31,503,49,4,466.93,South
1653,2022-04-14,851,4,4,269.52,West
1654,2022-03-18,156,36,1,482.28,North
1655,2022-08-18,143,18,5,182.14,West
1656,2022-11-27,769,27,3,282.67,North
1657,2024-06-11,619,19,3,103.16,North
1658,2023-11-19,284,3,5,406.13,North
1659,2022-01-27,562,9,5,30.14,South
1660,2022-10-26,35,39,2,350.85,South
1661,2024-08-14,224,2,5,201.91,South
1662,2024-03-09,668,9,2,293.42,North
1663,2023-04-25,393,6,5,300.21,South
1664,2023-07-27,408,38,2,358.29,East
1665,2023-04-03,703,28,5,110.09,West
1666,2022-12-31,388,48,5,270.38,East
1667,2024-05-08,696,34,3,219.19,North
1668,2022-12-17,749,29,4,148.27,South
1669,2022-09-10,297,48,4,252.91,East
1670,2024-02-20,323,3,2,476.49,West
1671,2024-03-13,816,16,1,474.95,North
1672,2024-10-08,854,44,3,146.62,North
1673,2023-04-04,488,35,5,443.26,East
1674,2024-07-05,570,11,3,439.61,North
1675,2023-05-14,39,43,1,132.3,East
1676,2024-08-07,505,23,3,303.49,South
1677,2023-05-23,503,30,1,436.27,North
1678,2023-05-16,753,48,1,262.35,East
1679,2024-03-13,537,5,1,191.19,South
1680,2023-08-21,316,8,1,328.88,West
1681,2022-06-15,496,43,1,94.49,East
1682,2023-04-07,117,43,5,89.25,West
1683,2024-07-08,342,50,3,418.0,West
1684,2022-04-24,882,10,4,30.52,North
1685,2024-09-18,240,28,4,403.78,East
1686,2022-07-26,687,36,5,152.34,South
1687,2023-05-30,994,10,2,246.73,East
1688,2023-12-10,445,14,1,276.32,East
1689,2022-05-18,852,38,3,385.86,North
1690,2022-12-05,740,37,1,443.09,North
1691,2023-06-21,997,47,1,404.07,South
1692,2022-03-09,487,5,4,290.45,North
1693,2023-01-18,765,6,1,180.53,South
1694,2022-01-19,411,30,3,268.01,South
1695,2023-11-14,892,19,3,24.71,South
1696,2022-03-15,623,49,4,130.04,East
1697,2023-07-27,753,14,5,189.42,West
1698,2024-07-27,736,11,4,166.68,West
1699,2024-12-07,298,46,4,56.62,North
1700,2022-07-30,52,5,1,34.87,East
1701,2024-05-04,733,45,2,216.15,East
1702,2023-10-13,304,31,5,46.65,West
1703,2024-09-20,288,44,5,150.24,West
1704,2023-11-26,664,32,5,242.66,East
1705,2023-06-24,899,24,1,112.88,East
1706,2024-06-19,118,10,4,48.97,East
1707,2024-02-19,923,13,1,221.75,North
1708,2022-06-19,969,47,3,229.75,West
1709,2024-11-03,424,13,2,458.65,North
1710,2022-10-15,791,36,2,72.64,South
1711,2022-07-08,647,22,1,311.35,West
1712,2024-07-02,209,9,4,166.65,North
1713,2023-11-25,127,19,5,70.56,East
1714,2024-06-06,293,7,3,202.64,West
1715,2023-04-16,519,15,3,219.69,East
1716,2022-10-04,222,17,2,188.15,West
1717,2024-07-28,77,46,4,385.21,South
1718,2023-07-25,338,14,5,421.21,North
1719,2024-05-06,863,41,2,82.88,North
1720,2024-09-27,790,48,4,92.27,South
1721,2023-04-03,846,2,5,216.4,East
1722,2024-07-06,850,14,1,166.89,East
1723,2024-04-12,739,4,4,411.59,West
1724,2024-12-23,913,3,3,498.44,West
1725,2024-04-18,275,3,4,98.74,West
1726,2022-07-12,863,11,4,383.65,West
1727,2023-09-08,807,5,4,307.55,East
1728,2023-02-10,117,48,5,325.77,East
1729,2024-07-31,292,29,5,139.58,East
1730,2023-12-22,271,28,1,57.63,North
1731,2022-04-03,447,23,1,276.2,South
1732,2023-03-06,157,30,5,310.62,South
1733,2023-10-16,572,23,5,481.89,North
1734,2023-03-10,184,41,2,340.86,North
1735,2023-01-10,424,22,4,227.41,North
1736,2024-12-18,656,43,4,497.06,East
1737,2024-12-02,673,12,3,192.89,West
1738,2022-07-26,601,27,5,89.65,West
1739,2024-02-19,16,40,5,312.81,West
1740,2023-06-16,926,46,1,140.46,South
1741,2022-06-15,761,49,1,461.88,West
1742,2023-10-05,98,15,4,219.66,North
1743,2022-03-31,962,47,4,83.31,North
1744,2022-01-13,616,23,5,79.4,South
1745,2024-08-30,300,44,4,328.32,North
1746,2024-03-15,747,41,5,189.29,East
1747,2024-08-02,422,44,3,188.23,North
1748,2024-01-12,307,19,3,310.04,North
1749,2024-05-25,956,44,2,118.54,North
1750,2023-10-22,274,11,1,81.26,South
1751,2024-10-28,261,38,2,332.06,East
1752,2024-11-18,239,40,3,12.57,North
1753,2022-10-23,936,43,4,454.61,East
1754,2024-09-12,774,3,1,99.66,East
1755,2024-07-14,332,16,1,229.45,West
1756,2023-10-02,115,32,2,113.62,East
1757,2022-12-06,268,38,1,116.93,East
1758,2023-09-20,12,9,3,419.15,East
1759,2023-03-15,73,41,4,296.67,South
1760,2024-07-30,874,38,2,162.61,West
1761,2024-04-09,406,5,4,133.04,South
1762,2023-06-03,817,1,2,114.3,East
1763,2024-09-02,178,35,5,281.68,South
1764,2024-12-04,976,35,1,368.09,North
1765,2024-08-12,772,12,5,134.23,South
1766,2024-08-09,946,36,1,172.83,South
1767,2024-08-01,259,21,5,362.98,South
1768,2022-06-04,400,48,4,371.27,South
1769,2022-03-29,270,43,3,111.59,North
1770,2024-07-19,832,8,2,197.28,North
1771,2022-06-28,632,27,1,436.28,West
1772,2022-07-31,681,9,2,372.69,South
1773,2023-04-10,486,28,3,89.62,South
1774,2023-09-23,580,30,5,199.12,West
1775,2024-04-04,59,14,4,486.91,West
1776,2023-08-30,642,23,2,267.44,West
1777,2024-06-03,887,29,5,362.48,North
1778,2023-01-01,266,26,1,55.1,East
1779,2022-10-03,75,22,2,417.93,East
1780,2023-01-15,999,15,2,306.34,North
1781,2024-08-02,90,9,1,96.04,West
1782,2024-12-23,505,26,3,196.3,South
1783,2024-03-20,357,17,5,50.68,South
1784,2024-07-13,154,9,2,390.74,North
1785,2023-05-09,900,3,5,374.99,South
1786,2024-12-30,218,16,4,250.21,North
1787,2022-12-30,486,13,5,231.49,West
1788,2023-07-24,540,26,5,237.08,East
1789,2024-02-02,130,17,1,28.36,West
1790,2022-10-03,66,32,5,190.44,South
1791,2022-02-19,144,24,3,72.97,East
1792,2023-12-29,380,36,5,100.55,South
1793,2024-06-24,313,22,4,481.44,North
1794,2024-07-16,407,9,5,138.27,South
1795,2023-07-18,407,22,1,246.98,South
1796,2024-02-22,973,41,4,445.02,East
1797,2023-04-30,277,50,1,212.61,East
1798,2023-08-07,615,46,3,269.02,South
1799,2022-08-24,409,20,3,92.71,East
1800,2022-02-25,314,3,1,149.69,West
1801,2022-12-26,549,36,3,258.0,West
1802,2022-04-20,249,33,1,188.8,North
1803,2022-07-11,945,18,2,28.75,South
1804,2024-06-22,461,36,5,206.41,East
1805,2024-05-11,399,10,2,409.4,West
1806,2023-07-22,668,36,3,66.87,West
1807,2024-12-19,451,21,1,19.18,East
1808,2023-10-12,471,25,1,68.16,South
1809,2022-02-08,644,49,1,346.57,East
1810,2024-12-08,559,40,1,399.38,North
1811,2023-09-29,434,9,5,33.88,North
1812,2024-11-02,956,48,4,444.9,West
1813,2022-02-05,446,27,2,317.39,North
1814,2022-04-11,707,15,3,263.88,South
1815,2022-06-15,103,32,1,134.26,West
1816,2023-01-18,328,48,2,192.13,East
1817,2024-02-29,683,44,4,474.02,North
1818,2022-01-31,601,50,2,456.66,South
1819,2022-01-11,246,39,3,316.48,South
1820,2022-04-06,58,16,1,293.67,West
1821,2023-03-29,105,28,3,113.17,East
1822,2022-07-11,692,6,1,477.11,East
1823,2023-05-01,972,6,4,380.14,West
1824,2022-08-26,69,38,3,197.31,West
1825,2024-12-24,993,47,2,409.76,West
1826,2024-01-05,302,2,4,113.82,East
1827,2024-09-17,153,41,3,114.48,South
1828,2024-04-04,537,40,1,397.57,East
1829,2022-04-16,889,7,4,284.06,North
1830,2022-06-30,35,27,1,282.36,East
1831,2022-07-03,957,28,5,291.1,East
1832,2022-08-14,15,16,2,71.65,North
1833,2024-02-16,106,47,1,181.28,West
1834,2024-02-29,730,9,3,290.81,North
1835,2023-11-19,896,15,5,131.32,West
1836,2023-06-14,74,34,4,256.96,North
1837,2024-08-29,856,20,3,282.95,North
1838,2024-07-24,931,14,4,471.98,West
1839,2022-04-16,285,11,5,130.43,North
1840,2024-04-10,550,30,3,225.29,South
1841,2023-11-10,197,3,1,490.94,North
1842,2024-04-28,280,2,3,101.53,East
1843,2024-11-21,787,50,2,392.21,West
1844,2023-01-28,686,14,1,96.81,West
1845,2022-02-09,817,29,2,426.52,West
1846,2023-10-22,556,5,3,249.11,South
1847,2024-09-07,969,44,3,486.36,East
1848,2024-04-24,666,46,4,93.34,North
1849,2022-07-20,153,6,3,347.08,East
1850,2023-03-23,291,8,1,350.69,West
1851,2024-11-27,932,39,2,362.25,East
1852,2023-03-20,142,39,5,59.47,West
1853,2024-01-31,768,44,2,151.39,West
1854,2022-08-15,312,29,4,175.63,South
1855,2022-02-17,646,39,5,168.9,West
1856,2024-11-07,32,44,5,340.76,East
1857,2024-06-30,26,27,3,36.87,South
1858,2022-07-06,911,16,4,367.74,East
1859,2022-12-11,255,27,4,268.03,East
1860,2022-08-12,945,39,3,94.77,North
1861,2024-04-09,735,40,1,120.8,East
1862,2023-05-03,56,1,3,57.81,South
1863,2024-05-26,293,45,4,234.94,North
1864,2024-04-28,637,33,5,301.51,West
1865,2024-09-05,230,50,1,294.68,North
1866,2024-10-13,53,39,4,481.56,North
1867,2022-07-07,954,27,4,155.02,North
1868,2022-09-27,101,17,3,383.42,North
1869,2022-11-06,467,15,2,364.31,East
1870,2024-12-31,846,22,4,40.05,North
1871,2024-04-24,804,19,2,465.7,East
1872,2023-05-01,869,28,1,466.34,East
1873,2022-04-30,267,23,5,204.2,West
1874,2022-08-08,795,36,2,214.66,East
1875,2022-02-22,2,49,2,411.6,South
1876,2024-01-28,22,39,2,252.57,West
1877,2024-01-08,578,48,2,401.61,West
1878,2023-12-21,212,49,2,27.7,East
1879,2023-02-10,236,20,1,132.63,East
1880,2023-08-31,880,47,4,54.62,North
1881,2024-10-17,529,9,5,232.56,East
1882,2023-02-26,388,23,4,428.54,North
1883,2023-12-13,14,45,1,289.2,South
1884,2022-09-04,519,7,1,264.96,West
1885,2022-03-13,847,31,2,189.39,West
1886,2022-07-04,222,11,1,41.17,East
1887,2022-01-06,912,40,1,385.54,West
1888,2024-06-24,616,17,2,289.68,West
1889,2023-01-22,962,36,1,466.17,South
1890,2023-11-30,403,26,1,221.66,West
1891,2024-04-06,513,36,1,206.73,North
1892,2022-12-15,287,18,3,487.43,West
1893,2022-11-04,384,31,4,79.17,North
1894,2022-10-14,247,49,3,133.66,North
1895,2024-02-05,900,35,4,249.2,North
1896,2023-12-26,91,41,2,266.54,North
1897,2024-02-01,826,28,2,278.87,South
1898,2023-01-18,312,26,4,113.93,South
1899,2023-01-23,437,6,4,464.16,West
1900,2023-06-09,985,34,5,354.72,South
1901,2023-10-01,726,28,4,136.64,North
1902,2024-07-26,43,44,4,154.15,South
1903,2022-10-03,74,47,2,441.38,East
1904,2023-05-15,754,9,2,196.37,East
1905,2023-12-18,993,29,1,282.62,South
1906,2022-12-03,561,34,1,69.01,East
1907,2024-07-20,880,12,2,133.35,West
1908,2023-04-26,876,16,1,214.12,East
1909,2024-06-29,316,7,3,331.51,West
1910,2024-12-17,734,31,3,147.31,South
1911,2022-04-19,862,33,1,475.87,North
1912,2022-11-24,144,7,1,117.91,South
1913,2022-11-11,329,3,4,391.66,West
1914,2023-11-30,209,20,4,188.65,East
1915,2024-02-20,99,5,3,418.37,South
1916,2022-06-05,700,3,3,462.32,South
1917,2024-06-05,114,47,4,101.64,South
1918,2024-10-22,175,38,4,250.82,West
1919,2024-01-28,271,15,4,85.64,East
1920,2023-12-23,63,35,1,355.85,South
1921,2024-07-01,796,23,2,417.8,North
1922,2024-05-20,404,33,3,200.84,West
1923,2022-01-13,225,2,5,204.41,West
1924,2023-08-31,959,36,4,109.88,East
1925,2023-05-13,161,21,1,160.2,North
1926,2022-08-26,36,14,3,168.71,South
1927,2024-02-20,381,14,4,86.23,East
1928,2023-08-29,653,42,1,161.88,West
1929,2023-10-23,318,11,3,454.56,North
1930,2024-04-28,708,4,3,169.44,South
1931,2024-07-24,663,47,5,144.47,West
1932,2023-09-20,456,30,5,198.47,South
1933,2022-05-23,269,36,3,480.53,East
1934,2023-12-15,344,20,1,384.64,North
1935,2023-04-24,40,16,4,108.85,East
1936,2023-07-19,750,34,4,378.75,South
1937,2023-04-16,414,45,3,385.46,South
1938,2023-01-19,380,8,4,475.57,West
1939,2024-07-14,222,45,5,446.64,North
1940,2023-02-21,281,20,4,56.65,North
1941,2022-11-04,225,21,2,232.74,South
1942,2023-10-11,457,40,5,354.47,South
1943,2024-10-21,154,30,5,486.95,South
1944,2024-12-03,280,36,3,51.73,West
1945,2024-01-09,353,5,3,190.43,South
1946,2022-05-20,39,21,4,251.19,North
1947,2024-08-31,729,38,4,212.49,North
1948,2024-10-13,756,23,3,233.33,West
1949,2024-08-10,621,19,1,190.86,North
1950,2024-06-22,975,10,4,485.61,West
1951,2022-03-13,573,27,1,403.59,East
1952,2022-04-17,489,35,5,370.96,South
1953,2024-12-01,945,13,2,211.24,South
1954,2024-06-01,937,9,1,441.95,North
1955,2022-05-19,198,17,4,55.74,South
1956,2023-09-07,276,31,3,80.28,North
1957,2024-05-12,172,42,3,477.49,South
1958,2022-09-30,784,44,2,287.82,West
1959,2023-02-20,508,45,2,88.13,South
1960,2023-05-21,405,24,5,475.08,West
1961,2024-01-03,271,42,1,487.67,South
1962,2023-02-28,935,19,2,441.93,West
1963,2023-01-25,554,49,5,126.89,West
1964,2022-12-08,701,30,5,146.46,East
1965,2024-08-03,772,5,5,209.42,North
1966,2023-09-06,664,8,4,293.87,South
1967,2023-05-08,131,37,2,496.17,South
1968,2022-07-11,626,47,3,478.51,North
1969,2023-05-14,385,36,5,461.36,West
1970,2024-04-01,734,25,3,53.75,East
1971,2022-08-15,397,45,4,381.01,North
1972,2022-05-19,566,49,1,439.65,South
1973,2024-05-05,850,5,4,173.31,North
1974,2024-03-27,296,33,4,117.59,East
1975,2024-12-22,383,22,2,376.74,East
1976,2022-04-14,512,47,5,54.51,West
1977,2024-05-20,395,42,4,471.02,South
1978,2023-10-30,554,25,5,86.48,South
1979,2022-09-30,605,43,3,234.19,West
1980,2024-10-26,260,50,1,491.57,West
1981,2022-07-03,281,29,1,494.23,North
1982,2024-11-17,356,45,3,390.24,North
1983,2022-10-20,420,30,2,421.2,North
1984,2022-06-26,192,48,3,483.91,North
1985,2022-02-27,637,30,3,464.44,West
1986,2022-11-04,428,44,2,314.83,East
1987,2024-09-03,808,46,2,369.96,East
1988,2023-12-01,348,31,4,300.95,North
1989,2022-03-24,429,34,5,258.18,North
1990,2022-09-09,392,28,1,441.61,West
1991,2024-03-06,341,10,2,371.63,North
1992,2024-06-15,547,4,2,431.31,South
1993,2022-07-29,940,33,4,57.0,East
1994,2024-03-26,402,17,4,292.48,North
1995,2023-09-01,47,11,5,171.46,North
1996,2023-03-23,665,7,2,261.56,East
1997,2023-04-05,750,17,2,310.35,East
1998,2024-08-25,425,28,4,424.42,South
1999,2023-04-17,517,17,3,25.62,South
2000,2023-01-05,960,41,5,90.35,West
2001,2024-06-18,958,10,2,461.51,South
2002,2024-07-11,637,26,1,483.96,South
2003,2022-05-17,879,6,1,37.16,North
2004,2023-01-02,328,17,4,172.58,North
2005,2024-06-30,87,16,1,14.77,South
2006,2022-07-03,515,39,4,381.15,West
2007,2023-04-17,165,26,3,344.15,West
2008,2023-10-16,223,4,4,286.75,East
2009,2024-01-19,861,20,2,348.91,South
2010,2023-06-21,297,49,1,273.52,East
2011,2024-03-12,916,41,2,127.03,South
2012,2024-07-08,451,11,1,379.62,South
2013,2023-05-25,343,23,1,393.81,North
2014,2023-09-22,936,33,4,428.56,South
2015,2024-09-28,341,31,5,477.5,North
2016,2024-07-04,461,7,1,376.3,West
2017,2024-10-30,392,22,1,36.73,West
2018,2022-06-01,901,5,5,20.21,South
2019,2024-10-25,537,37,2,372.54,West
2020,2023-04-09,551,1,1,37.46,South
2021,2022-09-28,421,6,4,164.81,East
2022,2023-04-05,381,45,5,76.72,West
2023,2022-04-15,617,47,5,484.76,South
2024,2022-06-11,5,4,1,165.03,East
2025,2022-12-17,648,30,2,37.02,East
2026,2023-03-10,4,30,2,475.31,South
2027,2024-05-01,681,17,3,308.28,West
2028,2022-05-20,316,24,3,27.69,West
2029,2022-03-28,822,31,4,418.35,South
2030,2022-07-02,918,28,1,84.74,North
2031,2023-01-03,78,45,2,403.19,West
2032,2022-05-09,531,43,3,305.35,West
2033,2023-11-01,717,4,1,96.79,West
2034,2022-05-29,355,39,1,378.77,South
2035,2024-09-11,836,19,2,232.71,South
2036,2024-05-01,33,24,1,322.67,South
2037,2023-09-20,662,7,5,436.06,East
2038,2023-03-22,705,46,3,137.55,West
2039,2024-06-02,139,48,4,189.33,North
2040,2022-10-21,272,9,3,498.66,West
2041,2022-09-07,196,22,1,258.98,East
2042,2024-05-27,127,2,5,283.67,West
2043,2024-08-05,349,27,3,149.86,South
2044,2024-09-01,743,16,2,213.85,West
2045,2024-11-14,44,5,5,255.76,North
2046,2024-02-28,742,12,3,136.64,West
2047,2024-09-10,728,26,1,126.69,South
2048,2024-06-07,244,15,2,304.23,West
2049,2024-06-08,9,3,1,99.99,South
2050,2022-03-11,762,9,1,281.19,East
2051,2023-09-17,712,28,2,356.04,East
2052,2024-05-24,846,39,5,107.15,East
2053,2023-04-16,79,36,3,375.48,West
2054,2022-04-01,757,25,5,186.25,West
2055,2023-06-14,190,41,2,496.33,East
2056,2023-10-23,86,28,3,489.75,East
2057,2024-01-09,485,47,2,401.31,South
2058,2023-12-27,271,21,4,177.93,South
2059,2024-05-21,774,29,4,469.23,North
2060,2022-07-11,513,25,5,499.4,South
2061,2022-05-18,20,30,2,236.52,West
2062,2022-12-11,489,39,3,311.15,East
2063,2024-10-05,932,11,5,12.93,North
2064,2023-05-18,130,19,4,31.33,East
2065,2022-07-22,838,11,4,255.29,East
2066,2023-07-27,770,25,4,308.56,East
2067,2022-07-11,643,1,5,163.07,West
2068,2022-01-05,7,32,3,58.57,South
2069,2022-11-07,852,21,4,393.31,South
2070,2023-07-03,753,45,5,215.19,South
2071,2022-02-25,704,13,5,327.94,West
2072,2023-03-19,937,34,1,328.6,South
2073,2024-05-19,310,17,1,277.95,East
2074,2023-08-08,809,47,3,97.46,West
2075,2024-01-22,627,19,4,311.88,North
2076,2022-12-26,901,10,1,167.82,South
2077,2024-03-29,473,42,3,411.37,West
2078,2022-01-30,102,9,1,104.67,North
2079,2022-04-18,338,11,4,152.66,East
2080,2024-04-23,319,38,5,225.75,East
2081,2023-12-18,513,31,4,372.61,North
2082,2024-06-09,25,2,1,363.17,East
2083,2024-08-17,721,24,4,175.18,West
2084,2024-06-11,430,42,5,260.27,South
2085,2024-01-02,143,47,2,124.77,East
2086,2023-08-29,709,5,5,387.48,West
2087,2023-04-02,657,50,1,106.39,South
2088,2023-09-07,149,30,5,411.48,West
2089,2023-11-29,693,39,3,469.06,East
2090,2023-11-05,55,35,4,495.89,West
2091,2023-06-27,471,48,2,429.91,South
2092,2024-05-06,363,17,2,118.63,North
2093,2024-06-15,650,31,4,214.09,East
2094,2022-10-05,209,2,4,53.53,East
2095,2023-07-06,185,16,3,90.63,South
2096,2022-04-21,65,21,5,34.35,West
2097,2023-01-20,549,30,2,324.13,South
2098,2024-01-31,112,1,1,271.26,North
2099,2023-11-25,263,14,4,459.34,South
2100,2023-02-09,76,16,4,236.87,North
2101,2022-01-22,296,9,2,324.73,East
2102,2023-11-09,178,49,4,206.78,South
2103,2023-09-03,766,8,2,416.43,South
2104,2022-01-08,1,9,1,463.92,East
2105,2023-12-03,148,34,1,221.55,North
2106,2023-06-13,876,45,2,50.52,North
2107,2023-08-25,671,33,4,90.13,West
2108,2023-10-19,836,22,3,363.07,South
2109,2022-06-15,986,30,3,169.38,West
2110,2024-04-28,780,7,5,394.84,East
2111,2023-05-11,662,18,3,377.38,South
2112,2023-08-13,129,21,4,350.21,North
2113,2023-03-05,638,5,3,408.97,North
2114,2024-02-13,513,7,5,380.71,North
2115,2022-06-12,899,12,1,319.97,East
2116,2023-01-01,629,17,2,12.07,East
2117,2022-03-13,972,24,3,262.68,West
2118,2023-10-17,502,37,2,301.67,East
2119,2022-09-26,149,44,2,480.72,East
2120,2023-02-19,269,19,1,328.74,West
2121,2024-10-12,701,45,5,291.98,South
2122,2023-11-06,653,16,4,275.18,West
2123,2024-12-19,105,25,4,60.61,North
2124,2022-01-06,466,27,4,219.53,North
2125,2024-09-08,764,42,5,75.83,South
2126,2023-07-24,929,44,5,35.82,South
2127,2023-02-11,902,7,5,171.44,South
2128,2022-01-26,281,46,3,326.27,South
2129,2024-10-25,407,42,2,434.73,South
2130,2024-09-12,856,8,5,407.08,East
2131,2023-01-25,613,15,5,154.4,South
2132,2023-12-11,794,16,3,32.54,East
2133,2023-07-25,900,8,2,207.31,West
2134,2024-01-24,358,36,4,164.24,West
2135,2022-05-26,675,32,1,191.92,South
2136,2024-02-24,203,17,5,283.96,South
2137,2023-06-10,612,36,5,24.9,West
2138,2022-01-13,281,22,1,191.69,East
2139,2024-06-21,916,32,5,283.73,South
2140,2023-01-19,257,11,5,221.18,South
2141,2023-07-10,94,45,5,336.94,South
2142,2024-06-05,324,6,1,101.2,West
2143,2022-01-19,791,22,3,85.38,South
2144,2023-07-29,739,14,3,160.86,West
2145,2024-01-21,362,28,1,59.85,South
2146,2024-09-30,662,39,3,125.77,West
2147,2023-02-23,351,12,4,52.58,East
2148,2023-02-23,62,27,4,206.97,South
2149,2022-05-02,641,1,1,358.61,East
2150,2023-03-08,187,10,2,150.4,West
2151,2022-02-13,580,33,5,11.83,West
2152,2023-01-16,915,16,2,282.96,South
2153,2022-05-25,542,39,5,349.05,East
2154,2022-12-29,897,6,3,201.74,West
2155,2024-12-09,304,25,3,155.53,East
2156,2024-12-24,787,50,4,250.41,West
2157,2022-12-21,639,20,2,59.61,East
2158,2024-03-10,436,36,1,325.52,West
2159,2024-04-05,213,23,5,369.32,West
2160,2023-02-02,406,16,3,355.27,East
2161,2024-05-29,818,1,5,171.05,North
2162,2023-04-08,962,30,1,422.93,North
2163,2024-03-18,134,27,5,473.96,South
2164,2022-07-06,960,2,4,155.57,South
2165,2024-01-02,917,48,1,138.73,North
2166,2023-03-05,993,21,1,355.01,West
2167,2024-05-07,915,9,5,357.06,West
2168,2022-08-25,219,47,5,260.1,North
2169,2024-02-10,421,24,3,462.43,East
2170,2024-01-28,319,48,5,81.69,East
2171,2022-05-16,157,41,1,243.91,West
2172,2024-03-02,188,39,5,27.25,East
2173,2022-06-20,476,42,3,35.8,East
2174,2022-06-08,162,7,2,36.31,South
2175,2022-07-20,129,30,4,250.98,East
2176,2024-08-19,304,45,1,298.59,South
2177,2023-08-06,89,2,3,11.71,North
2178,2024-05-25,895,12,4,319.95,North
2179,2023-01-06,917,13,5,249.95,West
2180,2022-04-13,162,3,5,119.66,East
2181,2024-09-28,922,43,2,17.4,West
2182,2024-09-02,36,40,5,86.49,East
2183,2024-03-08,227,43,4,304.16,West
2184,2023-10-20,151,18,3,332.83,West
2185,2024-05-31,593,39,2,327.06,South
2186,2024-01-03,47,44,4,85.05,South
2187,2023-02-27,716,6,3,456.5,East
2188,2023-07-26,940,42,4,211.37,North
2189,2022-06-20,660,27,5,386.32,West
2190,2022-06-22,231,15,4,91.58,West
2191,2023-10-25,539,15,2,240.58,East
2192,2023-03-29,701,19,4,265.55,North
2193,2022-12-16,165,38,1,387.47,North
2194,2023-05-09,724,47,5,314.54,West
2195,2023-09-12,820,20,4,205.66,East
2196,2024-10-24,587,20,3,148.43,East
2197,2024-07-07,604,18,5,486.75,West
2198,2022-01-06,574,34,3,149.42,North
2199,2022-10-15,66,39,2,73.44,South
2200,2023-08-31,920,37,1,157.2,South
2201,2023-04-02,80,35,4,170.2,South
2202,2024-10-26,140,38,5,72.65,West
2203,2023-09-16,400,38,4,356.99,North
2204,2023-01-11,932,1,4,313.39,North
2205,2023-03-23,130,12,5,165.14,South
2206,2024-04-14,985,5,1,496.57,East
2207,2024-03-21,766,27,1,330.96,East
2208,2024-08-16,446,39,2,354.56,West
2209,2024-04-28,832,20,5,283.02,East
2210,2024-03-19,29,40,5,280.27,North
2211,2024-09-05,988,19,3,19.81,North
2212,2023-02-20,202,38,3,387.74,West
2213,2023-12-27,237,15,3,456.26,East
2214,2023-03-30,599,6,1,69.91,North
2215,2022-05-30,608,9,2,399.86,West
2216,2024-01-29,799,36,2,271.81,East
2217,2024-02-18,339,48,4,149.8,South
2218,2024-08-30,399,23,2,461.23,West
2219,2024-02-02,439,10,3,18.51,South
2220,2024-09-28,289,1,5,144.29,West
2221,2022-03-17,252,11,4,444.26,East
2222,2023-08-22,977,49,1,245.7,West
2223,2022-08-13,692,50,2,303.47,North
2224,2022-04-23,100,20,5,377.39,South
2225,2022-09-08,916,28,3,82.51,East
2226,2024-04-20,585,22,1,115.44,South
2227,2023-12-15,422,20,1,499.33,West
2228,2022-05-05,643,47,2,126.35,West
2229,2024-12-28,694,38,5,274.21,West
2230,2024-12-06,706,16,3,156.37,West
2231,2024-06-02,18,2,3,427.2,West
2232,2022-01-30,471,25,3,481.26,West
2233,2022-10-08,638,27,3,79.23,North
2234,2024-07-12,723,3,2,304.28,South
2235,2023-01-03,7,23,2,407.67,West
2236,2023-05-10,419,32,5,413.28,South
2237,2024-11-14,380,17,4,225.82,East
2238,2023-12-19,508,40,2,120.43,South
2239,2024-10-13,114,20,3,199.7,South
2240,2023-08-29,852,30,5,378.06,North
2241,2023-01-10,511,28,3,496.95,North
2242,2023-10-01,596,47,2,281.6,South
2243,2024-11-14,851,45,5,105.61,South
2244,2022-04-26,873,23,3,30.55,East
2245,2022-02-17,976,19,4,472.41,South
2246,2022-04-09,614,25,1,246.69,East
2247,2023-02-09,469,24,1,361.13,North
2248,2023-11-16,93,1,3,333.49,North
2249,2024-06-21,492,28,1,446.53,South
2250,2023-05-18,828,29,4,140.38,East
2251,2024-06-12,102,44,4,226.44,East
2252,2022-09-15,493,50,3,457.67,South
2253,2024-04-23,763,50,4,296.93,East
2254,2022-05-01,536,35,1,44.97,South
2255,2024-03-20,485,50,3,105.3,North
2256,2024-09-04,989,17,1,126.24,West
2257,2022-02-23,479,11,4,496.95,West
2258,2024-10-15,877,37,4,119.83,South
2259,2024-02-23,167,7,5,436.15,West
2260,2022-08-29,140,26,2,48.27,North
2261,2023-04-28,94,23,2,99.04,North
2262,2024-10-09,181,18,3,437.31,North
2263,2022-07-06,576,29,1,450.48,East
2264,2023-10-18,4,39,2,96.34,East
2265,2022-09-19,606,50,3,122.63,South
2266,2024-08-10,389,34,4,269.98,East
2267,2023-05-06,272,38,2,35.81,West
2268,2023-03-07,795,8,1,473.19,West
2269,2022-08-27,132,21,5,187.42,East
2270,2022-10-31,584,21,5,249.75,East
2271,2022-10-25,816,49,2,61.47,North
2272,2022-03-17,904,36,5,25.95,North
2273,2024-09-25,593,17,3,239.23,North
2274,2023-10-04,512,16,1,69.62,North
2275,2024-04-06,686,15,4,318.86,North
2276,2022-10-10,812,15,1,399.3,West
2277,2023-08-14,963,40,4,25.52,East
2278,2022-03-13,987,17,5,309.99,South
2279,2023-12-04,52,1,3,409.66,East
2280,2023-07-29,290,13,4,225.32,West
2281,2024-09-26,446,38,5,480.26,South
2282,2024-06-10,237,10,4,64.49,West
2283,2022-01-12,789,33,2,168.26,North
2284,2022-05-21,491,26,1,122.74,South
2285,2022-01-17,280,12,3,498.13,West
2286,2024-12-22,44,19,5,154.15,East
2287,2022-09-10,882,15,3,200.08,West
2288,2023-04-10,766,5,1,425.33,West
2289,2023-01-11,937,2,4,465.68,East
2290,2024-09-07,925,14,4,469.5,East
2291,2023-06-04,359,29,3,283.5,North
2292,2022-03-31,646,41,4,335.02,East
2293,2023-12-21,568,1,4,181.09,East
2294,2024-03-14,526,13,4,307.51,North
2295,2024-03-06,690,49,2,158.35,West
2296,2023-09-22,462,32,5,375.55,West
2297,2022-03-17,101,34,5,160.53,East
2298,2024-07-14,692,14,1,440.91,North
2299,2023-02-04,984,38,4,80.31,West
2300,2024-08-27,461,38,3,290.18,West
2301,2024-12-30,769,50,4,265.13,West
2302,2024-03-07,268,41,1,139.22,West
2303,2022-07-14,883,15,4,23.72,East
2304,2022-08-16,362,39,2,82.78,West
2305,2023-04-06,408,6,1,484.3,North
2306,2023-09-10,37,29,5,471.24,North
2307,2024-11-10,468,37,5,68.46,East
2308,2022-03-05,966,19,2,193.68,South
2309,2022-06-14,716,1,5,237.91,West
2310,2022-01-27,981,21,2,244.26,East
2311,2024-10-08,259,39,5,156.42,South
2312,2022-10-12,509,18,5,457.35,East
2313,2022-10-08,667,27,4,455.16,East
2314,2024-04-17,750,28,1,19.27,South
2315,2024-04-10,309,8,5,328.5,North
2316,2024-07-06,612,31,1,46.44,South
2317,2022-08-12,273,12,1,302.77,West
2318,2024-02-23,625,42,5,434.78,South
2319,2024-08-22,110,6,1,328.27,West
2320,2024-08-07,655,26,2,239.77,West
2321,2024-11-19,679,16,3,479.37,North
2322,2022-02-14,260,30,2,375.83,East
2323,2023-04-16,657,19,5,132.16,South
2324,2022-02-03,742,18,2,199.6,West
2325,2023-10-15,907,24,3,382.34,South
2326,2024-04-09,268,45,2,19.46,South
2327,2022-08-09,32,20,1,41.34,West
2328,2023-06-18,923,7,5,431.12,West
2329,2023-11-23,940,7,1,31.04,East
2330,2024-07-20,811,16,1,342.47,South
2331,2024-04-20,731,42,5,166.26,West
2332,2024-10-07,177,47,5,414.69,East
2333,2023-08-05,104,14,4,425.2,South
2334,2022-08-27,236,12,3,477.14,South
2335,2023-03-17,93,29,1,56.82,West
2336,2022-05-28,201,15,1,217.2,North
2337,2024-10-29,811,8,5,291.24,West
2338,2023-01-23,899,39,5,458.87,South
2339,2024-12-09,743,9,2,140.59,North
2340,2024-07-04,925,46,1,45.1,West
2341,2023-09-30,767,28,1,108.86,North
2342,2022-10-05,597,27,5,252.83,East
2343,2024-09-15,35,7,1,343.71,West
2344,2023-08-12,117,44,3,348.43,South
2345,2023-10-11,688,14,4,46.59,South
2346,2023-09-10,458,11,5,383.09,North
2347,2022-05-15,471,32,5,333.52,North
2348,2023-08-03,935,28,1,209.7,East
2349,2023-05-05,985,6,4,289.83,West
2350,2023-04-23,920,35,4,386.19,East
2351,2023-01-19,788,6,5,138.43,North
2352,2022-06-12,399,24,5,470.62,South
2353,2023-03-17,597,9,5,77.51,East
2354,2023-02-19,117,2,3,452.09,West
2355,2022-10-15,362,38,1,373.02,South
2356,2022-07-06,204,14,3,333.65,West
2357,2022-05-10,146,31,5,50.62,North
2358,2022-07-13,444,30,4,460.31,North
2359,2022-11-12,727,27,1,154.71,West
2360,2022-05-24,617,36,1,375.35,West
2361,2022-01-16,861,46,5,443.55,North
2362,2023-02-27,297,31,5,129.7,East
2363,2022-09-02,868,42,5,458.15,East
2364,2024-07-15,581,6,5,309.85,West
2365,2022-05-09,487,43,5,332.93,West
2366,2024-06-25,986,45,5,458.11,North
2367,2024-06-05,767,18,1,268.1,West
2368,2022-12-07,231,14,3,225.92,West
2369,2022-01-04,203,20,4,320.28,South
2370,2022-11-02,362,11,5,281.47,West
2371,2024-06-26,395,37,4,40.12,West
2372,2023-08-30,248,40,1,98.44,West
2373,2024-09-18,440,4,4,16.65,East
2374,2022-11-17,914,44,1,63.0,North
2375,2023-07-13,396,6,2,367.63,North
2376,2023-09-10,761,23,3,12.31,South
2377,2023-12-12,656,8,2,159.16,East
2378,2023-06-15,795,30,1,230.17,East
2379,2023-02-14,356,36,2,469.53,North
2380,2024-03-28,401,42,1,170.23,West
2381,2023-05-08,241,11,2,393.73,North
2382,2022-01-12,341,47,1,210.3,West
2383,2022-07-14,887,5,3,58.26,West
2384,2023-05-05,229,3,3,58.43,East
2385,2024-03-05,543,15,3,221.89,North
2386,2024-05-30,621,2,1,38.36,South
2387,2022-07-01,931,2,4,290.09,North
2388,2024-08-19,539,8,2,251.89,South
2389,2023-10-18,855,46,2,354.24,East
2390,2023-11-25,672,30,2,100.95,West
2391,2022-01-30,529,41,2,300.54,North
2392,2024-02-17,267,5,3,95.52,East
2393,2023-03-20,129,30,4,363.89,East
2394,2022-10-25,220,44,2,160.51,West
2395,2024-03-18,82,10,4,311.06,South
2396,2024-04-24,561,33,1,442.51,West
2397,2024-10-12,553,24,1,249.23,North
2398,2023-07-08,20,19,2,104.22,East
2399,2022-10-30,327,30,5,444.2,West
2400,2023-02-25,37,25,3,185.7,South
2401,2022-07-04,382,11,2,367.82,South
2402,2023-04-13,912,49,3,166.85,South
2403,2024-01-24,39,35,2,156.13,East
2404,2022-12-29,109,1,3,324.59,West
2405,2022-12-02,429,17,5,86.59,East
2406,2022-06-11,64,31,5,434.82,South
2407,2022-01-12,175,6,1,199.94,West
2408,2023-08-11,791,13,2,19.45,North
2409,2022-07-20,32,26,5,159.66,South
2410,2023-06-06,945,36,5,394.63,West
2411,2023-05-20,721,5,2,431.09,East
2412,2024-02-27,891,47,2,288.26,North
2413,2024-11-28,531,14,1,154.11,West
2414,2022-03-01,106,15,5,268.65,West
2415,2023-08-01,482,12,3,419.82,South
2416,2022-11-17,206,50,2,164.86,West
2417,2024-07-11,247,46,2,198.86,East
2418,2023-07-23,835,42,2,274.45,East
2419,2023-06-11,679,8,2,444.7,South
2420,2023-06-08,89,31,5,295.25,North
2421,2023-09-05,316,26,3,111.73,North
2422,2022-05-05,11,29,1,53.66,West
2423,2024-05-20,49,4,4,56.56,South
2424,2022-10-07,911,50,5,475.62,East
2425,2024-07-05,896,28,5,412.98,South
2426,2023-09-14,979,25,4,385.27,West
2427,2024-04-25,573,40,4,253.22,East
2428,2023-11-05,171,32,2,339.54,West
2429,2022-11-10,143,36,3,72.39,East
2430,2022-11-28,207,11,5,314.24,East
2431,2022-02-05,998,37,5,407.28,East
2432,2024-11-11,463,10,1,40.45,South
2433,2022-07-25,509,38,4,155.11,East
2434,2023-10-01,201,36,4,64.04,North
2435,2024-04-27,5,50,5,137.51,North
2436,2023-03-16,211,27,4,388.54,West
2437,2023-12-30,984,17,2,172.7,West
2438,2024-07-29,29,7,1,347.95,South
2439,2022-06-13,190,9,5,388.92,East
2440,2022-05-28,188,35,1,410.15,East
2441,2022-10-21,837,9,2,437.95,East
2442,2022-07-14,767,36,1,302.84,South
2443,2023-10-25,150,30,4,147.51,North
2444,2023-04-25,525,31,5,83.77,East
2445,2022-05-03,946,19,1,256.82,West
2446,2023-11-30,884,41,3,60.74,North
2447,2024-08-22,943,23,5,456.25,East
2448,2023-10-23,366,20,1,226.82,East
2449,2023-12-11,157,6,5,437.76,North
2450,2023-01-31,80,43,1,357.54,South
2451,2024-06-30,868,24,1,430.04,East
2452,2024-10-01,273,47,4,443.14,South
2453,2022-11-13,660,22,1,36.11,West
2454,2023-11-12,718,6,3,365.38,East
2455,2023-05-10,626,24,4,121.01,East
2456,2023-07-10,518,42,3,494.76,East
2457,2023-09-02,790,22,3,391.42,East
2458,2022-04-19,232,18,2,11.84,South
2459,2023-01-07,649,16,3,464.43,South
2460,2024-05-04,160,36,1,153.23,North
2461,2023-09-08,344,13,5,214.16,South
2462,2024-02-07,289,37,4,310.02,South
2463,2022-07-25,205,24,4,458.99,West
2464,2024-04-26,995,19,4,464.39,North
2465,2022-02-12,838,50,5,286.1,West
2466,2024-05-14,305,20,3,165.2,North
2467,2024-02-24,360,27,2,146.8,East
2468,2023-04-21,670,17,1,188.55,West
2469,2022-03-24,870,16,4,98.45,North
2470,2022-07-09,400,1,1,338.22,South
2471,2024-03-10,449,21,3,268.62,West
2472,2024-07-24,106,27,2,389.0,North
2473,2022-09-08,82,1,4,56.11,West
2474,2022-10-18,342,30,3,205.95,East
2475,2022-11-22,986,20,2,127.53,South
2476,2024-04-16,782,24,4,272.24,East
2477,2023-05-23,952,46,3,239.44,South
2478,2024-01-01,421,2,1,230.29,North
2479,2022-03-13,49,15,5,164.67,North
2480,2023-10-03,206,29,4,366.15,North
2481,2024-07-28,218,35,2,245.97,North
2482,2023-08-31,818,13,2,109.1,West
2483,2023-07-20,676,19,5,278.25,North
2484,2022-02-23,436,1,5,302.37,South
2485,2023-06-12,791,45,3,20.48,East
2486,2023-09-03,322,47,5,109.85,West
2487,2022-07-12,231,16,4,128.78,East
2488,2022-02-27,711,43,5,131.56,East
2489,2022-05-09,487,3,4,127.03,West
2490,2023-12-07,429,40,1,143.1,East
2491,2024-05-01,883,6,5,138.74,North
2492,2022-01-08,726,31,1,443.19,East
2493,2022-01-29,284,5,2,166.63,East
2494,2024-08-04,486,26,5,181.38,South
2495,2022-05-11,276,28,2,140.43,West
2496,2022-07-07,433,15,1,484.11,West
2497,2023-12-10,185,9,2,272.39,South
2498,2022-07-31,722,22,1,309.17,North
2499,2022-10-03,633,37,3,370.39,South
2500,2022-08-31,216,21,1,173.52,North
2501,2024-09-13,97,42,3,484.7,East
2502,2023-11-16,955,29,2,84.64,East
2503,2022-06-20,119,26,1,234.33,North
2504,2023-10-15,365,6,3,81.27,East
2505,2022-07-07,794,11,1,397.28,North
2506,2022-02-21,403,36,4,62.59,South
2507,2022-04-21,618,20,4,281.41,South
2508,2024-05-26,397,44,2,61.36,East
2509,2024-12-02,458,20,4,231.8,West
2510,2022-07-30,318,27,5,147.35,South
2511,2024-05-07,382,6,3,452.62,West
2512,2023-09-19,142,33,5,36.02,West
2513,2024-11-15,457,30,4,328.47,North
2514,2022-10-26,501,50,2,350.67,South
2515,2024-07-12,907,34,5,445.6,East
2516,2022-05-17,323,5,2,440.09,East
2517,2024-11-09,1000,16,1,488.76,North
2518,2023-03-16,268,12,5,134.42,West
2519,2022-07-30,803,12,1,144.66,West
2520,2024-01-22,487,11,5,204.67,South
2521,2023-03-11,878,21,3,273.41,South
2522,2024-02-19,679,7,2,189.9,North
2523,2023-03-15,160,34,1,372.75,North
2524,2023-10-28,743,29,4,14.19,North
2525,2024-12-01,14,6,5,18.65,East
2526,2023-02-15,705,36,1,360.87,West
2527,2024-03-16,155,34,5,442.73,East
2528,2023-09-02,101,49,5,390.51,North
2529,2023-03-03,572,8,5,67.37,South
2530,2024-06-20,43,37,1,468.14,North
2531,2024-07-30,193,10,1,265.74,West
2532,2024-01-12,311,16,5,373.72,North
2533,2022-11-24,621,2,4,108.51,North
2534,2022-02-21,605,19,2,278.91,North
2535,2023-01-11,728,7,5,171.73,East
2536,2022-09-20,465,2,4,487.63,East
2537,2022-09-24,163,45,2,242.36,South
2538,2022-12-25,351,23,5,380.23,East
2539,2023-10-14,234,31,2,305.58,West
2540,2022-02-15,928,4,5,56.21,North
2541,2023-08-23,403,16,1,276.03,North
2542,2023-12-21,351,10,5,274.71,North
2543,2023-08-24,167,49,5,360.7,South
2544,2023-01-16,148,21,5,167.73,East
2545,2022-04-28,28,28,5,431.72,North
2546,2022-04-26,259,46,4,315.08,North
2547,2022-09-17,928,12,3,29.28,North
2548,2022-11-01,598,13,4,356.35,South
2549,2022-01-07,620,40,4,454.41,West
2550,2023-01-01,442,17,1,344.74,East
2551,2023-06-07,950,18,5,196.2,South
2552,2023-03-05,938,10,4,299.42,East
2553,2024-03-01,629,28,2,93.99,West
2554,2024-01-17,876,13,5,304.62,North
2555,2023-01-02,527,34,1,255.49,West
2556,2022-11-09,998,49,1,22.82,South
2557,2023-06-22,211,6,2,167.73,West
2558,2024-07-09,830,12,1,103.71,South
2559,2024-12-13,543,29,5,201.42,South
2560,2024-05-14,445,13,3,128.5,East
2561,2024-02-21,794,26,3,418.78,West
2562,2022-11-30,453,4,4,351.86,South
2563,2024-03-08,697,15,1,372.66,West
2564,2022-12-14,404,16,5,186.82,South
2565,2022-09-30,66,19,2,11.69,North
2566,2024-08-20,405,47,2,117.39,West
2567,2023-12-21,883,26,5,380.1,South
2568,2023-05-15,828,32,5,305.39,North
2569,2023-11-16,575,6,2,273.9,West
2570,2022-03-20,435,6,1,147.45,North
2571,2023-09-14,228,5,4,47.11,South
2572,2024-08-04,476,2,4,394.58,North
2573,2022-12-24,468,2,4,28.94,East
2574,2023-09-10,101,37,5,38.98,East
2575,2023-05-22,423,3,2,154.52,East
2576,2023-07-30,356,6,2,290.74,West
2577,2022-09-01,139,31,2,496.19,West
2578,2023-05-21,631,43,2,54.41,North
2579,2023-02-26,569,5,2,241.85,West
2580,2022-08-05,131,50,3,304.86,West
2581,2024-10-05,549,46,5,413.32,East
2582,2022-11-26,468,10,5,347.91,West
2583,2023-10-12,480,27,3,405.79,East
2584,2023-01-26,111,24,4,266.01,North
2585,2023-01-16,153,22,1,222.65,South
2586,2024-01-12,917,25,5,313.18,North
2587,2024-03-30,762,3,5,451.43,North
2588,2023-11-04,242,16,3,279.92,South
2589,2023-05-28,720,30,5,306.74,East
2590,2024-08-06,880,48,5,175.61,West
2591,2024-07-18,682,43,4,302.1,East
2592,2024-07-01,769,4,3,317.6,West
2593,2023-10-06,279,43,5,379.18,North
2594,2023-03-03,363,40,2,290.37,East
2595,2023-05-17,625,16,3,106.8,North
2596,2023-12-31,408,40,4,295.14,North
2597,2022-03-12,175,41,1,155.96,West
2598,2023-04-23,601,46,5,52.79,East
2599,2023-04-02,135,8,2,414.46,North
2600,2022-07-08,506,24,2,42.38,West
2601,2022-10-18,294,16,1,319.53,East
2602,2024-07-08,495,27,3,494.36,South
2603,2022-10-19,815,2,4,52.93,North
2604,2024-01-26,871,20,5,117.86,East
2605,2023-01-12,419,20,5,382.79,South
2606,2023-05-23,206,20,5,57.48,North
2607,2023-06-12,318,19,2,418.04,South
2608,2023-07-13,73,18,3,10.13,North
2609,2024-11-20,259,13,1,446.07,East
2610,2022-09-17,358,17,3,42.74,South
2611,2023-02-25,148,33,4,461.77,South
2612,2022-10-31,225,28,4,433.63,South
2613,2024-07-30,105,5,1,274.39,East
2614,2024-11-28,556,28,2,391.19,North
2615,2023-06-26,928,25,1,46.69,East
2616,2024-12-25,356,20,4,76.22,South
2617,2022-04-18,538,21,2,190.95,South
2618,2022-09-25,816,13,3,273.35,South
2619,2022-08-10,261,6,4,435.42,West
2620,2023-11-24,571,29,2,275.91,East
2621,2022-09-12,573,42,2,335.95,South
2622,2022-09-10,817,9,5,343.14,North
2623,2022-09-14,926,29,3,440.01,North
2624,2023-01-18,913,38,2,390.61,East
2625,2023-03-18,70,1,1,488.74,North
2626,2023-08-22,954,30,3,19.81,East
2627,2023-01-25,447,50,3,111.84,East
2628,2023-08-05,957,32,4,465.92,South
2629,2024-12-03,447,23,3,398.19,East
2630,2023-08-21,783,39,3,141.01,South
2631,2022-01-19,257,10,5,487.38,North
2632,2023-08-30,909,44,3,436.24,North
2633,2022-02-02,944,21,2,41.68,South
2634,2024-05-11,896,26,1,407.54,South
2635,2022-06-04,930,15,5,394.4,North
2636,2024-06-23,637,17,5,118.36,East
2637,2023-02-09,926,35,5,337.93,West
2638,2024-04-23,531,25,5,485.41,South
2639,2024-01-17,119,15,4,341.18,South
2640,2022-09-28,832,33,5,408.74,West
2641,2024-02-09,66,11,4,58.7,South
2642,2022-06-21,245,24,4,366.45,East
2643,2022-10-01,57,6,3,110.33,East
2644,2022-09-16,44,28,1,45.21,West
2645,2023-02-26,524,29,3,280.52,West
2646,2022-12-30,890,48,4,377.8,West
2647,2023-01-13,424,21,3,277.9,South
2648,2023-08-03,748,12,2,466.48,West
2649,2024-06-09,536,22,5,350.88,North
2650,2023-12-23,395,27,5,67.61,East
2651,2024-05-30,450,21,4,467.91,South
2652,2023-08-28,257,15,3,84.92,East
2653,2022-01-22,954,18,2,381.55,North
2654,2023-01-18,796,10,2,82.79,West
2655,2022-05-14,836,22,2,499.3,East
2656,2024-11-14,361,44,4,172.77,North
2657,2023-05-18,763,20,3,253.01,West
2658,2022-05-24,606,19,2,238.75,West
2659,2022-08-12,380,28,2,59.93,West
2660,2022-08-08,443,37,3,252.07,East
2661,2022-06-28,967,50,3,83.26,South
2662,2023-03-09,892,44,5,402.97,South
2663,2022-09-22,534,1,1,479.57,South
2664,2024-08-11,474,34,1,405.95,North
2665,2023-03-05,157,35,2,221.22,West
2666,2023-02-20,89,26,3,11.16,North
2667,2023-12-28,202,30,5,27.96,East
2668,2022-07-16,980,12,4,252.57,South
2669,2024-12-12,462,14,1,342.95,East
2670,2023-04-25,481,39,1,411.56,North
2671,2024-06-08,709,4,3,303.77,South
2672,2024-07-13,557,12,4,489.37,East
2673,2022-05-03,454,24,1,251.95,East
2674,2024-02-17,470,40,5,304.01,East
2675,2022-12-14,380,31,1,122.75,East
2676,2022-01-29,401,1,3,176.43,North
2677,2024-09-01,79,37,3,344.73,North
2678,2022-02-04,551,1,4,304.8,West
2679,2023-09-15,936,15,1,191.13,East
2680,2023-08-12,796,13,4,64.87,North
2681,2024-12-26,386,29,1,177.88,South
2682,2024-06-22,978,45,2,31.64,South
2683,2023-06-04,667,4,1,294.58,West
2684,2022-05-02,661,15,3,168.28,East
2685,2022-12-06,343,44,3,196.13,West
2686,2022-06-24,903,40,2,291.79,South
2687,2023-08-20,445,48,1,294.83,South
2688,2023-03-27,52,12,1,298.29,West
2689,2023-07-11,251,25,3,250.88,East
2690,2024-11-05,944,27,2,249.18,North
2691,2022-01-09,894,6,3,412.4,West
2692,2022-11-30,659,23,2,239.1,West
2693,2024-10-13,329,15,3,272.65,West
2694,2022-11-23,908,39,5,494.23,East
2695,2022-01-15,494,5,1,98.71,West
2696,2024-04-18,350,23,4,365.95,East
2697,2022-08-14,967,15,5,241.86,North
2698,2022-04-23,770,25,3,416.97,North
2699,2022-01-01,785,30,2,207.98,West
2700,2022-09-23,459,44,4,158.46,North
2701,2024-08-09,498,43,2,111.82,West
2702,2022-11-02,125,4,2,437.4,South
2703,2022-01-12,204,13,1,361.98,North
2704,2024-07-25,768,50,3,47.68,South
2705,2023-02-24,643,40,1,359.61,North
2706,2024-06-07,21,39,2,27.16,West
2707,2022-06-20,590,23,1,99.0,East
2708,2022-05-14,847,16,5,300.47,North
2709,2024-08-22,563,35,2,237.12,East
2710,2024-11-14,362,16,2,421.84,West
2711,2023-10-20,361,48,5,307.87,West
2712,2022-06-28,778,7,2,482.84,East
2713,2024-12-15,116,45,4,429.04,North
2714,2022-04-21,55,13,4,176.71,South
2715,2022-05-17,292,50,3,418.73,South
2716,2022-08-20,51,29,3,436.27,West
2717,2024-09-18,842,39,1,485.17,West
2718,2023-04-13,785,20,1,16.16,West
2719,2024-01-02,254,50,5,438.62,South
2720,2023-04-26,492,29,5,44.25,West
2721,2024-12-27,985,18,2,268.78,West
2722,2024-03-24,573,22,3,213.19,West
2723,2024-09-20,859,36,3,460.74,East
2724,2022-11-19,993,41,3,208.52,West
2725,2024-07-10,971,48,3,302.06,South
2726,2024-06-22,909,36,1,349.02,East
2727,2023-08-29,961,8,4,19.32,North
2728,2023-03-05,863,3,5,299.56,South
2729,2022-05-28,225,29,5,263.82,West
2730,2024-04-29,469,9,3,301.06,North
2731,2023-01-02,848,8,3,47.11,North
2732,2024-04-29,103,30,1,37.22,East
2733,2024-12-25,983,12,1,97.0,West
2734,2024-03-23,970,46,5,436.06,East
2735,2022-06-24,48,28,3,184.67,West
2736,2023-08-11,737,42,3,222.68,West
2737,2023-05-10,342,49,5,201.18,East
2738,2024-08-30,233,43,1,360.04,West
2739,2022-02-04,582,10,5,137.14,East
2740,2024-09-25,559,13,1,43.51,South
2741,2023-06-22,228,2,1,195.31,East
2742,2024-01-20,522,1,1,366.64,North
2743,2024-11-03,697,22,3,458.33,South
2744,2023-01-09,592,33,5,34.9,South
2745,2023-07-11,13,16,1,407.14,West
2746,2022-08-21,499,42,4,42.43,South
2747,2023-12-06,445,29,1,172.02,South
2748,2023-07-17,826,10,1,20.93,East
2749,2024-07-27,340,39,1,456.66,South
2750,2024-06-05,324,7,2,356.33,South
2751,2023-12-27,596,1,4,190.88,South
2752,2022-03-17,598,26,3,194.95,East
2753,2023-03-15,157,45,5,323.52,East
2754,2023-11-30,656,5,5,53.93,South
2755,2024-07-03,575,35,5,81.07,South
2756,2024-06-09,431,13,3,425.14,West
2757,2023-11-23,555,27,1,109.13,North
2758,2022-09-10,407,12,4,366.07,South
2759,2024-11-26,158,30,5,120.64,North
2760,2023-02-14,185,50,2,53.19,North
2761,2022-05-07,798,32,2,451.02,West
2762,2023-08-15,491,31,4,451.82,South
2763,2022-10-21,835,5,5,306.6,East
2764,2024-10-16,952,37,1,236.4,East
2765,2022-11-06,536,2,5,280.85,South
2766,2023-10-24,357,38,1,209.98,North
2767,2023-06-12,717,7,5,381.02,East
2768,2023-06-24,362,1,2,379.73,East
2769,2023-02-23,224,3,3,411.3,North
2770,2023-03-20,613,20,4,266.23,West
2771,2023-11-16,204,2,1,402.66,West
2772,2024-04-19,8,42,3,86.3,East
2773,2022-08-24,472,43,1,24.77,North
2774,2022-08-02,172,21,4,327.55,South
2775,2022-03-26,720,45,3,61.68,North
2776,2024-03-04,96,32,3,279.83,East
2777,2022-03-26,674,48,4,363.35,West
2778,2022-03-06,803,20,4,209.47,South
2779,2023-10-25,608,43,1,31.5,South
2780,2023-09-19,306,50,3,444.69,East
2781,2022-03-05,657,31,4,31.19,West
2782,2024-07-27,258,43,1,453.33,East
2783,2024-07-07,474,33,5,35.79,North
2784,2023-05-06,950,24,4,370.23,West
2785,2022-11-09,300,18,3,463.17,West
2786,2023-09-07,465,20,5,454.42,North
2787,2024-07-07,614,32,4,447.76,West
2788,2024-03-23,689,5,2,442.71,South
2789,2024-07-28,898,2,3,260.1,South
2790,2023-11-11,328,26,3,283.27,East
2791,2023-03-11,110,25,1,313.66,North
2792,2023-11-13,710,50,2,449.01,South
2793,2024-12-09,905,22,4,420.7,West
2794,2022-12-06,129,39,2,393.66,West
2795,2022-12-13,965,22,4,341.1,East
2796,2023-10-08,871,11,1,313.01,West
2797,2023-10-11,137,11,5,462.01,North
2798,2022-09-02,910,45,2,104.4,South
2799,2022-04-19,539,4,3,104.44,East
2800,2023-06-17,649,33,4,491.41,East
2801,2022-10-23,164,18,2,281.05,South
2802,2022-04-22,349,31,4,246.85,South
2803,2022-12-09,980,44,2,426.79,North
2804,2022-04-11,463,28,3,426.39,West
2805,2023-09-21,868,42,4,96.53,West
2806,2022-01-28,643,22,4,95.05,South
2807,2024-07-25,504,40,5,399.68,West
2808,2022-02-27,885,3,1,394.96,South
2809,2022-10-24,151,7,2,120.34,West
2810,2022-05-14,890,20,3,422.34,South
2811,2022-09-06,246,43,5,245.23,West
2812,2024-10-17,110,7,5,240.29,North
2813,2023-07-04,585,7,1,492.99,East
2814,2024-06-20,798,29,3,264.42,West
2815,2024-04-13,275,26,2,77.15,South
2816,2024-02-10,870,41,4,147.28,North
2817,2022-05-26,67,3,1,173.5,North
2818,2024-06-11,50,43,4,479.65,East
2819,2022-12-10,816,17,5,139.38,North
2820,2024-11-24,515,40,4,220.9,East
2821,2023-12-03,226,20,2,377.32,West
2822,2022-01-01,578,34,2,144.31,West
2823,2022-06-02,506,33,4,353.8,West
2824,2023-03-05,155,16,4,111.68,South
2825,2023-05-23,983,23,1,128.83,West
2826,2023-05-06,874,4,2,493.3,East
2827,2022-12-11,480,41,4,190.78,West
2828,2022-08-09,111,40,3,367.55,North
2829,2023-12-24,483,33,1,421.63,East
2830,2024-11-14,808,8,1,179.96,West
2831,2023-06-12,893,5,1,185.01,South
2832,2024-04-20,768,33,1,388.81,East
2833,2024-12-01,274,25,4,307.43,East
2834,2023-04-26,155,7,5,187.26,East
2835,2024-07-18,651,47,3,377.29,South
2836,2024-05-21,167,7,5,433.22,West
2837,2022-12-11,19,33,5,125.17,North
2838,2022-02-14,345,41,4,21.93,North
2839,2022-01-21,903,33,1,144.33,South
2840,2024-12-29,735,29,1,340.5,North
2841,2024-05-22,569,44,4,458.47,East
2842,2022-02-17,898,39,4,432.9,East
2843,2023-07-05,294,41,2,118.86,North
2844,2022-10-14,645,32,1,441.69,East
2845,2024-09-28,462,37,3,407.26,South
2846,2024-10-30,338,44,2,369.86,East
2847,2023-06-26,804,29,5,347.23,South
2848,2024-01-26,452,22,1,405.48,West
2849,2022-10-01,344,2,4,432.25,East
2850,2024-08-13,717,50,4,411.36,West
2851,2023-08-23,631,9,4,69.71,North
2852,2023-01-16,765,29,1,363.86,North
2853,2023-04-24,85,33,3,422.24,East
2854,2022-01-15,697,10,4,101.0,South
2855,2023-05-31,737,28,1,114.76,South
2856,2022-07-10,660,46,5,395.13,South
2857,2023-09-13,389,46,2,178.53,South
2858,2022-06-03,792,39,1,205.85,South
2859,2022-09-29,227,12,1,194.81,South
2860,2022-05-23,286,22,4,114.29,South
2861,2024-12-28,284,6,2,470.01,North
2862,2022-09-04,693,45,2,404.87,West
2863,2024-02-27,947,40,4,132.76,West
2864,2022-03-20,109,23,3,61.98,North
2865,2023-09-15,135,34,1,192.58,North
2866,2023-06-09,938,42,4,213.5,North
2867,2024-02-11,291,38,3,13.48,East
2868,2024-07-26,887,16,4,444.7,South
2869,2023-09-09,990,10,5,427.13,West
2870,2024-10-28,802,47,3,426.58,North
2871,2022-03-08,615,21,3,404.84,South
2872,2022-07-10,713,10,2,369.23,South
2873,2024-02-07,508,11,1,320.92,South
2874,2023-06-05,629,21,4,480.54,South
2875,2024-09-16,844,25,4,358.75,East
2876,2022-09-24,822,34,1,318.82,West
2877,2023-04-30,29,31,1,396.52,South
2878,2023-01-11,394,27,2,130.67,North
2879,2023-10-15,27,25,1,483.9,North
2880,2023-07-03,467,42,5,19.39,East
2881,2022-03-14,13,32,2,327.72,East
2882,2022-11-04,554,44,3,47.78,West
2883,2022-07-18,933,11,1,428.12,South
2884,2023-07-26,445,47,3,484.14,East
2885,2024-03-01,224,26,2,210.22,East
2886,2022-06-28,463,36,5,430.01,North
2887,2022-07-16,21,37,5,174.5,East
2888,2024-01-05,387,33,1,88.11,North
2889,2022-03-30,648,33,5,145.56,West
2890,2024-03-09,326,42,4,157.9,West
2891,2024-02-27,733,36,2,319.03,North
2892,2024-01-18,467,13,5,400.11,North
2893,2022-07-28,657,14,2,110.56,West
2894,2023-05-08,522,37,2,53.22,South
2895,2023-10-27,225,43,4,118.61,North
2896,2024-11-02,653,40,1,155.3,East
2897,2024-05-20,475,1,2,147.11,West
2898,2024-01-02,618,5,4,117.78,East
2899,2023-11-29,780,30,5,238.34,West
2900,2023-08-17,706,18,3,429.43,North
2901,2024-06-04,458,45,1,59.17,North
2902,2024-05-01,640,37,3,432.39,North
2903,2022-11-21,213,39,4,253.53,North
2904,2024-09-05,663,12,2,333.63,North
2905,2024-08-13,961,34,4,409.53,West
2906,2024-06-12,481,45,1,159.12,East
2907,2022-05-24,896,14,1,477.57,South
2908,2023-01-19,180,38,5,51.03,West
2909,2022-08-04,829,16,4,268.56,North
2910,2022-11-20,538,42,1,134.85,North
2911,2024-11-04,527,11,4,209.89,South
2912,2022-08-05,22,33,5,229.94,North
2913,2024-08-08,345,15,5,458.11,East
2914,2022-07-02,577,48,4,226.37,East
2915,2022-09-27,763,42,1,351.99,South
2916,2024-08-02,922,10,2,476.36,North
2917,2024-05-19,21,3,2,252.32,North
2918,2023-04-12,745,11,5,210.07,East
2919,2022-11-01,408,11,1,486.75,East
2920,2022-04-21,487,16,5,415.56,North
2921,2024-10-10,528,38,5,470.49,North
2922,2022-08-20,416,30,5,204.64,North
2923,2023-08-18,272,41,5,351.2,North
2924,2022-06-22,205,1,4,132.31,North
2925,2024-08-30,298,38,4,434.25,East
2926,2024-10-27,672,50,1,467.21,West
2927,2023-06-30,946,45,1,141.25,East
2928,2023-07-02,553,34,3,61.42,East
2929,2023-06-02,108,19,2,108.36,West
2930,2024-07-02,637,34,4,320.09,East
2931,2022-08-03,152,36,1,143.37,South
2932,2022-05-14,13,4,5,322.92,East
2933,2022-10-12,715,10,4,181.59,West
2934,2023-11-17,79,17,2,459.25,North
2935,2022-11-27,906,16,4,231.77,East
2936,2024-06-12,554,21,2,253.83,East
2937,2024-06-17,169,28,3,180.55,West
2938,2022-03-19,249,8,1,45.79,East
2939,2024-08-04,121,29,2,251.88,South
2940,2023-11-19,387,6,3,389.44,East
2941,2022-01-21,439,30,4,476.98,East
2942,2023-07-20,272,2,1,47.52,North
2943,2024-04-06,300,47,2,400.72,North
2944,2022-06-28,721,31,2,140.86,West
2945,2024-12-18,473,25,1,413.18,North
2946,2024-06-23,158,23,4,177.59,North
2947,2023-10-31,633,43,4,66.07,South
2948,2022-07-10,227,21,5,309.89,East
2949,2023-12-09,421,16,4,448.01,South
2950,2024-11-24,956,4,1,98.98,East
2951,2023-01-14,973,43,3,20.68,North
2952,2023-01-22,24,46,1,443.08,East
2953,2022-08-25,742,8,2,351.94,East
2954,2023-09-08,538,6,5,406.26,East
2955,2022-10-10,570,27,5,39.32,South
2956,2022-01-01,777,36,3,446.32,North
2957,2023-04-09,638,36,2,215.39,West
2958,2024-08-24,957,24,4,449.83,North
2959,2022-06-21,787,6,4,41.81,South
2960,2024-04-22,540,43,4,443.56,South
2961,2023-11-21,903,33,1,339.95,South
2962,2023-07-29,813,2,4,281.59,West
2963,2022-06-14,982,41,2,40.27,West
2964,2023-01-18,128,16,5,347.32,West
2965,2022-07-28,94,38,1,302.91,North
2966,2022-08-12,703,9,4,365.88,North
2967,2022-01-03,421,5,2,361.19,North
2968,2023-01-07,272,10,3,227.43,South
2969,2023-09-03,484,30,2,110.29,West
2970,2022-04-26,5,7,5,460.29,West
2971,2023-03-23,157,29,2,463.54,South
2972,2023-02-19,52,2,2,113.85,North
2973,2024-06-10,243,20,1,319.02,East
2974,2024-11-13,663,4,5,109.41,East
2975,2023-10-25,774,28,4,432.0,North
2976,2024-12-09,420,8,5,58.12,West
2977,2023-12-19,953,35,3,495.2,East
2978,2024-11-16,929,2,5,309.32,South
2979,2022-09-28,817,41,1,21.23,West
2980,2023-07-16,425,28,4,442.13,North
2981,2024-03-14,80,11,5,345.38,South
2982,2022-09-04,695,36,4,351.69,East
2983,2023-01-22,354,9,1,144.77,North
2984,2023-12-03,619,38,2,175.03,West
2985,2023-07-13,666,1,3,458.06,East
2986,2024-08-30,293,27,5,321.13,South
2987,2024-09-10,717,3,4,18.31,North
2988,2022-12-18,116,39,5,170.43,West
2989,2024-01-23,529,9,1,303.29,South
2990,2024-02-20,480,40,2,82.52,South
2991,2024-10-21,288,28,1,58.16,South
2992,2023-06-30,668,21,4,39.1,South
2993,2022-03-20,477,28,5,318.98,North
2994,2022-11-30,25,45,4,167.09,East
2995,2024-06-07,431,24,1,193.1,West
2996,2023-05-17,278,18,5,39.42,West
2997,2024-02-04,987,9,4,371.63,East
2998,2024-07-09,317,26,5,385.71,South
2999,2023-07-04,638,24,3,416.42,South
3000,2022-01-14,812,6,1,329.32,South
3001,2023-01-27,358,12,1,388.91,West
3002,2022-11-06,276,36,3,292.84,East
3003,2023-01-21,877,9,2,250.9,North
3004,2024-08-31,690,10,4,137.31,East
3005,2022-12-06,344,3,2,36.15,East
3006,2023-08-20,431,49,5,152.99,South
3007,2024-01-27,559,29,4,344.98,South
3008,2024-11-11,712,7,4,464.15,West
3009,2022-10-18,563,26,4,135.54,North
3010,2022-11-02,439,8,3,338.23,South
3011,2023-09-26,462,43,1,244.34,West
3012,2023-09-17,807,13,3,317.5,West
3013,2024-07-27,270,35,3,10.79,West
3014,2024-04-27,709,19,3,70.1,West
3015,2023-03-18,431,46,2,116.34,West
3016,2023-05-18,21,22,3,447.79,South
3017,2022-05-10,143,16,1,29.86,South
3018,2023-08-20,760,15,4,289.12,East
3019,2024-05-11,868,2,2,465.03,North
3020,2023-08-16,353,38,3,329.51,West
3021,2024-09-25,465,21,3,247.36,North
3022,2022-11-21,468,30,4,199.14,West
3023,2024-12-28,513,7,4,315.86,East
3024,2023-03-24,464,31,2,245.39,West
3025,2024-03-29,877,41,1,355.65,West
3026,2023-12-10,850,41,2,312.71,East
3027,2022-09-22,394,49,4,288.03,South
3028,2023-09-04,919,35,1,478.84,North
3029,2024-04-11,786,4,3,419.49,East
3030,2023-11-05,753,34,3,308.34,East
3031,2022-06-06,58,1,5,273.94,South
3032,2022-09-08,126,10,4,364.73,West
3033,2024-05-27,841,30,5,403.92,South
3034,2023-06-14,878,32,2,154.67,West
3035,2022-11-23,990,3,2,336.8,North
3036,2024-08-18,461,10,1,76.23,North
3037,2024-06-13,52,9,4,220.92,North
3038,2022-04-07,735,17,1,469.83,South
3039,2023-05-28,814,47,1,169.89,North
3040,2022-08-04,875,3,2,85.58,South
3041,2022-05-05,269,27,2,81.61,North
3042,2022-02-28,96,35,4,202.93,South
3043,2022-06-10,273,4,2,120.34,North
3044,2022-10-11,323,4,4,219.19,East
3045,2022-04-16,573,49,5,362.25,South
3046,2022-08-16,833,32,3,445.2,East
3047,2022-11-14,693,38,5,63.98,North
3048,2024-03-12,133,11,2,386.52,South
3049,2024-05-23,928,44,3,60.71,North
3050,2023-04-17,89,39,3,195.92,South
3051,2024-12-15,685,45,1,498.31,West
3052,2023-09-17,824,6,3,43.65,East
3053,2022-01-13,5,35,4,21.21,West
3054,2024-11-07,357,46,2,173.49,North
3055,2023-11-25,343,32,2,476.05,South
3056,2024-08-30,204,46,1,19.82,East
3057,2022-04-23,674,23,1,119.13,East
3058,2022-08-17,573,42,2,305.55,East
3059,2022-06-20,471,37,1,124.54,North
3060,2022-10-22,464,26,3,36.37,North
3061,2022-07-08,497,34,3,35.7,East
3062,2023-03-02,702,38,4,283.99,South
3063,2024-09-03,837,11,1,285.33,North
3064,2023-10-20,63,50,2,356.17,North
3065,2024-07-07,556,21,5,74.55,North
3066,2023-05-14,239,43,2,254.93,West
3067,2024-02-01,540,24,5,304.47,East
3068,2024-05-15,198,15,5,118.96,South
3069,2024-04-05,781,3,4,278.2,North
3070,2022-03-12,683,2,5,357.04,South
3071,2022-09-05,30,7,3,495.51,North
3072,2022-05-26,666,5,3,302.25,North
3073,2023-08-05,209,45,4,431.98,South
3074,2023-04-15,63,40,2,418.5,South
3075,2022-07-12,841,29,2,470.73,South
3076,2024-12-27,57,41,2,364.3,East
3077,2023-05-09,832,32,2,114.42,South
3078,2022-02-21,720,30,3,156.06,South
3079,2024-05-31,433,8,3,394.5,South
3080,2022-12-29,308,32,4,265.2,South
3081,2024-07-05,575,42,4,133.14,South
3082,2023-04-19,760,2,4,331.77,South
3083,2023-06-05,466,10,2,454.2,South
3084,2023-11-22,653,43,2,185.27,North
3085,2023-06-16,605,43,3,302.16,South
3086,2024-04-19,107,37,3,294.94,South
3087,2024-12-24,877,46,1,72.22,West
3088,2022-08-29,600,3,1,54.22,South
3089,2023-06-20,301,23,2,445.82,West
3090,2022-03-24,620,34,3,467.43,South
3091,2024-09-08,46,18,2,453.08,South
3092,2024-08-08,77,33,5,204.36,North
3093,2023-09-03,729,33,1,150.93,West
3094,2023-07-28,169,17,4,471.66,East
3095,2022-10-13,814,6,2,442.57,South
3096,2024-09-15,129,13,5,411.71,North
3097,2023-04-04,713,21,4,173.75,East
3098,2022-05-06,708,31,5,322.98,West
3099,2023-03-01,860,21,3,377.71,South
3100,2023-07-08,268,33,3,292.32,North
3101,2023-09-02,600,28,3,304.98,East
3102,2022-04-22,765,6,4,380.78,East
3103,2023-02-06,750,8,4,385.75,East
3104,2022-05-02,585,13,3,127.57,East
3105,2022-09-30,419,34,4,201.43,East
3106,2023-02-02,870,40,3,392.78,North
3107,2023-04-16,867,22,2,138.11,South
3108,2024-09-11,161,1,3,458.64,West
3109,2023-07-23,58,13,1,421.06,East
3110,2024-06-15,384,1,2,448.77,North
3111,2024-03-30,885,10,3,155.68,South
3112,2024-05-02,803,5,1,61.51,North
3113,2023-12-11,510,20,3,59.29,West
3114,2022-11-17,430,13,2,282.39,North
3115,2022-06-28,340,37,3,159.74,East
3116,2024-06-15,578,10,4,139.13,South
3117,2022-08-07,940,3,3,118.98,North
3118,2024-02-28,26,34,2,285.43,South
3119,2023-05-07,810,34,5,278.57,East
3120,2022-03-02,589,30,3,216.93,West
3121,2024-12-13,798,37,4,77.84,West
3122,2023-06-22,372,4,2,465.11,South
3123,2024-04-27,928,34,1,219.69,East
3124,2024-09-14,36,32,5,70.58,West
3125,2022-03-06,531,21,3,28.17,North
3126,2023-08-09,790,41,2,84.77,South
3127,2022-06-20,833,24,4,155.59,South
3128,2023-06-19,825,9,4,318.75,East
3129,2023-11-24,267,41,2,485.76,East
3130,2022-04-18,794,24,4,143.31,West
3131,2024-03-24,432,25,5,397.0,South
3132,2024-10-01,19,36,1,456.58,North
3133,2023-03-28,339,8,4,201.87,North
3134,2023-08-13,140,50,4,134.1,North
3135,2024-11-05,67,41,1,250.62,North
3136,2022-11-23,824,29,5,449.39,East
3137,2023-08-31,530,25,5,15.38,West
3138,2023-10-21,369,35,5,248.45,East
3139,2022-01-02,261,38,4,381.22,North
3140,2024-10-30,624,28,4,304.55,North
3141,2023-03-10,920,19,5,253.7,West
3142,2022-05-05,974,32,4,281.27,South
3143,2023-04-30,627,37,3,313.42,East
3144,2023-10-14,678,49,4,344.22,West
3145,2024-03-10,579,28,5,184.53,North
3146,2024-05-22,767,35,2,263.51,North
3147,2022-05-09,582,8,5,144.05,South
3148,2023-03-14,972,41,2,492.16,West
3149,2024-01-21,820,23,4,101.77,West
3150,2023-05-16,203,40,4,83.82,North
3151,2024-12-17,639,46,2,141.72,South
3152,2022-07-30,935,23,5,460.83,East
3153,2024-06-20,955,32,1,332.84,North
3154,2022-02-14,410,10,1,233.4,North
3155,2023-06-19,833,17,5,463.44,South
3156,2023-04-06,80,35,4,451.07,South
3157,2023-01-26,688,35,2,206.78,West
3158,2024-12-03,113,3,2,286.18,North
3159,2022-01-27,623,36,5,453.63,East
3160,2024-03-04,821,29,5,166.51,North
3161,2024-09-01,137,49,3,209.69,South
3162,2023-07-02,645,46,2,398.58,East
3163,2023-09-13,884,27,3,352.33,North
3164,2023-07-21,840,31,4,33.84,West
3165,2023-12-05,189,34,2,67.51,East
3166,2022-07-04,277,12,5,424.67,South
3167,2024-12-28,737,37,5,24.57,West
3168,2024-04-27,103,25,4,460.77,West
3169,2023-08-22,107,2,1,143.16,West
3170,2024-03-16,575,30,3,303.21,South
3171,2022-03-20,916,44,5,286.64,South
3172,2023-08-02,954,9,2,204.16,North
3173,2023-02-17,757,23,2,25.4,West
3174,2023-06-30,173,9,2,104.31,East
3175,2022-06-18,918,20,4,311.34,East
3176,2023-11-12,845,1,1,228.72,West
3177,2023-08-06,999,39,3,212.78,South
3178,2023-05-30,331,23,2,57.87,North
3179,2022-02-01,722,18,2,180.09,South
3180,2022-10-14,191,42,5,267.95,South
3181,2023-08-17,670,32,1,48.07,West
3182,2024-12-02,831,47,5,42.68,West
3183,2023-09-09,225,9,4,250.86,North
3184,2024-10-21,684,11,4,285.01,West
3185,2022-09-27,323,1,3,136.24,South
3186,2023-06-02,954,11,4,169.63,East
3187,2024-10-30,508,33,3,400.47,West
3188,2023-08-06,961,30,5,435.93,North
3189,2022-08-14,548,5,2,169.36,North
3190,2023-11-01,134,50,2,184.3,South
3191,2024-07-05,37,1,1,416.86,West
3192,2022-05-06,93,10,4,487.18,North
3193,2024-08-13,75,13,1,167.09,South
3194,2022-03-15,756,27,1,396.48,South
3195,2022-02-25,183,8,2,245.05,West
3196,2023-12-21,717,28,4,139.23,West
3197,2023-07-07,459,45,2,344.07,West
3198,2022-02-01,699,2,1,236.65,South
3199,2023-07-28,678,12,4,141.4,South
3200,2023-10-29,627,27,2,62.54,East
3201,2022-10-11,409,13,3,434.81,South
3202,2022-07-06,207,22,3,440.55,North
3203,2023-05-13,245,40,5,46.73,South
3204,2022-05-10,333,15,5,335.06,West
3205,2023-10-01,673,31,4,89.66,South
3206,2022-04-24,525,7,5,326.7,West
3207,2022-01-13,294,39,4,454.73,South
3208,2023-03-20,954,49,1,137.51,East
3209,2023-03-23,984,35,3,180.49,South
3210,2024-09-12,916,7,4,399.61,South
3211,2024-09-19,748,12,1,370.33,North
3212,2023-12-16,273,14,3,210.24,East
3213,2022-03-15,379,34,2,425.79,West
3214,2023-06-21,626,39,1,461.09,North
3215,2022-04-11,664,48,2,231.8,South
3216,2022-06-25,26,9,5,29.33,North
3217,2023-03-03,680,33,4,259.63,West
3218,2022-02-10,544,12,3,372.44,West
3219,2023-03-05,733,34,5,117.82,North
3220,2022-12-10,718,27,1,58.72,East
3221,2023-01-01,933,22,5,149.76,West
3222,2023-09-01,854,18,2,15.68,East
3223,2023-10-19,610,46,2,360.58,West
3224,2023-12-29,91,44,4,81.57,East
3225,2022-08-17,476,18,5,364.59,West
3226,2024-04-04,889,37,3,124.93,North
3227,2024-06-07,726,7,2,496.11,East
3228,2024-09-10,188,4,1,270.58,North
3229,2024-04-15,569,45,5,30.26,North
3230,2022-04-27,619,16,3,388.61,West
3231,2024-03-28,954,22,3,210.94,South
3232,2023-01-03,195,48,3,307.59,North
3233,2022-06-17,534,36,3,476.09,South
3234,2024-08-11,698,20,2,263.46,West
3235,2023-10-23,880,31,4,404.14,North
3236,2023-11-26,85,33,5,158.37,South
3237,2024-07-13,592,13,2,360.12,East
3238,2022-06-01,841,20,4,58.67,South
3239,2023-08-09,77,41,3,447.74,North
3240,2024-07-01,330,42,1,107.88,South
3241,2022-10-01,383,38,3,157.95,West
3242,2023-05-11,433,22,4,479.52,South
3243,2022-04-11,377,39,4,86.05,East
3244,2023-07-11,341,23,1,134.66,South
3245,2022-03-14,177,48,2,294.29,East
3246,2024-11-03,426,49,1,490.54,South
3247,2022-06-06,424,33,3,348.8,West
3248,2024-01-05,967,41,5,65.95,West
3249,2022-05-12,174,30,2,376.58,South
3250,2024-10-15,406,14,5,218.85,North
3251,2023-07-13,82,47,5,496.24,North
3252,2022-04-17,21,36,2,318.07,East
3253,2022-09-22,691,8,3,270.66,East
3254,2022-06-04,398,47,4,283.06,North
3255,2024-09-14,330,22,3,324.37,East
3256,2024-09-23,225,4,4,368.6,North
3257,2022-09-04,777,35,4,48.38,South
3258,2023-06-15,402,8,2,74.03,East
3259,2024-05-07,781,34,2,157.23,South
3260,2023-06-22,763,22,1,244.2,North
3261,2023-12-30,785,25,5,162.42,East
3262,2022-06-03,894,25,5,114.78,East
3263,2022-04-02,855,40,5,463.26,East
3264,2022-12-04,921,40,5,25.97,East
3265,2023-03-26,438,17,1,469.96,South
3266,2024-03-20,272,16,4,454.55,East
3267,2024-02-26,280,48,1,345.05,East
3268,2022-09-30,223,48,2,25.94,West
3269,2023-08-11,587,39,3,120.42,East
3270,2022-06-26,663,15,4,489.76,East
3271,2024-04-10,937,17,4,453.92,West
3272,2023-10-05,871,35,1,482.64,North
3273,2024-12-08,509,33,2,498.1,South
3274,2023-07-21,342,40,2,41.3,North
3275,2023-10-28,929,39,4,289.72,West
3276,2024-05-17,617,18,1,418.73,West
3277,2024-12-05,42,30,5,166.66,South
3278,2022-10-29,176,23,4,223.42,East
3279,2024-05-17,245,37,5,149.03,East
3280,2024-06-30,253,47,3,28.66,North
3281,2023-02-12,274,7,2,45.63,West
3282,2024-04-01,959,10,4,20.51,South
3283,2023-07-15,334,16,3,268.35,West
3284,2023-04-09,604,28,5,313.03,East
3285,2022-05-24,11,23,4,160.77,West
3286,2023-03-18,152,34,3,414.81,South
3287,2023-05-02,189,18,4,445.13,West
3288,2024-05-09,960,47,3,78.48,South
3289,2022-05-28,676,23,3,35.44,South
3290,2024-12-30,638,20,5,166.5,South
3291,2024-03-21,211,31,2,359.36,North
3292,2023-10-28,973,14,1,258.64,East
3293,2022-03-31,97,23,3,249.16,East
3294,2022-07-18,821,2,2,84.68,East
3295,2023-06-22,339,29,1,182.21,South
3296,2022-10-28,47,50,5,479.86,South
3297,2023-12-25,820,9,4,176.87,West
3298,2024-08-20,736,33,2,299.8,South
3299,2022-03-09,975,48,4,38.59,South
3300,2023-04-04,57,44,4,41.29,North
3301,2023-02-02,75,12,1,217.88,South
3302,2023-09-12,254,19,2,306.02,South
3303,2023-12-31,663,42,3,192.45,South
3304,2023-07-10,571,20,1,97.72,South
3305,2024-02-20,837,37,2,370.62,West
3306,2024-06-12,952,31,3,78.62,North
3307,2023-09-02,598,35,4,337.33,South
3308,2024-01-18,170,41,5,478.8,East
3309,2022-10-09,146,21,5,240.56,South
3310,2023-10-23,839,47,1,108.21,North
3311,2024-07-12,33,46,3,422.57,South
3312,2024-09-22,515,43,3,257.68,East
3313,2024-01-16,796,13,5,462.38,West
3314,2022-03-28,257,39,3,363.09,South
3315,2024-03-01,126,27,2,221.0,North
3316,2022-10-31,959,25,2,312.52,South
3317,2022-05-10,113,2,5,93.28,North
3318,2023-08-19,815,35,4,199.74,South
3319,2023-07-12,805,8,4,301.0,South
3320,2024-06-17,342,33,4,299.12,West
3321,2022-03-19,48,25,5,297.74,West
3322,2024-02-23,364,21,1,374.33,South
3323,2023-11-05,787,36,3,61.77,North
3324,2022-08-26,398,13,2,46.09,East
3325,2022-10-05,195,46,2,82.53,West
3326,2024-11-07,851,9,1,398.27,South
3327,2023-06-08,737,35,3,41.78,North
3328,2022-06-29,725,46,4,120.37,South
3329,2022-05-03,321,36,2,134.84,South
3330,2024-12-10,794,49,4,327.15,West
3331,2024-12-30,138,47,4,206.8,North
3332,2023-04-25,355,44,5,107.51,South
3333,2024-11-08,845,46,5,230.27,West
3334,2022-03-25,70,10,3,345.87,North
3335,2023-07-19,811,5,2,395.17,North
3336,2023-09-11,582,31,5,70.7,South
3337,2022-12-23,483,24,3,360.21,South
3338,2024-03-26,720,32,1,12.22,North
3339,2023-10-09,712,49,4,364.92,North
3340,2023-03-19,59,49,2,333.89,West
3341,2024-12-28,771,3,2,239.65,East
3342,2023-06-07,389,16,3,77.07,North
3343,2022-05-23,853,41,5,384.63,South
3344,2022-07-11,351,49,4,45.16,North
3345,2023-01-13,846,20,4,448.83,South
3346,2023-08-04,869,44,2,389.0,East
3347,2023-06-19,339,24,2,373.07,North
3348,2024-10-29,677,34,4,379.65,South
3349,2022-04-03,757,48,1,43.11,South
3350,2023-06-13,596,23,3,495.08,South
3351,2023-02-09,436,38,1,430.71,West
3352,2024-04-19,450,2,5,258.89,South
3353,2024-06-07,377,41,1,362.51,East
3354,2023-02-26,959,5,1,372.24,South
3355,2023-04-17,391,18,5,416.59,North
3356,2024-06-11,481,50,3,135.13,East
3357,2023-07-01,821,29,4,192.31,South
3358,2023-09-23,114,10,1,401.85,East
3359,2024-11-03,746,42,3,386.8,North
3360,2024-02-17,774,42,5,266.08,East
3361,2022-12-30,903,50,3,204.14,West
3362,2022-04-29,172,16,1,484.54,West
3363,2023-06-30,18,23,4,213.36,East
3364,2023-06-06,235,30,5,384.35,South
3365,2023-09-26,310,6,5,212.19,South
3366,2024-08-20,895,44,1,161.82,South
3367,2024-08-15,669,36,3,324.09,South
3368,2024-06-01,723,20,4,405.73,North
3369,2024-02-19,281,16,5,490.87,North
3370,2024-05-20,831,28,1,82.96,West
3371,2023-05-31,196,26,1,439.3,East
3372,2024-07-26,115,22,2,266.83,North
3373,2024-05-15,397,11,2,62.79,West
3374,2022-04-16,672,1,3,399.25,South
3375,2022-08-02,667,5,1,172.46,West
3376,2024-04-29,563,49,3,435.44,North
3377,2022-07-16,418,43,3,87.32,East
3378,2022-01-19,284,46,4,358.43,North
3379,2023-10-04,585,41,2,157.39,East
3380,2024-11-01,328,42,3,136.1,East
3381,2022-11-26,341,36,4,34.63,South
3382,2024-05-15,622,2,4,246.14,East
3383,2024-02-13,798,6,2,201.84,East
3384,2023-01-27,221,27,2,40.23,South
3385,2023-09-29,9,26,1,121.05,West
3386,2022-11-03,909,35,3,248.76,East
3387,2024-06-13,82,13,4,406.05,North
3388,2023-10-14,832,12,1,465.43,North
3389,2024-04-20,294,18,3,262.51,West
3390,2024-10-22,375,38,3,207.62,West
3391,2023-06-04,534,42,1,477.83,North
3392,2023-09-28,415,6,4,481.8,East
3393,2024-01-10,99,28,1,103.3,East
3394,2023-04-14,682,28,3,270.41,South
3395,2022-07-31,702,25,1,412.25,West
3396,2024-10-28,618,5,1,412.91,East
3397,2024-03-14,832,15,3,345.64,West
3398,2023-04-22,970,47,2,241.02,East
3399,2024-05-23,777,44,4,207.79,West
3400,2023-04-05,382,9,3,405.14,North
3401,2022-09-10,863,45,2,120.6,North
3402,2024-01-22,940,48,1,219.93,East
3403,2024-09-07,504,2,2,287.76,South
3404,2024-05-03,447,49,3,417.57,West
3405,2022-08-24,680,9,3,193.19,North
3406,2023-04-23,344,26,1,278.84,West
3407,2023-11-10,425,23,3,146.79,East
3408,2024-11-09,625,28,5,420.09,South
3409,2022-08-04,840,6,2,394.92,South
3410,2024-05-04,306,4,5,411.85,East
3411,2022-05-15,148,30,5,38.16,North
3412,2024-06-23,849,47,2,248.58,South
3413,2023-02-14,732,18,3,76.56,South
3414,2022-03-27,454,30,2,340.14,South
3415,2023-07-10,938,27,1,162.58,West
3416,2023-01-13,33,44,5,389.54,West
3417,2024-12-10,732,31,5,41.93,North
3418,2022-08-30,501,44,3,261.5,East
3419,2024-07-08,319,49,2,70.6,West
3420,2022-09-23,697,39,4,283.37,South
3421,2023-12-13,193,30,3,307.6,North
3422,2022-03-11,873,37,3,236.45,West
3423,2022-02-26,180,12,3,147.03,North
3424,2022-02-08,867,17,2,25.84,South
3425,2024-03-11,984,34,3,334.44,North
3426,2024-11-07,518,28,1,436.52,South
3427,2024-01-02,391,4,1,369.49,North
3428,2024-04-04,521,34,5,447.58,East
3429,2024-01-26,357,46,5,465.46,North
3430,2022-12-18,573,14,2,230.28,East
3431,2022-10-10,464,13,4,352.02,East
3432,2022-04-20,930,49,5,204.72,South
3433,2024-10-13,675,49,5,460.58,North
3434,2023-06-28,99,50,5,285.86,West
3435,2022-01-25,148,3,5,378.7,East
3436,2024-04-22,570,21,3,17.11,South
3437,2024-03-01,727,16,5,292.02,West
3438,2024-01-08,316,38,2,373.58,North
3439,2022-02-26,182,26,3,135.93,East
3440,2022-06-29,547,6,3,17.04,North
3441,2022-08-20,303,18,2,374.38,North
3442,2022-12-09,558,41,4,175.66,West
3443,2023-04-22,599,50,5,220.11,South
3444,2023-07-30,4,6,1,285.41,South
3445,2023-03-31,778,41,4,64.02,West
3446,2022-10-16,107,50,5,60.74,South
3447,2022-09-15,75,25,1,480.83,North
3448,2023-06-14,40,48,3,176.06,West
3449,2023-11-18,639,24,3,135.21,East
3450,2024-07-17,695,30,3,33.39,West
3451,2022-08-17,119,23,5,95.23,West
3452,2023-08-19,73,45,2,221.14,West
3453,2023-03-11,552,43,3,177.62,North
3454,2024-05-31,204,8,3,218.05,West
3455,2024-10-17,977,49,3,354.92,North
3456,2023-02-06,96,9,5,324.48,South
3457,2023-09-14,279,6,1,251.65,North
3458,2022-03-29,143,33,4,409.26,East
3459,2023-08-07,115,33,3,430.09,South
3460,2022-11-05,476,45,4,299.5,West
3461,2024-06-24,884,7,2,67.61,North
3462,2022-12-09,998,42,2,209.03,East
3463,2023-03-12,133,18,2,320.89,West
3464,2022-06-26,168,6,3,40.8,North
3465,2022-05-19,914,45,4,19.75,South
3466,2022-07-13,245,37,1,474.68,North
3467,2024-07-31,277,21,5,367.73,East
3468,2023-06-09,975,26,4,85.02,North
3469,2024-12-01,259,15,5,228.11,East
3470,2024-07-03,46,44,4,104.84,North
3471,2022-07-29,346,30,3,15.04,East
3472,2024-01-11,847,11,1,201.93,North
3473,2024-05-11,895,8,3,327.71,North
3474,2024-08-11,237,5,2,477.52,North
3475,2024-04-12,53,8,1,387.22,East
3476,2022-05-20,148,5,4,122.77,West
3477,2024-03-02,699,10,3,174.74,North
3478,2023-06-30,533,15,5,265.08,North
3479,2024-10-13,90,38,3,103.72,South
3480,2022-02-26,233,50,3,418.14,North
3481,2022-04-22,727,3,4,92.3,North
3482,2022-01-05,881,41,4,152.09,West
3483,2024-11-02,51,10,2,293.02,East
3484,2022-03-31,665,7,1,70.38,South
3485,2023-09-08,836,24,3,316.06,South
3486,2024-06-09,628,26,5,472.67,South
3487,2023-11-29,394,34,4,348.85,West
3488,2024-06-16,214,8,4,408.26,South
3489,2024-08-28,451,39,2,224.86,East
3490,2023-10-30,339,5,1,189.01,North
3491,2023-08-17,351,36,2,171.02,North
3492,2023-08-12,649,43,4,333.63,East
3493,2023-04-30,285,26,5,264.08,East
3494,2024-09-08,933,10,2,241.44,East
3495,2024-08-29,878,33,3,59.37,West
3496,2023-10-01,583,36,4,339.95,North
3497,2024-09-23,245,31,4,365.44,West
3498,2022-10-09,550,38,2,106.14,North
3499,2024-09-12,728,50,5,382.26,East
3500,2022-01-16,639,25,2,440.9,South
3501,2024-07-24,584,45,5,95.57,East
3502,2022-09-11,226,13,4,231.5,East
3503,2022-11-25,827,1,2,439.33,West
3504,2023-06-28,441,36,1,248.78,South
3505,2024-02-22,474,36,2,409.47,West
3506,2024-09-23,444,50,2,115.72,South
3507,2024-04-24,796,24,1,41.33,South
3508,2023-01-01,412,27,1,39.14,South
3509,2023-10-17,814,18,3,486.45,East
3510,2024-01-30,246,50,1,90.71,West
3511,2023-10-01,583,47,5,433.8,East
3512,2024-11-29,707,50,3,164.71,North
3513,2024-07-12,500,15,5,29.64,West
3514,2023-02-20,982,17,3,128.08,North
3515,2022-09-12,951,29,3,257.69,East
3516,2023-12-11,550,5,5,62.32,North
3517,2023-07-31,117,11,4,461.86,North
3518,2024-06-18,750,16,4,450.94,North
3519,2022-01-11,364,34,2,83.08,West
3520,2022-01-26,914,17,4,371.18,South
3521,2024-08-14,204,33,2,235.75,South
3522,2023-02-25,351,50,4,491.24,West
3523,2023-05-11,319,49,2,37.15,South
3524,2022-08-25,359,31,2,240.81,East
3525,2024-10-05,517,18,1,149.88,West
3526,2022-08-07,940,25,2,365.93,West
3527,2023-04-06,489,5,5,64.46,South
3528,2023-10-25,669,30,5,317.77,West
3529,2023-09-27,107,45,2,474.55,North
3530,2024-09-16,740,23,5,232.4,West
3531,2022-07-08,654,38,4,232.57,West
3532,2022-09-12,826,45,5,252.89,West
3533,2022-03-09,172,18,1,213.7,East
3534,2023-09-08,658,32,5,229.26,East
3535,2022-12-02,519,30,4,236.99,North
3536,2023-11-02,855,29,4,499.05,North
3537,2024-03-31,865,36,2,67.05,South
3538,2024-05-23,958,9,3,149.81,North
3539,2022-10-27,813,23,4,113.29,West
3540,2022-12-23,528,3,2,276.65,South
3541,2022-09-13,320,22,2,11.38,East
3542,2024-10-04,37,40,5,461.34,South
3543,2022-12-19,499,45,5,270.25,East
3544,2023-06-08,665,31,2,449.08,West
3545,2024-08-07,265,22,1,179.03,West
3546,2024-01-26,695,11,2,83.47,East
3547,2022-10-11,668,42,5,104.22,South
3548,2022-04-09,649,43,4,240.66,East
3549,2022-07-16,908,3,1,29.73,North
3550,2023-04-27,402,14,3,393.08,West
3551,2024-05-27,987,46,4,397.41,East
3552,2023-09-07,602,19,5,353.96,South
3553,2023-09-10,952,31,4,449.21,East
3554,2023-01-03,218,36,4,279.24,South
3555,2023-07-24,330,32,5,244.87,West
3556,2023-08-13,186,26,4,269.3,South
3557,2024-12-01,381,1,2,99.16,West
3558,2023-02-26,209,2,1,261.02,West
3559,2024-04-15,563,6,5,275.46,South
3560,2023-06-29,288,45,1,384.65,East
3561,2022-03-12,88,14,2,180.48,North
3562,2024-02-07,944,28,5,55.19,East
3563,2022-11-03,136,33,2,302.76,South
3564,2023-01-12,158,25,3,396.1,West
3565,2023-10-17,794,40,3,485.08,South
3566,2023-11-09,920,18,3,54.22,East
3567,2023-02-03,155,46,1,375.71,South
3568,2022-08-09,463,34,3,301.96,West
3569,2022-07-01,220,12,3,17.52,South
3570,2022-11-03,459,27,2,361.94,West
3571,2023-06-06,167,24,4,22.84,West
3572,2024-10-10,322,33,4,394.78,South
3573,2022-01-04,691,15,3,363.45,East
3574,2024-05-12,841,43,4,347.08,East
3575,2024-04-27,562,32,3,68.8,North
3576,2024-03-14,813,50,3,460.33,North
3577,2022-08-03,512,17,1,450.47,East
3578,2024-08-29,87,35,5,451.13,West
3579,2022-04-11,545,47,4,186.58,South
3580,2024-08-20,275,45,3,251.16,South
3581,2023-07-27,141,35,4,66.3,South
3582,2023-10-20,718,13,1,35.04,West
3583,2024-07-27,736,9,1,38.8,East
3584,2024-12-22,625,10,3,288.7,East
3585,2022-08-14,790,1,4,167.49,West
3586,2022-04-15,916,34,4,293.98,West
3587,2024-02-11,353,46,4,300.41,East
3588,2023-03-05,5,37,1,454.46,South
3589,2023-03-10,382,25,2,442.32,South
3590,2024-11-17,724,22,2,362.11,South
3591,2023-11-13,768,10,4,411.07,East
3592,2023-08-11,334,26,4,11.55,South
3593,2024-12-28,475,19,5,17.61,West
3594,2024-05-15,986,40,3,234.71,East
3595,2024-01-16,928,45,1,330.31,East
3596,2024-05-13,30,41,5,399.1,South
3597,2023-01-03,347,50,4,229.16,North
3598,2022-09-08,922,4,2,470.68,East
3599,2024-05-08,594,40,2,409.34,West
3600,2024-05-05,493,5,5,60.35,East
3601,2023-07-15,983,29,2,225.69,South
3602,2022-10-21,748,38,2,497.49,West
3603,2024-07-07,495,5,3,210.87,North
3604,2023-03-09,856,1,4,199.27,North
3605,2022-02-28,388,28,5,154.1,South
3606,2024-08-26,873,19,1,248.38,West
3607,2024-04-15,835,36,1,367.63,West
3608,2022-07-18,253,1,4,33.26,North
3609,2022-08-03,630,29,1,419.5,South
3610,2024-06-16,939,36,2,459.61,South
3611,2023-04-17,30,32,3,392.74,North
3612,2022-09-04,623,14,5,458.66,East
3613,2023-01-17,912,32,5,56.5,North
3614,2024-09-17,766,46,2,230.55,West
3615,2024-07-15,711,9,4,44.81,East
3616,2023-07-14,807,19,3,420.05,East
3617,2024-12-10,342,11,1,476.75,East
3618,2023-11-20,809,48,5,155.9,West
3619,2023-01-15,287,4,5,272.34,North
3620,2023-04-19,945,41,4,155.86,East
3621,2023-11-28,397,25,3,195.65,South
3622,2024-06-29,509,17,1,243.51,South
3623,2024-08-17,937,47,5,397.49,East
3624,2023-04-23,244,8,5,82.03,North
3625,2024-09-30,221,45,1,86.96,West
3626,2024-07-14,156,1,3,108.91,East
3627,2023-12-08,383,2,3,36.04,West
3628,2024-05-03,748,10,3,325.3,South
3629,2024-10-13,320,27,5,103.03,South
3630,2024-01-24,373,27,2,224.39,East
3631,2023-05-18,531,13,5,345.94,West
3632,2024-03-27,215,11,4,229.98,North
3633,2023-08-11,367,14,4,453.95,South
3634,2023-12-09,114,32,5,386.89,West
3635,2024-12-03,200,16,5,143.78,North
3636,2022-07-26,25,29,1,73.9,West
3637,2022-05-31,934,38,3,448.27,South
3638,2023-10-30,121,34,1,204.48,South
3639,2023-06-12,742,26,4,197.43,East
3640,2022-06-14,611,5,4,406.9,West
3641,2024-07-05,858,19,2,14.58,South
3642,2024-10-06,3,39,3,231.05,West
3643,2022-02-06,898,28,3,360.02,East
3644,2022-11-29,773,28,4,425.86,South
3645,2023-02-07,445,17,1,443.75,South
3646,2023-02-18,254,37,5,238.18,North
3647,2022-02-14,20,44,3,425.38,East
3648,2022-07-25,204,19,5,27.52,West
3649,2022-03-03,806,27,4,159.66,West
3650,2023-02-24,976,50,2,15.14,North
3651,2024-05-17,357,12,4,91.11,East
3652,2024-03-30,128,3,5,365.12,West
3653,2022-01-19,358,4,4,12.17,West
3654,2022-12-31,292,47,3,266.3,North
3655,2024-10-27,174,47,5,212.85,South
3656,2023-03-04,733,11,5,70.21,West
3657,2023-08-03,355,34,2,345.96,East
3658,2023-06-30,881,18,3,349.63,West
3659,2022-11-21,37,35,1,365.91,West
3660,2022-02-24,310,18,2,385.0,East
3661,2024-02-17,661,46,3,164.35,East
3662,2024-09-18,917,6,1,497.12,South
3663,2022-02-11,604,34,5,45.75,West
3664,2022-08-19,582,33,2,327.37,South
3665,2023-03-29,84,8,5,485.68,East
3666,2023-01-29,510,42,5,119.91,North
3667,2023-11-22,444,20,5,146.28,North
3668,2023-01-27,420,50,3,292.23,South
3669,2023-08-27,205,20,1,392.82,West
3670,2024-05-30,488,43,3,171.18,South
3671,2022-03-26,779,18,5,420.02,West
3672,2024-11-19,88,27,2,128.11,North
3673,2022-02-18,252,48,5,438.44,North
3674,2022-03-10,723,5,1,133.95,South
3675,2024-12-17,855,7,3,312.54,West
3676,2023-11-28,31,22,1,185.32,West
3677,2023-04-24,869,34,3,167.69,West
3678,2024-03-30,421,43,1,183.46,West
3679,2022-05-27,828,13,1,254.61,North
3680,2024-10-12,61,32,3,424.07,North
3681,2023-09-01,579,24,3,382.07,North
3682,2023-03-22,226,16,3,230.18,South
3683,2022-08-09,925,14,4,148.26,North
3684,2022-04-05,963,39,1,428.61,East
3685,2022-09-19,335,7,4,436.39,South
3686,2024-06-15,839,44,4,232.3,East
3687,2024-12-30,579,12,5,350.96,West
3688,2022-08-07,640,20,4,190.94,East
3689,2022-04-02,111,33,4,83.06,West
3690,2022-05-07,491,6,3,167.53,North
3691,2022-03-21,272,40,3,344.22,East
3692,2024-09-09,813,27,2,387.01,South
3693,2024-07-04,34,13,1,427.31,West
3694,2023-05-01,212,5,4,18.68,South
3695,2023-11-25,300,24,4,248.34,South
3696,2022-01-25,373,10,1,144.22,South
3697,2022-06-05,125,46,3,345.14,North
3698,2023-09-24,103,32,3,130.21,South
3699,2024-12-16,993,9,1,287.48,East
3700,2022-01-19,718,49,1,358.86,North
3701,2022-08-25,120,35,3,387.33,West
3702,2022-10-04,682,44,1,142.04,West
3703,2024-01-15,547,12,3,53.04,South
3704,2023-07-06,894,11,1,117.17,West
3705,2023-10-01,331,36,3,303.57,West
3706,2022-08-25,758,8,2,29.82,East
3707,2024-09-24,852,10,3,87.84,East
3708,2022-02-24,926,14,3,497.78,South
3709,2023-11-15,309,30,4,197.34,South
3710,2022-04-19,570,1,3,253.3,East
3711,2023-01-08,412,12,1,15.39,East
3712,2024-08-30,399,5,5,300.03,South
3713,2022-07-20,934,14,1,169.4,East
3714,2024-04-28,306,36,4,269.79,South
3715,2023-05-24,653,17,1,267.8,North
3716,2022-10-02,623,22,2,484.05,North
3717,2022-07-30,163,31,5,141.45,West
3718,2023-05-19,623,26,5,289.51,West
3719,2023-12-04,664,13,4,196.96,South
3720,2022-02-11,888,3,5,216.78,South
3721,2022-11-11,65,43,3,37.22,South
3722,2024-02-27,618,11,4,347.34,West
3723,2022-11-25,216,5,2,105.69,East
3724,2024-11-06,603,38,5,239.56,East
3725,2022-10-10,914,4,5,222.79,West
3726,2024-07-31,954,32,4,239.39,North
3727,2022-09-15,26,10,5,194.02,South
3728,2023-07-29,669,10,5,128.77,South
3729,2023-07-28,584,44,2,229.87,West
3730,2023-09-04,44,18,2,32.65,South
3731,2024-11-08,90,47,4,128.74,East
3732,2024-04-16,133,23,5,394.58,South
3733,2023-02-27,161,18,1,422.98,East
3734,2024-01-28,744,35,4,360.5,West
3735,2024-02-02,380,3,2,319.96,North
3736,2023-02-28,261,1,1,407.52,South
3737,2023-03-05,383,17,5,72.64,West
3738,2022-07-23,369,42,4,267.37,South
3739,2022-07-15,111,6,4,66.99,East
3740,2023-12-29,676,11,2,391.15,South
3741,2022-10-12,77,14,3,265.07,West
3742,2022-07-15,209,49,3,406.91,West
3743,2022-11-03,13,28,3,401.54,East
3744,2022-01-14,921,39,4,238.44,South
3745,2024-12-16,570,36,2,253.47,North
3746,2023-12-24,898,11,2,23.85,West
3747,2024-02-19,856,41,3,266.52,South
3748,2023-06-13,548,40,1,341.96,East
3749,2024-03-08,25,4,3,124.49,West
3750,2022-12-10,546,48,4,493.4,South
3751,2022-07-28,140,6,1,487.67,East
3752,2023-10-03,275,38,2,148.59,South
3753,2022-09-09,370,19,5,359.36,East
3754,2022-09-28,874,31,1,24.7,South
3755,2024-07-08,222,2,2,336.22,North
3756,2023-02-23,37,43,1,315.77,South
3757,2024-03-05,875,25,3,412.86,East
3758,2023-12-26,129,50,1,159.14,North
3759,2023-03-09,316,41,1,440.22,North
3760,2022-04-19,323,48,1,430.41,West
3761,2023-10-03,433,11,4,338.11,West
3762,2024-12-06,218,46,4,241.44,West
3763,2023-01-14,847,40,3,313.02,East
3764,2024-08-15,942,45,5,367.68,East
3765,2022-04-13,248,42,4,487.87,South
3766,2024-06-10,111,44,5,69.65,North
3767,2024-05-03,816,21,4,163.41,East
3768,2024-11-16,732,3,2,392.55,South
3769,2023-06-14,708,2,2,210.5,South
3770,2023-11-10,147,11,1,339.52,East
3771,2024-09-15,344,24,5,75.23,North
3772,2023-03-04,509,50,1,357.49,East
3773,2024-04-01,505,24,1,340.29,South
3774,2024-07-20,552,21,4,297.05,East
3775,2024-11-27,134,25,4,384.97,West
3776,2023-05-26,464,4,1,441.25,South
3777,2023-01-28,864,40,4,416.36,East
3778,2023-12-14,990,43,2,72.51,East
3779,2023-05-09,191,47,2,374.75,North
3780,2023-07-01,163,23,5,230.38,North
3781,2023-08-17,456,24,2,173.6,West
3782,2023-01-24,61,21,1,441.03,South
3783,2022-06-07,5,2,3,284.21,West
3784,2024-10-24,37,23,4,255.61,West
3785,2022-06-16,460,15,1,394.45,West
3786,2024-08-17,217,26,4,281.12,North
3787,2023-02-13,737,26,5,430.42,East
3788,2022-07-13,999,28,1,60.42,West
3789,2022-08-23,728,26,1,390.31,North
3790,2023-12-19,139,45,1,90.28,East
3791,2024-03-26,618,2,5,120.36,East
3792,2023-02-08,99,35,1,97.93,South
3793,2024-06-11,680,32,4,126.83,North
3794,2023-11-09,961,30,3,368.6,West
3795,2022-03-09,264,46,1,331.11,South
3796,2022-03-29,599,20,5,122.59,East
3797,2022-08-05,596,13,5,142.39,West
3798,2022-01-01,224,27,1,58.65,West
3799,2022-05-20,11,23,5,213.07,East
3800,2023-09-10,327,16,2,195.51,South
3801,2022-05-13,698,31,5,81.45,South
3802,2022-06-27,350,12,3,418.97,South
3803,2024-03-20,379,33,2,427.77,East
3804,2023-01-15,944,38,4,63.43,North
3805,2024-06-26,231,45,2,140.52,East
3806,2023-10-20,141,32,3,370.68,East
3807,2023-03-26,618,2,2,436.28,West
3808,2023-08-09,765,50,1,45.12,East
3809,2023-04-08,956,49,5,452.16,East
3810,2024-09-16,49,23,1,40.2,North
3811,2022-05-02,451,32,1,320.55,East
3812,2022-01-17,775,15,1,20.82,West
3813,2022-11-23,491,40,2,464.85,South
3814,2022-11-14,205,41,4,183.31,West
3815,2024-03-19,869,40,5,327.91,North
3816,2023-05-18,409,8,2,100.46,West
3817,2022-04-29,407,43,1,167.42,South
3818,2023-12-11,51,50,3,376.18,South
3819,2022-02-14,175,49,3,486.77,East
3820,2022-11-10,737,22,1,496.11,West
3821,2023-02-22,261,38,4,406.74,West
3822,2023-07-10,480,34,5,425.12,West
3823,2022-11-22,734,1,2,485.01,North
3824,2023-05-30,223,10,4,29.76,East
3825,2022-08-02,269,40,3,93.37,North
3826,2022-03-15,810,16,1,35.81,North
3827,2023-05-24,893,24,2,255.57,South
3828,2022-11-28,901,46,4,479.66,North
3829,2023-11-19,919,24,4,295.39,South
3830,2023-10-19,318,48,4,282.15,West
3831,2024-10-24,385,14,2,415.08,East
3832,2023-08-23,586,26,5,465.18,South
3833,2024-12-11,626,39,2,352.29,South
3834,2022-11-21,219,18,1,448.73,North
3835,2024-09-18,54,20,2,95.86,West
3836,2023-12-18,200,41,4,256.67,North
3837,2023-12-24,884,36,5,188.66,South
3838,2022-10-04,643,24,5,172.94,East
3839,2023-06-20,339,26,1,114.98,West
3840,2022-06-01,704,29,1,448.06,West
3841,2024-08-12,691,48,3,230.68,South
3842,2022-09-16,898,22,3,269.82,East
3843,2022-11-20,305,11,3,145.39,East
3844,2024-10-13,799,41,2,481.8,North
3845,2024-05-18,752,49,5,309.49,East
3846,2023-11-19,245,11,1,10.34,South
3847,2022-11-06,842,3,3,141.27,North
3848,2024-03-13,629,21,1,499.68,West
3849,2024-12-15,208,11,3,487.64,North
3850,2023-09-12,997,8,2,276.86,North
3851,2023-04-18,724,31,2,286.42,East
3852,2023-04-06,511,10,4,451.78,South
3853,2024-03-24,259,6,1,357.2,West
3854,2024-04-25,380,17,4,466.79,South
3855,2023-10-29,163,38,2,244.78,North
3856,2022-09-19,738,7,2,488.19,East
3857,2022-12-21,341,32,1,274.38,South
3858,2024-02-09,932,13,4,325.97,West
3859,2022-06-29,576,6,4,50.46,East
3860,2022-03-07,928,3,4,309.7,West
3861,2024-03-30,758,27,1,386.21,West
3862,2022-06-20,530,45,1,225.26,North
3863,2023-04-19,34,42,1,256.19,South
3864,2023-06-18,824,26,5,202.73,South
3865,2023-03-15,998,4,2,484.83,West
3866,2024-04-14,323,37,5,243.55,East
3867,2022-08-15,181,21,5,71.84,East
3868,2023-03-18,963,28,2,24.15,North
3869,2023-01-31,347,18,3,388.51,North
3870,2023-12-29,706,32,3,278.36,South
3871,2022-03-25,192,39,3,11.36,West
3872,2024-11-02,579,33,1,197.44,South
3873,2023-11-24,721,26,1,457.88,North
3874,2023-05-08,878,17,4,474.4,South
3875,2024-08-27,679,29,4,36.24,West
3876,2022-12-19,246,20,5,70.48,South
3877,2024-12-16,245,30,4,12.39,West
3878,2022-02-09,678,50,1,435.65,East
3879,2023-10-02,808,5,5,44.73,South
3880,2022-06-22,915,6,4,62.87,East
3881,2022-09-16,723,42,4,121.54,North
3882,2023-06-01,133,10,3,459.45,North
3883,2023-12-31,197,6,1,347.23,West
3884,2023-06-07,910,10,5,312.27,North
3885,2024-04-18,347,42,2,394.48,East
3886,2022-04-27,49,21,4,349.71,West
3887,2022-07-03,64,44,1,375.5,West
3888,2022-06-11,624,4,5,46.09,West
3889,2023-06-27,868,13,1,298.98,North
3890,2024-04-18,697,10,1,379.07,West
3891,2024-12-25,104,16,5,287.17,West
3892,2024-12-29,931,19,3,15.78,East
3893,2023-03-23,213,6,3,113.45,West
3894,2023-02-20,517,26,4,481.82,South
3895,2023-06-16,119,9,3,355.3,West
3896,2023-03-17,856,46,4,347.37,West
3897,2024-01-08,761,10,4,333.52,East
3898,2023-04-09,679,40,5,72.63,South
3899,2023-01-31,895,3,1,12.0,North
3900,2023-12-12,242,49,2,225.92,South
3901,2023-01-30,280,19,2,227.72,West
3902,2022-11-22,424,35,3,407.78,South
3903,2024-01-20,363,46,5,98.97,North
3904,2024-12-29,750,6,2,144.8,South
3905,2023-10-04,306,29,1,48.34,South
3906,2022-08-02,717,19,4,205.94,West
3907,2023-01-04,486,50,4,135.43,East
3908,2022-02-18,314,44,5,138.82,West
3909,2024-12-11,513,15,3,134.49,West
3910,2022-05-13,683,38,1,123.44,South
3911,2024-09-25,167,21,3,166.7,North
3912,2024-02-25,394,44,3,272.98,East
3913,2023-01-08,770,39,5,224.48,West
3914,2023-04-24,63,23,4,41.09,South
3915,2024-04-11,272,20,3,218.67,West
3916,2023-10-12,37,42,3,424.68,North
3917,2023-11-13,16,50,1,59.35,West
3918,2023-11-19,766,2,4,472.74,East
3919,2022-03-23,343,45,3,161.21,East
3920,2022-03-28,346,32,2,17.12,South
3921,2022-08-13,848,47,2,134.05,West
3922,2022-01-16,539,28,4,44.13,East
3923,2024-04-01,959,4,4,287.53,West
3924,2022-06-12,623,7,5,165.0,East
3925,2023-05-29,233,3,3,405.37,North
3926,2022-12-16,990,25,2,368.99,North
3927,2023-11-12,576,48,2,239.61,East
3928,2022-06-30,609,9,4,284.69,East
3929,2024-01-13,416,23,4,308.3,West
3930,2023-10-22,905,23,1,142.65,West
3931,2023-05-08,267,49,1,78.29,East
3932,2024-07-11,997,26,4,194.49,East
3933,2022-05-08,326,40,1,56.48,West
3934,2023-07-19,926,18,4,164.28,East
3935,2023-07-04,744,24,4,280.78,North
3936,2023-03-29,911,27,5,274.66,West
3937,2023-04-16,443,45,1,69.1,North
3938,2024-09-14,560,2,3,14.09,West
3939,2024-01-08,862,1,3,53.58,East
3940,2022-08-12,722,48,5,27.71,South
3941,2022-06-03,76,16,3,206.23,West
3942,2023-07-14,247,43,3,200.98,West
3943,2022-12-17,828,24,5,128.39,South
3944,2022-12-15,580,36,2,115.57,South
3945,2022-07-01,313,11,5,204.25,North
3946,2023-09-29,576,26,5,52.42,East
3947,2024-10-14,694,6,1,115.01,South
3948,2022-06-28,592,26,3,208.79,West
3949,2024-11-28,343,29,3,56.47,South
3950,2024-02-11,715,43,2,422.0,South
3951,2024-06-12,182,1,5,341.25,East
3952,2024-10-23,955,9,4,197.73,East
3953,2024-10-12,984,27,2,83.7,North
3954,2022-03-05,726,7,2,105.15,East
3955,2022-01-29,935,3,3,68.84,North
3956,2023-01-07,632,9,3,88.44,South
3957,2022-04-07,399,2,3,217.03,North
3958,2024-09-19,241,10,3,130.38,North
3959,2022-01-21,847,17,2,443.44,East
3960,2024-01-05,714,31,5,480.86,South
3961,2024-12-05,924,1,3,348.77,North
3962,2022-03-07,292,18,1,406.29,South
3963,2023-08-26,54,6,2,135.01,West
3964,2022-12-04,145,38,4,335.86,West
3965,2022-05-03,356,41,4,38.42,West
3966,2023-03-23,598,42,5,480.51,South
3967,2023-09-03,983,47,2,338.4,West
3968,2023-11-02,477,4,2,165.26,East
3969,2023-09-07,22,40,2,388.79,South
3970,2024-06-15,331,4,1,17.74,West
3971,2022-10-08,292,35,1,194.36,West
3972,2024-12-02,236,4,3,448.87,North
3973,2023-08-19,29,1,4,138.97,South
3974,2023-12-04,695,41,1,337.28,West
3975,2024-12-10,938,43,4,186.45,South
3976,2022-07-29,160,31,2,202.26,South
3977,2022-05-06,910,19,1,375.51,East
3978,2023-05-07,530,21,4,456.0,West
3979,2024-08-17,550,30,1,91.69,East
3980,2024-08-27,101,7,2,145.68,West
3981,2023-08-04,290,5,2,249.01,South
3982,2024-02-16,377,2,2,310.77,South
3983,2022-09-15,173,3,3,239.22,South
3984,2022-08-18,343,15,4,404.71,South
3985,2022-07-08,928,39,3,386.37,West
3986,2022-01-10,878,37,5,208.57,North
3987,2023-11-07,579,10,5,29.9,South
3988,2023-05-17,191,9,1,105.3,West
3989,2022-03-26,439,23,1,248.61,South
3990,2022-02-18,555,14,1,464.48,North
3991,2024-04-17,635,45,3,288.11,West
3992,2024-10-04,790,33,2,269.89,South
3993,2023-11-20,343,16,1,364.75,East
3994,2023-01-22,708,20,1,84.62,North
3995,2024-08-27,845,8,5,81.99,East
3996,2024-10-02,125,49,2,179.24,East
3997,2022-08-06,608,38,3,497.48,South
3998,2024-10-01,890,34,2,439.21,East
3999,2022-09-12,669,31,5,343.26,West
4000,2022-08-24,552,45,3,201.67,North
4001,2024-11-15,360,8,4,281.79,West
4002,2022-09-28,503,25,1,158.74,East
4003,2022-05-03,173,41,3,340.41,West
4004,2023-10-18,887,13,5,215.23,North
4005,2022-09-16,394,18,2,68.91,East
4006,2024-08-05,461,50,3,115.39,North
4007,2022-02-16,685,41,5,308.26,South
4008,2024-05-12,120,34,3,350.34,South
4009,2023-06-09,273,36,1,57.05,West
4010,2024-06-06,358,50,2,406.09,West
4011,2022-07-27,386,17,2,413.93,East
4012,2024-01-17,913,12,3,364.31,East
4013,2022-05-29,876,16,5,344.96,South
4014,2023-03-14,858,13,1,123.62,South
4015,2022-06-04,887,11,1,460.61,North
4016,2022-12-24,934,14,3,141.6,South
4017,2023-04-01,933,42,4,99.43,South
4018,2024-02-15,319,28,3,322.88,North
4019,2023-09-21,261,24,1,188.41,South
4020,2024-04-11,281,17,2,467.18,West
4021,2023-05-01,329,9,3,235.52,North
4022,2023-06-17,124,46,3,90.22,South
4023,2022-07-19,476,30,2,479.19,North
4024,2023-01-06,278,37,3,262.56,South
4025,2024-10-10,93,3,5,264.09,South
4026,2024-05-02,959,8,2,199.04,East
4027,2022-09-05,547,18,2,419.64,North
4028,2024-02-27,823,30,2,150.95,West
4029,2022-09-21,128,3,1,16.72,South
4030,2024-12-17,532,34,3,253.67,West
4031,2022-01-31,773,43,4,463.68,East
4032,2023-08-28,167,28,3,143.9,West
4033,2023-05-17,831,37,3,140.49,East
4034,2024-06-04,236,25,1,371.67,North
4035,2023-07-03,32,30,5,390.01,East
4036,2024-04-18,231,7,5,223.42,South
4037,2024-04-27,191,46,1,418.49,East
4038,2023-09-06,842,29,1,94.25,North
4039,2023-02-16,936,2,1,189.84,North
4040,2023-03-08,657,26,3,208.1,South
4041,2023-11-09,613,41,1,163.27,South
4042,2022-06-08,591,42,4,116.69,West
4043,2022-01-14,508,49,2,175.69,South
4044,2023-01-08,457,7,5,18.82,East
4045,2022-08-13,672,18,4,354.64,South
4046,2023-05-26,255,6,5,345.14,West
4047,2023-08-26,279,41,3,230.61,South
4048,2022-08-04,971,40,3,168.23,West
4049,2024-09-14,700,27,1,222.71,South
4050,2024-04-19,973,41,5,468.9,North
4051,2023-12-28,722,24,3,305.75,South
4052,2023-07-08,753,33,3,368.37,East
4053,2024-12-01,56,31,5,122.46,North
4054,2023-11-07,649,34,3,56.43,South
4055,2024-05-22,106,22,1,50.76,South
4056,2022-10-10,581,24,3,241.29,North
4057,2024-12-17,702,36,4,361.18,North
4058,2024-04-13,192,28,4,389.32,North
4059,2023-06-21,278,20,1,363.0,East
4060,2024-07-11,544,18,4,457.25,South
4061,2024-04-21,175,42,3,35.48,West
4062,2024-08-05,770,32,4,429.12,South
4063,2023-10-27,635,33,4,333.73,South
4064,2022-03-08,85,10,3,96.0,North
4065,2022-01-06,988,9,5,344.37,West
4066,2023-09-29,948,25,1,260.76,South
4067,2022-11-10,728,13,5,185.93,South
4068,2023-07-19,216,47,5,131.5,North
4069,2024-04-05,14,50,4,237.44,South
4070,2023-05-21,37,45,2,127.17,East
4071,2024-10-22,27,5,5,50.6,South
4072,2022-07-23,664,31,3,424.6,East
4073,2023-10-24,576,31,3,300.49,North
4074,2024-03-15,70,34,3,188.2,South
4075,2023-02-08,154,26,2,228.87,East
4076,2023-06-20,438,7,2,433.77,South
4077,2023-07-31,765,41,1,166.72,North
4078,2024-02-02,271,46,2,196.28,North
4079,2022-04-27,541,49,1,385.38,South
4080,2023-09-20,996,20,3,108.26,North
4081,2024-01-19,74,43,2,333.04,East
4082,2022-04-15,796,22,4,222.82,North
4083,2023-05-10,571,5,4,255.08,North
4084,2022-02-15,755,12,4,395.57,East
4085,2024-04-02,841,21,2,496.63,South
4086,2024-09-08,149,9,2,417.44,North
4087,2024-08-17,506,29,2,88.67,South
4088,2024-04-24,10,27,4,120.03,East
4089,2023-03-25,644,17,3,210.87,South
4090,2023-06-20,502,40,5,362.42,North
4091,2023-05-26,62,24,3,259.59,North
4092,2023-06-24,388,27,2,451.88,North
4093,2022-01-16,895,8,5,33.85,East
4094,2022-08-31,774,44,5,136.67,North
4095,2024-06-30,730,29,3,117.44,South
4096,2024-01-31,232,19,4,374.64,West
4097,2023-12-06,848,10,1,237.74,West
4098,2022-04-25,584,24,4,17.36,North
4099,2023-02-01,988,34,4,388.98,East
4100,2023-01-29,528,40,5,187.28,South
4101,2024-09-04,550,31,2,137.63,South
4102,2022-10-24,689,46,2,99.53,East
4103,2024-09-28,445,4,5,473.55,South
4104,2022-06-27,321,41,4,471.6,North
4105,2024-08-24,894,45,3,47.51,South
4106,2022-11-11,83,31,1,124.06,West
4107,2024-11-28,434,9,4,326.6,East
4108,2022-09-16,17,26,4,338.51,South
4109,2022-01-07,369,13,1,214.66,South
4110,2022-02-18,668,48,3,288.57,East
4111,2022-06-10,684,26,1,354.29,South
4112,2022-06-25,908,1,5,475.75,East
4113,2024-10-22,582,40,1,365.3,North
4114,2024-09-27,583,9,1,64.03,East
4115,2023-03-31,255,31,4,361.74,South
4116,2022-10-03,456,24,4,43.19,South
4117,2023-05-13,643,45,2,256.23,North
4118,2023-11-07,561,49,1,268.18,South
4119,2024-11-17,533,22,5,391.35,West
4120,2024-10-21,392,9,2,15.66,West
4121,2022-02-25,320,39,1,438.63,South
4122,2023-07-01,220,23,4,335.3,South
4123,2022-02-05,699,20,5,25.28,South
4124,2023-03-15,414,42,3,88.41,East
4125,2023-08-18,32,21,2,29.36,South
4126,2022-11-03,715,27,4,385.31,East
4127,2023-09-11,788,5,3,93.74,South
4128,2022-12-23,754,17,1,32.34,South
4129,2022-06-30,16,34,5,77.61,South
4130,2022-03-09,409,9,4,284.18,North
4131,2022-10-19,828,34,4,252.79,East
4132,2023-11-23,173,10,5,130.67,North
4133,2022-06-30,649,44,4,472.04,South
4134,2023-03-10,179,2,4,428.86,North
4135,2024-07-02,871,47,1,164.09,North
4136,2022-03-07,573,25,2,242.54,West
4137,2024-11-10,497,3,3,263.24,North
4138,2023-01-19,936,34,5,380.53,East
4139,2022-02-08,104,7,3,219.69,South
4140,2024-04-01,317,28,5,277.77,South
4141,2023-08-25,707,9,5,212.16,West
4142,2024-02-24,768,11,4,383.78,West
4143,2023-11-02,976,29,1,282.41,East
4144,2023-04-24,588,16,5,415.61,East
4145,2023-07-15,783,39,3,36.33,South
4146,2022-04-11,181,29,2,453.11,South
4147,2023-05-29,132,13,3,411.5,North
4148,2022-06-25,663,35,1,411.07,East
4149,2022-08-26,155,11,2,78.75,West
4150,2024-06-28,359,35,4,139.1,South
4151,2024-12-18,235,47,3,490.33,South
4152,2024-05-20,760,8,3,475.63,North
4153,2023-05-10,165,7,5,121.01,West
4154,2024-08-04,717,5,5,222.12,South
4155,2024-01-25,427,6,2,86.41,East
4156,2022-07-30,677,35,4,138.69,East
4157,2022-05-20,488,30,5,100.52,East
4158,2023-06-25,213,11,3,49.66,North
4159,2022-09-27,925,38,2,293.94,North
4160,2024-11-01,766,27,5,127.98,East
4161,2023-05-21,157,21,5,496.2,West
4162,2022-02-01,689,14,1,262.57,South
4163,2024-12-28,75,49,2,185.96,South
4164,2024-03-23,435,35,2,457.45,South
4165,2022-12-28,178,29,4,314.17,East
4166,2024-07-17,796,24,5,72.27,East
4167,2022-04-10,842,36,2,253.93,East
4168,2022-01-09,645,41,4,226.13,North
4169,2023-11-28,637,45,5,384.91,North
4170,2024-11-18,312,32,3,349.95,East
4171,2023-04-07,832,6,1,191.69,East
4172,2024-07-09,127,10,4,240.04,West
4173,2023-01-25,377,20,1,264.21,South
4174,2023-09-24,345,20,3,217.01,North
4175,2023-11-13,225,26,2,62.78,South
4176,2022-06-06,17,21,5,453.67,East
4177,2022-12-01,497,45,2,339.55,East
4178,2022-09-17,993,23,1,240.16,West
4179,2022-03-23,473,46,2,289.1,West
4180,2024-01-24,865,12,2,114.45,North
4181,2023-12-21,311,13,4,269.97,North
4182,2022-03-16,758,10,4,375.55,South
4183,2023-09-18,137,7,3,271.5,South
4184,2022-03-03,475,37,4,245.53,North
4185,2024-05-23,217,12,4,236.57,East
4186,2022-11-16,196,25,4,383.2,North
4187,2022-04-12,201,2,4,379.14,South
4188,2024-05-23,366,40,3,377.53,North
4189,2024-08-11,719,26,4,130.62,South
4190,2022-09-12,528,40,4,312.77,South
4191,2023-07-24,400,5,1,391.66,South
4192,2022-04-22,525,8,4,285.33,West
4193,2024-09-11,590,42,3,391.7,East
4194,2024-09-24,214,45,3,428.66,South
4195,2023-04-06,341,9,2,95.21,East
4196,2023-12-09,329,39,4,160.11,East
4197,2024-06-05,959,20,5,304.64,North
4198,2024-12-11,119,11,2,151.94,West
4199,2023-06-04,425,40,3,471.28,West
4200,2024-03-22,693,22,2,105.13,East
4201,2022-08-24,836,16,5,184.9,East
4202,2024-07-15,842,42,1,497.21,North
4203,2023-07-11,867,38,5,102.7,North
4204,2023-10-11,373,42,2,229.92,South
4205,2022-08-22,649,10,4,163.75,West
4206,2024-11-21,179,25,1,406.8,West
4207,2023-08-02,432,19,5,159.03,East
4208,2023-06-26,720,4,4,89.1,South
4209,2022-04-24,945,19,5,467.24,East
4210,2022-07-23,402,3,3,165.53,East
4211,2024-11-18,394,17,4,373.46,South
4212,2023-10-05,981,14,3,152.38,West
4213,2023-04-19,883,10,1,97.5,East
4214,2023-11-28,566,6,1,403.18,East
4215,2022-09-10,79,31,1,37.24,North
4216,2024-06-23,783,31,1,172.67,West
4217,2023-01-21,907,48,3,392.24,East
4218,2022-03-03,424,9,3,260.95,South
4219,2023-05-30,118,12,2,347.89,East
4220,2023-03-06,368,44,2,42.74,North
4221,2023-08-03,106,46,3,377.41,West
4222,2024-01-13,105,26,1,94.25,West
4223,2023-11-06,303,2,2,406.26,North
4224,2022-11-07,630,42,4,286.45,North
4225,2023-04-16,894,4,3,372.19,South
4226,2024-03-19,741,32,4,114.29,North
4227,2022-06-21,148,28,1,203.76,East
4228,2023-07-30,866,6,3,403.01,West
4229,2022-01-31,150,30,2,456.29,West
4230,2022-02-16,816,28,2,121.02,East
4231,2022-05-10,256,13,4,398.76,East
4232,2022-12-18,82,46,3,63.19,East
4233,2024-09-04,16,36,1,218.62,South
4234,2022-02-27,901,10,5,469.97,South
4235,2024-03-22,193,10,5,473.12,East
4236,2024-02-07,723,5,1,155.37,West
4237,2023-11-14,74,29,2,104.53,West
4238,2024-09-23,277,36,5,83.25,East
4239,2022-10-13,61,12,1,245.63,West
4240,2024-12-30,973,22,4,55.12,North
4241,2024-06-04,951,46,2,184.86,South
4242,2023-02-01,536,39,1,18.34,East
4243,2022-01-26,535,2,4,137.11,North
4244,2022-11-09,343,14,3,451.14,South
4245,2022-05-06,395,10,5,229.02,East
4246,2024-03-21,943,48,5,46.14,North
4247,2022-07-07,258,3,5,326.95,South
4248,2023-11-29,198,8,1,478.26,West
4249,2024-03-20,53,17,3,237.07,South
4250,2023-12-17,651,4,1,315.9,South
4251,2023-03-26,271,21,1,460.51,East
4252,2023-06-07,201,30,3,215.36,South
4253,2024-09-12,396,19,4,335.65,East
4254,2023-10-20,378,15,2,225.95,West
4255,2023-08-20,891,20,5,481.44,East
4256,2022-04-10,676,42,3,256.86,South
4257,2023-09-08,604,30,4,443.97,East
4258,2024-08-05,535,10,3,258.53,West
4259,2023-07-10,923,23,2,337.51,East
4260,2022-10-05,88,24,3,199.21,North
4261,2023-05-06,398,12,3,459.6,South
4262,2022-09-12,182,9,4,327.0,North
4263,2023-01-16,867,15,5,19.76,North
4264,2024-06-10,283,29,5,17.66,South
4265,2023-06-26,533,18,4,341.33,East
4266,2024-04-04,561,20,4,65.99,West
4267,2024-05-28,190,1,1,360.92,North
4268,2022-10-08,205,3,1,167.79,West
4269,2024-02-12,968,8,2,274.07,East
4270,2024-04-22,44,39,1,95.46,East
4271,2023-12-20,300,31,1,130.65,North
4272,2022-11-24,640,47,3,224.09,West
4273,2022-07-30,994,8,3,336.08,East
4274,2023-12-28,701,15,4,86.31,South
4275,2024-07-11,682,22,5,147.83,North
4276,2023-07-06,279,32,2,111.41,East
4277,2022-01-26,713,5,1,432.71,North
4278,2022-01-27,385,44,3,327.52,North
4279,2023-12-03,637,44,5,239.56,South
4280,2023-11-13,804,9,1,474.0,East
4281,2023-02-17,311,41,5,370.55,South
4282,2022-06-16,878,15,3,466.79,North
4283,2022-06-18,528,47,4,302.82,East
4284,2022-08-17,857,44,1,77.65,West
4285,2023-01-02,274,37,1,340.96,North
4286,2023-06-12,482,33,2,108.73,East
4287,2024-03-01,806,22,1,179.52,South
4288,2023-06-08,451,11,3,259.71,North
4289,2024-12-31,532,50,5,87.11,East
4290,2022-04-16,531,6,5,20.18,South
4291,2024-01-02,525,17,4,170.27,West
4292,2024-08-22,17,46,4,413.91,South
4293,2022-05-13,718,44,3,17.54,North
4294,2023-06-18,30,5,5,63.62,South
4295,2024-09-01,470,39,4,405.36,East
4296,2022-09-26,811,48,4,159.87,North
4297,2023-11-04,304,9,2,469.72,North
4298,2024-03-01,555,29,2,196.32,East
4299,2022-01-18,93,23,3,400.38,South
4300,2022-04-27,882,47,3,136.81,East
4301,2024-03-08,578,36,3,40.3,East
4302,2023-07-05,631,31,3,441.96,North
4303,2024-07-17,821,20,5,464.38,North
4304,2024-01-23,584,23,1,356.97,East
4305,2023-02-26,846,7,3,387.33,West
4306,2023-10-08,162,46,2,13.49,West
4307,2023-07-12,973,36,1,379.37,West
4308,2022-02-19,842,4,1,241.38,West
4309,2023-11-09,328,24,5,231.87,South
4310,2022-04-16,967,14,4,274.63,North
4311,2023-10-20,781,25,1,142.89,West
4312,2024-12-31,730,7,5,351.18,East
4313,2024-09-14,254,15,5,154.84,North
4314,2024-04-21,440,44,5,283.72,South
4315,2023-03-22,571,46,3,77.09,North
4316,2022-03-11,544,13,4,340.79,West
4317,2022-05-30,851,19,3,102.91,South
4318,2024-02-13,120,12,2,93.5,South
4319,2024-08-01,975,48,4,21.9,East
4320,2023-03-31,822,26,3,69.68,East
4321,2024-08-03,514,48,4,123.96,South
4322,2023-08-24,630,33,2,118.93,North
4323,2023-10-15,549,15,3,170.56,East
4324,2023-12-26,979,37,4,36.66,West
4325,2022-08-21,97,6,2,468.25,South
4326,2022-09-08,871,25,5,68.4,North
4327,2022-03-20,370,17,4,353.96,North
4328,2024-12-11,417,43,2,272.19,East
4329,2024-06-16,257,36,5,280.87,North
4330,2024-07-09,128,50,2,61.7,East
4331,2024-02-20,359,46,1,129.18,North
4332,2022-08-14,156,9,2,392.14,North
4333,2024-12-10,657,28,3,237.21,South
4334,2024-11-23,57,35,3,233.96,North
4335,2024-03-13,582,3,3,277.5,North
4336,2024-01-12,948,11,3,222.56,North
4337,2022-05-11,556,20,1,405.01,West
4338,2024-10-19,724,23,1,376.87,East
4339,2023-09-24,687,30,1,165.33,West
4340,2024-04-17,653,37,5,407.92,South
4341,2024-01-29,76,36,4,264.12,South
4342,2023-12-05,158,44,3,317.59,West
4343,2023-05-12,85,12,4,434.43,North
4344,2022-11-19,322,36,3,243.24,South
4345,2023-09-07,309,35,3,380.57,North
4346,2022-11-25,530,34,3,317.76,East
4347,2022-05-13,284,4,1,219.11,North
4348,2024-04-14,900,24,5,396.63,West
4349,2023-10-13,42,36,3,61.53,North
4350,2022-05-01,894,28,3,294.8,North
4351,2023-08-29,885,39,3,32.74,North
4352,2024-08-22,134,2,2,86.52,East
4353,2022-05-09,614,43,3,303.45,South
4354,2022-01-29,649,5,1,160.73,North
4355,2023-12-23,404,28,1,138.61,South
4356,2022-11-29,493,13,4,478.36,North
4357,2024-08-01,222,36,1,189.29,South
4358,2024-11-13,229,9,4,286.72,East
4359,2022-12-22,806,39,5,271.78,South
4360,2022-05-19,452,30,2,40.39,South
4361,2022-01-29,998,27,1,340.4,East
4362,2024-07-19,306,13,3,261.32,South
4363,2023-05-11,828,42,5,196.89,North
4364,2024-10-10,909,39,3,42.35,West
4365,2023-10-17,119,50,4,153.58,North
4366,2024-04-07,611,28,4,443.21,East
4367,2022-12-17,862,18,2,95.12,East
4368,2023-07-08,938,34,5,117.47,East
4369,2022-10-26,324,21,4,110.59,North
4370,2022-03-05,921,1,3,446.49,West
4371,2024-01-25,159,45,1,353.0,South
4372,2024-02-09,239,23,1,442.1,West
4373,2024-04-13,396,34,5,457.74,East
4374,2022-06-15,320,36,5,464.7,West
4375,2023-05-21,847,9,4,248.0,West
4376,2024-03-03,189,8,1,243.35,North
4377,2024-04-12,309,50,2,416.17,West
4378,2024-05-07,249,30,2,172.64,South
4379,2024-03-16,538,48,2,20.88,North
4380,2024-01-31,701,36,2,172.46,South
4381,2024-04-12,506,36,4,361.01,West
4382,2022-10-10,394,18,3,70.57,East
4383,2023-01-14,652,2,2,394.54,East
4384,2022-07-17,406,11,4,409.58,North
4385,2024-10-11,1000,36,2,59.45,South
4386,2024-10-20,181,31,2,57.94,West
4387,2023-07-10,21,31,3,107.42,North
4388,2022-12-22,675,24,2,184.63,South
4389,2024-11-06,583,46,4,271.04,North
4390,2023-10-01,594,21,4,247.92,South
4391,2023-01-14,155,32,1,428.05,East
4392,2023-11-11,828,49,5,79.69,North
4393,2023-05-21,867,30,2,351.81,West
4394,2024-06-17,559,8,2,278.95,South
4395,2022-03-17,194,33,4,371.04,West
4396,2022-08-19,224,39,2,177.55,North
4397,2024-08-19,399,1,4,240.98,North
4398,2022-10-29,749,33,1,24.01,South
4399,2023-12-27,280,42,2,66.89,South
4400,2022-08-03,980,13,1,193.75,North
4401,2022-03-10,10,22,1,245.81,North
4402,2023-01-28,376,5,5,52.02,South
4403,2022-09-24,472,12,4,414.24,East
4404,2024-12-28,152,29,1,473.57,West
4405,2023-09-03,856,3,4,302.23,West
4406,2024-10-05,616,36,5,36.17,North
4407,2024-08-19,124,47,4,372.02,North
4408,2023-12-29,697,45,5,116.41,South
4409,2023-11-04,802,11,2,369.49,West
4410,2023-02-27,553,26,5,222.83,West
4411,2022-04-25,424,2,5,36.18,North
4412,2022-08-08,523,29,5,146.59,East
4413,2022-01-31,730,41,3,219.24,North
4414,2023-09-09,513,29,1,370.76,North
4415,2023-06-23,926,44,4,75.2,North
4416,2024-01-09,171,36,4,150.63,West
4417,2024-10-22,850,19,3,50.93,East
4418,2024-05-20,794,10,2,311.75,East
4419,2022-04-11,565,11,1,242.39,West
4420,2024-12-17,125,7,1,465.21,East
4421,2023-11-23,175,13,1,372.87,West
4422,2024-07-29,504,41,1,391.16,South
4423,2022-12-07,777,44,3,90.55,South
4424,2024-05-10,777,2,4,140.65,West
4425,2024-11-09,385,30,2,261.44,West
4426,2022-02-07,711,22,2,16.61,West
4427,2023-10-22,768,1,2,436.36,West
4428,2024-07-16,684,27,3,391.09,West
4429,2024-11-15,571,7,3,38.39,West
4430,2023-03-30,952,1,5,426.03,East
4431,2024-01-07,106,25,3,12.2,South
4432,2024-03-29,947,48,1,65.97,South
4433,2024-02-12,637,4,4,37.13,North
4434,2022-01-13,528,30,2,244.79,South
4435,2024-07-03,38,8,3,394.18,South
4436,2024-07-09,395,49,4,97.48,North
4437,2024-04-04,755,21,1,388.03,North
4438,2023-01-06,921,4,3,100.61,West
4439,2022-11-28,477,4,3,495.36,West
4440,2022-09-18,467,8,4,428.2,South
4441,2023-11-28,722,42,1,371.22,North
4442,2023-11-18,505,26,3,299.93,West
4443,2024-08-07,315,29,4,128.85,East
4444,2023-01-22,285,16,1,68.44,West
4445,2024-03-31,464,19,3,235.55,West
4446,2023-04-13,680,1,3,207.3,North
4447,2022-03-10,264,37,2,340.5,South
4448,2022-07-19,610,34,5,93.34,South
4449,2022-08-04,646,29,1,285.44,East
4450,2022-07-31,429,27,4,349.74,South
4451,2023-05-23,365,48,2,156.49,North
4452,2022-01-16,181,45,3,392.21,East
4453,2024-06-02,734,30,4,221.6,South
4454,2022-11-28,876,6,2,89.69,North
4455,2023-12-18,994,36,2,105.44,North
4456,2023-07-05,661,39,5,146.66,West
4457,2024-07-30,244,2,2,87.48,South
4458,2022-09-13,313,42,1,285.83,West
4459,2024-09-18,76,14,5,475.08,South
4460,2023-12-29,881,8,5,449.08,South
4461,2024-05-29,262,3,3,168.64,West
4462,2024-03-25,231,35,3,433.69,West
4463,2023-10-11,703,27,1,477.47,West
4464,2024-09-26,380,34,4,154.14,South
4465,2023-04-16,646,28,1,453.59,North
4466,2023-11-21,309,31,5,498.74,South
4467,2023-12-01,764,17,3,400.86,West
4468,2023-05-22,388,19,1,201.21,North
4469,2024-09-18,757,42,3,308.19,North
4470,2024-10-06,777,44,1,188.45,North
4471,2024-03-14,325,11,1,498.02,West
4472,2024-04-10,842,9,2,43.25,South
4473,2022-08-02,879,30,1,447.61,North
4474,2022-06-18,456,45,3,46.53,East
4475,2024-09-04,512,6,1,30.68,South
4476,2022-05-26,343,14,4,470.57,East
4477,2023-05-31,516,31,2,434.97,South
4478,2023-03-29,442,11,1,187.17,South
4479,2022-03-01,549,5,4,479.19,East
4480,2023-06-12,583,31,3,432.31,South
4481,2024-10-20,262,2,4,451.97,West
4482,2023-04-19,749,39,2,301.61,South
4483,2024-01-27,819,17,3,479.58,North
4484,2024-02-21,463,38,1,406.7,West
4485,2023-03-09,867,46,1,470.58,South
4486,2023-02-05,690,36,4,147.94,East
4487,2022-02-26,608,3,1,270.73,East
4488,2024-09-29,910,43,3,435.15,South
4489,2022-07-05,227,29,3,294.07,North
4490,2023-02-02,523,33,1,402.54,East
4491,2023-08-28,778,14,4,486.82,West
4492,2024-02-27,189,38,1,404.24,West
4493,2022-06-07,209,29,5,164.53,South
4494,2023-08-12,13,23,1,68.16,South
4495,2023-04-11,889,17,2,143.65,East
4496,2023-03-22,162,49,1,334.77,North
4497,2024-03-11,572,11,5,15.36,West
4498,2024-07-17,493,28,2,102.96,North
4499,2022-01-17,435,7,4,170.18,East
4500,2024-01-01,5,45,2,438.86,East
4501,2022-11-22,202,40,3,34.99,East
4502,2024-09-21,416,8,5,34.47,East
4503,2023-09-05,12,41,3,280.37,West
4504,2023-06-30,948,29,3,97.11,North
4505,2023-08-19,397,25,2,128.69,East
4506,2024-07-09,341,7,2,100.28,West
4507,2024-04-21,752,22,3,294.99,North
4508,2022-12-10,950,9,4,37.22,North
4509,2024-05-08,373,11,1,470.6,North
4510,2023-03-21,378,34,1,70.34,West
4511,2022-08-10,225,27,5,476.28,South
4512,2023-08-15,182,50,2,391.28,South
4513,2024-10-27,297,22,1,415.73,South
4514,2024-10-14,816,3,4,94.68,East
4515,2022-01-16,307,50,5,338.13,South
4516,2023-06-08,431,48,2,410.37,South
4517,2024-03-13,690,40,1,283.44,West
4518,2022-01-21,118,8,3,280.03,East
4519,2022-08-16,352,6,4,88.11,West
4520,2024-10-04,588,25,4,212.97,West
4521,2024-03-19,46,2,2,83.76,South
4522,2023-02-08,227,16,4,486.7,North
4523,2024-12-25,356,41,2,345.58,North
4524,2023-03-13,294,21,4,33.73,East
4525,2024-04-08,240,15,1,243.62,West
4526,2024-07-22,348,34,2,322.6,East
4527,2022-09-16,141,47,4,56.86,North
4528,2022-04-13,204,43,1,335.84,West
4529,2024-09-19,662,20,1,96.88,West
4530,2024-02-08,642,44,1,209.86,East
4531,2024-03-23,861,31,2,316.52,West
4532,2022-08-14,845,15,2,188.88,West
4533,2024-07-31,995,48,4,196.63,East
4534,2023-04-08,269,28,3,423.37,East
4535,2022-08-25,313,6,3,161.54,West
4536,2024-11-15,418,3,5,331.05,West
4537,2023-05-21,915,38,3,426.08,East
4538,2024-03-24,137,23,3,84.8,North
4539,2024-02-06,628,3,4,32.5,West
4540,2023-09-26,351,45,2,414.51,East
4541,2024-09-17,161,44,3,280.05,South
4542,2023-09-10,667,8,5,415.57,East
4543,2022-09-30,173,2,4,114.39,East
4544,2022-08-20,130,7,1,417.99,North
4545,2024-02-07,79,17,1,56.7,South
4546,2023-05-11,979,7,5,442.77,West
4547,2024-11-13,569,33,2,413.04,East
4548,2023-05-17,863,36,1,287.99,East
4549,2022-01-25,57,47,2,308.09,North
4550,2022-10-15,400,4,3,179.46,East
4551,2022-12-04,363,44,3,108.79,East
4552,2024-11-26,335,16,3,233.16,West
4553,2022-05-17,134,21,1,332.15,East
4554,2023-05-23,14,18,1,499.25,North
4555,2022-08-15,283,46,2,410.45,East
4556,2022-11-16,806,46,2,222.81,South
4557,2024-07-04,659,28,5,374.19,East
4558,2022-03-27,421,43,3,62.94,North
4559,2024-07-14,127,16,4,213.37,South
4560,2022-02-22,772,47,4,218.21,North
4561,2024-05-09,826,22,3,499.42,East
4562,2024-05-16,218,6,5,201.6,East
4563,2023-03-09,905,30,2,50.81,North
4564,2024-09-25,745,45,1,42.94,West
4565,2022-04-10,881,28,5,352.21,East
4566,2024-09-16,680,17,5,151.66,South
4567,2023-08-22,655,36,3,435.77,North
4568,2023-02-07,489,12,2,246.64,East
4569,2023-01-31,997,50,4,171.88,South
4570,2023-02-19,260,40,4,381.97,East
4571,2024-07-27,218,12,4,214.59,East
4572,2023-11-08,820,36,5,371.32,West
4573,2023-04-08,658,40,1,359.91,West
4574,2023-06-25,489,29,2,364.37,North
4575,2022-03-25,949,2,1,429.99,South
4576,2022-09-28,443,29,4,425.72,South
4577,2022-09-01,99,30,1,335.66,South
4578,2023-01-23,182,36,5,478.91,East
4579,2022-08-02,169,44,3,20.16,East
4580,2024-03-28,233,25,1,465.91,North
4581,2022-02-28,956,21,1,82.64,North
4582,2024-06-01,93,22,1,113.71,East
4583,2024-04-22,629,10,4,410.53,East
4584,2024-07-12,472,31,1,206.21,South
4585,2022-05-03,516,47,2,218.4,East
4586,2023-03-15,85,9,5,138.0,South
4587,2024-10-18,679,41,2,119.98,North
4588,2023-07-16,519,39,2,62.06,East
4589,2022-04-28,381,34,4,106.42,East
4590,2024-06-23,407,39,1,287.71,South
4591,2023-01-30,232,41,5,356.24,North
4592,2024-05-25,251,50,5,372.03,West
4593,2024-07-23,85,23,5,191.36,East
4594,2024-08-09,319,12,1,461.76,South
4595,2022-03-16,193,7,5,171.08,East
4596,2022-10-22,635,32,5,64.46,West
4597,2022-01-21,937,19,3,473.16,West
4598,2024-11-04,601,22,3,274.93,North
4599,2023-07-14,607,16,5,485.97,South
4600,2023-01-07,887,8,2,202.9,West
4601,2024-03-28,300,30,1,381.12,South
4602,2024-12-28,358,6,2,63.87,South
4603,2024-04-25,557,2,2,428.5,North
4604,2023-06-05,765,34,1,93.64,West
4605,2023-01-06,453,29,1,43.65,South
4606,2022-04-11,885,40,4,57.9,North
4607,2023-10-23,991,42,4,283.11,East
4608,2024-08-25,563,43,4,153.02,East
4609,2022-08-31,506,20,5,480.87,West
4610,2024-01-23,65,3,5,427.81,South
4611,2023-05-27,566,48,5,403.62,East
4612,2024-04-28,952,35,4,406.72,East
4613,2023-07-09,222,8,1,446.43,East
4614,2022-08-14,466,12,5,433.95,West
4615,2022-08-02,72,50,1,464.82,South
4616,2023-12-19,888,45,4,467.84,South
4617,2022-03-08,474,43,1,156.18,West
4618,2023-01-31,680,32,5,117.59,North
4619,2023-09-04,698,29,1,325.12,West
4620,2024-11-01,655,45,4,70.43,West
4621,2024-02-09,19,21,5,113.46,East
4622,2023-02-11,522,3,5,388.75,North
4623,2024-07-13,984,38,4,328.17,North
4624,2023-10-09,784,27,2,328.92,West
4625,2022-08-10,683,3,3,475.81,East
4626,2023-10-16,415,1,4,337.14,West
4627,2023-03-04,364,46,1,221.1,North
4628,2024-09-03,528,20,2,147.36,South
4629,2024-10-02,80,7,4,175.89,East
4630,2023-01-06,796,41,3,146.13,East
4631,2024-04-29,190,1,5,27.14,East
4632,2024-05-05,148,10,3,138.17,West
4633,2022-08-17,675,45,3,419.33,South
4634,2022-10-07,443,12,4,366.83,North
4635,2024-12-06,265,4,5,314.7,South
4636,2024-09-01,872,7,5,452.08,North
4637,2024-01-28,650,10,3,139.42,South
4638,2024-11-13,509,22,4,293.07,South
4639,2022-11-17,301,25,5,25.35,East
4640,2022-10-01,466,29,5,447.08,South
4641,2023-07-10,365,39,1,229.39,South
4642,2024-04-23,399,15,3,97.16,North
4643,2023-10-30,493,19,2,127.27,North
4644,2024-09-26,542,39,3,425.64,South
4645,2023-01-15,816,46,4,63.32,East
4646,2023-12-12,480,46,5,463.35,East
4647,2024-01-16,168,18,5,193.0,North
4648,2023-11-06,603,42,1,133.03,West
4649,2022-04-26,91,3,5,172.61,North
4650,2023-08-28,723,6,5,210.4,East
4651,2024-12-01,842,22,2,278.58,West
4652,2023-01-14,300,41,3,297.54,North
4653,2023-04-11,174,46,5,229.43,North
4654,2022-10-07,646,31,4,228.72,West
4655,2023-09-10,373,21,2,149.8,North
4656,2022-04-28,24,8,2,198.07,East
4657,2022-11-05,201,1,1,238.9,West
4658,2022-04-10,731,3,4,302.82,East
4659,2022-09-18,7,29,2,74.04,South
4660,2024-09-19,6,6,3,384.35,North
4661,2022-10-13,630,33,4,343.48,South
4662,2022-11-24,161,18,3,156.4,South
4663,2022-03-04,597,42,1,235.08,South
4664,2023-11-18,878,49,1,474.0,North
4665,2024-01-08,248,1,5,20.03,West
4666,2024-10-27,166,22,3,407.56,East
4667,2023-10-01,428,31,3,260.75,North
4668,2024-07-24,145,23,1,313.22,East
4669,2023-04-21,511,8,3,345.42,West
4670,2022-02-22,543,29,4,233.45,North
4671,2024-01-24,933,44,5,104.01,East
4672,2023-05-01,509,46,5,455.7,South
4673,2023-02-13,907,19,4,372.69,North
4674,2024-10-27,220,49,2,284.2,East
4675,2023-10-30,645,16,3,229.74,South
4676,2024-04-14,576,19,2,254.67,West
4677,2024-05-25,76,37,2,413.53,South
4678,2023-01-02,643,22,3,16.13,South
4679,2024-09-28,824,19,1,434.01,South
4680,2022-09-07,319,4,3,32.91,East
4681,2023-01-15,873,5,1,311.8,East
4682,2024-05-21,38,5,4,173.23,West
4683,2024-04-14,566,25,1,342.34,South
4684,2024-02-14,642,24,2,51.92,South
4685,2024-07-07,730,1,2,282.55,South
4686,2023-03-31,514,50,2,429.06,South
4687,2023-01-01,246,28,1,252.37,South
4688,2023-02-07,140,47,2,51.33,North
4689,2022-02-27,808,21,5,28.32,West
4690,2023-06-05,258,19,3,314.39,East
4691,2022-07-29,617,23,2,44.07,East
4692,2024-11-30,381,14,1,44.93,North
4693,2024-03-26,848,6,2,218.47,East
4694,2022-06-22,478,32,1,112.66,South
4695,2022-08-22,185,50,3,110.06,East
4696,2024-03-03,303,32,1,245.68,South
4697,2024-03-03,494,8,3,147.59,West
4698,2024-11-28,756,37,2,117.44,East
4699,2022-04-29,164,22,5,262.06,North
4700,2022-12-01,644,8,2,152.53,East
4701,2022-11-20,203,38,3,49.31,South
4702,2024-10-07,408,10,4,344.54,North
4703,2022-10-11,210,3,4,296.95,South
4704,2022-08-01,859,13,4,113.94,West
4705,2024-07-17,101,39,2,295.3,East
4706,2024-01-22,446,30,1,478.24,West
4707,2022-12-05,898,4,5,478.67,West
4708,2024-11-11,783,45,5,270.65,North
4709,2022-04-15,971,6,2,58.03,South
4710,2024-02-09,987,16,3,234.51,East
4711,2023-12-17,561,22,2,23.22,North
4712,2024-02-02,368,27,4,213.45,East
4713,2023-01-14,239,21,3,455.62,West
4714,2023-12-14,727,29,5,239.05,North
4715,2022-08-13,291,1,2,279.74,West
4716,2024-01-08,372,30,1,87.44,East
4717,2022-08-24,862,24,1,17.67,West
4718,2022-07-02,431,13,5,496.76,West
4719,2023-12-13,280,30,3,175.75,North
4720,2023-03-20,467,26,4,146.88,West
4721,2023-09-15,316,34,1,289.93,West
4722,2024-10-26,989,20,1,375.21,South
4723,2024-01-19,77,6,2,133.19,East
4724,2022-06-04,816,43,5,266.82,East
4725,2022-09-14,151,49,1,172.99,West
4726,2022-08-23,396,9,2,245.67,East
4727,2023-05-15,496,37,3,89.04,North
4728,2022-10-16,297,37,1,259.96,North
4729,2023-05-25,669,16,5,33.2,East
4730,2023-12-10,710,4,2,421.6,North
4731,2024-02-24,947,32,3,317.55,South
4732,2024-06-12,896,20,2,471.33,West
4733,2024-02-15,407,29,4,303.87,East
4734,2022-10-25,287,31,5,99.26,South
4735,2022-05-17,493,45,5,247.18,East
4736,2023-01-11,917,17,1,335.7,East
4737,2022-03-28,536,41,2,193.37,East
4738,2023-03-13,456,25,3,280.8,South
4739,2024-02-03,492,45,1,89.72,North
4740,2023-12-03,9,16,5,390.79,South
4741,2024-07-30,918,20,2,455.67,South
4742,2022-06-01,132,42,3,164.29,South
4743,2024-10-28,77,10,5,398.73,West
4744,2024-03-17,738,48,3,55.05,East
4745,2022-08-23,131,23,2,130.89,West
4746,2023-11-06,997,33,3,236.32,North
4747,2023-07-15,888,43,1,199.34,North
4748,2022-02-07,412,13,1,313.62,North
4749,2024-04-01,90,25,2,285.86,North
4750,2023-02-25,498,50,5,52.76,South
4751,2022-12-14,629,37,4,74.53,West
4752,2024-01-18,622,36,4,35.34,West
4753,2022-09-30,889,24,4,476.78,North
4754,2022-11-04,354,6,5,326.22,West
4755,2024-09-02,271,15,1,429.24,West
4756,2024-01-03,392,34,1,275.22,West
4757,2024-10-29,432,4,1,104.98,West
4758,2023-03-20,739,14,2,317.03,West
4759,2023-02-09,472,4,1,257.62,South
4760,2024-05-02,756,28,1,210.01,South
4761,2024-02-17,308,29,1,192.18,West
4762,2022-04-25,508,18,4,328.54,West
4763,2022-03-06,55,20,3,312.7,West
4764,2024-04-04,37,48,1,84.27,North
4765,2022-08-27,900,41,3,409.95,North
4766,2022-10-29,55,32,1,321.68,West
4767,2024-08-26,524,8,4,272.55,South
4768,2023-01-04,915,43,4,376.97,North
4769,2022-08-21,463,46,3,85.3,East
4770,2022-07-14,697,49,4,460.66,North
4771,2024-06-25,478,13,2,142.59,North
4772,2024-11-01,749,40,5,138.75,East
4773,2024-07-09,805,46,5,409.3,West
4774,2023-11-20,716,43,1,173.66,North
4775,2022-06-26,211,9,4,417.05,North
4776,2022-08-05,226,40,5,170.72,West
4777,2024-10-31,7,46,3,279.84,North
4778,2023-09-22,732,47,3,123.11,North
4779,2022-06-13,823,33,3,368.44,West
4780,2022-02-22,540,12,1,91.8,North
4781,2022-08-06,989,37,5,450.72,West
4782,2024-09-25,805,25,5,192.11,North
4783,2024-04-03,212,46,5,241.07,West
4784,2023-01-20,189,25,3,21.77,East
4785,2022-02-25,75,16,3,488.14,North
4786,2022-04-28,754,16,1,408.46,East
4787,2024-06-18,114,39,2,229.03,South
4788,2024-03-08,679,35,5,460.93,South
4789,2024-02-19,618,23,1,466.22,East
4790,2024-10-12,151,8,3,271.2,North
4791,2024-03-13,436,46,2,124.59,East
4792,2024-04-24,878,3,4,248.68,East
4793,2024-05-04,84,24,2,169.15,West
4794,2023-12-09,212,43,1,229.51,East
4795,2022-01-22,779,22,2,456.58,East
4796,2024-04-22,834,14,3,148.1,West
4797,2022-07-11,781,22,2,421.09,West
4798,2024-10-15,461,34,3,468.3,West
4799,2023-01-31,937,36,2,404.48,East
4800,2024-10-27,177,31,1,268.35,North
4801,2023-10-02,783,21,4,286.35,South
4802,2024-10-15,312,5,5,411.62,East
4803,2023-07-21,694,19,2,31.81,North
4804,2022-08-19,159,42,4,370.61,West
4805,2024-05-23,701,21,2,269.15,East
4806,2023-07-28,186,2,4,204.6,East
4807,2022-08-28,471,3,3,385.79,East
4808,2022-03-31,956,47,4,140.46,West
4809,2022-08-20,309,30,5,448.81,West
4810,2023-04-02,982,34,4,347.36,South
4811,2022-08-21,246,25,5,308.98,West
4812,2022-12-20,829,35,5,266.33,West
4813,2024-10-01,976,29,4,114.25,West
4814,2023-03-15,384,12,5,312.3,West
4815,2022-12-11,42,23,5,365.21,North
4816,2023-10-26,285,28,3,15.73,North
4817,2023-10-19,980,46,1,189.55,East
4818,2022-05-10,988,17,3,417.91,North
4819,2022-05-21,923,16,1,319.78,West
4820,2023-02-19,300,49,1,311.48,West
4821,2023-09-18,989,9,3,122.02,South
4822,2022-10-11,901,3,5,319.72,West
4823,2022-08-11,436,22,3,395.21,West
4824,2024-01-14,369,31,5,206.86,East
4825,2023-04-08,874,14,3,99.23,West
4826,2022-12-23,486,3,3,47.86,East
4827,2024-11-12,949,38,2,257.79,West
4828,2024-05-08,436,23,4,345.09,East
4829,2023-10-27,806,21,3,89.69,East
4830,2024-10-11,428,24,4,216.51,East
4831,2022-03-26,181,32,5,288.64,North
4832,2023-09-13,883,45,2,86.37,West
4833,2024-11-20,898,5,2,142.25,West
4834,2022-08-28,877,33,1,308.12,South
4835,2022-12-29,694,44,4,365.26,East
4836,2024-04-01,340,47,2,321.64,West
4837,2023-10-30,491,19,5,359.68,South
4838,2022-04-09,495,34,1,294.94,West
4839,2022-02-16,973,3,2,419.56,East
4840,2024-04-18,730,39,5,415.1,North
4841,2023-02-26,163,28,4,400.16,South
4842,2022-03-03,558,11,5,291.97,South
4843,2024-10-06,456,10,5,497.12,East
4844,2023-08-21,92,40,5,29.16,East
4845,2023-01-27,105,2,3,105.87,South
4846,2024-09-03,719,46,2,406.35,West
4847,2024-12-11,439,45,5,414.88,North
4848,2023-08-26,498,39,1,411.19,West
4849,2022-12-03,328,27,3,437.63,East
4850,2024-03-20,651,9,5,217.08,East
4851,2024-01-22,541,39,5,466.6,West
4852,2024-05-30,509,1,2,112.49,East
4853,2023-09-27,251,33,3,469.1,East
4854,2022-09-11,965,38,5,282.77,South
4855,2022-01-20,191,33,5,90.3,South
4856,2023-06-12,47,48,4,370.68,West
4857,2023-01-11,879,3,1,154.98,East
4858,2022-06-15,251,32,1,118.02,East
4859,2024-05-10,775,13,2,94.32,North
4860,2023-09-09,885,21,3,24.41,East
4861,2023-09-04,64,4,5,384.68,West
4862,2023-05-18,850,17,3,248.39,North
4863,2024-07-01,320,42,2,489.58,North
4864,2022-03-20,860,4,4,225.24,East
4865,2023-08-08,780,20,2,423.24,West
4866,2023-11-19,524,12,1,484.37,East
4867,2023-01-31,292,26,4,21.01,East
4868,2023-02-06,29,45,5,61.61,North
4869,2024-09-01,651,36,2,180.45,South
4870,2022-08-12,437,16,3,436.36,North
4871,2023-06-02,966,7,3,420.6,East
4872,2023-09-26,597,33,1,189.7,West
4873,2022-08-24,586,48,1,107.95,North
4874,2022-04-26,763,2,1,403.14,South
4875,2022-08-14,736,33,1,302.49,West
4876,2022-08-18,47,14,5,25.48,South
4877,2022-07-01,417,20,4,404.07,North
4878,2022-07-29,593,37,1,478.91,West
4879,2022-04-06,451,27,2,30.62,North
4880,2024-06-12,633,47,5,150.08,East
4881,2024-01-26,555,42,4,411.54,South
4882,2023-02-19,658,21,5,296.48,North
4883,2023-01-29,74,2,3,494.78,West
4884,2023-11-27,53,43,5,458.6,North
4885,2024-04-23,233,16,5,97.35,North
4886,2023-08-27,807,19,3,340.27,North
4887,2023-08-05,875,4,3,330.11,East
4888,2022-05-13,200,10,3,64.32,East
4889,2024-03-01,674,22,5,53.86,North
4890,2023-10-11,549,12,3,289.03,West
4891,2022-08-09,937,2,1,207.46,West
4892,2024-09-02,97,2,2,277.27,West
4893,2024-12-05,49,41,2,127.03,East
4894,2024-02-27,896,44,3,282.76,North
4895,2023-11-22,522,34,4,197.86,West
4896,2022-02-08,40,18,5,444.89,North
4897,2023-11-21,914,16,2,159.98,South
4898,2022-06-11,153,19,1,436.71,South
4899,2022-06-10,106,47,4,201.1,West
4900,2024-12-13,553,25,4,293.3,West
4901,2024-11-23,676,30,1,150.32,West
4902,2022-08-30,770,48,5,406.45,East
4903,2024-08-24,211,6,5,423.39,West
4904,2024-06-08,202,27,3,406.43,North
4905,2022-04-23,433,15,1,323.52,West
4906,2024-10-10,707,31,1,159.34,West
4907,2022-11-14,565,44,1,321.88,West
4908,2022-01-23,147,22,3,480.16,East
4909,2024-04-03,499,12,2,327.71,West
4910,2023-12-02,282,10,5,478.63,South
4911,2024-10-15,310,21,3,159.24,East
4912,2024-12-03,755,47,3,424.54,North
4913,2022-05-08,51,31,3,362.05,East
4914,2024-05-25,495,36,1,411.41,North
4915,2022-06-07,409,10,3,358.27,South
4916,2024-04-06,626,19,2,245.38,West
4917,2024-05-01,273,23,4,346.42,South
4918,2023-05-27,458,46,3,466.72,East
4919,2022-02-14,120,10,2,214.6,East
4920,2022-08-07,701,49,1,476.36,North
4921,2023-03-19,46,27,4,34.21,East
4922,2022-11-11,243,43,5,16.94,East
4923,2022-06-26,311,50,5,251.96,North
4924,2022-08-16,562,2,1,425.77,South
4925,2022-09-24,331,11,1,131.44,East
4926,2024-05-19,11,8,5,349.78,West
4927,2024-04-17,908,19,1,277.98,East
4928,2023-05-04,424,16,5,152.49,South
4929,2023-12-03,48,4,1,150.04,North
4930,2023-11-18,377,14,5,45.91,East
4931,2024-09-22,568,22,2,272.74,North
4932,2022-12-23,8,17,1,230.57,East
4933,2024-05-21,984,43,5,151.82,West
4934,2022-07-23,526,26,1,485.51,North
4935,2023-07-06,727,35,5,411.05,West
4936,2022-11-19,370,36,5,267.23,East
4937,2023-08-17,440,45,4,265.64,North
4938,2022-06-30,757,49,1,104.87,North
4939,2023-05-14,566,30,2,328.07,East
4940,2022-03-24,484,21,3,477.28,East
4941,2022-10-30,273,20,3,450.16,West
4942,2022-09-19,941,42,1,51.54,East
4943,2024-02-23,901,26,5,36.02,East
4944,2024-07-02,131,12,5,481.01,South
4945,2023-11-23,521,8,2,107.95,East
4946,2024-08-01,724,35,1,279.7,North
4947,2023-11-14,634,29,3,46.61,East
4948,2023-11-20,114,42,2,423.22,West
4949,2023-01-31,532,7,1,67.75,East
4950,2024-04-18,499,10,1,325.44,South
4951,2024-05-27,339,39,1,37.75,South
4952,2024-04-02,21,50,4,86.77,South
4953,2022-02-18,720,20,2,260.95,North
4954,2024-02-28,33,28,1,32.39,South
4955,2022-10-20,133,14,2,105.85,West
4956,2023-06-20,920,12,3,76.72,South
4957,2022-11-07,703,8,1,29.88,West
4958,2023-06-21,975,7,5,485.79,East
4959,2023-10-01,26,5,1,230.58,North
4960,2022-08-22,364,1,1,430.88,East
4961,2023-08-28,601,47,2,185.53,West
4962,2022-04-04,92,9,2,30.87,North
4963,2022-11-23,545,44,4,350.87,West
4964,2022-08-13,238,18,1,28.99,North
4965,2024-08-24,18,43,3,280.86,South
4966,2024-06-08,274,42,2,78.16,East
4967,2022-01-11,934,10,4,338.7,South
4968,2024-11-01,289,50,5,447.42,North
4969,2022-02-04,27,1,5,478.32,West
4970,2023-03-23,817,20,4,268.61,North
4971,2023-03-17,434,43,5,271.02,North
4972,2023-10-15,911,29,1,28.76,South
4973,2023-08-18,108,2,2,387.24,North
4974,2022-08-17,973,26,3,478.54,East
4975,2022-12-10,948,11,5,224.73,East
4976,2024-09-15,738,25,1,398.91,South
4977,2024-06-27,324,34,2,400.75,South
4978,2023-06-11,867,41,1,394.99,East
4979,2022-03-16,531,1,1,381.75,South
4980,2022-07-15,735,31,2,115.4,East
4981,2022-01-29,793,38,5,378.2,East
4982,2023-12-07,104,22,5,80.75,South
4983,2024-10-17,844,2,1,359.13,West
4984,2022-01-16,332,47,4,11.73,South
4985,2024-03-15,362,1,5,460.22,West
4986,2024-07-28,921,24,1,415.42,South
4987,2024-08-24,289,50,3,344.65,East
4988,2022-08-17,444,36,3,56.29,West
4989,2024-08-19,37,45,4,414.24,South
4990,2023-12-16,348,36,1,438.84,South
4991,2024-09-10,892,47,3,347.11,East
4992,2023-07-27,756,34,5,488.18,West
4993,2023-09-07,43,9,1,55.51,South
4994,2022-11-22,126,12,4,357.24,North
4995,2024-05-24,9,46,4,267.15,North
4996,2022-12-25,526,20,5,81.35,South
4997,2022-11-20,131,4,3,332.62,East
4998,2022-06-14,325,15,3,401.77,East
4999,2024-03-08,184,4,4,90.73,South
5000,2023-03-31,282,5,2,398.81,South
5001,2022-07-12,895,10,4,55.56,East
5002,2023-09-19,53,44,4,299.79,East
5003,2023-06-14,553,44,1,401.25,East
5004,2024-10-30,850,40,5,81.52,South
5005,2022-04-02,870,36,1,290.04,East
5006,2022-05-19,533,35,4,218.19,South
5007,2023-04-26,377,1,1,307.56,West
5008,2023-03-25,295,18,3,217.87,North
5009,2024-05-18,208,31,4,132.95,West
5010,2022-12-06,1000,46,3,134.37,North
5011,2024-12-11,663,49,3,433.7,South
5012,2023-04-11,477,6,5,86.66,South
5013,2023-12-19,970,6,3,70.33,West
5014,2024-03-09,954,42,1,57.57,South
5015,2023-04-20,69,19,1,46.34,South
5016,2023-02-05,843,32,2,17.1,East
5017,2023-08-28,925,42,5,88.6,West
5018,2024-07-20,830,30,2,104.44,North
5019,2024-09-23,437,26,3,142.16,West
5020,2024-07-10,301,3,4,70.78,South
5021,2024-03-31,27,33,1,56.14,South
5022,2023-10-19,628,50,4,275.32,West
5023,2023-08-21,930,31,2,362.16,South
5024,2023-05-29,654,47,2,318.79,South
5025,2024-10-26,553,20,1,282.79,South
5026,2023-05-15,106,4,2,225.88,East
5027,2023-12-18,586,32,4,320.65,South
5028,2023-08-24,572,18,2,451.91,South
5029,2023-10-28,810,10,4,317.44,South
5030,2023-04-13,634,22,3,39.82,South
5031,2022-06-10,947,17,5,289.51,South
5032,2022-09-27,715,42,1,266.87,South
5033,2024-12-15,11,4,2,231.49,South
5034,2022-08-16,931,37,1,288.71,North
5035,2024-04-28,659,7,2,339.58,West
5036,2022-05-29,216,8,3,28.26,North
5037,2024-12-05,886,1,4,245.3,South
5038,2023-09-24,321,8,1,410.44,West
5039,2023-02-17,460,19,3,270.08,North
5040,2023-06-04,957,17,3,43.25,West
5041,2023-01-22,815,41,5,389.78,South
5042,2022-10-02,526,48,3,471.25,West
5043,2022-12-19,579,9,5,427.4,West
5044,2024-12-25,692,16,3,187.66,West
5045,2023-08-21,877,45,4,272.06,West
5046,2023-07-12,754,37,3,299.74,South
5047,2022-04-23,160,27,4,360.74,East
5048,2022-05-21,464,2,2,336.37,East
5049,2023-12-31,998,36,3,107.55,West
5050,2023-08-12,522,12,3,423.09,South
5051,2023-02-15,636,50,2,426.1,South
5052,2023-01-12,273,35,5,208.13,East
5053,2024-01-21,241,31,4,74.15,South
5054,2023-09-19,936,19,2,308.2,West
5055,2024-09-21,964,26,2,185.06,West
5056,2023-12-04,959,36,1,373.28,East
5057,2023-04-07,655,4,2,164.67,South
5058,2022-01-12,865,48,5,138.87,West
5059,2023-04-22,167,43,5,435.18,East
5060,2024-07-27,569,31,5,311.75,North
5061,2023-02-05,650,13,4,52.14,East
5062,2024-03-18,327,43,4,347.79,South
5063,2022-06-26,865,39,3,378.84,North
5064,2022-02-26,529,46,2,125.25,West
5065,2023-03-24,844,4,5,484.15,South
5066,2022-07-22,273,40,2,192.7,West
5067,2024-01-08,879,44,3,470.88,East
5068,2022-07-21,376,13,3,153.87,South
5069,2022-12-29,912,41,5,308.51,North
5070,2024-06-10,375,9,2,263.61,North
5071,2023-03-30,334,2,3,496.16,West
5072,2022-12-22,3,35,1,210.09,West
5073,2022-08-04,243,12,4,97.85,East
5074,2024-08-29,620,17,2,418.27,West
5075,2023-07-09,51,4,5,30.6,South
5076,2024-06-05,882,14,3,443.63,North
5077,2022-01-23,350,21,3,64.19,South
5078,2022-06-04,174,41,3,290.29,East
5079,2022-09-06,116,8,4,359.57,North
5080,2024-01-19,695,33,2,174.8,West
5081,2024-03-15,361,45,3,423.92,North
5082,2022-05-14,355,28,4,300.92,East
5083,2022-11-17,666,3,1,203.63,West
5084,2023-01-25,759,14,2,169.43,North
5085,2023-03-10,76,19,5,64.88,North
5086,2024-11-11,927,6,2,323.78,North
5087,2024-05-22,756,36,3,188.38,West
5088,2024-05-07,81,20,5,167.07,East
5089,2022-02-20,229,1,2,475.47,North
5090,2022-06-25,72,10,5,143.67,South
5091,2024-05-19,403,13,2,439.52,West
5092,2022-09-10,218,12,1,487.7,West
5093,2024-08-23,452,11,1,413.14,North
5094,2024-01-09,911,36,1,19.56,North
5095,2022-10-29,755,17,2,435.63,North
5096,2023-07-02,367,47,5,114.57,East
5097,2023-12-17,826,29,1,183.11,West
5098,2024-02-18,590,3,4,495.88,South
5099,2022-09-25,670,29,4,208.44,East
5100,2024-10-06,560,10,1,330.87,East
5101,2023-07-05,312,46,1,162.25,West
5102,2022-11-10,298,19,3,191.02,North
5103,2022-07-03,24,4,4,302.84,East
5104,2023-12-14,110,46,4,474.66,North
5105,2022-05-08,52,38,1,148.4,West
5106,2023-12-01,939,12,3,131.21,South
5107,2023-01-21,290,31,5,22.87,South
5108,2022-09-28,444,2,3,109.03,South
5109,2024-03-21,467,49,3,138.58,North
5110,2023-02-19,259,1,4,40.81,East
5111,2022-07-17,324,17,1,286.17,South
5112,2024-12-15,651,25,1,72.11,East
5113,2024-04-10,909,5,1,260.43,South
5114,2023-09-20,818,48,3,102.6,North
5115,2023-08-27,338,14,3,468.51,North
5116,2024-12-16,787,10,2,160.48,North
5117,2024-10-06,556,21,5,55.53,South
5118,2022-03-12,929,25,2,419.72,East
5119,2024-06-29,422,35,5,207.0,North
5120,2023-08-17,259,3,2,411.86,East
5121,2023-08-23,625,18,2,163.12,East
5122,2023-05-29,739,50,2,255.02,South
5123,2022-03-25,65,36,2,228.23,East
5124,2024-09-20,163,39,3,283.37,North
5125,2024-12-02,164,33,5,206.81,West
5126,2024-04-18,678,48,2,253.43,West
5127,2023-08-29,39,17,2,342.87,North
5128,2024-03-20,665,40,1,213.19,East
5129,2022-05-13,320,6,3,345.36,West
5130,2024-12-24,360,34,4,360.01,West
5131,2022-10-17,269,26,1,376.97,North
5132,2023-01-11,324,42,4,240.76,West
5133,2024-02-08,326,31,2,11.86,South
5134,2023-04-12,587,49,5,379.22,North
5135,2023-04-16,257,28,4,455.45,East
5136,2022-05-29,200,36,4,329.78,West
5137,2022-03-29,438,13,4,267.03,East
5138,2023-01-31,610,21,5,284.2,East
5139,2024-02-29,104,26,1,324.0,East
5140,2024-05-14,372,31,3,499.28,South
5141,2022-01-24,905,16,5,40.41,West
5142,2024-08-13,164,31,1,20.38,West
5143,2022-11-07,113,13,2,482.44,West
5144,2023-10-26,615,30,1,225.83,East
5145,2023-03-14,549,32,4,310.05,North
5146,2023-12-07,106,5,1,379.19,West
5147,2023-02-26,699,12,1,373.63,West
5148,2022-11-17,364,39,2,327.13,South
5149,2023-08-10,21,41,2,241.23,North
5150,2024-08-04,660,37,1,292.28,West
5151,2024-04-28,998,4,5,367.53,East
5152,2022-02-11,129,42,2,426.9,South
5153,2024-07-27,483,48,4,72.38,South
5154,2023-01-22,699,43,5,146.2,North
5155,2024-06-28,796,29,1,204.82,West
5156,2023-12-17,199,41,4,336.09,West
5157,2023-03-07,747,5,4,203.88,West
5158,2023-07-08,952,11,5,127.05,North
5159,2024-03-10,620,30,1,26.24,East
5160,2023-03-02,521,9,4,422.83,South
5161,2022-01-26,961,49,2,215.28,West
5162,2023-01-20,420,28,2,171.32,West
5163,2022-02-25,226,22,5,270.1,West
5164,2023-09-26,930,11,2,70.23,East
5165,2022-04-16,209,21,3,204.71,South
5166,2024-04-28,245,6,1,378.38,West
5167,2023-11-01,288,26,4,370.7,North
5168,2023-01-11,66,16,4,388.23,West
5169,2024-01-13,868,14,5,239.03,East
5170,2024-08-24,153,35,5,190.77,West
5171,2022-11-04,491,42,4,417.41,South
5172,2022-04-01,435,36,2,94.91,North
5173,2024-03-12,703,22,5,365.32,North
5174,2022-04-20,218,2,3,445.09,East
5175,2023-08-08,429,13,5,150.21,East
5176,2022-12-06,502,11,2,106.92,South
5177,2024-09-05,666,12,1,261.14,West
5178,2022-12-22,789,33,3,116.03,East
5179,2022-06-17,594,22,5,436.68,North
5180,2023-07-11,221,9,1,129.76,East
5181,2024-06-23,435,44,1,163.84,West
5182,2022-04-15,280,7,4,445.33,West
5183,2022-05-30,623,17,2,110.75,West
5184,2022-05-26,92,10,4,443.54,West
5185,2023-12-17,524,38,2,112.8,East
5186,2024-05-23,139,39,1,456.78,West
5187,2022-10-26,667,46,5,165.64,West
5188,2023-10-08,23,25,2,130.65,South
5189,2023-12-24,417,27,2,243.82,South
5190,2024-12-07,976,30,1,190.92,North
5191,2023-09-30,732,30,3,108.86,West
5192,2022-08-27,348,43,1,175.79,North
5193,2024-10-27,237,34,1,359.48,East
5194,2023-04-09,765,33,2,417.63,South
5195,2023-03-29,934,32,1,412.17,South
5196,2024-02-23,183,42,4,380.84,West
5197,2024-06-15,508,12,1,12.66,North
5198,2023-01-06,198,41,5,219.04,South
5199,2023-05-02,682,23,1,92.8,East
5200,2022-06-14,123,29,1,46.0,South
5201,2022-07-11,925,43,5,370.58,North
5202,2023-12-31,546,1,3,398.81,South
5203,2022-08-02,381,20,3,409.16,South
5204,2023-07-28,825,10,3,446.25,North
5205,2024-08-14,515,19,4,299.12,East
5206,2023-01-16,6,23,5,499.08,West
5207,2023-11-04,304,21,4,247.02,East
5208,2024-03-08,614,43,4,442.91,North
5209,2022-08-27,192,35,4,65.34,West
5210,2023-12-01,376,48,5,82.97,South
5211,2023-05-20,525,32,2,299.27,South
5212,2022-07-21,36,10,2,70.83,North
5213,2024-07-08,975,2,3,46.9,East
5214,2022-02-06,70,36,4,106.07,East
5215,2023-10-06,289,48,3,395.89,East
5216,2024-02-04,105,6,4,464.45,West
5217,2023-12-07,716,43,3,173.4,East
5218,2023-06-29,313,17,1,487.63,East
5219,2023-06-24,55,15,5,406.68,East
5220,2024-10-13,107,36,4,120.79,West
5221,2023-01-29,653,24,4,297.2,East
5222,2024-04-12,737,40,4,491.08,West
5223,2024-12-01,307,29,5,425.91,West
5224,2023-08-20,860,50,1,188.05,North
5225,2023-01-28,821,14,2,160.1,South
5226,2023-12-01,36,2,5,411.43,East
5227,2023-03-17,133,48,1,279.09,South
5228,2024-07-06,887,22,3,90.09,West
5229,2022-11-16,25,47,4,170.64,West
5230,2023-07-07,849,6,4,334.29,North
5231,2024-12-30,37,9,2,85.05,West
5232,2023-07-22,19,12,3,352.37,North
5233,2024-07-07,35,42,1,357.87,South
5234,2022-08-24,363,39,3,142.67,West
5235,2024-09-13,418,5,3,205.03,North
5236,2024-10-29,822,40,2,468.37,West
5237,2022-03-01,430,44,1,377.1,North
5238,2024-06-11,518,1,2,396.03,North
5239,2022-08-13,467,10,1,262.97,South
5240,2023-12-01,897,11,5,114.44,East
5241,2023-08-05,199,27,5,299.72,South
5242,2024-09-20,546,23,4,388.33,West
5243,2022-06-18,568,20,2,11.9,East
5244,2024-12-21,768,5,5,65.75,West
5245,2022-01-14,211,13,3,242.4,South
5246,2022-06-13,609,50,3,224.23,West
5247,2024-01-27,794,10,5,491.32,East
5248,2024-11-17,501,49,2,55.15,North
5249,2023-03-22,241,36,4,168.61,North
5250,2023-12-17,170,41,3,409.4,West
5251,2024-09-02,859,50,4,310.09,South
5252,2024-03-29,294,16,3,285.19,East
5253,2022-04-14,922,7,1,373.19,West
5254,2024-01-12,739,32,5,29.59,North
5255,2023-03-02,315,25,2,474.27,West
5256,2023-10-01,127,44,3,103.72,North
5257,2024-04-29,468,26,5,50.1,West
5258,2024-02-08,792,36,4,176.09,South
5259,2022-10-04,367,28,2,354.15,South
5260,2024-12-24,21,44,2,123.43,North
5261,2024-06-18,316,12,5,34.43,South
5262,2022-07-07,758,26,5,38.13,West
5263,2022-04-15,90,4,5,135.72,North
5264,2023-06-30,404,44,1,76.28,North
5265,2023-01-15,518,23,1,192.49,North
5266,2022-04-20,451,40,2,94.81,South
5267,2023-06-29,778,24,5,178.71,South
5268,2022-12-20,908,31,1,227.8,East
5269,2024-01-13,609,30,2,373.84,West
5270,2022-11-13,150,3,3,121.43,East
5271,2024-12-24,446,16,5,242.78,North
5272,2022-11-29,957,34,1,409.52,West
5273,2023-08-15,80,38,2,493.32,South
5274,2024-02-22,17,28,5,283.08,East
5275,2023-06-24,138,49,2,221.84,East
5276,2024-01-05,652,44,3,319.45,North
5277,2023-09-13,851,41,2,248.28,West
5278,2023-09-11,508,48,2,90.73,West
5279,2024-06-27,552,7,3,235.13,North
5280,2024-09-18,919,8,4,489.76,South
5281,2022-04-09,680,7,5,323.81,West
5282,2022-11-13,74,37,3,148.88,East
5283,2022-05-03,74,7,3,474.1,North
5284,2024-03-09,50,50,5,200.41,East
5285,2023-04-02,10,18,2,201.16,South
5286,2023-06-06,103,48,1,312.13,South
5287,2023-06-04,862,39,5,288.8,West
5288,2024-07-05,388,21,3,152.31,East
5289,2023-12-18,385,34,2,238.87,South
5290,2022-11-11,299,49,4,172.93,North
5291,2023-12-10,339,27,2,371.51,South
5292,2023-12-11,389,8,1,70.03,South
5293,2024-11-09,990,34,2,377.62,West
5294,2023-07-14,474,18,1,88.97,North
5295,2024-08-26,616,41,4,159.93,South
5296,2022-12-22,802,12,4,173.33,East
5297,2024-12-13,962,22,2,495.3,North
5298,2024-06-08,792,40,5,299.01,North
5299,2024-03-03,142,22,5,391.0,East
5300,2022-09-22,809,8,5,282.14,East
5301,2024-09-08,170,42,4,491.75,West
5302,2024-03-12,13,28,1,96.92,North
5303,2022-02-12,669,50,3,306.39,East
5304,2024-05-11,449,47,2,400.72,North
5305,2022-12-16,174,32,1,317.99,North
5306,2024-06-30,674,11,3,449.5,North
5307,2022-01-01,959,21,4,304.35,North
5308,2023-08-07,132,26,3,414.95,North
5309,2023-03-08,540,14,4,96.14,West
5310,2022-02-22,595,15,4,138.41,North
5311,2024-07-28,897,14,1,227.59,North
5312,2023-06-04,932,12,5,427.29,West
5313,2022-05-27,875,36,5,219.01,East
5314,2023-09-21,269,3,1,317.45,East
5315,2022-10-26,251,44,2,203.95,West
5316,2024-02-28,370,7,4,404.8,East
5317,2024-04-29,618,39,2,108.14,North
5318,2022-06-27,773,46,4,300.95,East
5319,2024-04-21,865,1,4,293.17,South
5320,2024-05-27,526,39,5,207.59,East
5321,2024-01-29,592,25,5,355.51,West
5322,2024-12-27,888,31,4,23.95,East
5323,2023-03-21,506,22,5,422.33,East
5324,2023-12-09,672,10,5,180.5,West
5325,2023-08-25,178,18,3,398.58,West
5326,2022-05-25,667,13,3,159.48,North
5327,2022-10-02,547,8,4,102.07,West
5328,2023-05-24,259,9,5,200.85,South
5329,2024-01-23,260,15,3,400.71,South
5330,2023-04-22,135,8,2,354.72,West
5331,2023-10-28,461,33,4,206.51,South
5332,2023-07-22,489,35,4,469.56,North
5333,2023-06-15,643,19,2,210.3,West
5334,2022-06-08,81,30,4,181.87,East
5335,2023-11-12,367,9,5,80.91,North
5336,2022-01-23,59,19,3,44.44,South
5337,2024-12-06,74,47,1,181.45,North
5338,2023-06-09,239,46,3,55.08,South
5339,2023-12-30,129,26,2,236.69,South
5340,2022-05-24,412,1,1,431.4,South
5341,2023-10-30,315,3,5,243.3,North
5342,2023-11-12,374,34,5,245.48,East
5343,2024-08-30,437,25,3,134.19,East
5344,2024-03-09,138,30,4,91.48,East
5345,2022-03-26,455,1,4,118.94,East
5346,2023-02-20,615,18,2,288.31,East
5347,2023-11-25,899,33,4,299.98,South
5348,2023-04-27,903,9,5,117.89,East
5349,2023-04-01,9,7,1,205.47,West
5350,2024-04-06,232,30,3,288.65,South
5351,2022-10-24,611,13,3,382.63,East
5352,2024-08-07,730,17,3,166.69,North
5353,2023-11-11,965,13,4,142.96,North
5354,2023-01-13,397,13,1,367.93,West
5355,2023-02-25,749,42,4,261.77,South
5356,2022-04-15,734,38,4,429.81,South
5357,2022-11-26,680,37,5,113.39,South
5358,2023-03-15,882,10,5,387.76,South
5359,2023-01-17,574,14,4,89.4,East
5360,2022-05-18,318,43,2,296.54,South
5361,2024-07-31,999,5,2,148.98,South
5362,2024-04-22,507,36,2,59.53,North
5363,2022-09-27,522,35,4,312.21,East
5364,2023-01-31,746,46,1,258.33,East
5365,2024-07-01,87,45,2,248.13,East
5366,2023-04-09,779,23,5,300.33,West
5367,2023-03-26,716,5,3,192.49,East
5368,2022-01-20,318,44,3,338.38,North
5369,2022-08-27,333,28,4,74.11,North
5370,2023-02-22,360,23,3,360.34,West
5371,2024-11-20,241,42,4,294.11,North
5372,2022-07-05,56,34,3,248.37,North
5373,2022-09-10,110,31,1,72.55,East
5374,2022-01-19,49,7,1,146.35,East
5375,2023-12-13,755,7,1,154.7,North
5376,2022-08-11,16,4,1,124.57,East
5377,2022-01-03,73,44,2,477.55,North
5378,2024-05-03,884,32,5,458.66,South
5379,2022-08-16,202,28,1,277.61,South
5380,2024-07-01,93,4,2,110.78,North
5381,2023-05-14,649,39,4,456.46,East
5382,2023-06-05,33,45,3,377.21,South
5383,2023-12-03,600,8,3,29.0,South
5384,2024-07-05,419,14,2,250.45,South
5385,2022-10-18,203,30,3,306.42,West
5386,2024-12-12,551,3,1,42.57,North
5387,2023-12-16,626,2,3,34.42,South
5388,2024-08-05,845,10,1,237.13,East
5389,2023-10-10,759,6,1,10.96,North
5390,2024-10-24,855,7,3,32.95,North
5391,2023-11-15,921,16,2,90.92,South
5392,2024-05-19,882,6,4,455.89,South
5393,2024-12-06,720,16,2,385.48,North
5394,2022-04-04,312,27,5,230.71,East
5395,2024-07-28,944,12,5,244.81,West
5396,2023-07-14,469,22,1,346.15,North
5397,2022-08-01,394,15,1,242.45,North
5398,2023-03-12,809,22,2,41.32,North
5399,2024-05-01,872,35,2,371.98,East
5400,2023-05-23,211,48,1,38.3,West
5401,2024-04-15,867,50,4,248.19,West
5402,2023-10-13,571,15,4,432.24,North
5403,2022-07-24,156,23,5,67.52,South
5404,2023-01-16,634,38,4,356.25,South
5405,2022-03-18,632,49,3,32.7,East
5406,2024-03-26,809,2,1,496.6,South
5407,2024-02-07,322,2,2,344.22,East
5408,2023-02-14,435,49,1,484.8,South
5409,2022-04-16,574,19,3,337.43,North
5410,2023-07-05,670,5,4,128.72,East
5411,2024-04-05,40,4,1,463.92,South
5412,2022-03-29,754,28,3,317.07,North
5413,2024-05-30,40,18,4,292.21,East
5414,2023-06-24,453,40,5,220.26,East
5415,2022-09-02,870,41,5,149.45,South
5416,2023-08-01,190,50,5,269.73,South
5417,2024-09-08,746,31,3,189.37,North
5418,2023-12-18,15,22,3,428.47,West
5419,2022-05-22,124,11,2,24.11,East
5420,2024-06-11,740,48,2,269.74,North
5421,2022-12-18,899,16,5,419.92,North
5422,2023-06-29,280,4,1,23.53,South
5423,2024-07-01,937,21,4,148.33,South
5424,2022-06-01,959,41,2,35.25,West
5425,2023-10-15,48,45,4,301.55,South
5426,2024-08-15,189,25,1,165.2,South
5427,2024-02-02,304,20,5,480.27,East
5428,2023-09-16,559,8,4,311.98,North
5429,2023-10-18,696,43,5,285.28,East
5430,2023-03-26,105,9,4,459.45,North
5431,2023-12-22,369,18,1,119.55,East
5432,2022-02-12,501,31,2,285.5,North
5433,2022-09-21,460,35,3,275.96,East
5434,2024-10-23,247,30,5,50.24,South
5435,2023-08-19,264,18,2,466.71,South
5436,2024-11-05,206,19,4,353.12,North
5437,2024-12-18,507,41,2,445.17,North
5438,2024-10-09,530,24,3,491.44,North
5439,2022-06-26,364,50,5,245.03,South
5440,2022-03-04,763,22,5,403.79,West
5441,2024-08-15,750,48,2,293.0,North
5442,2024-09-29,340,14,1,488.79,North
5443,2023-07-15,407,19,4,131.14,South
5444,2024-08-12,453,29,2,16.77,East
5445,2024-04-29,833,22,1,101.11,North
5446,2023-08-27,877,30,5,72.73,North
5447,2023-08-29,814,15,4,224.11,North
5448,2024-04-09,578,21,5,47.93,South
5449,2024-01-16,848,26,3,117.9,East
5450,2023-07-12,965,36,1,57.17,South
5451,2022-03-05,150,12,3,248.51,West
5452,2024-07-30,193,7,3,140.72,West
5453,2022-09-06,908,11,3,240.79,South
5454,2024-07-28,147,39,1,53.56,East
5455,2022-06-06,406,20,4,263.27,South
5456,2024-01-05,183,35,5,73.73,North
5457,2024-09-11,106,4,4,58.68,North
5458,2024-12-25,236,2,4,161.91,South
5459,2023-10-24,638,20,4,438.46,East
5460,2024-11-09,958,47,5,396.38,North
5461,2022-02-02,179,20,5,479.98,East
5462,2023-07-12,432,12,1,235.5,West
5463,2022-03-14,401,17,2,163.1,West
5464,2024-04-04,525,18,5,485.74,East
5465,2024-12-14,743,40,5,197.07,West
5466,2022-03-02,540,24,2,14.46,North
5467,2022-09-29,891,8,5,411.85,North
5468,2022-09-03,323,37,4,92.91,West
5469,2023-09-20,261,41,5,361.78,North
5470,2023-12-06,612,30,1,17.41,North
5471,2023-10-24,700,20,5,64.39,North
5472,2022-11-06,399,23,2,246.95,West
5473,2023-05-10,337,37,4,43.27,West
5474,2022-12-04,300,10,2,445.43,South
5475,2023-08-02,119,33,5,377.44,West
5476,2022-01-10,558,24,5,170.81,West
5477,2022-02-18,413,36,1,302.79,South
5478,2023-09-15,580,16,4,360.61,South
5479,2024-01-01,384,50,5,380.15,North
5480,2024-03-05,480,28,1,203.88,East
5481,2024-08-28,305,12,1,450.41,South
5482,2022-05-13,683,20,2,471.47,East
5483,2022-03-24,870,47,4,105.9,West
5484,2022-02-26,196,18,3,456.51,North
5485,2023-01-11,333,37,1,359.21,North
5486,2022-12-15,20,26,3,445.19,South
5487,2022-09-28,623,46,2,218.13,East
5488,2022-04-21,658,7,1,333.99,East
5489,2024-05-18,704,43,4,125.34,East
5490,2024-06-05,433,47,3,378.04,East
5491,2022-03-17,883,21,4,295.05,East
5492,2022-11-25,426,43,3,245.66,North
5493,2022-05-02,229,32,2,349.41,East
5494,2022-02-10,524,7,1,280.65,East
5495,2024-07-10,217,23,1,385.02,East
5496,2023-10-04,990,20,2,430.63,South
5497,2024-11-12,591,20,5,402.3,West
5498,2022-10-06,375,32,3,160.68,North
5499,2024-02-02,36,26,3,488.3,West
5500,2023-04-14,776,36,5,328.37,South
5501,2022-01-09,28,24,2,168.5,West
5502,2022-01-13,372,1,4,30.86,South
5503,2024-07-12,86,28,4,494.17,South
5504,2024-07-11,188,26,2,303.52,West
5505,2024-12-11,305,34,4,121.49,South
5506,2024-12-10,766,26,2,250.65,South
5507,2023-10-15,422,36,3,204.79,North
5508,2023-09-13,80,5,3,476.17,West
5509,2022-07-15,186,2,5,251.4,East
5510,2023-02-21,5,32,2,247.49,South
5511,2023-10-26,558,34,4,399.35,North
5512,2022-05-28,866,50,2,201.55,South
5513,2024-09-27,497,30,1,106.29,West
5514,2022-12-30,509,24,5,386.52,East
5515,2023-02-06,614,28,1,455.95,South
5516,2023-08-29,971,46,5,32.41,North
5517,2022-08-17,2,3,5,431.35,West
5518,2023-06-21,217,50,5,224.55,West
5519,2022-09-25,537,10,1,151.68,East
5520,2024-10-31,257,6,5,29.2,East
5521,2022-05-06,735,34,2,110.71,East
5522,2022-11-02,453,31,2,173.11,West
5523,2023-09-20,424,43,1,44.64,East
5524,2023-11-20,324,50,3,102.51,East
5525,2024-11-03,499,46,3,371.05,West
5526,2022-10-08,581,13,1,346.56,South
5527,2023-03-19,197,39,5,387.22,North
5528,2024-04-16,504,20,5,90.98,North
5529,2023-01-24,272,32,5,31.08,North
5530,2023-09-09,694,10,1,239.61,South
5531,2022-05-27,959,26,5,177.96,West
5532,2023-06-05,18,19,2,390.6,West
5533,2023-09-22,107,29,5,274.03,North
5534,2023-03-10,529,13,1,466.28,South
5535,2022-05-24,125,34,5,39.99,East
5536,2022-10-16,483,20,2,188.2,East
5537,2022-01-14,594,44,1,208.57,East
5538,2022-09-14,4,40,3,71.69,North
5539,2024-05-07,627,18,1,295.68,North
5540,2024-07-31,351,34,4,29.7,West
5541,2023-04-09,351,48,3,359.24,North
5542,2022-09-27,649,8,3,28.35,North
5543,2023-09-15,799,16,1,438.0,East
5544,2022-03-13,901,40,4,41.86,South
5545,2022-03-15,228,23,3,233.61,West
5546,2022-12-21,16,32,5,86.14,South
5547,2023-05-12,810,13,4,75.23,North
5548,2024-09-14,425,26,4,363.4,East
5549,2023-08-03,464,38,1,389.38,West
5550,2024-06-28,724,1,1,372.21,East
5551,2023-01-08,246,2,1,207.96,South
5552,2022-12-28,798,39,4,495.49,East
5553,2022-04-03,794,13,2,176.58,North
5554,2022-11-20,177,27,1,130.19,East
5555,2023-01-19,543,4,2,498.29,South
5556,2023-07-29,509,41,3,488.87,South
5557,2024-01-06,562,20,5,300.0,North
5558,2024-01-07,655,3,5,112.43,North
5559,2022-12-12,564,23,2,126.86,West
5560,2023-12-20,233,2,4,265.23,South
5561,2024-02-20,678,16,5,390.29,North
5562,2024-10-16,38,10,2,47.95,West
5563,2023-10-26,491,28,1,346.96,West
5564,2023-08-23,444,44,2,60.52,West
5565,2022-01-11,20,18,3,423.61,West
5566,2022-07-06,611,2,2,270.74,South
5567,2023-12-27,727,14,1,494.95,South
5568,2024-11-04,556,44,2,378.96,North
5569,2024-02-17,111,20,1,253.64,East
5570,2023-02-15,487,40,1,79.18,South
5571,2024-08-13,89,23,3,275.77,South
5572,2023-08-08,319,7,3,66.08,West
5573,2024-12-11,118,45,5,453.53,South
5574,2024-11-17,434,47,1,122.73,North
5575,2023-07-31,918,14,1,434.03,East
5576,2024-11-06,239,37,1,158.91,North
5577,2024-09-15,72,8,5,118.73,South
5578,2024-01-13,822,50,4,159.08,West
5579,2022-07-23,905,5,3,356.7,North
5580,2024-12-12,399,23,3,267.36,East
5581,2024-08-31,816,41,1,62.66,West
5582,2024-07-28,404,10,5,77.16,West
5583,2024-12-13,675,49,1,195.48,North
5584,2024-11-20,251,27,3,175.89,North
5585,2024-12-17,869,35,5,427.35,West
5586,2022-04-15,195,1,2,290.4,East
5587,2022-09-10,572,7,3,101.49,South
5588,2022-10-22,610,47,2,23.89,South
5589,2023-10-30,930,8,4,60.16,North
5590,2023-07-03,868,11,2,353.2,North
5591,2023-09-23,867,34,5,425.08,North
5592,2024-12-26,585,28,2,393.44,North
5593,2022-10-26,222,34,4,397.04,East
5594,2022-04-11,631,43,3,137.87,South
5595,2024-12-15,182,20,4,494.65,West
5596,2022-11-28,896,28,5,52.34,South
5597,2024-04-15,730,49,2,412.34,North
5598,2023-01-28,256,42,2,57.44,West
5599,2024-05-23,908,37,5,141.09,East
5600,2023-01-16,88,3,1,252.75,East
5601,2022-04-02,873,9,5,36.14,North
5602,2023-03-23,787,22,5,203.14,North
5603,2022-04-19,492,25,4,181.56,South
5604,2022-11-13,336,2,4,327.11,North
5605,2023-03-18,538,23,5,361.83,North
5606,2022-08-06,407,17,3,54.34,West
5607,2023-11-04,633,25,2,28.65,West
5608,2022-10-05,289,12,5,390.19,South
5609,2024-10-05,362,27,1,268.72,South
5610,2023-07-23,441,20,2,271.97,East
5611,2024-10-06,30,9,3,490.55,West
5612,2024-05-24,919,23,5,224.49,West
5613,2023-04-11,714,36,3,106.13,South
5614,2024-04-18,894,28,2,343.51,North
5615,2024-01-24,548,50,1,409.68,East
5616,2024-04-17,637,48,2,256.16,North
5617,2022-01-30,223,29,2,348.99,West
5618,2022-12-25,747,42,5,261.83,South
5619,2022-03-27,124,32,2,209.6,East
5620,2024-01-17,982,12,5,26.8,East
5621,2022-11-09,683,30,5,95.13,West
5622,2022-12-31,998,11,3,245.09,East
5623,2024-06-23,962,37,1,204.3,South
5624,2023-11-29,693,20,5,423.01,West
5625,2022-05-11,215,11,4,63.14,South
5626,2024-03-13,118,48,3,34.56,South
5627,2024-02-28,227,47,5,52.7,West
5628,2022-12-17,891,38,5,342.27,East
5629,2022-06-29,444,45,3,301.29,West
5630,2024-02-13,549,16,2,319.79,South
5631,2023-05-25,829,35,5,86.89,South
5632,2022-12-31,608,50,1,263.01,North
5633,2024-09-07,632,1,5,386.16,South
5634,2022-12-19,437,25,3,345.1,South
5635,2024-03-10,12,49,4,224.96,South
5636,2023-02-16,122,27,3,60.72,West
5637,2024-01-05,547,32,3,436.62,South
5638,2024-09-07,489,6,1,267.84,West
5639,2022-04-28,251,41,2,445.93,West
5640,2023-04-27,579,36,1,224.96,North
5641,2022-07-11,482,39,1,126.14,South
5642,2023-08-14,550,23,5,160.63,South
5643,2023-08-13,280,29,4,214.89,South
5644,2023-10-21,742,30,3,310.97,South
5645,2022-04-17,337,22,1,386.77,East
5646,2023-01-17,168,11,1,128.89,South
5647,2024-02-22,961,26,2,101.98,North
5648,2023-01-25,953,23,2,109.3,West
5649,2022-09-01,328,3,4,467.9,East
5650,2023-08-08,246,48,3,90.33,South
5651,2024-05-18,591,6,1,179.41,North
5652,2023-04-13,626,7,5,248.08,South
5653,2024-05-15,301,44,2,282.54,East
5654,2024-07-22,729,39,1,430.46,East
5655,2023-08-27,200,22,5,65.31,North
5656,2024-10-11,893,48,1,62.93,West
5657,2024-05-09,500,50,4,165.04,North
5658,2022-01-13,864,42,4,212.47,East
5659,2022-10-26,754,33,5,193.15,South
5660,2024-12-10,13,40,2,202.03,East
5661,2024-02-26,366,3,4,427.21,South
5662,2022-05-29,719,30,2,419.97,North
5663,2022-05-02,774,48,5,404.7,East
5664,2023-06-22,97,24,5,380.09,South
5665,2023-01-11,71,3,1,29.79,West
5666,2022-03-23,993,2,5,83.2,West
5667,2023-05-07,815,44,1,368.77,West
5668,2022-12-22,861,40,2,301.47,South
5669,2024-07-13,742,19,1,340.23,East
5670,2024-12-03,357,24,2,361.3,East
5671,2024-10-01,812,50,4,456.57,South
5672,2022-05-03,544,20,2,321.22,South
5673,2023-12-09,250,47,3,145.03,North
5674,2022-11-26,254,49,1,50.68,South
5675,2024-09-17,771,50,4,221.72,East
5676,2022-11-19,182,31,2,357.83,East
5677,2024-02-09,852,50,5,148.13,South
5678,2023-03-09,974,41,1,68.84,South
5679,2023-12-11,988,31,2,499.38,South
5680,2024-03-04,166,37,4,215.25,North
5681,2023-12-13,4,43,5,115.99,East
5682,2023-06-23,463,29,1,90.63,East
5683,2023-08-24,145,4,4,432.76,West
5684,2022-09-14,165,10,5,411.61,South
5685,2024-05-20,344,36,3,310.53,North
5686,2024-06-17,998,35,5,278.12,West
5687,2024-03-19,874,48,1,476.21,North
5688,2023-11-08,105,21,3,121.85,South
5689,2022-09-28,548,43,2,213.54,East
5690,2023-07-04,314,41,3,22.09,North
5691,2023-07-22,169,1,3,215.11,South
5692,2024-09-12,520,42,3,198.27,West
5693,2022-12-25,963,12,5,475.25,East
5694,2024-03-08,926,24,3,185.53,East
5695,2024-06-05,598,2,3,419.05,South
5696,2022-07-30,436,47,2,385.63,East
5697,2022-10-14,609,20,3,82.16,North
5698,2024-01-13,512,16,5,481.73,East
5699,2024-11-12,409,34,4,319.17,North
5700,2022-10-23,436,13,4,302.31,West
5701,2022-01-06,315,18,5,15.74,North
5702,2023-07-04,542,29,5,352.61,South
5703,2023-11-12,613,43,3,37.26,South
5704,2024-03-05,579,14,5,100.84,East
5705,2022-07-22,900,30,3,58.32,North
5706,2022-11-21,861,35,1,195.32,West
5707,2024-04-04,953,9,2,399.9,North
5708,2022-09-01,63,37,2,356.62,North
5709,2022-11-23,32,46,2,62.28,North
5710,2024-09-13,599,39,1,401.25,North
5711,2024-12-06,211,12,2,235.82,East
5712,2024-01-31,463,21,3,25.99,North
5713,2024-11-02,563,18,4,119.67,West
5714,2024-06-25,575,11,2,394.74,South
5715,2022-12-31,80,27,2,369.32,South
5716,2022-03-14,343,24,3,102.29,North
5717,2024-12-05,232,41,3,28.62,East
5718,2022-10-01,878,43,2,154.65,South
5719,2022-07-27,613,50,5,399.51,East
5720,2022-05-04,129,34,1,469.81,South
5721,2024-10-30,19,20,4,290.71,North
5722,2023-06-27,357,13,4,54.64,South
5723,2022-03-01,419,47,1,256.02,West
5724,2024-06-17,959,8,2,499.41,North
5725,2024-06-04,606,37,2,469.95,North
5726,2024-02-21,81,5,2,496.67,West
5727,2023-03-18,615,7,2,352.71,North
5728,2024-06-29,881,44,2,218.78,South
5729,2024-10-22,666,12,4,447.63,West
5730,2024-04-11,781,41,2,448.64,East
5731,2024-10-04,118,4,3,80.74,West
5732,2023-09-18,854,40,5,389.94,South
5733,2024-09-24,494,19,2,460.46,East
5734,2024-01-04,791,1,3,450.27,North
5735,2022-04-01,492,43,4,356.35,East
5736,2022-06-16,875,13,3,273.31,West
5737,2024-08-16,225,50,1,390.61,North
5738,2022-07-26,987,42,1,262.92,West
5739,2024-12-24,419,45,3,167.4,West
5740,2023-05-31,780,25,2,136.88,West
5741,2024-01-17,137,44,2,274.92,West
5742,2022-11-02,226,45,2,233.42,South
5743,2023-01-30,334,34,3,267.0,East
5744,2022-07-06,229,35,1,137.74,West
5745,2023-09-15,323,17,1,299.39,East
5746,2023-12-31,108,26,4,334.42,East
5747,2022-08-28,812,21,1,405.36,South
5748,2023-06-17,445,12,1,299.09,West
5749,2022-05-21,917,16,5,380.47,West
5750,2022-05-19,7,20,1,93.0,East
5751,2023-04-04,128,10,3,69.32,West
5752,2022-03-11,353,23,2,98.02,North
5753,2023-01-20,995,47,3,424.67,South
5754,2023-09-22,267,30,2,282.51,North
5755,2022-07-17,685,8,2,233.1,North
5756,2022-07-24,928,5,4,383.46,South
5757,2023-07-22,214,12,1,70.8,West
5758,2024-09-08,247,42,4,13.04,West
5759,2024-03-15,618,14,2,162.37,North
5760,2024-05-08,595,12,5,131.96,West
5761,2024-05-31,804,24,5,160.59,West
5762,2024-08-31,374,45,4,487.05,West
5763,2023-10-02,421,17,4,288.2,East
5764,2022-11-21,715,1,1,298.66,North
5765,2023-03-18,41,42,4,331.28,East
5766,2024-03-14,717,37,4,204.89,West
5767,2022-10-15,348,11,3,489.7,South
5768,2022-08-14,561,42,4,486.9,West
5769,2024-12-23,143,6,4,386.93,North
5770,2024-08-24,141,15,3,113.73,North
5771,2024-07-26,565,41,2,441.3,East
5772,2023-07-14,107,40,2,59.45,North
5773,2023-12-15,33,23,3,318.65,West
5774,2023-05-13,200,23,1,234.04,East
5775,2024-04-28,119,38,4,29.22,West
5776,2024-07-14,800,38,1,452.91,West
5777,2022-03-01,229,49,5,480.94,North
5778,2022-09-14,630,12,1,454.62,South
5779,2023-07-31,688,7,4,104.31,East
5780,2022-08-27,964,37,2,173.16,West
5781,2022-02-07,185,16,4,478.31,North
5782,2022-01-25,830,38,4,62.15,North
5783,2023-02-14,850,40,4,295.82,East
5784,2023-04-06,215,35,1,247.91,West
5785,2024-09-14,733,40,2,84.43,North
5786,2022-12-23,130,29,2,444.42,North
5787,2023-01-18,845,39,1,75.74,East
5788,2023-07-23,272,17,1,300.43,West
5789,2024-12-07,758,26,1,165.91,East
5790,2023-03-09,635,20,5,214.81,South
5791,2022-02-25,8,46,5,113.57,South
5792,2023-07-31,403,25,4,316.09,East
5793,2022-09-25,928,38,5,494.45,North
5794,2022-03-10,579,39,1,418.44,East
5795,2024-06-20,627,37,1,344.77,North
5796,2024-03-03,369,19,1,380.63,South
5797,2022-09-14,800,21,2,421.25,West
5798,2023-11-03,617,32,2,241.55,East
5799,2023-05-05,981,28,5,287.85,West
5800,2024-01-16,537,39,3,448.79,East
5801,2022-02-18,53,41,3,351.01,South
5802,2022-11-12,247,12,1,76.65,East
5803,2023-02-17,337,47,2,391.97,East
5804,2023-03-10,281,15,4,21.13,East
5805,2024-10-22,33,28,5,425.29,West
5806,2023-02-24,799,21,2,396.27,East
5807,2024-04-23,548,16,1,417.07,South
5808,2024-07-04,343,23,1,21.56,North
5809,2023-03-10,891,26,3,486.5,South
5810,2023-10-05,239,15,1,310.92,South
5811,2022-02-26,492,37,1,402.02,East
5812,2024-08-21,729,12,4,287.61,South
5813,2024-09-03,177,4,5,176.48,East
5814,2022-02-15,44,35,4,155.11,East
5815,2023-02-21,304,31,3,44.27,North
5816,2024-04-27,670,27,2,275.83,South
5817,2022-05-19,269,32,3,80.36,South
5818,2022-09-04,683,33,1,288.08,East
5819,2022-08-18,733,13,5,316.21,East
5820,2024-03-02,400,37,1,226.62,North
5821,2023-09-29,742,44,5,86.6,West
5822,2023-01-09,603,2,5,222.03,East
5823,2024-01-08,922,38,5,440.55,North
5824,2024-12-24,971,37,2,234.44,East
5825,2022-03-29,431,50,3,177.94,East
5826,2023-12-14,421,5,2,318.58,East
5827,2023-08-24,131,18,2,313.24,West
5828,2023-06-23,410,48,2,54.4,West
5829,2022-08-02,738,17,4,125.88,East
5830,2022-03-15,225,2,4,252.26,South
5831,2022-03-02,143,49,4,189.5,North
5832,2023-11-29,578,42,2,166.78,South
5833,2022-01-12,540,35,1,228.4,South
5834,2024-03-24,125,14,4,152.25,North
5835,2022-02-01,212,12,4,180.26,East
5836,2024-09-27,934,33,2,389.08,West
5837,2022-08-25,428,7,3,260.01,East
5838,2023-07-12,437,39,1,437.7,West
5839,2023-10-09,592,45,5,474.79,East
5840,2024-09-13,238,9,5,461.82,North
5841,2024-03-30,644,5,1,134.32,South
5842,2023-04-18,328,4,2,241.71,South
5843,2022-04-22,812,32,3,272.18,South
5844,2023-01-18,119,5,3,427.57,South
5845,2022-01-17,46,44,5,283.92,North
5846,2023-05-08,84,8,3,133.83,South
5847,2024-07-14,794,13,5,278.29,West
5848,2022-04-27,352,4,4,31.7,North
5849,2024-05-29,13,11,2,418.73,South
5850,2022-04-25,637,15,3,287.34,West
5851,2024-03-24,837,46,2,329.34,North
5852,2023-10-06,172,18,4,108.46,South
5853,2022-12-02,234,20,1,283.49,South
5854,2024-07-10,181,1,1,270.01,South
5855,2022-05-27,51,1,1,313.62,North
5856,2022-05-02,781,11,5,425.24,North
5857,2022-03-22,681,29,5,384.62,South
5858,2023-11-16,395,29,1,277.97,East
5859,2023-10-24,933,24,4,447.77,North
5860,2023-01-10,828,20,5,185.62,West
5861,2022-03-04,800,30,1,251.35,West
5862,2023-05-19,429,38,2,328.22,East
5863,2023-10-30,274,5,1,225.98,West
5864,2023-03-25,861,45,1,187.09,West
5865,2024-05-17,207,10,2,65.07,West
5866,2023-11-11,148,6,5,321.59,North
5867,2023-04-06,300,4,2,104.38,West
5868,2023-04-04,932,4,5,77.74,East
5869,2023-04-09,453,7,4,99.25,South
5870,2024-06-30,1000,48,5,347.36,North
5871,2023-01-14,549,33,3,77.8,North
5872,2024-10-22,673,9,5,488.36,East
5873,2022-12-30,978,26,3,381.69,South
5874,2022-03-13,383,47,5,202.44,North
5875,2023-09-30,787,41,2,300.71,South
5876,2022-12-03,947,21,5,13.74,North
5877,2022-07-14,800,22,1,423.82,East
5878,2024-10-08,618,33,5,142.89,South
5879,2023-10-15,534,33,2,45.22,East
5880,2022-01-07,233,48,2,381.48,South
5881,2024-06-23,634,5,5,171.5,North
5882,2024-09-05,129,21,5,288.1,North
5883,2023-07-20,822,27,5,423.58,West
5884,2023-09-08,729,41,4,390.21,West
5885,2023-07-27,660,1,3,175.05,East
5886,2023-08-22,570,16,5,435.66,West
5887,2024-02-09,931,35,5,200.54,South
5888,2022-08-30,237,36,3,255.01,East
5889,2024-02-05,582,44,1,310.1,South
5890,2023-01-19,966,32,4,44.78,North
5891,2023-01-26,701,29,4,302.61,West
5892,2024-06-14,754,39,1,292.93,North
5893,2023-11-19,575,47,3,438.01,West
5894,2022-02-16,485,23,3,183.3,North
5895,2023-09-11,241,15,2,128.67,West
5896,2023-04-09,957,26,3,243.49,South
5897,2022-05-03,697,37,4,346.79,North
5898,2022-05-14,771,25,2,285.33,West
5899,2024-04-20,741,2,5,77.72,North
5900,2024-04-28,223,12,5,180.47,South
5901,2023-08-30,99,19,5,41.26,West
5902,2022-01-23,759,32,2,372.27,North
5903,2023-07-20,557,23,4,442.64,South
5904,2024-02-05,911,5,3,32.38,North
5905,2024-08-22,273,25,2,267.46,South
5906,2022-08-23,399,35,4,287.33,West
5907,2024-09-22,517,29,3,225.03,East
5908,2024-12-18,982,38,1,256.34,South
5909,2024-04-05,430,45,4,358.07,South
5910,2022-08-04,523,20,1,247.03,North
5911,2023-10-19,960,47,5,460.63,West
5912,2024-07-23,348,36,5,275.03,West
5913,2022-11-07,910,7,4,45.18,North
5914,2023-07-11,551,22,1,477.13,North
5915,2024-08-29,451,18,2,81.94,West
5916,2022-09-14,951,21,3,394.39,North
5917,2023-06-17,42,22,5,268.18,East
5918,2022-02-21,715,39,5,373.04,North
5919,2024-12-26,94,12,5,261.58,East
5920,2022-10-27,486,11,5,38.9,North
5921,2023-11-03,517,12,4,193.71,South
5922,2024-02-17,564,26,4,314.14,West
5923,2024-04-11,150,30,1,318.15,South
5924,2022-08-20,717,15,2,486.79,South
5925,2024-09-01,812,8,1,307.1,North
5926,2024-12-27,499,43,2,150.36,West
5927,2022-01-28,371,18,4,31.28,East
5928,2024-12-10,981,10,5,396.32,South
5929,2023-08-14,699,8,1,445.75,West
5930,2024-02-24,485,38,2,310.68,South
5931,2023-09-12,665,35,3,246.36,East
5932,2023-08-09,383,20,2,431.88,East
5933,2024-09-28,628,12,1,127.77,East
5934,2022-07-03,661,49,4,205.38,South
5935,2024-11-12,732,3,5,258.75,West
5936,2022-05-09,192,20,3,34.19,East
5937,2022-10-18,745,50,1,347.4,North
5938,2023-05-16,836,12,4,102.39,West
5939,2022-07-05,221,24,2,173.25,North
5940,2023-04-24,47,16,4,213.1,North
5941,2023-05-07,127,10,4,322.87,West
5942,2023-05-28,803,19,5,42.09,West
5943,2024-12-26,727,41,1,177.02,North
5944,2023-04-12,7,14,4,144.44,North
5945,2022-10-12,696,14,2,10.74,North
5946,2023-08-24,116,22,2,348.91,West
5947,2022-07-08,564,4,5,125.61,North
5948,2024-09-15,366,47,4,91.55,South
5949,2024-06-08,46,34,2,401.0,North
5950,2023-01-23,393,18,2,29.21,East
5951,2022-08-29,954,34,5,451.12,South
5952,2023-02-21,23,18,4,346.58,West
5953,2022-06-25,131,40,5,94.16,West
5954,2023-01-22,127,31,4,181.55,South
5955,2024-05-02,445,42,2,475.49,North
5956,2023-10-25,777,20,1,313.23,North
5957,2023-03-28,309,36,2,308.27,West
5958,2022-10-04,708,42,1,330.0,South
5959,2022-08-01,433,10,4,236.74,North
5960,2022-02-10,473,3,4,91.98,East
5961,2022-10-21,966,21,3,83.94,South
5962,2023-08-23,48,36,4,346.78,West
5963,2023-06-25,891,10,4,443.13,North
5964,2023-03-27,82,7,3,157.1,North
5965,2024-12-20,109,22,1,256.67,North
5966,2024-02-29,263,23,4,496.2,West
5967,2022-11-30,867,12,5,136.01,West
5968,2024-06-09,31,39,4,201.2,South
5969,2022-02-13,358,13,4,188.13,East
5970,2022-05-24,568,40,2,25.97,East
5971,2022-11-29,480,13,4,259.66,West
5972,2024-09-24,867,33,4,112.25,South
5973,2022-02-24,189,31,5,73.01,South
5974,2024-05-19,988,48,3,358.1,West
5975,2024-03-07,5,28,3,385.22,West
5976,2022-11-21,286,19,3,445.56,North
5977,2022-03-21,790,21,2,467.72,East
5978,2024-11-20,657,32,4,435.84,North
5979,2024-09-11,394,26,1,70.02,West
5980,2023-07-12,455,13,1,119.58,South
5981,2024-05-14,708,29,5,70.01,East
5982,2023-12-18,426,7,2,183.23,South
5983,2023-04-17,27,47,2,70.8,West
5984,2022-03-15,127,26,4,330.11,East
5985,2023-08-12,135,6,1,361.19,West
5986,2023-07-18,535,32,2,88.2,South
5987,2023-04-12,331,36,5,314.57,West
5988,2023-08-22,629,23,1,21.26,North
5989,2024-09-18,392,11,2,222.84,East
5990,2024-01-07,8,21,4,149.82,West
5991,2024-09-20,613,19,4,499.26,East
5992,2022-09-05,261,34,4,462.16,East
5993,2022-03-08,199,49,4,82.31,South
5994,2023-07-27,598,47,1,459.51,North
5995,2023-12-04,740,50,1,215.21,North
5996,2023-04-15,386,44,2,292.56,West
5997,2023-05-08,472,35,5,271.54,East
5998,2023-10-25,179,49,3,365.82,North
5999,2022-10-13,450,31,3,174.13,West
6000,2022-11-08,240,46,4,44.14,West
6001,2022-11-05,524,29,2,214.64,South
6002,2024-02-14,815,6,3,276.81,East
6003,2024-08-22,746,36,3,281.91,South
6004,2023-04-01,183,31,3,398.37,West
6005,2022-05-12,794,32,3,31.67,South
6006,2024-07-18,358,40,3,494.17,North
6007,2024-08-22,376,20,2,495.38,East
6008,2024-07-17,941,22,3,58.52,South
6009,2022-05-01,702,3,3,178.57,East
6010,2023-09-26,838,8,2,299.25,East
6011,2024-06-15,727,45,1,192.93,South
6012,2024-02-11,770,19,1,248.94,West
6013,2024-11-28,538,31,1,169.7,West
6014,2023-07-20,782,32,3,358.95,West
6015,2023-05-27,82,15,2,188.37,North
6016,2022-10-16,358,39,1,220.64,West
6017,2022-07-19,185,31,4,292.19,North
6018,2023-06-12,288,3,4,484.91,East
6019,2024-07-05,62,32,2,324.48,North
6020,2024-12-21,883,10,3,57.49,East
6021,2024-03-09,507,28,1,166.26,East
6022,2024-12-01,462,27,3,215.66,South
6023,2022-01-12,30,48,1,372.69,East
6024,2024-04-12,909,46,5,228.97,South
6025,2024-04-20,936,40,5,332.96,North
6026,2023-10-05,31,43,3,421.35,West
6027,2022-04-16,293,31,4,61.13,South
6028,2023-11-22,173,34,3,385.21,West
6029,2023-06-12,614,5,1,375.33,West
6030,2024-04-25,128,11,3,411.66,North
6031,2024-06-11,86,7,3,478.47,West
6032,2023-01-22,315,8,1,161.7,South
6033,2023-04-26,28,17,4,220.22,West
6034,2023-02-12,122,44,5,138.71,North
6035,2024-06-16,251,50,1,170.28,East
6036,2023-12-12,573,39,3,171.61,South
6037,2023-10-01,403,41,2,436.19,North
6038,2024-11-10,683,14,3,40.82,South
6039,2024-03-25,443,24,3,109.32,East
6040,2024-07-06,272,30,2,309.17,West
6041,2022-07-22,837,50,3,384.95,North
6042,2023-02-21,812,15,2,351.71,East
6043,2023-02-20,113,4,3,32.82,South
6044,2022-03-26,706,13,4,232.36,West
6045,2022-06-16,394,5,5,100.39,East
6046,2023-01-19,943,31,4,494.19,West
6047,2023-04-13,19,12,1,499.46,North
6048,2024-12-31,852,30,1,34.94,East
6049,2024-03-20,605,49,3,337.18,East
6050,2024-09-23,729,10,1,408.4,West
6051,2023-04-18,465,30,1,169.14,West
6052,2024-09-19,691,26,3,349.88,West
6053,2022-10-02,909,44,3,101.96,North
6054,2024-11-09,191,6,5,72.7,North
6055,2023-05-05,493,27,2,463.4,West
6056,2022-11-22,912,20,3,324.84,East
6057,2023-06-13,949,28,5,410.3,South
6058,2024-06-10,163,20,4,271.03,East
6059,2022-03-30,612,12,1,85.82,East
6060,2023-05-01,699,45,2,194.56,North
6061,2023-12-09,295,21,4,442.01,North
6062,2022-12-16,579,30,3,17.65,North
6063,2023-01-22,73,49,4,111.52,North
6064,2022-03-28,744,10,5,134.11,East
6065,2022-11-03,701,5,3,138.87,North
6066,2023-03-16,562,37,3,58.31,West
6067,2024-01-10,309,8,2,425.63,North
6068,2022-09-21,302,30,5,88.16,West
6069,2024-09-03,308,17,1,416.54,West
6070,2024-01-05,124,3,4,183.98,West
6071,2023-02-25,669,21,2,234.09,South
6072,2023-05-08,261,16,2,236.8,South
6073,2023-09-25,195,32,3,359.44,South
6074,2024-09-19,842,27,4,368.34,South
6075,2023-02-15,351,6,2,323.94,East
6076,2022-06-22,843,42,3,389.15,South
6077,2022-01-04,768,16,3,14.07,South
6078,2024-05-03,977,45,5,257.36,South
6079,2024-09-12,936,3,3,266.77,West
6080,2024-11-26,489,40,1,127.28,East
6081,2023-08-06,200,20,5,282.62,West
6082,2024-11-20,884,40,5,238.91,West
6083,2023-01-16,508,7,1,241.34,West
6084,2024-10-31,898,11,1,68.04,East
6085,2022-12-10,580,29,2,223.28,East
6086,2022-06-15,446,3,2,385.55,South
6087,2023-12-01,80,21,1,210.9,West
6088,2022-12-08,745,32,2,248.87,West
6089,2024-11-08,698,30,1,484.09,East
6090,2024-09-06,617,39,1,437.17,East
6091,2023-06-29,469,11,3,465.06,West
6092,2024-10-30,837,17,2,48.06,South
6093,2022-07-11,442,25,5,313.1,East
6094,2022-11-16,931,50,5,119.47,East
6095,2023-08-03,654,25,2,208.08,East
6096,2023-04-20,911,9,2,343.08,West
6097,2023-09-29,902,45,2,293.67,West
6098,2023-03-03,272,29,2,257.81,West
6099,2024-12-18,343,15,3,409.08,South
6100,2022-04-07,124,19,1,344.47,West
6101,2023-05-11,223,15,2,412.31,West
6102,2023-10-23,490,39,2,466.65,West
6103,2022-01-09,686,35,1,358.87,East
6104,2023-04-02,703,40,1,203.74,North
6105,2022-09-30,652,13,1,114.26,East
6106,2024-07-28,297,16,4,142.75,South
6107,2024-10-28,119,3,5,204.35,North
6108,2022-07-27,787,31,2,372.64,North
6109,2024-11-22,76,1,3,29.68,South
6110,2022-07-23,621,35,3,409.0,West
6111,2023-06-02,631,16,1,381.49,East
6112,2023-06-01,973,1,3,254.71,South
6113,2023-03-19,881,50,5,205.84,South
6114,2023-11-20,258,14,2,65.22,South
6115,2024-04-29,532,7,3,151.95,North
6116,2024-04-12,631,23,5,63.72,East
6117,2022-12-05,351,35,5,411.25,South
6118,2023-01-22,649,29,4,259.58,East
6119,2024-11-14,277,22,4,130.93,North
6120,2023-05-21,255,16,3,18.86,East
6121,2023-11-11,264,29,5,266.72,South
6122,2023-11-21,679,6,1,378.52,North
6123,2024-06-03,677,18,4,385.58,North
6124,2023-09-15,29,29,5,115.07,North
6125,2024-06-11,467,25,4,497.58,North
6126,2024-08-10,35,45,2,288.7,South
6127,2024-02-23,749,2,5,172.68,South
6128,2023-05-10,294,44,5,202.48,West
6129,2024-11-27,602,32,2,70.97,East
6130,2024-01-17,203,36,4,251.74,North
6131,2023-03-13,740,32,2,379.11,East
6132,2022-12-11,931,41,3,210.61,North
6133,2023-07-04,68,20,1,434.76,East
6134,2024-03-30,131,37,4,243.61,East
6135,2023-06-25,877,42,5,451.3,South
6136,2022-05-24,111,38,3,354.57,West
6137,2023-08-11,524,33,4,36.95,North
6138,2023-10-19,288,5,1,42.84,West
6139,2022-12-11,687,6,5,402.05,East
6140,2023-11-27,831,22,2,184.84,East
6141,2022-09-25,666,21,1,102.73,North
6142,2022-06-18,43,19,4,434.01,West
6143,2022-02-02,875,43,5,491.82,East
6144,2023-01-12,717,15,4,406.29,North
6145,2023-01-28,684,34,1,365.31,West
6146,2023-05-04,294,47,5,10.47,East
6147,2023-12-23,285,7,1,61.93,South
6148,2024-08-03,823,17,4,338.76,South
6149,2024-11-18,564,44,5,210.69,West
6150,2022-02-08,627,44,5,19.54,East
6151,2024-11-06,19,5,5,373.03,South
6152,2024-12-15,507,39,4,215.19,East
6153,2022-08-14,547,2,3,332.82,South
6154,2022-03-08,48,27,4,239.48,South
6155,2024-04-14,745,45,2,22.98,North
6156,2024-11-12,219,24,3,321.6,North
6157,2024-09-25,622,41,4,396.16,South
6158,2022-08-25,766,47,2,86.43,East
6159,2024-08-14,188,28,1,446.63,West
6160,2024-07-07,31,47,2,98.97,East
6161,2023-04-18,259,1,5,217.19,North
6162,2023-07-07,675,21,3,268.32,North
6163,2023-11-26,344,28,4,163.79,South
6164,2022-11-13,308,3,4,255.22,East
6165,2023-08-21,71,30,5,361.99,East
6166,2024-02-07,307,1,3,360.08,South
6167,2024-06-04,568,45,3,461.92,West
6168,2023-07-15,99,47,5,432.42,North
6169,2022-09-15,21,45,3,492.7,West
6170,2024-01-27,897,18,5,301.74,East
6171,2022-05-03,620,49,2,206.25,South
6172,2022-12-08,565,33,5,127.65,South
6173,2024-12-18,6,15,4,129.54,East
6174,2022-09-17,231,24,1,83.95,South
6175,2022-04-05,994,36,2,366.07,South
6176,2022-02-10,82,34,4,330.58,North
6177,2022-09-11,958,26,2,153.22,North
6178,2022-01-07,217,40,4,447.15,North
6179,2023-12-29,335,22,3,280.62,West
6180,2022-03-10,559,16,5,43.82,North
6181,2023-06-26,864,40,4,40.11,West
6182,2022-03-30,874,42,4,80.16,East
6183,2022-08-01,753,16,3,113.52,West
6184,2024-04-13,690,5,1,444.84,North
6185,2022-09-23,594,6,1,391.44,East
6186,2024-06-30,799,42,5,108.84,East
6187,2022-10-20,704,24,3,131.76,East
6188,2022-11-29,925,30,2,322.03,East
6189,2024-10-01,655,37,4,437.05,East
6190,2022-02-16,826,32,5,165.2,North
6191,2023-09-14,791,19,1,267.49,West
6192,2023-03-03,934,45,2,446.28,East
6193,2022-07-29,553,28,3,387.61,West
6194,2024-06-06,459,47,4,446.84,East
6195,2022-06-03,783,8,4,146.26,West
6196,2023-02-19,87,43,1,348.56,South
6197,2024-02-08,515,1,1,65.87,North
6198,2024-09-09,723,4,5,311.94,South
6199,2023-08-02,513,22,4,158.97,North
6200,2024-01-10,984,22,4,353.73,North
6201,2022-06-12,587,30,4,79.52,East
6202,2024-11-04,478,27,4,336.13,South
6203,2022-07-14,498,27,2,357.17,South
6204,2023-06-26,907,13,3,430.01,West
6205,2022-12-25,956,39,2,346.67,East
6206,2024-04-29,743,27,3,266.2,South
6207,2023-03-03,449,39,2,394.24,North
6208,2023-05-12,588,38,5,149.37,West
6209,2024-04-07,260,8,3,341.96,North
6210,2023-05-01,537,12,4,365.02,North
6211,2022-11-26,200,24,3,202.35,West
6212,2024-06-07,463,18,4,494.59,North
6213,2024-09-17,939,15,5,184.48,West
6214,2022-09-16,94,16,3,51.4,West
6215,2022-10-19,936,33,1,158.7,East
6216,2022-05-23,352,10,4,58.72,West
6217,2024-01-17,108,47,3,176.26,East
6218,2023-09-19,355,24,2,72.66,West
6219,2022-03-31,469,45,3,225.37,East
6220,2023-12-21,95,19,4,391.21,South
6221,2023-04-26,868,27,1,43.05,West
6222,2022-03-25,91,45,1,285.92,South
6223,2023-11-04,44,41,2,31.48,South
6224,2023-06-01,456,31,5,443.46,West
6225,2023-04-30,955,21,1,461.48,West
6226,2024-02-21,384,16,5,251.26,South
6227,2022-04-14,23,23,4,386.92,West
6228,2022-12-05,702,14,3,300.53,East
6229,2023-11-18,23,23,5,176.92,South
6230,2024-06-18,234,41,4,130.12,West
6231,2023-08-30,698,18,4,381.71,South
6232,2022-08-11,311,36,4,220.69,South
6233,2024-10-29,417,12,2,460.92,North
6234,2024-12-12,333,37,2,488.09,West
6235,2023-05-18,575,11,5,113.09,East
6236,2024-04-01,103,5,4,284.92,East
6237,2023-09-16,500,21,5,273.1,East
6238,2022-06-14,828,32,1,435.37,North
6239,2024-11-16,483,29,5,348.58,East
6240,2024-12-29,189,7,3,307.61,East
6241,2022-01-19,848,36,4,342.72,East
6242,2024-11-11,460,40,5,200.83,West
6243,2024-09-15,189,27,2,480.54,South
6244,2023-03-26,351,6,3,38.24,South
6245,2023-07-06,581,38,5,24.27,East
6246,2024-12-07,114,4,5,213.64,West
6247,2023-11-26,104,46,5,85.74,West
6248,2023-08-10,620,35,2,276.95,West
6249,2023-12-22,508,10,5,14.41,North
6250,2022-04-17,345,38,1,235.24,West
6251,2024-02-15,21,50,1,154.51,South
6252,2024-06-16,387,30,1,109.16,North
6253,2022-12-02,944,42,5,227.88,West
6254,2023-08-30,778,9,3,428.73,North
6255,2024-04-17,855,16,2,331.14,North
6256,2023-08-25,209,4,1,88.37,East
6257,2023-02-07,682,26,1,254.45,West
6258,2023-06-24,483,29,3,466.52,South
6259,2024-12-31,473,28,1,225.22,West
6260,2022-01-24,706,11,2,240.57,East
6261,2023-09-16,859,28,3,471.27,East
6262,2024-12-15,942,44,4,76.55,West
6263,2024-09-12,393,32,2,370.17,South
6264,2022-08-11,635,24,2,156.59,West
6265,2022-06-28,689,42,5,434.29,North
6266,2024-03-10,516,39,4,36.64,East
6267,2023-03-10,188,7,4,495.3,North
6268,2024-03-03,346,18,3,386.62,West
6269,2024-06-02,352,3,1,149.32,North
6270,2023-05-07,541,44,4,382.82,North
6271,2024-03-20,598,46,3,462.26,West
6272,2024-08-18,47,20,4,65.33,South
6273,2023-02-24,77,34,2,457.65,West
6274,2023-10-11,343,30,4,186.49,North
6275,2023-04-21,191,9,1,13.17,South
6276,2022-06-19,543,10,3,65.09,South
6277,2022-06-23,819,6,1,443.55,East
6278,2023-04-15,681,17,5,491.51,North
6279,2022-12-11,36,15,1,448.73,West
6280,2023-03-21,757,33,1,226.35,West
6281,2024-11-07,424,13,3,481.09,East
6282,2024-12-29,351,42,2,209.36,West
6283,2023-09-20,188,44,4,65.71,East
6284,2023-08-15,527,22,4,177.06,South
6285,2023-06-11,334,16,3,499.23,East
6286,2023-04-01,483,34,3,316.71,North
6287,2024-03-21,216,3,2,176.6,West
6288,2022-07-07,158,8,2,315.85,North
6289,2024-10-17,926,20,5,220.28,South
6290,2023-12-12,667,47,4,34.28,North
6291,2023-06-13,241,24,4,108.55,South
6292,2023-03-10,296,18,5,19.43,South
6293,2022-10-15,462,23,3,134.85,South
6294,2023-05-14,45,1,4,372.39,North
6295,2022-10-30,495,2,1,104.73,East
6296,2022-03-28,971,5,3,268.75,West
6297,2024-04-09,175,18,3,353.79,South
6298,2023-03-14,346,16,2,278.85,South
6299,2023-06-25,56,10,5,17.53,East
6300,2024-11-11,566,29,3,188.04,South
6301,2024-04-12,341,35,2,226.4,East
6302,2024-03-07,777,25,1,177.95,South
6303,2023-07-14,886,42,1,277.67,East
6304,2024-02-01,751,24,4,261.45,West
6305,2023-04-12,833,13,5,101.85,South
6306,2023-11-06,108,21,5,378.47,South
6307,2023-11-16,710,42,2,88.97,South
6308,2022-05-18,897,43,4,234.89,South
6309,2023-08-01,214,39,5,380.59,North
6310,2023-12-11,499,34,4,351.66,North
6311,2022-08-16,758,19,2,221.77,South
6312,2022-10-08,397,28,4,396.57,East
6313,2023-11-15,550,27,3,359.74,South
6314,2024-04-07,497,50,3,198.42,East
6315,2023-03-07,173,26,3,448.8,East
6316,2024-11-29,105,11,3,79.56,North
6317,2022-10-29,552,49,1,185.66,West
6318,2023-06-17,479,35,1,351.93,East
6319,2024-02-08,399,20,5,437.76,South
6320,2023-03-20,434,12,1,168.06,West
6321,2024-11-22,642,28,4,285.01,North
6322,2022-09-17,693,2,4,15.8,North
6323,2024-01-09,991,1,1,191.71,West
6324,2024-03-06,922,9,4,172.16,North
6325,2022-03-11,194,22,5,422.81,South
6326,2024-09-09,843,40,2,46.25,East
6327,2023-04-26,801,27,1,40.44,East
6328,2022-01-24,466,9,3,226.92,South
6329,2024-08-22,341,7,4,209.62,South
6330,2024-01-16,59,36,4,89.16,North
6331,2024-04-24,863,48,2,139.04,South
6332,2022-11-21,538,38,5,487.36,East
6333,2024-03-08,478,50,4,261.46,South
6334,2022-01-18,103,2,3,53.05,East
6335,2022-02-13,533,43,2,34.38,South
6336,2022-06-04,945,5,4,30.55,West
6337,2024-05-16,592,17,3,200.62,West
6338,2024-07-10,839,37,4,434.15,East
6339,2024-01-13,982,35,3,418.13,South
6340,2022-08-13,711,8,2,190.26,South
6341,2022-08-05,322,43,5,389.47,North
6342,2022-01-31,549,3,1,378.6,North
6343,2024-12-18,14,3,1,246.67,South
6344,2024-06-16,456,1,5,208.15,East
6345,2024-07-23,221,24,4,98.47,East
6346,2023-03-21,876,45,2,146.6,South
6347,2023-06-14,391,30,3,175.96,North
6348,2024-01-08,678,42,2,408.23,East
6349,2024-05-23,173,26,5,280.95,North
6350,2023-07-20,662,38,4,108.45,West
6351,2022-03-17,684,43,4,56.96,North
6352,2023-07-01,81,40,5,253.37,North
6353,2022-09-24,336,43,2,336.5,South
6354,2022-11-13,225,38,1,411.25,West
6355,2022-01-25,871,44,2,400.68,East
6356,2022-06-09,35,50,4,413.84,South
6357,2023-08-19,870,3,4,229.45,North
6358,2024-06-18,188,13,5,434.17,West
6359,2023-05-17,224,36,2,227.86,East
6360,2024-10-09,643,41,1,92.38,East
6361,2023-12-04,886,48,2,204.72,West
6362,2022-01-01,963,12,4,176.61,South
6363,2024-01-11,968,20,2,202.17,West
6364,2022-11-16,494,39,4,332.72,East
6365,2023-01-17,863,44,4,331.89,East
6366,2024-06-16,311,8,3,120.2,West
6367,2023-12-18,521,47,1,164.81,South
6368,2022-11-03,581,2,5,301.72,West
6369,2023-01-26,540,11,1,51.22,North
6370,2024-09-16,911,21,2,347.45,North
6371,2022-10-25,369,37,3,97.66,East
6372,2022-08-21,475,6,4,426.85,North
6373,2022-09-28,746,19,1,206.78,North
6374,2024-12-19,31,30,4,118.19,West
6375,2023-11-08,827,46,4,337.23,South
6376,2023-12-07,232,39,3,281.48,North
6377,2022-08-22,850,44,1,94.25,South
6378,2024-04-24,998,49,3,415.31,West
6379,2023-05-06,497,36,4,232.11,West
6380,2023-05-18,566,20,1,84.6,South
6381,2024-06-08,964,10,4,400.13,North
6382,2023-08-15,981,24,4,75.38,South
6383,2024-01-16,175,33,1,484.34,East
6384,2023-03-04,298,29,5,226.49,South
6385,2023-11-28,791,30,3,366.83,South
6386,2023-10-08,365,36,2,231.46,South
6387,2024-01-02,86,45,4,101.91,West
6388,2024-03-10,577,6,3,381.48,North
6389,2022-12-30,89,47,3,151.78,West
6390,2022-07-21,54,14,1,344.38,South
6391,2024-05-31,630,3,1,136.11,West
6392,2022-05-26,361,24,1,128.14,East
6393,2024-04-15,476,19,3,234.15,North
6394,2023-10-01,229,38,1,409.96,North
6395,2022-05-15,779,34,2,310.68,West
6396,2023-09-18,831,9,3,41.69,North
6397,2022-03-05,534,30,1,369.59,West
6398,2023-05-06,950,32,4,294.09,East
6399,2022-02-10,759,13,3,315.55,South
6400,2024-10-23,985,18,5,183.25,South
6401,2024-07-01,373,44,5,282.52,East
6402,2024-09-01,469,22,3,192.23,East
6403,2023-01-03,420,4,3,49.94,North
6404,2024-07-06,826,23,5,423.77,West
6405,2024-10-24,532,7,4,342.23,East
6406,2022-09-01,400,44,4,338.52,West
6407,2024-06-20,988,11,4,104.9,South
6408,2022-06-15,184,39,2,335.16,North
6409,2024-11-15,861,42,2,123.7,West
6410,2024-11-06,562,41,4,346.89,East
6411,2023-12-29,90,34,5,173.43,North
6412,2023-04-28,616,5,2,87.18,East
6413,2023-06-27,706,42,1,454.07,South
6414,2024-07-19,383,25,2,61.28,East
6415,2023-02-04,369,28,5,383.28,South
6416,2023-09-11,74,14,5,59.87,East
6417,2024-05-28,269,27,3,345.51,East
6418,2022-04-11,15,16,5,64.09,North
6419,2024-05-29,329,27,4,259.32,South
6420,2024-04-09,795,2,5,102.12,East
6421,2024-01-29,392,19,2,434.62,East
6422,2022-06-12,710,23,2,206.73,West
6423,2023-05-17,996,41,2,17.56,East
6424,2023-07-01,434,14,5,317.8,North
6425,2023-01-16,344,47,4,228.12,West
6426,2024-05-19,195,26,4,431.27,South
6427,2024-06-23,922,8,3,222.24,North
6428,2024-09-28,36,27,1,211.46,North
6429,2023-09-01,917,47,4,232.51,West
6430,2022-11-03,205,40,2,431.33,North
6431,2022-02-24,820,28,3,297.54,East
6432,2024-09-09,651,4,4,337.99,West
6433,2022-11-29,776,38,4,363.0,West
6434,2022-05-07,57,11,1,469.38,North
6435,2023-12-06,110,44,1,420.39,South
6436,2022-08-31,686,24,1,464.37,South
6437,2023-08-23,496,28,4,178.22,South
6438,2023-05-18,718,41,4,115.27,South
6439,2023-08-27,225,18,2,109.66,North
6440,2022-10-30,386,49,5,430.32,East
6441,2022-08-23,64,21,1,416.99,East
6442,2024-11-27,764,26,2,328.7,West
6443,2022-05-19,948,3,2,40.84,East
6444,2022-07-14,961,13,3,165.84,South
6445,2023-10-09,779,38,2,369.76,West
6446,2022-01-01,902,28,1,131.8,South
6447,2023-07-15,352,14,5,315.79,West
6448,2023-12-14,463,1,2,275.94,West
6449,2023-02-17,844,28,4,138.71,West
6450,2023-06-22,320,36,4,467.83,North
6451,2023-03-05,357,50,2,135.8,South
6452,2022-08-23,93,11,1,448.45,North
6453,2022-12-15,695,43,5,275.06,North
6454,2023-01-31,300,40,5,55.0,West
6455,2023-02-20,726,4,1,418.48,South
6456,2024-07-04,494,34,4,397.8,East
6457,2024-12-10,654,1,4,417.18,South
6458,2022-03-22,595,10,3,322.69,West
6459,2022-02-05,389,17,2,358.69,West
6460,2024-12-26,611,7,2,454.46,West
6461,2023-10-03,793,39,4,72.57,South
6462,2024-05-31,434,13,2,50.69,West
6463,2024-01-27,102,22,1,71.29,West
6464,2023-09-15,841,1,5,436.34,South
6465,2023-04-13,378,28,3,285.84,East
6466,2022-12-22,583,33,1,96.27,North
6467,2023-12-10,885,13,1,79.44,North
6468,2024-10-16,338,1,1,228.26,North
6469,2024-06-20,898,38,2,409.71,East
6470,2023-11-04,884,25,5,404.54,East
6471,2023-03-15,778,42,3,427.11,West
6472,2023-06-15,492,21,4,386.78,East
6473,2022-05-07,642,33,1,40.19,West
6474,2022-07-24,60,37,1,362.88,North
6475,2022-01-29,813,34,1,264.29,North
6476,2023-03-21,509,3,4,365.94,East
6477,2024-08-23,392,30,2,247.3,North
6478,2023-04-09,954,3,2,246.93,East
6479,2022-05-31,119,18,5,71.81,North
6480,2022-08-28,775,23,2,453.56,South
6481,2022-09-23,995,8,2,193.56,East
6482,2024-07-01,471,9,3,295.36,South
6483,2023-05-12,328,2,3,111.51,West
6484,2023-11-16,21,2,2,190.76,East
6485,2022-06-07,97,27,3,436.58,West
6486,2022-06-21,815,48,5,112.7,West
6487,2023-05-09,513,39,2,110.99,West
6488,2024-08-27,908,36,3,137.64,North
6489,2023-11-07,715,5,4,291.58,South
6490,2023-10-21,944,1,3,265.14,North
6491,2024-06-21,640,22,3,95.91,East
6492,2023-10-28,350,10,4,349.06,North
6493,2023-01-02,132,45,5,454.69,North
6494,2023-07-04,546,24,4,107.43,South
6495,2023-10-05,599,15,5,339.75,North
6496,2022-09-12,32,33,4,297.33,North
6497,2022-07-27,259,50,5,171.18,East
6498,2023-03-26,476,23,5,312.74,North
6499,2022-04-05,836,14,1,112.86,South
6500,2024-04-18,825,18,1,418.64,East
6501,2023-04-23,882,25,3,20.88,East
6502,2023-11-14,972,22,4,287.86,West
6503,2024-02-01,920,44,5,166.2,West
6504,2022-07-09,33,44,1,441.87,West
6505,2023-12-12,899,37,3,254.69,North
6506,2024-01-26,388,7,3,403.22,South
6507,2024-04-15,798,26,3,462.67,South
6508,2022-05-13,838,24,1,173.83,West
6509,2022-02-24,561,13,2,441.37,North
6510,2023-05-25,798,41,3,365.88,South
6511,2023-11-01,456,6,2,63.01,North
6512,2023-02-14,594,21,2,60.92,West
6513,2024-09-13,144,7,2,410.5,North
6514,2024-01-04,949,18,3,239.47,East
6515,2022-09-16,902,15,5,252.62,West
6516,2022-10-26,792,8,2,446.71,North
6517,2023-07-15,883,16,1,452.86,South
6518,2022-10-24,604,49,1,65.23,East
6519,2022-12-28,224,3,2,193.09,North
6520,2023-08-12,217,45,2,448.66,South
6521,2022-05-07,156,9,2,411.73,East
6522,2022-07-16,789,47,1,363.29,East
6523,2022-08-09,520,26,4,59.96,East
6524,2024-09-21,36,26,5,314.39,East
6525,2022-04-01,636,30,4,295.11,North
6526,2023-02-15,9,27,1,91.91,West
6527,2022-01-08,40,16,1,389.19,West
6528,2023-06-28,469,48,3,162.87,North
6529,2023-04-13,179,4,4,314.11,West
6530,2022-11-16,641,19,2,187.3,South
6531,2022-09-26,959,34,2,51.35,South
6532,2022-03-02,501,6,1,267.15,North
6533,2024-03-07,373,45,3,160.26,North
6534,2023-07-07,68,15,4,44.94,West
6535,2024-07-14,970,10,3,107.27,East
6536,2023-10-23,666,42,5,313.24,East
6537,2023-12-17,424,36,3,59.68,West
6538,2024-02-18,515,46,5,52.86,East
6539,2022-07-13,364,40,4,472.57,West
6540,2023-04-27,890,6,2,62.69,West
6541,2024-05-04,777,44,5,194.27,East
6542,2023-05-13,928,40,2,75.37,South
6543,2022-07-31,451,6,3,470.24,South
6544,2023-10-27,516,15,3,245.77,South
6545,2023-11-01,774,29,4,64.45,North
6546,2022-08-09,329,25,2,386.72,East
6547,2022-09-30,794,19,4,392.59,North
6548,2022-10-06,898,14,5,451.59,West
6549,2024-03-26,962,3,3,355.77,East
6550,2022-10-03,370,50,3,36.81,North
6551,2024-10-01,597,42,3,279.65,East
6552,2023-05-29,854,46,3,198.18,North
6553,2024-07-11,387,14,3,376.8,West
6554,2023-10-04,547,39,5,299.56,South
6555,2023-05-20,114,39,5,365.35,North
6556,2023-08-13,571,21,4,98.42,North
6557,2024-02-11,38,11,1,224.16,North
6558,2024-01-10,545,50,3,221.73,West
6559,2023-11-06,377,10,3,490.68,West
6560,2024-10-10,399,15,1,19.36,North
6561,2022-05-08,203,30,4,409.86,North
6562,2023-05-18,202,44,5,57.58,South
6563,2024-06-20,100,17,3,49.39,South
6564,2023-06-27,398,29,4,170.81,South
6565,2023-05-07,450,17,1,353.38,East
6566,2024-11-10,813,33,5,342.44,North
6567,2023-12-15,816,38,5,317.66,East
6568,2024-03-01,940,21,4,389.53,West
6569,2023-02-20,118,47,2,123.87,East
6570,2022-05-28,421,14,2,320.58,West
6571,2024-08-27,243,10,2,322.64,East
6572,2022-01-29,541,42,1,330.62,South
6573,2022-11-04,227,23,2,301.28,North
6574,2022-06-11,501,39,4,118.55,South
6575,2024-05-18,852,39,5,458.01,West
6576,2024-05-01,213,14,4,488.24,East
6577,2022-03-02,930,47,4,347.7,North
6578,2022-05-05,699,22,3,227.6,East
6579,2024-12-30,113,41,1,273.22,East
6580,2024-04-17,373,28,5,63.1,South
6581,2023-04-11,299,47,3,188.06,South
6582,2022-08-31,673,9,1,488.31,South
6583,2023-04-18,19,23,5,278.38,West
6584,2024-08-16,776,7,3,284.71,South
6585,2023-06-17,671,24,2,477.45,North
6586,2023-05-09,11,43,4,444.31,East
6587,2024-06-17,8,37,2,288.67,West
6588,2022-03-23,153,9,5,141.81,North
6589,2024-05-05,625,38,3,67.3,West
6590,2024-05-28,660,7,3,433.19,North
6591,2024-07-11,550,23,3,460.84,West
6592,2022-01-12,135,25,4,252.2,East
6593,2023-03-25,373,46,3,56.33,West
6594,2024-02-01,461,22,1,307.05,East
6595,2022-01-26,935,43,1,190.06,West
6596,2023-05-23,235,7,1,87.35,West
6597,2022-03-03,255,6,2,460.38,North
6598,2022-08-17,586,36,5,127.33,East
6599,2023-08-30,328,46,2,358.47,North
6600,2024-11-24,362,22,2,220.4,West
6601,2024-06-09,374,35,4,415.68,West
6602,2024-01-31,788,49,2,353.41,East
6603,2023-08-18,209,47,4,70.35,East
6604,2024-11-14,267,33,1,230.31,South
6605,2024-11-21,656,21,1,137.3,East
6606,2024-11-01,997,11,2,359.66,North
6607,2022-01-01,554,13,2,276.9,East
6608,2022-05-13,736,3,1,176.69,West
6609,2022-03-27,858,13,3,171.44,East
6610,2023-05-31,506,50,1,66.1,South
6611,2022-06-24,564,41,3,114.77,West
6612,2024-02-02,421,34,1,359.6,East
6613,2024-11-10,308,28,5,308.85,West
6614,2024-09-23,137,40,4,184.24,West
6615,2023-08-01,419,34,4,419.7,East
6616,2022-02-18,195,32,5,247.36,South
6617,2023-06-12,95,23,3,399.27,South
6618,2022-05-25,490,24,2,392.78,South
6619,2024-02-01,903,1,2,425.52,South
6620,2024-07-17,258,24,4,426.39,East
6621,2024-03-04,25,3,2,342.74,West
6622,2022-11-15,232,17,3,377.22,West
6623,2023-11-29,332,7,2,390.68,South
6624,2024-04-26,606,10,1,92.89,North
6625,2024-02-22,862,19,5,157.12,South
6626,2022-02-11,221,24,4,61.08,West
6627,2023-06-13,297,9,2,102.79,West
6628,2022-10-19,203,50,3,391.36,West
6629,2024-08-26,948,15,2,474.08,North
6630,2022-04-07,343,49,5,340.08,East
6631,2022-03-15,593,22,1,444.16,East
6632,2024-12-27,205,17,4,165.81,West
6633,2024-01-28,993,19,4,424.44,South
6634,2022-07-27,961,9,3,176.01,East
6635,2023-02-14,892,38,1,448.14,West
6636,2022-11-27,1000,19,2,401.04,North
6637,2022-12-10,77,8,2,491.96,West
6638,2024-09-15,550,6,3,415.36,West
6639,2024-02-10,707,49,1,205.12,South
6640,2022-03-15,976,38,3,63.94,North
6641,2022-09-11,42,45,5,438.39,North
6642,2024-08-16,455,21,5,289.88,South
6643,2024-03-30,182,29,2,430.49,South
6644,2024-09-12,757,34,5,199.69,West
6645,2022-11-28,195,12,3,24.19,North
6646,2024-01-17,590,39,4,35.68,West
6647,2024-04-15,832,32,5,338.54,West
6648,2023-03-31,976,6,3,66.09,South
6649,2022-11-09,388,17,4,375.28,West
6650,2024-10-14,927,32,4,215.53,West
6651,2022-08-16,637,8,5,285.92,South
6652,2024-04-13,141,38,1,402.59,East
6653,2024-05-07,27,29,5,134.01,East
6654,2024-03-28,315,31,5,212.32,South
6655,2024-10-14,321,19,1,367.48,North
6656,2023-06-12,448,9,5,460.03,South
6657,2024-08-07,793,28,3,152.25,West
6658,2023-03-03,293,48,1,315.13,East
6659,2022-02-11,754,50,3,476.09,South
6660,2023-04-10,236,39,4,327.94,East
6661,2022-10-05,715,40,1,447.47,West
6662,2024-04-15,457,31,4,470.47,East
6663,2022-01-19,892,19,2,465.38,North
6664,2022-03-07,839,33,2,381.65,South
6665,2022-06-16,654,26,3,280.53,East
6666,2024-10-16,606,45,4,57.41,West
6667,2023-02-07,664,1,4,119.13,South
6668,2023-02-13,765,11,1,135.33,West
6669,2022-04-22,67,2,2,26.3,North
6670,2023-08-20,176,35,3,59.94,North
6671,2023-10-13,510,13,3,154.43,North
6672,2024-11-28,615,39,1,54.46,North
6673,2022-04-15,91,34,1,93.07,South
6674,2022-11-20,705,34,3,36.66,West
6675,2024-09-18,166,35,1,214.1,West
6676,2023-03-05,602,32,4,412.45,West
6677,2023-09-27,838,45,3,408.0,East
6678,2023-12-31,827,12,5,453.4,South
6679,2024-06-07,780,33,2,375.34,South
6680,2024-12-20,438,18,2,129.78,East
6681,2023-01-28,51,5,5,354.17,North
6682,2022-07-23,678,19,5,379.37,West
6683,2022-09-15,686,31,4,276.12,South
6684,2023-05-01,739,27,3,405.44,North
6685,2023-03-22,266,42,1,44.92,East
6686,2024-10-20,521,38,2,301.44,West
6687,2022-12-08,87,50,5,245.15,West
6688,2022-05-13,606,15,3,404.55,East
6689,2023-03-19,52,46,1,72.7,East
6690,2022-09-10,179,48,2,114.19,North
6691,2022-09-22,278,4,3,283.76,North
6692,2022-04-03,239,19,2,474.13,East
6693,2022-05-18,585,21,4,50.77,North
6694,2024-09-28,339,40,2,374.25,North
6695,2022-11-03,72,1,4,110.65,East
6696,2022-09-23,374,20,4,61.67,North
6697,2023-10-08,580,22,4,203.44,South
6698,2022-11-14,517,13,1,295.7,East
6699,2024-06-19,851,41,1,415.24,West
6700,2023-03-30,238,1,4,321.0,East
6701,2022-07-10,466,15,3,250.92,East
6702,2024-04-10,121,15,4,149.98,North
6703,2022-07-06,413,14,3,153.35,East
6704,2024-03-29,723,5,2,387.58,North
6705,2024-10-17,774,49,1,65.89,North
6706,2022-05-12,837,6,3,81.77,South
6707,2024-05-21,570,41,3,362.67,North
6708,2023-09-27,43,31,3,480.91,West
6709,2023-11-22,504,26,5,68.91,West
6710,2023-11-23,197,25,1,308.62,South
6711,2024-11-23,72,49,5,127.2,South
6712,2023-08-05,91,39,2,22.62,South
6713,2022-06-20,549,40,3,417.81,South
6714,2024-02-23,491,15,1,259.22,South
6715,2024-12-18,826,6,1,21.71,West
6716,2022-06-30,749,1,1,448.77,North
6717,2022-01-19,998,41,3,272.49,North
6718,2024-05-30,383,7,4,371.16,South
6719,2022-06-24,805,4,4,217.52,North
6720,2022-02-23,466,1,4,100.59,North
6721,2023-11-26,154,41,5,238.13,South
6722,2024-05-12,170,2,3,150.96,East
6723,2022-12-15,272,48,2,155.4,West
6724,2023-03-19,918,34,5,325.5,North
6725,2024-04-12,110,35,1,56.1,North
6726,2023-08-03,151,46,4,204.54,West
6727,2022-10-09,431,13,1,277.86,West
6728,2022-12-26,451,17,5,357.83,East
6729,2024-07-03,643,10,4,320.12,North
6730,2024-04-02,780,3,3,444.26,North
6731,2024-06-10,23,4,4,496.27,East
6732,2024-08-10,367,25,4,469.34,West
6733,2023-10-03,651,37,4,384.43,South
6734,2024-10-28,820,43,5,346.15,South
6735,2023-07-17,239,38,4,27.36,North
6736,2023-05-06,434,29,5,271.41,West
6737,2022-12-07,953,1,1,335.22,North
6738,2023-04-17,704,30,3,212.34,West
6739,2022-09-06,127,39,4,198.55,West
6740,2022-08-23,942,10,5,275.84,South
6741,2024-04-03,541,29,4,454.25,South
6742,2023-09-24,633,44,4,137.85,North
6743,2023-06-13,198,32,4,205.54,East
6744,2022-05-02,686,44,2,330.01,East
6745,2024-06-10,656,1,3,101.14,South
6746,2022-01-10,482,41,3,419.1,South
6747,2024-04-17,179,17,5,336.37,North
6748,2024-01-23,869,12,1,182.61,East
6749,2024-06-04,523,2,1,363.86,West
6750,2023-04-09,651,9,1,146.88,East
6751,2023-12-13,959,12,4,389.49,West
6752,2023-12-29,437,25,5,44.64,North
6753,2023-12-18,765,36,4,219.11,West
6754,2022-03-21,857,44,2,138.2,West
6755,2023-04-25,314,50,5,410.18,East
6756,2024-06-20,19,35,5,378.85,East
6757,2024-06-09,160,22,5,422.51,East
6758,2022-01-18,818,33,2,329.27,East
6759,2022-07-21,122,50,5,399.71,West
6760,2024-01-11,72,21,2,225.01,East
6761,2022-11-15,55,40,1,342.25,West
6762,2022-08-05,460,22,5,25.25,South
6763,2024-11-23,169,28,4,441.56,North
6764,2022-09-23,611,4,3,345.54,South
6765,2023-12-25,582,26,2,434.39,South
6766,2024-02-14,149,23,1,387.72,West
6767,2023-02-17,629,48,1,150.32,East
6768,2024-11-01,26,49,3,143.71,North
6769,2023-02-05,248,23,5,401.82,South
6770,2023-12-25,897,41,4,100.51,East
6771,2022-10-09,721,8,3,64.22,East
6772,2023-12-24,227,32,5,17.37,West
6773,2024-01-21,923,39,5,156.23,West
6774,2022-09-25,946,44,2,58.64,East
6775,2022-10-25,626,1,4,402.83,North
6776,2023-07-24,706,30,4,247.43,South
6777,2023-05-24,484,28,2,133.73,South
6778,2023-06-30,833,17,5,305.02,West
6779,2024-02-14,10,23,5,44.47,North
6780,2022-12-31,95,38,4,365.8,North
6781,2023-07-01,121,24,4,255.68,East
6782,2022-09-28,126,22,4,13.17,East
6783,2024-01-09,549,5,4,166.42,West
6784,2023-06-21,69,25,5,377.59,West
6785,2022-02-28,297,7,4,102.18,South
6786,2022-03-27,686,22,5,481.32,East
6787,2024-02-02,501,44,2,449.35,West
6788,2023-01-25,973,37,1,391.34,East
6789,2023-12-20,45,34,2,48.49,North
6790,2024-05-05,635,36,2,183.38,South
6791,2022-05-29,382,49,3,156.12,East
6792,2023-08-06,984,40,2,77.44,East
6793,2022-05-01,27,20,3,499.81,East
6794,2024-02-04,705,37,3,82.13,North
6795,2023-08-28,497,17,3,164.51,South
6796,2022-09-13,852,4,2,441.27,North
6797,2024-02-05,136,50,1,80.75,East
6798,2024-05-13,707,18,3,240.07,South
6799,2024-03-10,49,28,4,488.09,East
6800,2022-02-28,608,50,4,131.17,South
6801,2024-10-18,507,16,5,354.5,West
6802,2024-12-28,121,43,4,49.22,North
6803,2023-01-23,761,8,4,304.43,North
6804,2024-02-25,985,44,3,176.13,East
6805,2023-08-16,217,18,2,352.79,East
6806,2024-06-27,626,50,4,222.12,East
6807,2023-07-20,526,29,2,156.51,North
6808,2023-02-03,574,40,1,277.54,West
6809,2024-06-17,43,16,4,78.45,West
6810,2022-10-20,923,30,1,409.07,North
6811,2023-04-30,752,49,1,377.85,South
6812,2024-03-13,96,34,5,277.03,West
6813,2024-06-08,27,30,2,189.85,West
6814,2022-09-01,836,21,2,458.46,South
6815,2024-08-17,895,22,5,320.88,South
6816,2024-03-26,242,47,3,149.55,North
6817,2022-09-30,487,25,5,405.29,South
6818,2023-06-04,971,22,5,321.16,East
6819,2023-07-22,240,28,5,72.24,East
6820,2023-09-30,304,39,1,65.97,West
6821,2022-06-08,67,33,2,469.67,North
6822,2023-10-14,281,2,3,151.08,North
6823,2022-06-25,192,4,4,335.11,South
6824,2023-09-12,119,16,4,27.85,West
6825,2022-07-30,152,12,4,282.69,West
6826,2023-03-23,777,17,3,123.25,West
6827,2023-08-09,392,36,4,78.42,North
6828,2022-06-16,231,16,3,389.02,North
6829,2023-04-05,351,39,4,406.68,East
6830,2024-07-04,761,23,4,360.45,South
6831,2024-11-18,571,8,3,15.48,North
6832,2023-12-15,529,9,2,149.61,West
6833,2024-04-20,171,14,3,186.87,South
6834,2024-05-17,863,9,3,348.52,North
6835,2023-11-19,964,47,5,380.22,West
6836,2022-11-26,132,26,1,317.65,West
6837,2022-04-05,357,36,1,396.65,South
6838,2024-02-24,648,3,2,219.38,East
6839,2023-10-11,42,10,2,275.5,West
6840,2022-12-19,305,25,2,41.48,West
6841,2024-07-18,6,4,1,219.31,West
6842,2024-07-29,329,30,2,221.99,West
6843,2024-09-10,170,50,2,309.64,East
6844,2024-11-08,968,11,3,195.17,East
6845,2023-10-08,800,19,3,126.84,East
6846,2023-09-18,911,50,1,126.42,West
6847,2022-05-19,338,13,3,75.6,East
6848,2023-12-17,727,36,2,353.5,South
6849,2024-02-01,69,3,3,315.06,West
6850,2022-09-12,882,48,5,293.83,West
6851,2023-11-07,539,14,3,270.2,West
6852,2022-04-02,737,10,1,190.09,West
6853,2024-12-28,834,38,2,386.67,North
6854,2022-02-06,507,40,2,461.79,East
6855,2022-05-20,746,27,1,225.59,North
6856,2024-05-16,486,24,3,210.45,South
6857,2023-11-11,443,16,2,89.74,North
6858,2022-05-17,924,10,2,338.65,North
6859,2022-07-09,920,27,5,283.47,North
6860,2022-12-08,51,7,1,494.12,North
6861,2024-10-25,149,28,3,296.32,East
6862,2024-08-29,927,26,3,151.42,East
6863,2023-10-24,587,18,2,285.84,North
6864,2022-08-31,818,13,4,492.5,North
6865,2023-02-19,92,8,5,364.43,South
6866,2023-12-08,368,27,5,73.0,South
6867,2022-12-09,936,14,5,178.15,West
6868,2023-11-13,580,41,2,156.36,North
6869,2023-10-15,747,44,1,429.84,West
6870,2022-05-26,874,6,1,309.47,East
6871,2022-11-19,656,20,5,406.95,East
6872,2022-05-02,76,28,4,96.36,East
6873,2022-11-07,86,23,4,454.94,East
6874,2023-08-24,227,12,3,38.57,West
6875,2023-04-20,363,24,4,193.67,North
6876,2023-07-24,959,44,5,16.93,East
6877,2023-07-29,568,22,3,100.3,South
6878,2022-12-13,592,26,5,481.49,West
6879,2024-03-30,24,22,1,48.46,West
6880,2023-01-17,739,7,5,81.25,East
6881,2022-03-13,28,15,3,463.18,North
6882,2023-06-05,121,48,5,357.99,South
6883,2024-07-21,490,30,2,209.41,West
6884,2022-12-05,605,4,3,43.7,South
6885,2023-10-26,853,6,4,394.67,South
6886,2022-02-09,624,48,1,251.44,West
6887,2023-07-28,890,47,4,168.28,North
6888,2024-08-23,345,2,5,186.77,East
6889,2023-08-04,999,31,4,257.59,South
6890,2022-06-19,31,24,3,280.1,North
6891,2023-12-02,655,35,2,410.87,East
6892,2023-05-26,879,47,4,388.13,South
6893,2023-08-07,810,31,5,385.86,East
6894,2024-09-10,227,25,4,367.36,West
6895,2023-04-04,870,8,4,381.32,North
6896,2023-06-13,250,12,3,342.02,North
6897,2022-12-07,50,2,5,435.33,North
6898,2022-02-26,726,15,5,283.15,South
6899,2022-08-06,892,40,2,265.21,North
6900,2023-09-11,389,32,3,353.64,East
6901,2024-03-26,944,11,3,91.34,South
6902,2024-01-01,781,17,1,390.71,West
6903,2023-04-09,288,21,2,468.72,West
6904,2022-09-04,707,22,2,155.17,East
6905,2023-12-31,766,33,5,309.41,North
6906,2023-01-08,591,29,5,25.99,West
6907,2023-02-21,475,15,2,385.25,West
6908,2024-11-20,756,21,3,284.24,North
6909,2023-01-03,603,2,1,340.09,West
6910,2023-07-13,926,42,5,80.07,West
6911,2022-04-18,6,38,1,406.63,West
6912,2023-08-07,793,3,2,135.41,West
6913,2024-04-18,412,25,3,345.55,East
6914,2023-02-22,958,13,1,300.64,South
6915,2024-03-31,662,24,4,330.36,North
6916,2023-11-14,324,31,2,34.62,West
6917,2022-09-13,399,15,3,373.51,West
6918,2024-02-19,282,6,2,399.67,West
6919,2024-04-17,191,41,2,242.66,West
6920,2024-07-03,786,10,1,210.34,South
6921,2022-08-23,585,9,1,177.85,North
6922,2023-07-07,959,50,4,464.66,West
6923,2022-06-30,830,41,5,379.98,East
6924,2022-06-06,500,50,4,352.32,East
6925,2023-07-25,580,41,3,463.55,South
6926,2024-05-06,816,5,3,180.9,South
6927,2024-11-13,434,45,2,318.77,West
6928,2024-08-05,63,44,1,346.17,South
6929,2023-08-15,453,41,2,498.15,North
6930,2022-05-14,493,19,5,219.32,East
6931,2023-02-25,646,20,2,206.09,North
6932,2022-08-01,442,33,3,51.4,South
6933,2024-06-18,307,43,3,58.24,North
6934,2023-04-27,780,37,4,260.78,South
6935,2022-12-14,735,31,2,93.88,North
6936,2022-06-15,943,39,1,45.74,West
6937,2024-07-25,126,13,5,482.8,West
6938,2022-12-14,265,38,5,476.19,North
6939,2024-04-28,7,45,1,169.39,West
6940,2023-02-02,413,6,5,397.04,South
6941,2023-08-06,206,47,1,437.55,North
6942,2023-12-27,179,8,1,237.73,South
6943,2022-11-04,468,43,4,119.61,East
6944,2024-09-17,496,10,2,73.6,West
6945,2024-03-08,695,41,3,79.0,West
6946,2023-12-20,992,4,3,400.5,South
6947,2023-04-11,443,14,2,198.36,South
6948,2022-04-09,952,4,5,349.82,East
6949,2022-06-07,918,24,1,273.96,North
6950,2023-09-02,228,47,3,203.39,South
6951,2023-07-08,748,21,4,70.67,North
6952,2023-10-13,146,10,5,173.39,North
6953,2024-07-08,570,46,4,421.69,South
6954,2022-08-15,296,25,3,407.58,West
6955,2023-02-27,241,6,2,23.9,South
6956,2024-12-31,857,16,2,78.74,South
6957,2022-08-31,287,44,4,380.39,South
6958,2023-06-14,952,28,5,174.51,West
6959,2024-12-04,675,36,3,325.36,East
6960,2023-01-06,26,33,1,285.71,West
6961,2023-10-14,452,30,2,329.51,South
6962,2023-11-20,106,36,4,36.31,East
6963,2024-01-04,240,25,3,466.25,South
6964,2022-04-02,852,13,5,20.28,North
6965,2024-11-11,418,39,1,13.94,South
6966,2022-06-21,332,15,1,120.81,North
6967,2022-06-28,912,38,2,496.81,East
6968,2022-08-26,891,30,1,45.54,North
6969,2024-05-26,42,14,3,438.51,East
6970,2024-06-20,645,50,2,87.95,South
6971,2022-10-07,829,4,2,63.46,South
6972,2024-11-08,556,1,2,391.7,North
6973,2024-01-10,35,3,3,424.87,West
6974,2023-01-06,876,45,4,398.17,West
6975,2024-05-19,347,50,1,128.1,West
6976,2024-10-15,384,36,1,441.12,North
6977,2022-08-09,513,4,4,45.22,North
6978,2024-07-08,738,43,2,177.57,West
6979,2022-10-31,811,14,5,236.96,North
6980,2023-03-14,288,25,3,43.19,West
6981,2023-01-10,748,39,2,294.12,East
6982,2023-01-16,871,3,2,284.1,East
6983,2024-09-12,959,7,2,496.17,North
6984,2022-01-14,33,8,1,314.62,South
6985,2024-01-13,95,44,1,204.8,North
6986,2023-10-31,205,7,5,397.19,East
6987,2023-05-15,621,48,3,174.13,East
6988,2023-07-19,834,25,2,271.11,West
6989,2023-06-14,30,17,1,37.18,West
6990,2023-05-07,266,26,4,168.11,South
6991,2024-01-25,23,4,1,268.77,West
6992,2022-10-27,609,49,2,354.13,West
6993,2024-03-25,39,18,2,58.53,East
6994,2023-07-01,173,4,1,400.62,West
6995,2023-12-28,760,17,4,451.08,North
6996,2024-01-01,891,47,4,147.71,East
6997,2024-04-07,413,17,2,385.02,North
6998,2023-08-25,414,45,1,98.37,South
6999,2024-10-28,674,25,3,266.47,East
7000,2024-02-07,692,3,3,400.84,South
7001,2024-05-24,615,12,2,199.38,North
7002,2024-07-25,209,27,4,22.89,South
7003,2022-05-11,22,17,3,274.58,North
7004,2023-08-31,5,22,1,423.9,North
7005,2022-01-26,651,39,5,63.08,East
7006,2023-09-27,214,39,5,24.52,East
7007,2023-04-29,672,43,4,406.43,East
7008,2023-11-11,920,48,5,140.89,North
7009,2024-12-10,907,36,1,188.53,West
7010,2022-01-05,139,16,2,52.62,North
7011,2023-08-12,657,37,2,57.34,North
7012,2022-07-27,672,29,1,311.13,West
7013,2022-09-14,595,14,2,280.59,West
7014,2022-01-11,667,7,1,153.28,South
7015,2024-08-06,800,41,1,231.84,North
7016,2022-01-08,317,28,5,200.22,East
7017,2024-07-24,793,13,5,350.58,West
7018,2022-02-01,576,16,4,432.42,East
7019,2023-06-24,704,21,5,384.9,South
7020,2024-10-01,156,4,2,12.16,East
7021,2023-01-22,424,39,5,58.78,North
7022,2023-10-02,500,35,1,220.39,North
7023,2022-07-26,91,15,5,427.38,East
7024,2023-07-11,654,26,2,126.12,East
7025,2022-12-14,42,46,4,440.69,North
7026,2024-03-03,761,7,3,63.91,West
7027,2022-08-22,295,18,1,45.58,North
7028,2024-12-03,770,25,2,457.58,West
7029,2024-10-02,337,37,2,89.37,North
7030,2024-01-07,1,21,3,237.25,East
7031,2024-07-30,109,8,4,169.72,East
7032,2022-06-25,928,20,1,82.34,North
7033,2023-03-25,979,18,4,319.73,West
7034,2023-08-15,125,19,3,482.2,West
7035,2022-03-23,64,3,1,332.47,West
7036,2022-05-15,206,38,5,183.31,East
7037,2024-05-05,415,18,4,358.78,South
7038,2023-03-16,954,27,5,80.19,East
7039,2024-12-15,850,15,1,294.21,West
7040,2023-11-28,244,46,3,240.03,East
7041,2023-02-23,590,21,5,186.39,North
7042,2022-03-29,623,22,5,372.39,East
7043,2023-10-18,654,8,2,68.06,North
7044,2024-10-28,216,11,1,271.07,East
7045,2022-08-03,965,43,3,428.65,East
7046,2023-07-06,528,12,2,108.84,East
7047,2023-05-18,965,48,4,139.63,West
7048,2023-11-30,566,39,3,333.73,North
7049,2022-09-02,653,27,2,388.57,East
7050,2022-11-05,380,35,4,148.83,West
7051,2022-08-19,848,2,3,186.35,East
7052,2022-06-04,79,35,2,372.56,South
7053,2024-04-27,415,31,3,149.81,North
7054,2022-04-25,453,8,5,336.46,West
7055,2022-11-07,149,20,2,87.83,North
7056,2024-09-19,639,8,5,211.54,West
7057,2022-10-27,670,4,2,347.45,West
7058,2024-11-07,791,31,5,235.35,East
7059,2024-02-23,38,32,1,19.43,East
7060,2022-01-12,157,13,5,209.13,South
7061,2022-08-20,333,22,1,151.28,West
7062,2024-08-12,288,26,3,59.63,North
7063,2023-12-31,112,17,4,14.48,West
7064,2024-10-14,702,29,4,32.3,South
7065,2024-09-25,618,27,4,475.13,North
7066,2022-10-30,91,22,1,377.41,South
7067,2023-06-25,866,18,4,470.47,East
7068,2023-04-15,813,5,4,66.24,North
7069,2024-03-23,49,12,5,289.55,West
7070,2022-03-18,161,2,4,50.81,North
7071,2024-10-16,516,42,1,23.14,East
7072,2022-01-24,402,7,5,238.48,North
7073,2024-11-04,710,47,1,326.71,East
7074,2023-11-07,320,26,2,41.15,East
7075,2023-06-09,924,39,4,188.88,South
7076,2022-12-13,364,15,1,54.18,East
7077,2022-06-21,889,48,1,187.43,West
7078,2023-12-13,442,33,5,241.18,North
7079,2023-05-04,475,47,2,175.39,North
7080,2023-01-13,766,3,2,292.36,West
7081,2023-01-07,602,42,4,296.45,North
7082,2024-09-26,312,48,3,173.14,East
7083,2024-09-03,532,2,3,200.9,East
7084,2024-01-27,589,17,5,226.12,North
7085,2023-04-22,220,1,4,194.07,South
7086,2023-01-17,674,36,5,382.72,East
7087,2022-06-04,497,43,4,78.57,North
7088,2022-09-14,343,17,2,429.95,North
7089,2023-11-05,906,2,3,172.31,North
7090,2022-03-09,627,33,1,364.74,West
7091,2022-12-10,94,29,3,443.05,North
7092,2023-11-04,918,6,4,444.85,North
7093,2023-01-26,133,43,3,231.66,North
7094,2022-09-16,501,36,1,135.74,North
7095,2022-11-03,172,24,2,306.82,South
7096,2024-08-07,626,11,2,100.14,West
7097,2024-08-27,9,5,4,397.39,North
7098,2022-09-03,811,30,3,358.56,West
7099,2024-01-03,772,10,4,399.86,North
7100,2022-07-06,682,37,3,222.3,East
7101,2024-07-13,321,27,5,283.14,North
7102,2024-02-24,98,27,4,60.34,North
7103,2023-02-12,169,24,3,346.95,South
7104,2022-12-07,960,3,5,248.55,South
7105,2023-07-17,311,38,4,259.53,South
7106,2023-10-13,730,26,2,425.03,West
7107,2024-08-09,914,45,5,388.44,West
7108,2024-11-28,912,48,4,272.24,South
7109,2022-03-10,343,39,1,184.0,West
7110,2023-01-16,430,18,2,228.75,North
7111,2022-02-26,932,3,5,181.87,South
7112,2024-04-29,858,38,3,84.29,North
7113,2024-07-04,962,42,1,326.43,North
7114,2022-11-21,556,48,3,348.84,South
7115,2023-04-06,500,25,1,485.89,South
7116,2022-06-28,773,13,4,233.3,South
7117,2024-04-23,285,25,4,498.67,North
7118,2023-07-28,638,24,3,101.68,North
7119,2022-04-29,260,41,3,331.75,East
7120,2023-07-03,495,16,3,497.44,North
7121,2023-10-08,355,43,5,323.76,South
7122,2022-01-26,214,41,2,231.66,West
7123,2024-10-28,817,42,3,262.47,North
7124,2024-08-26,200,11,4,424.3,South
7125,2023-06-17,236,21,4,470.16,South
7126,2022-05-29,853,31,3,232.42,South
7127,2024-11-14,136,15,3,388.46,West
7128,2023-10-17,890,45,4,467.51,West
7129,2024-08-02,948,49,5,148.24,East
7130,2023-07-09,628,36,1,251.65,North
7131,2023-03-01,965,43,4,497.75,West
7132,2022-10-20,917,1,1,183.2,East
7133,2023-07-08,667,28,3,313.65,South
7134,2023-03-07,422,33,2,331.95,East
7135,2023-08-27,901,3,3,85.53,East
7136,2022-11-13,341,15,3,405.24,East
7137,2023-02-02,829,33,3,212.32,North
7138,2023-08-19,904,32,4,255.16,West
7139,2023-06-30,342,23,4,324.99,West
7140,2022-03-17,530,26,2,211.14,South
7141,2024-05-14,388,48,1,169.29,East
7142,2024-07-04,4,17,1,277.75,East
7143,2023-12-10,677,9,1,179.92,South
7144,2023-05-01,639,5,3,222.72,West
7145,2024-01-17,399,29,2,63.12,North
7146,2024-10-27,422,6,3,423.92,South
7147,2023-07-04,411,47,2,211.74,South
7148,2024-09-02,213,41,5,50.56,North
7149,2024-12-11,560,35,4,397.11,West
7150,2024-07-30,558,21,3,19.62,South
7151,2024-07-07,558,45,5,303.68,East
7152,2022-12-29,48,45,1,354.31,North
7153,2023-01-17,187,23,5,103.69,West
7154,2022-09-28,502,35,4,74.32,South
7155,2024-11-03,632,46,4,65.8,North
7156,2022-10-25,644,2,4,496.73,East
7157,2024-09-30,971,42,5,379.99,East
7158,2022-08-22,531,9,1,163.23,West
7159,2023-07-29,953,13,3,174.42,North
7160,2022-01-27,787,43,1,327.83,North
7161,2022-04-03,475,34,2,234.26,North
7162,2023-09-09,744,16,2,142.96,East
7163,2022-11-05,42,5,3,37.98,West
7164,2022-02-21,604,1,4,394.09,East
7165,2022-11-15,261,40,3,445.23,East
7166,2022-06-30,48,22,5,110.92,West
7167,2024-05-24,921,48,4,41.07,East
7168,2024-12-02,963,46,3,68.13,West
7169,2023-10-09,794,26,3,212.99,West
7170,2022-07-16,586,34,5,156.68,South
7171,2023-10-07,728,50,5,45.99,East
7172,2024-08-28,446,21,1,232.89,West
7173,2022-09-12,221,7,2,109.92,North
7174,2024-01-02,621,25,3,42.8,West
7175,2022-12-02,647,12,1,332.38,North
7176,2024-09-16,940,31,4,290.53,West
7177,2024-06-18,343,47,4,414.93,South
7178,2023-05-29,238,27,2,158.12,South
7179,2022-08-30,155,22,4,76.55,West
7180,2022-05-29,938,34,2,186.48,South
7181,2024-01-27,841,17,4,391.57,North
7182,2023-09-12,56,11,4,128.45,South
7183,2023-03-29,387,29,3,134.95,South
7184,2022-07-31,894,34,5,82.32,North
7185,2023-10-30,909,37,3,493.39,North
7186,2023-08-17,710,49,1,483.98,East
7187,2022-05-11,315,48,5,332.45,South
7188,2023-09-04,38,26,3,115.26,North
7189,2022-09-13,341,45,5,385.61,South
7190,2023-07-15,851,45,5,296.13,West
7191,2022-03-04,729,45,5,377.29,East
7192,2023-02-11,231,32,4,431.6,South
7193,2024-03-12,452,37,5,166.05,South
7194,2022-01-15,342,5,4,457.71,East
7195,2022-09-16,453,20,5,450.29,South
7196,2023-12-24,257,7,4,278.09,East
7197,2023-09-06,434,43,5,345.44,West
7198,2024-12-04,209,23,1,211.41,East
7199,2024-03-23,201,1,3,331.0,West
7200,2022-11-27,137,39,5,278.99,East
7201,2022-06-14,640,3,1,168.18,South
7202,2024-12-24,565,45,3,168.19,South
7203,2023-01-22,856,3,2,329.32,North
7204,2024-11-19,394,6,5,478.75,South
7205,2022-11-24,596,31,2,108.76,South
7206,2022-11-16,721,27,3,202.34,East
7207,2023-02-03,845,29,3,404.8,East
7208,2022-04-15,797,15,5,70.28,West
7209,2023-11-27,36,36,1,497.14,South
7210,2024-10-13,215,5,5,342.29,South
7211,2022-11-26,27,3,1,456.29,West
7212,2023-10-22,658,25,5,420.65,South
7213,2024-12-06,18,32,1,390.8,North
7214,2023-08-22,630,21,4,26.12,North
7215,2024-03-31,137,48,1,209.18,West
7216,2023-10-03,579,17,1,108.91,East
7217,2022-11-10,903,9,3,436.95,West
7218,2023-04-07,826,26,2,343.34,South
7219,2023-05-01,975,22,5,62.47,East
7220,2023-02-14,30,41,3,186.2,North
7221,2022-01-27,73,46,2,43.96,West
7222,2024-11-18,123,23,3,372.6,North
7223,2022-09-28,957,11,3,214.98,North
7224,2023-11-17,987,10,5,124.84,East
7225,2023-05-16,228,23,4,263.67,North
7226,2023-01-20,338,5,3,30.6,South
7227,2022-03-01,991,26,5,136.07,East
7228,2022-08-08,273,4,1,95.9,West
7229,2024-02-10,758,43,2,466.02,North
7230,2023-07-18,437,27,5,194.78,East
7231,2023-06-30,902,38,4,296.39,East
7232,2022-04-06,39,34,5,256.44,East
7233,2024-09-15,921,3,5,333.01,West
7234,2024-04-07,682,50,1,146.77,North
7235,2022-08-19,426,32,2,69.18,West
7236,2024-08-25,315,26,2,49.91,North
7237,2022-10-02,614,18,4,104.76,South
7238,2022-09-03,806,7,2,246.59,West
7239,2022-04-21,509,45,1,125.65,South
7240,2022-08-22,927,13,4,222.66,South
7241,2023-02-21,755,6,1,24.36,South
7242,2023-11-09,157,35,1,317.5,West
7243,2024-03-13,872,31,5,440.3,West
7244,2023-09-11,777,42,5,33.32,South
7245,2023-12-08,257,37,5,116.84,East
7246,2024-04-30,976,43,3,165.71,West
7247,2023-04-20,870,4,1,150.75,South
7248,2023-10-17,855,42,2,29.79,North
7249,2023-01-30,635,4,4,62.22,East
7250,2022-04-21,456,45,3,457.11,West
7251,2022-03-31,47,8,5,358.57,South
7252,2024-02-02,332,38,3,479.63,South
7253,2022-05-12,10,11,3,225.83,East
7254,2024-11-02,144,2,1,440.73,West
7255,2023-04-02,431,18,1,410.1,East
7256,2022-04-08,811,18,2,438.72,East
7257,2022-10-20,152,22,4,29.19,West
7258,2024-10-21,487,12,4,329.73,East
7259,2023-07-26,136,17,5,287.65,South
7260,2022-09-07,587,17,2,277.16,East
7261,2023-10-14,873,36,4,257.15,East
7262,2022-05-29,26,29,3,400.03,South
7263,2022-02-13,7,49,3,484.35,East
7264,2024-12-03,591,16,4,416.17,North
7265,2022-06-11,15,41,3,436.49,South
7266,2022-09-10,432,11,3,247.11,South
7267,2022-05-12,899,44,5,348.4,East
7268,2023-04-19,400,43,3,213.63,South
7269,2023-12-07,207,45,4,186.54,South
7270,2024-11-24,601,22,1,448.69,South
7271,2022-10-02,609,30,3,453.55,North
7272,2022-07-06,910,8,4,344.29,South
7273,2024-08-06,216,46,3,420.54,North
7274,2022-08-31,502,18,2,186.58,North
7275,2022-09-21,459,46,5,222.54,West
7276,2023-06-06,259,16,1,412.3,South
7277,2024-08-20,329,47,3,205.04,South
7278,2024-02-22,454,20,4,29.58,East
7279,2023-06-19,799,39,1,183.12,North
7280,2022-07-29,375,8,3,205.13,South
7281,2022-02-15,464,30,2,85.77,South
7282,2022-01-26,75,38,4,178.62,North
7283,2022-06-24,242,29,5,467.87,North
7284,2022-11-18,17,13,3,430.68,West
7285,2022-02-24,689,17,4,228.5,West
7286,2023-10-30,259,40,3,357.85,West
7287,2022-05-27,123,43,5,84.41,South
7288,2023-08-22,979,17,2,378.75,West
7289,2022-01-20,984,9,5,243.13,North
7290,2022-11-29,311,2,5,364.06,South
7291,2024-06-25,111,42,5,325.57,South
7292,2024-08-01,256,24,1,124.05,North
7293,2024-06-29,234,21,4,419.0,South
7294,2023-02-05,968,46,3,290.37,South
7295,2024-08-07,497,2,2,394.26,North
7296,2022-01-28,868,5,3,56.05,East
7297,2023-04-12,40,17,1,311.52,West
7298,2024-09-08,122,24,2,153.02,South
7299,2022-04-11,450,8,1,431.84,South
7300,2023-07-05,727,30,3,475.26,North
7301,2024-03-12,808,50,2,37.36,North
7302,2022-12-19,798,22,3,364.9,North
7303,2022-10-23,793,24,4,60.46,North
7304,2022-12-19,519,26,1,430.18,North
7305,2024-06-26,92,8,4,71.02,East
7306,2024-10-15,361,12,4,105.55,East
7307,2023-03-31,946,14,3,133.29,South
7308,2023-12-13,123,30,3,366.64,South
7309,2024-09-06,337,35,5,153.34,East
7310,2024-01-09,608,31,5,302.08,East
7311,2024-09-03,513,28,2,290.25,North
7312,2022-08-21,603,46,3,207.11,South
7313,2024-10-20,428,27,1,274.35,North
7314,2022-04-12,996,36,3,67.91,North
7315,2024-08-10,433,1,3,439.33,North
7316,2023-04-26,7,41,4,111.47,South
7317,2022-04-18,120,14,4,441.31,West
7318,2024-08-30,387,10,5,264.18,South
7319,2023-12-05,350,50,2,310.83,West
7320,2022-12-01,641,42,2,136.08,North
7321,2022-03-27,691,7,3,118.94,West
7322,2024-01-04,98,40,1,250.44,South
7323,2024-05-24,934,14,4,141.01,East
7324,2022-12-30,43,36,1,217.34,North
7325,2022-03-01,183,27,4,225.71,North
7326,2023-07-14,697,11,3,142.75,North
7327,2022-04-27,565,42,2,152.95,North
7328,2024-05-23,740,49,3,486.73,West
7329,2024-07-03,673,37,4,297.85,North
7330,2024-08-25,235,42,2,417.62,East
7331,2024-09-25,976,10,1,32.41,North
7332,2022-02-13,446,7,1,10.94,South
7333,2023-05-24,870,17,5,264.36,South
7334,2024-04-28,907,12,1,415.13,East
7335,2024-07-05,200,37,5,309.35,North
7336,2024-06-16,948,37,2,313.23,West
7337,2024-03-09,513,36,3,78.29,East
7338,2024-05-25,526,7,3,489.5,East
7339,2022-10-13,990,24,2,269.55,South
7340,2023-11-15,213,34,2,60.27,North
7341,2024-03-29,378,1,4,212.96,North
7342,2022-05-01,789,29,1,45.27,North
7343,2024-08-02,546,26,1,214.89,East
7344,2024-10-14,486,10,1,358.67,West
7345,2024-06-25,986,1,5,168.53,North
7346,2022-01-13,361,45,1,163.42,East
7347,2023-08-26,782,17,4,262.03,East
7348,2022-07-19,168,41,3,254.26,South
7349,2023-08-09,890,36,3,238.9,North
7350,2023-03-24,931,9,5,263.25,East
7351,2024-04-20,682,39,4,33.5,South
7352,2024-12-30,594,23,2,242.39,South
7353,2023-08-13,404,29,3,496.09,North
7354,2024-06-07,828,2,4,384.52,West
7355,2022-02-12,137,18,2,150.91,West
7356,2023-06-04,233,28,5,342.08,South
7357,2024-11-02,115,47,1,171.65,South
7358,2023-12-26,252,42,4,103.84,West
7359,2023-09-15,493,49,3,389.04,East
7360,2024-09-14,289,7,5,112.7,South
7361,2024-03-13,49,11,4,430.73,East
7362,2023-06-19,452,7,5,196.4,North
7363,2022-10-29,516,43,2,380.85,West
7364,2023-06-11,891,24,4,137.2,West
7365,2023-04-05,688,15,1,329.84,East
7366,2024-04-11,272,31,2,114.14,East
7367,2023-05-20,431,19,1,20.7,South
7368,2024-07-20,26,10,5,409.16,North
7369,2022-11-21,70,48,1,429.52,West
7370,2023-08-02,293,8,2,441.48,West
7371,2024-01-31,406,1,2,27.79,South
7372,2024-04-30,234,2,2,382.85,East
7373,2024-08-17,231,29,5,419.58,East
7374,2023-05-17,263,42,3,162.73,East
7375,2022-11-30,938,10,5,240.52,North
7376,2022-10-11,798,42,2,209.88,West
7377,2023-04-20,586,9,5,225.65,West
7378,2024-12-13,121,50,4,424.89,West
7379,2023-09-24,463,31,4,214.76,North
7380,2023-12-04,518,32,3,158.16,North
7381,2023-02-13,24,2,5,73.89,South
7382,2024-09-08,706,24,5,340.67,South
7383,2023-07-13,680,37,4,51.26,West
7384,2022-08-10,377,43,2,39.98,South
7385,2022-06-07,500,6,1,343.97,South
7386,2022-12-14,911,8,2,350.2,West
7387,2024-06-07,437,40,3,107.55,West
7388,2024-07-10,853,25,1,479.02,North
7389,2023-10-24,722,42,2,396.03,North
7390,2023-02-09,645,43,5,346.35,West
7391,2023-11-08,857,25,5,379.63,East
7392,2023-08-12,804,46,4,211.82,North
7393,2023-07-12,970,11,5,233.26,South
7394,2024-06-23,499,35,5,436.41,West
7395,2024-12-06,174,1,3,22.46,South
7396,2023-04-24,663,23,1,403.19,South
7397,2023-05-02,600,3,2,229.31,North
7398,2023-07-20,813,41,2,237.34,West
7399,2023-06-08,509,1,3,169.59,North
7400,2023-12-05,778,44,1,307.47,North
7401,2024-10-26,310,12,5,341.08,North
7402,2024-03-31,70,38,3,88.77,South
7403,2024-05-07,205,40,5,287.2,North
7404,2023-08-08,341,31,2,237.81,East
7405,2023-11-17,32,29,3,393.14,West
7406,2022-08-20,43,35,3,277.19,East
7407,2022-09-27,118,28,3,220.49,North
7408,2024-07-28,889,21,2,269.18,West
7409,2024-05-23,15,11,2,250.38,East
7410,2022-02-21,322,26,4,468.24,North
7411,2022-04-26,911,11,2,162.82,West
7412,2023-06-22,627,5,2,28.3,East
7413,2023-06-25,337,7,5,334.38,West
7414,2024-11-08,532,31,2,305.88,West
7415,2024-03-25,690,39,1,455.88,North
7416,2024-03-01,774,42,5,67.56,North
7417,2023-09-10,591,8,4,266.1,North
7418,2023-02-23,381,27,1,83.88,West
7419,2022-11-05,511,21,4,233.3,South
7420,2024-05-13,913,30,3,401.69,East
7421,2022-07-05,120,14,3,430.12,East
7422,2022-09-18,26,1,3,418.59,West
7423,2022-06-09,534,45,2,278.23,North
7424,2024-05-19,713,24,2,320.64,South
7425,2024-02-01,64,6,5,280.27,West
7426,2022-08-12,460,6,1,285.01,West
7427,2022-06-29,726,5,1,443.72,South
7428,2022-01-20,314,35,3,112.54,West
7429,2023-09-24,983,44,3,225.0,West
7430,2022-02-27,805,15,2,308.93,West
7431,2023-12-24,590,35,4,385.02,South
7432,2023-09-07,216,48,1,383.33,South
7433,2023-07-16,456,50,1,67.45,West
7434,2023-01-09,986,41,4,118.74,East
7435,2023-09-14,736,8,1,456.64,South
7436,2022-03-29,889,43,1,185.18,East
7437,2024-11-09,540,35,2,11.33,West
7438,2024-10-10,992,5,1,107.9,North
7439,2022-01-14,982,31,3,485.08,North
7440,2022-05-13,817,42,3,161.78,North
7441,2024-11-23,713,31,5,310.72,West
7442,2024-06-10,579,37,2,366.06,South
7443,2023-08-15,473,8,2,326.83,East
7444,2023-08-06,359,6,3,195.01,East
7445,2022-10-16,126,23,2,220.9,South
7446,2024-10-09,972,16,2,420.61,East
7447,2024-05-28,861,44,5,334.76,West
7448,2022-01-07,707,49,4,21.48,South
7449,2022-08-28,937,8,1,109.69,South
7450,2023-06-20,686,4,5,150.29,South
7451,2022-03-11,87,32,4,189.09,East
7452,2022-08-04,343,49,1,292.68,South
7453,2024-12-13,823,3,3,189.59,South
7454,2024-03-16,978,50,4,414.26,North
7455,2022-11-26,395,16,1,242.18,North
7456,2024-04-27,484,34,5,256.07,South
7457,2022-02-14,666,13,1,219.42,South
7458,2024-04-08,456,33,2,162.13,North
7459,2022-07-17,476,22,1,365.15,West
7460,2024-06-14,210,31,3,122.49,North
7461,2022-11-28,525,24,5,347.85,West
7462,2023-11-27,676,3,4,269.56,West
7463,2022-01-27,1000,33,1,60.11,East
7464,2022-11-14,767,30,5,18.8,West
7465,2022-12-31,896,26,3,93.03,East
7466,2024-08-17,576,34,4,382.9,North
7467,2023-01-08,307,22,1,198.45,West
7468,2022-09-02,76,30,3,404.39,West
7469,2023-04-23,22,35,2,255.93,East
7470,2022-05-05,60,25,5,26.05,East
7471,2023-06-21,386,28,5,424.59,West
7472,2023-12-07,56,33,1,468.77,East
7473,2023-06-15,168,23,3,46.37,West
7474,2024-02-25,412,26,4,112.09,South
7475,2022-09-11,717,9,4,360.62,North
7476,2022-05-01,865,8,4,498.62,East
7477,2024-11-21,771,37,4,439.39,North
7478,2023-10-23,191,33,1,58.48,South
7479,2024-11-26,482,15,1,307.55,West
7480,2024-11-02,919,49,5,335.95,East
7481,2022-03-29,567,47,3,319.11,West
7482,2022-02-15,416,8,2,288.35,West
7483,2024-07-21,340,21,1,153.18,South
7484,2024-01-15,796,3,4,337.57,West
7485,2024-08-24,892,9,2,366.94,South
7486,2024-02-02,776,14,5,292.13,East
7487,2024-02-01,259,38,4,253.61,South
7488,2024-03-04,350,27,3,117.32,North
7489,2024-01-14,601,20,2,276.91,West
7490,2024-12-05,437,4,5,72.84,South
7491,2023-07-12,222,24,1,45.63,South
7492,2023-06-10,413,27,3,391.15,West
7493,2023-08-20,350,12,4,341.37,East
7494,2024-04-19,482,28,2,328.03,North
7495,2022-01-03,601,35,5,464.78,North
7496,2024-11-17,977,24,2,196.58,East
7497,2022-06-06,59,31,3,205.87,West
7498,2024-05-04,152,3,1,212.74,East
7499,2023-05-26,934,30,1,237.99,East
7500,2023-11-18,540,27,3,261.29,North
7501,2023-07-25,225,17,4,391.23,East
7502,2023-12-16,318,6,2,116.67,West
7503,2022-08-27,996,47,4,222.7,East
7504,2022-10-30,563,43,5,257.51,North
7505,2023-08-30,775,18,4,92.87,East
7506,2024-09-17,279,35,3,353.95,East
7507,2022-11-30,558,27,1,37.57,West
7508,2022-04-23,474,17,3,297.1,South
7509,2022-12-28,846,11,3,109.05,South
7510,2024-03-11,618,38,2,14.15,North
7511,2022-04-07,796,37,3,164.73,West
7512,2022-01-16,24,42,5,220.28,West
7513,2023-07-10,519,34,2,410.48,South
7514,2023-01-11,368,47,2,209.84,East
7515,2024-01-12,996,32,4,458.56,North
7516,2023-01-25,999,43,3,422.84,East
7517,2023-09-12,335,46,4,104.44,West
7518,2024-04-03,433,46,4,86.3,West
7519,2022-11-16,3,35,2,129.48,South
7520,2022-07-15,258,28,4,186.24,South
7521,2023-02-22,263,22,4,295.91,South
7522,2023-08-30,121,16,2,70.8,West
7523,2023-07-22,720,46,2,270.7,East
7524,2023-06-28,21,42,1,294.58,West
7525,2022-08-19,905,40,3,333.84,North
7526,2024-06-02,140,12,1,279.55,West
7527,2023-06-05,477,5,2,414.33,West
7528,2023-12-04,792,26,5,324.38,East
7529,2024-04-25,289,26,4,463.03,South
7530,2023-11-04,206,13,4,353.45,North
7531,2022-01-21,43,24,2,223.69,East
7532,2023-08-11,850,44,4,112.75,North
7533,2024-06-16,118,3,1,15.16,East
7534,2023-01-06,5,32,4,54.3,South
7535,2022-03-19,207,23,5,102.94,West
7536,2023-10-10,635,49,3,116.06,North
7537,2022-05-20,839,37,1,373.6,East
7538,2023-07-07,345,38,3,199.17,North
7539,2024-09-24,142,45,3,169.02,East
7540,2022-10-09,372,38,5,35.66,West
7541,2023-03-16,232,13,5,273.94,East
7542,2022-09-27,164,15,5,310.33,West
7543,2024-01-16,547,2,5,440.15,North
7544,2022-04-14,364,11,1,256.39,East
7545,2024-02-05,946,16,5,13.78,North
7546,2022-04-05,984,18,1,41.99,West
7547,2023-12-30,335,34,4,142.79,South
7548,2023-04-25,11,10,3,78.2,East
7549,2024-02-19,408,13,4,387.59,East
7550,2022-01-13,75,32,4,62.85,South
7551,2023-08-24,300,8,2,88.78,North
7552,2022-04-05,947,7,4,336.73,East
7553,2022-10-20,913,48,4,127.42,North
7554,2022-01-25,381,17,2,484.85,West
7555,2024-07-27,710,41,4,432.96,North
7556,2024-02-01,853,27,2,374.82,West
7557,2023-10-16,776,8,1,178.14,East
7558,2024-09-11,847,29,3,37.82,West
7559,2023-09-30,886,37,5,174.84,East
7560,2023-05-06,736,27,4,194.6,West
7561,2023-07-29,634,37,1,72.44,South
7562,2022-10-21,586,24,3,69.11,North
7563,2024-06-14,28,45,1,337.37,West
7564,2022-02-09,463,16,2,123.88,South
7565,2024-02-15,396,26,1,342.23,South
7566,2023-06-04,683,31,4,278.67,South
7567,2023-06-30,978,27,4,451.72,North
7568,2022-08-24,376,26,5,400.61,West
7569,2023-04-08,421,43,5,84.17,North
7570,2023-04-28,364,15,4,308.98,West
7571,2023-03-06,895,49,1,330.03,South
7572,2024-11-11,216,15,4,432.41,South
7573,2022-12-09,831,23,1,324.07,South
7574,2024-11-29,101,25,4,78.95,North
7575,2022-05-13,758,44,3,136.64,South
7576,2022-12-17,93,4,1,322.42,East
7577,2023-05-21,575,36,2,456.85,East
7578,2022-03-25,266,16,2,446.85,South
7579,2024-09-19,206,47,5,186.0,North
7580,2024-04-09,80,40,3,417.03,South
7581,2024-05-10,37,21,2,260.53,West
7582,2022-12-09,11,40,4,237.53,East
7583,2024-05-15,627,43,2,181.93,West
7584,2022-10-20,90,17,4,342.32,South
7585,2023-08-21,744,3,3,303.8,South
7586,2023-10-07,19,7,5,193.59,West
7587,2023-03-24,564,12,2,383.79,East
7588,2023-11-21,374,1,5,195.88,North
7589,2024-09-28,786,43,3,296.35,East
7590,2024-05-04,94,37,1,202.27,South
7591,2023-05-17,32,6,3,67.27,West
7592,2024-02-03,663,46,3,88.99,North
7593,2024-01-05,140,49,3,331.8,North
7594,2022-09-07,570,23,1,407.5,North
7595,2023-08-24,973,25,1,239.55,East
7596,2022-05-05,21,25,3,169.54,North
7597,2022-04-23,149,3,1,174.88,West
7598,2024-09-07,221,4,4,302.85,North
7599,2022-05-30,733,30,3,239.17,East
7600,2024-05-24,754,33,2,10.36,North
7601,2022-12-09,219,29,4,388.02,West
7602,2023-08-03,541,4,3,79.74,West
7603,2024-02-22,975,14,2,340.66,East
7604,2022-11-17,559,21,2,178.66,East
7605,2024-04-01,908,7,5,293.22,West
7606,2023-06-16,58,21,5,429.01,West
7607,2023-05-07,425,7,2,85.59,West
7608,2023-09-04,275,1,3,391.04,West
7609,2022-09-09,140,34,3,28.77,East
7610,2022-06-22,23,23,3,461.47,South
7611,2024-05-24,901,3,3,108.78,South
7612,2022-07-20,378,18,2,399.26,North
7613,2022-08-05,922,43,1,42.94,West
7614,2023-01-11,373,12,1,170.25,North
7615,2022-01-11,63,14,3,320.44,East
7616,2024-11-01,564,41,5,332.82,North
7617,2024-06-10,778,28,2,352.42,North
7618,2023-03-11,342,42,1,181.92,North
7619,2024-03-28,167,45,2,336.34,North
7620,2024-07-19,151,24,5,219.97,South
7621,2023-11-22,523,24,2,287.3,South
7622,2024-05-04,988,3,5,278.14,West
7623,2024-02-23,607,9,5,92.39,West
7624,2022-11-15,584,24,4,424.83,North
7625,2024-04-23,501,2,5,434.9,West
7626,2023-09-13,896,40,4,109.83,North
7627,2024-02-24,999,28,5,214.1,North
7628,2023-02-01,560,7,5,237.79,East
7629,2024-12-17,348,9,2,278.97,South
7630,2023-04-05,272,45,4,20.91,North
7631,2022-03-02,430,39,1,381.82,East
7632,2023-01-04,943,39,1,432.36,South
7633,2023-12-20,607,33,2,79.68,West
7634,2023-06-30,233,34,1,449.35,West
7635,2024-11-06,560,21,1,426.95,South
7636,2023-05-11,208,29,5,275.71,South
7637,2023-05-12,453,27,3,144.62,North
7638,2023-05-20,739,17,3,111.67,West
7639,2024-08-26,501,42,1,249.67,South
7640,2024-12-28,921,47,2,258.53,North
7641,2022-06-10,589,48,2,329.42,North
7642,2023-12-19,861,23,4,402.8,South
7643,2024-09-19,219,45,2,467.9,North
7644,2022-09-26,872,21,2,400.18,East
7645,2023-11-30,81,8,5,455.43,East
7646,2024-05-14,549,9,5,254.69,East
7647,2022-12-16,614,33,1,29.05,West
7648,2022-04-20,703,4,2,35.4,South
7649,2023-02-11,541,18,3,141.56,East
7650,2023-10-12,826,32,2,310.85,West
7651,2022-02-20,765,30,2,174.26,South
7652,2024-12-27,251,25,1,91.41,North
7653,2023-08-19,738,33,3,426.74,North
7654,2024-09-05,606,35,1,492.65,South
7655,2024-12-01,415,42,2,18.15,South
7656,2024-01-01,86,34,3,53.82,North
7657,2022-02-26,622,50,2,254.68,South
7658,2024-01-08,217,2,1,175.46,West
7659,2022-07-15,196,13,1,393.25,South
7660,2024-12-21,995,41,5,330.61,North
7661,2022-04-22,297,23,3,43.57,West
7662,2024-02-04,946,23,5,276.99,West
7663,2023-12-12,44,31,3,174.9,East
7664,2024-08-05,393,2,4,482.91,North
7665,2022-01-26,443,2,3,242.89,North
7666,2023-02-14,90,5,2,464.56,West
7667,2024-01-28,987,14,3,24.79,South
7668,2023-06-15,155,23,5,60.6,South
7669,2024-01-19,978,35,1,199.27,North
7670,2022-09-03,478,46,1,444.61,North
7671,2023-10-24,621,1,3,276.86,East
7672,2024-06-27,59,41,4,413.83,North
7673,2023-01-31,110,48,1,148.93,West
7674,2023-06-06,479,49,1,64.63,North
7675,2024-07-14,618,40,1,130.56,West
7676,2022-09-21,899,15,4,326.2,West
7677,2024-02-29,733,30,5,436.99,West
7678,2022-06-21,775,21,3,232.95,North
7679,2022-09-22,594,8,4,104.87,East
7680,2024-11-15,784,7,3,322.43,West
7681,2023-04-21,49,41,2,106.5,West
7682,2022-12-22,377,34,3,289.44,North
7683,2024-11-15,32,42,1,60.12,West
7684,2022-02-03,486,37,4,407.46,East
7685,2022-09-21,601,48,4,404.53,East
7686,2024-03-26,940,32,5,275.22,West
7687,2024-05-24,992,33,2,28.71,North
7688,2024-01-24,531,6,5,147.29,West
7689,2023-07-20,3,42,5,77.76,East
7690,2023-04-07,378,10,2,266.49,South
7691,2023-10-17,572,26,1,59.85,East
7692,2022-03-22,931,45,4,436.17,South
7693,2024-01-27,242,26,3,426.58,South
7694,2024-05-19,541,19,2,86.49,South
7695,2024-12-05,587,35,5,350.5,West
7696,2023-08-22,582,45,3,351.29,North
7697,2024-03-17,595,4,2,204.41,North
7698,2024-12-12,357,25,2,84.97,West
7699,2024-09-10,685,8,1,74.73,East
7700,2023-12-05,923,12,1,372.34,West
7701,2023-04-21,197,24,4,117.89,North
7702,2023-08-15,858,24,4,305.69,East
7703,2022-01-16,419,17,3,434.28,North
7704,2023-05-02,659,25,4,300.62,West
7705,2023-12-07,273,33,2,487.24,West
7706,2023-09-12,502,27,2,326.3,West
7707,2024-10-15,35,2,2,164.16,West
7708,2024-02-16,625,9,2,427.71,East
7709,2023-03-23,461,33,1,162.35,North
7710,2022-10-17,718,19,2,486.07,East
7711,2022-07-28,670,49,2,244.09,West
7712,2023-02-17,253,5,2,477.09,South
7713,2023-11-08,634,47,5,99.96,East
7714,2023-10-26,512,20,3,15.59,South
7715,2022-10-17,48,24,3,106.1,South
7716,2022-05-31,185,31,2,58.2,East
7717,2024-05-04,491,44,2,369.64,South
7718,2023-08-31,273,4,3,139.63,North
7719,2023-01-05,613,32,4,323.34,East
7720,2023-12-06,527,47,5,337.64,North
7721,2024-04-05,128,35,5,347.24,West
7722,2024-10-01,210,14,4,417.98,North
7723,2023-01-12,624,36,2,82.99,West
7724,2024-08-30,782,6,3,34.73,West
7725,2022-04-28,142,17,5,24.56,East
7726,2024-10-25,173,18,4,60.86,West
7727,2023-03-20,865,8,4,195.8,North
7728,2024-01-25,678,12,1,484.01,West
7729,2023-10-02,447,17,4,183.08,East
7730,2022-05-04,119,31,1,231.93,West
7731,2023-10-20,715,1,1,409.05,West
7732,2024-04-01,11,11,5,460.11,East
7733,2023-10-26,761,42,2,486.01,North
7734,2022-12-26,304,16,2,414.96,East
7735,2023-09-15,760,37,4,256.23,East
7736,2024-12-16,154,49,3,122.44,East
7737,2024-07-07,323,28,3,303.2,West
7738,2023-03-28,537,9,1,106.43,North
7739,2022-04-30,977,8,4,37.31,West
7740,2023-08-05,445,25,4,460.48,West
7741,2022-04-09,342,10,2,247.55,East
7742,2023-05-29,221,40,3,259.04,West
7743,2023-10-26,110,3,5,308.52,South
7744,2023-02-05,410,23,4,231.19,West
7745,2022-12-31,418,23,4,227.77,West
7746,2023-08-04,602,44,2,458.42,South
7747,2023-09-13,505,4,5,410.11,West
7748,2024-04-07,777,50,5,114.17,West
7749,2022-09-04,40,23,5,152.97,South
7750,2023-03-10,509,9,5,333.71,North
7751,2023-09-07,459,4,3,289.84,North
7752,2024-07-31,263,34,1,385.42,North
7753,2024-08-20,670,39,5,366.54,East
7754,2023-09-16,118,18,1,357.19,East
7755,2022-11-17,450,34,1,441.31,North
7756,2024-05-05,768,34,2,385.61,West
7757,2022-03-03,414,42,5,129.0,North
7758,2022-10-27,708,3,3,437.69,South
7759,2023-02-07,826,19,2,174.41,South
7760,2024-08-12,823,34,2,456.34,West
7761,2022-09-10,526,26,1,413.89,South
7762,2023-04-23,461,35,4,46.3,South
7763,2022-06-09,118,41,3,387.93,North
7764,2024-08-18,217,43,5,255.06,North
7765,2022-07-24,717,31,5,488.79,South
7766,2024-05-07,77,43,3,234.63,South
7767,2024-01-30,421,27,5,42.83,West
7768,2023-12-22,892,3,4,153.64,South
7769,2024-11-06,172,37,4,220.8,North
7770,2022-03-09,390,12,5,300.04,North
7771,2022-05-13,26,47,2,84.53,North
7772,2024-07-07,128,23,5,262.39,East
7773,2023-03-06,374,17,5,246.9,North
7774,2022-11-04,654,16,3,419.96,East
7775,2023-10-12,904,17,4,158.18,North
7776,2023-02-16,24,15,2,230.26,North
7777,2022-04-07,470,26,3,200.42,West
7778,2024-11-16,744,45,3,319.79,East
7779,2024-12-19,423,2,2,419.73,South
7780,2022-07-21,177,17,2,341.06,South
7781,2024-02-01,853,1,3,237.87,West
7782,2024-05-23,747,30,5,322.54,West
7783,2023-08-04,831,32,2,167.9,East
7784,2023-01-05,538,30,1,80.61,East
7785,2023-06-17,266,42,2,166.66,West
7786,2024-06-17,973,4,3,227.41,East
7787,2023-08-30,874,42,1,225.24,West
7788,2024-05-22,629,44,3,371.42,North
7789,2024-02-09,570,32,4,468.81,West
7790,2024-04-13,270,35,4,200.59,East
7791,2024-09-25,329,1,5,52.36,North
7792,2024-07-26,455,19,2,26.37,West
7793,2022-08-24,295,33,3,11.94,East
7794,2022-06-11,122,19,1,469.67,East
7795,2023-07-08,159,36,2,497.86,East
7796,2024-02-27,178,27,5,35.18,West
7797,2024-12-27,656,13,3,185.52,West
7798,2023-07-13,328,27,3,337.98,South
7799,2022-09-18,880,46,4,97.68,West
7800,2022-08-05,307,14,5,301.27,West
7801,2024-03-15,911,24,3,408.67,East
7802,2022-07-20,89,35,4,430.46,North
7803,2023-02-06,751,19,4,356.15,South
7804,2022-10-02,38,25,1,50.06,South
7805,2022-07-25,873,11,5,180.71,South
7806,2024-11-29,591,9,5,484.0,South
7807,2024-05-16,857,6,3,104.45,South
7808,2022-04-03,839,36,1,232.42,South
7809,2024-12-01,346,37,2,173.75,East
7810,2023-01-14,252,29,3,110.71,East
7811,2022-03-06,840,9,4,168.53,West
7812,2022-12-31,978,33,2,102.86,South
7813,2024-03-31,149,23,2,439.85,West
7814,2024-11-13,16,15,3,95.48,South
7815,2023-06-24,367,11,1,315.54,West
7816,2024-12-21,835,23,5,471.73,West
7817,2023-05-06,833,26,1,476.8,West
7818,2022-08-17,781,1,3,304.21,North
7819,2024-11-09,118,30,5,142.74,North
7820,2022-01-03,704,17,2,131.47,South
7821,2024-06-29,317,47,4,376.26,North
7822,2022-11-03,288,46,1,490.55,North
7823,2023-03-08,908,41,5,48.02,East
7824,2022-05-16,351,23,1,396.84,East
7825,2023-05-30,297,36,5,70.26,North
7826,2022-07-12,194,41,4,156.11,East
7827,2024-05-22,392,5,3,287.65,North
7828,2023-10-28,443,35,3,155.64,West
7829,2022-07-28,281,50,5,328.63,West
7830,2024-08-09,901,9,5,214.43,West
7831,2024-11-23,301,4,3,117.37,East
7832,2023-10-11,898,7,2,270.16,South
7833,2022-04-30,426,1,2,21.76,South
7834,2023-09-19,250,16,2,373.13,West
7835,2023-06-09,934,25,4,265.92,North
7836,2024-02-08,743,6,5,473.88,North
7837,2023-05-27,515,38,1,60.37,North
7838,2022-02-16,686,14,1,368.82,East
7839,2024-02-11,752,37,5,157.47,North
7840,2024-01-10,998,11,3,192.84,West
7841,2023-06-06,406,1,5,180.76,East
7842,2022-05-14,616,42,2,185.43,South
7843,2022-09-05,801,1,2,221.11,South
7844,2023-03-12,244,36,1,20.29,South
7845,2023-11-17,800,8,5,424.91,East
7846,2023-08-09,367,32,1,442.08,East
7847,2022-12-17,785,33,3,29.38,South
7848,2022-05-23,120,8,4,390.24,East
7849,2024-08-24,850,14,4,45.41,East
7850,2024-03-14,440,24,3,405.83,North
7851,2023-12-19,771,49,2,310.36,East
7852,2023-10-05,504,41,2,160.11,West
7853,2023-05-16,582,29,2,310.8,East
7854,2023-01-05,433,25,1,258.26,North
7855,2024-02-26,183,6,1,321.52,South
7856,2024-01-09,461,1,4,242.93,South
7857,2024-08-07,759,23,2,388.71,North
7858,2023-06-06,118,41,2,32.18,South
7859,2023-05-04,31,33,3,178.7,South
7860,2023-02-01,977,14,4,284.05,South
7861,2024-06-14,149,28,1,298.24,West
7862,2022-12-21,528,29,4,93.08,South
7863,2024-08-04,273,43,2,46.52,East
7864,2022-10-15,864,40,2,20.28,South
7865,2024-09-24,385,23,1,212.38,East
7866,2023-06-20,880,44,1,171.89,East
7867,2024-04-30,102,38,4,288.23,South
7868,2024-04-17,72,49,5,230.26,North
7869,2022-06-17,705,43,2,203.09,East
7870,2024-08-07,834,10,2,423.23,North
7871,2023-09-13,623,27,5,314.54,West
7872,2023-03-04,805,8,4,326.59,South
7873,2023-05-05,408,44,3,197.09,South
7874,2022-12-21,347,4,3,390.65,North
7875,2022-07-15,852,21,2,84.52,West
7876,2023-06-29,367,21,3,206.98,East
7877,2023-12-18,830,30,4,33.12,East
7878,2024-04-03,789,13,3,66.56,West
7879,2024-07-20,618,3,1,49.95,East
7880,2024-09-29,549,20,4,226.3,East
7881,2023-10-21,291,36,5,351.69,West
7882,2024-07-27,422,40,2,163.22,South
7883,2024-02-19,181,5,4,23.04,East
7884,2022-01-11,655,22,3,356.53,West
7885,2023-01-31,114,2,4,111.64,South
7886,2024-01-01,238,25,5,364.11,East
7887,2023-02-13,938,40,4,13.6,South
7888,2022-12-28,94,24,5,163.05,West
7889,2024-10-23,260,5,5,314.4,East
7890,2022-03-25,107,16,4,436.86,North
7891,2022-06-05,244,15,2,379.52,West
7892,2023-12-08,423,13,2,230.31,East
7893,2023-04-17,335,11,3,362.07,West
7894,2023-09-11,23,16,4,273.4,East
7895,2022-05-14,873,18,4,408.56,North
7896,2024-02-27,271,25,1,388.31,South
7897,2024-06-25,986,47,2,488.17,East
7898,2024-05-13,140,38,5,61.42,North
7899,2023-10-29,466,40,1,176.95,East
7900,2022-10-04,454,4,4,104.26,West
7901,2024-05-31,384,48,1,319.08,South
7902,2022-01-13,594,21,2,335.37,East
7903,2022-12-08,377,11,4,109.87,South
7904,2022-02-04,438,34,2,216.56,West
7905,2023-07-13,856,30,1,305.05,West
7906,2023-02-09,422,4,3,332.89,South
7907,2023-10-20,156,14,5,60.3,North
7908,2022-06-08,335,11,5,461.33,West
7909,2024-08-13,531,4,3,26.7,East
7910,2023-07-03,581,26,3,486.74,East
7911,2024-09-11,960,3,3,165.0,West
7912,2022-10-06,132,37,2,165.01,North
7913,2023-04-24,768,38,4,228.55,South
7914,2022-04-21,721,41,3,350.53,North
7915,2023-03-07,501,4,2,88.2,North
7916,2023-06-26,522,26,1,134.94,North
7917,2022-12-26,140,39,1,481.17,West
7918,2023-01-07,965,45,3,439.65,South
7919,2024-11-04,135,42,1,114.07,West
7920,2024-08-12,767,44,3,290.78,South
7921,2022-09-16,812,42,1,109.76,East
7922,2024-02-17,407,11,1,279.53,North
7923,2022-04-30,770,11,4,189.23,West
7924,2024-09-02,94,38,4,187.59,North
7925,2024-07-01,884,38,1,321.18,East
7926,2023-12-24,241,20,4,133.4,South
7927,2023-06-07,749,26,3,208.09,West
7928,2022-11-21,165,38,5,463.38,South
7929,2024-12-09,325,12,3,380.13,East
7930,2022-03-10,660,29,4,197.81,West
7931,2023-01-26,218,14,2,122.83,West
7932,2023-01-18,940,50,1,332.92,East
7933,2022-01-16,620,25,4,405.77,East
7934,2024-04-25,231,42,4,431.77,East
7935,2024-05-18,582,42,4,286.5,North
7936,2023-07-22,733,39,3,263.23,West
7937,2022-05-12,586,26,1,362.62,South
7938,2022-09-30,179,10,5,96.13,West
7939,2023-04-29,80,14,4,427.55,West
7940,2023-07-04,354,5,2,46.22,North
7941,2022-12-23,671,22,1,305.48,South
7942,2024-12-07,868,11,5,298.95,South
7943,2024-10-30,681,29,2,162.24,West
7944,2022-08-21,826,7,5,27.38,West
7945,2022-02-05,901,18,5,361.75,South
7946,2023-02-17,161,31,1,21.85,East
7947,2024-10-24,427,43,3,98.01,South
7948,2022-02-13,403,20,2,276.68,South
7949,2023-07-22,32,35,4,470.59,East
7950,2024-01-10,121,7,5,42.31,East
7951,2022-04-24,727,30,2,293.61,West
7952,2023-02-01,515,4,1,171.16,North
7953,2023-04-11,385,30,2,338.01,East
7954,2024-04-26,740,30,4,476.93,North
7955,2023-05-17,425,30,4,141.61,West
7956,2023-03-17,476,18,1,478.4,East
7957,2022-03-10,560,43,2,436.61,West
7958,2022-11-22,167,46,3,307.46,West
7959,2022-03-08,389,10,3,381.54,North
7960,2022-10-31,333,14,5,433.8,South
7961,2024-08-29,523,36,5,403.7,West
7962,2023-04-29,750,23,2,170.09,East
7963,2024-07-17,790,12,5,408.18,North
7964,2022-05-29,753,12,4,163.62,South
7965,2024-11-16,471,34,1,434.87,South
7966,2024-09-13,704,26,5,135.18,North
7967,2023-08-07,524,6,3,290.41,South
7968,2022-09-05,53,37,4,349.53,North
7969,2023-12-03,567,15,3,218.64,South
7970,2022-04-06,821,42,5,393.66,South
7971,2022-10-09,21,39,5,463.42,West
7972,2022-11-18,19,19,4,101.26,East
7973,2023-06-13,965,40,3,26.39,South
7974,2022-09-20,856,47,1,316.99,South
7975,2023-08-03,862,23,1,305.07,East
7976,2022-10-21,456,36,4,177.24,East
7977,2023-01-30,322,13,5,394.88,East
7978,2023-05-28,827,31,4,414.81,South
7979,2024-07-09,433,37,3,172.67,West
7980,2024-03-20,994,26,1,344.31,West
7981,2024-07-08,59,43,5,324.59,East
7982,2023-11-24,151,48,3,177.9,North
7983,2022-08-23,771,18,1,484.88,South
7984,2024-08-09,440,47,1,179.74,West
7985,2024-10-28,884,33,2,313.94,North
7986,2023-06-23,58,40,5,196.26,North
7987,2024-03-30,728,32,4,15.8,North
7988,2022-09-29,574,4,2,54.9,West
7989,2024-10-25,658,41,1,123.84,South
7990,2023-08-16,957,19,5,407.96,South
7991,2024-09-02,894,7,5,226.61,North
7992,2022-04-25,751,47,2,298.43,South
7993,2022-09-20,293,35,3,472.49,South
7994,2022-07-26,182,26,3,82.04,West
7995,2022-10-30,881,44,4,432.29,North
7996,2022-04-22,607,23,5,195.83,South
7997,2022-07-04,78,34,2,175.37,East
7998,2024-06-19,961,7,1,316.51,South
7999,2022-08-09,654,11,3,450.33,South
8000,2024-12-29,105,8,2,180.78,North
8001,2024-06-16,261,13,4,383.09,South
8002,2024-12-29,607,32,4,19.43,North
8003,2023-09-14,223,41,5,315.32,West
8004,2023-03-03,990,34,4,318.97,East
8005,2023-10-06,484,18,4,282.47,West
8006,2023-07-22,702,15,3,469.53,West
8007,2023-03-19,129,43,3,469.91,West
8008,2023-08-24,319,24,4,177.61,East
8009,2023-05-19,707,47,5,233.62,North
8010,2022-05-11,509,21,3,398.26,North
8011,2022-08-06,20,18,3,423.52,North
8012,2023-11-19,811,14,4,214.8,East
8013,2022-06-20,752,19,5,181.02,East
8014,2023-09-04,235,13,4,412.1,North
8015,2024-09-18,597,16,1,194.67,North
8016,2022-02-26,606,2,1,208.56,North
8017,2022-09-03,554,34,5,76.41,South
8018,2022-05-24,876,49,1,276.05,South
8019,2024-12-10,350,26,5,169.96,South
8020,2023-01-03,453,22,1,299.4,South
8021,2022-08-06,586,20,2,229.62,South
8022,2023-09-08,984,29,3,376.59,South
8023,2023-03-18,877,18,4,146.11,North
8024,2024-04-20,509,29,5,94.28,West
8025,2024-08-13,627,42,1,354.45,East
8026,2023-11-30,423,44,2,198.22,South
8027,2024-05-25,190,27,1,286.17,West
8028,2024-02-15,944,35,2,471.12,South
8029,2024-02-01,125,29,4,247.21,West
8030,2024-08-02,6,6,3,84.67,North
8031,2024-07-11,458,37,3,219.08,East
8032,2024-07-23,891,25,2,244.48,South
8033,2022-01-25,554,21,1,385.33,East
8034,2024-03-16,570,31,3,105.64,North
8035,2024-02-03,939,40,1,179.98,South
8036,2024-12-19,522,50,5,34.51,East
8037,2023-03-10,89,16,1,353.97,East
8038,2024-05-28,846,14,5,374.53,South
8039,2024-12-25,111,6,5,234.02,North
8040,2024-06-28,551,11,3,273.75,East
8041,2023-07-19,397,27,5,377.41,South
8042,2022-04-16,971,38,1,141.47,South
8043,2022-04-06,679,5,4,307.41,East
8044,2022-06-17,11,15,1,482.32,East
8045,2022-02-11,622,38,2,332.4,East
8046,2022-04-14,497,16,2,48.27,South
8047,2023-06-04,16,18,1,152.23,South
8048,2022-10-09,33,33,2,264.37,North
8049,2024-12-02,745,35,4,45.61,West
8050,2024-08-04,489,24,2,341.52,West
8051,2024-01-19,188,35,3,330.56,West
8052,2024-04-10,736,7,4,439.4,East
8053,2022-02-18,571,14,3,255.0,North
8054,2022-04-25,458,50,3,349.15,West
8055,2023-05-18,51,30,4,99.19,North
8056,2024-09-12,271,24,3,11.41,North
8057,2022-03-12,464,15,2,94.4,West
8058,2024-10-08,43,13,1,40.49,West
8059,2022-03-08,539,19,4,219.58,West
8060,2024-08-24,568,29,1,239.47,East
8061,2022-06-30,121,22,4,325.79,North
8062,2023-09-05,625,2,4,78.98,North
8063,2023-11-28,316,39,3,115.21,South
8064,2023-08-26,115,13,1,401.18,East
8065,2022-09-05,621,36,2,292.5,South
8066,2022-12-25,992,38,1,24.39,North
8067,2022-09-06,454,18,4,425.72,West
8068,2023-09-30,687,15,2,318.6,South
8069,2024-08-07,624,35,3,101.45,North
8070,2023-10-25,612,17,2,133.51,West
8071,2022-06-25,520,48,2,281.24,South
8072,2023-12-24,959,13,1,284.79,East
8073,2023-03-02,985,22,4,404.54,North
8074,2024-02-10,647,40,4,185.71,East
8075,2023-12-04,763,21,4,279.16,East
8076,2022-03-22,337,26,5,295.44,North
8077,2024-07-15,240,46,3,283.75,East
8078,2022-05-18,734,4,1,45.72,North
8079,2023-04-15,386,7,4,211.51,North
8080,2022-12-16,145,10,2,176.05,West
8081,2022-11-06,377,15,5,496.46,South
8082,2024-11-09,4,26,3,238.19,North
8083,2024-09-28,794,16,4,223.26,South
8084,2022-09-26,846,40,5,247.01,North
8085,2024-10-23,328,34,3,460.45,East
8086,2024-02-09,197,17,2,309.61,South
8087,2022-01-16,389,38,5,200.68,North
8088,2023-08-29,640,16,1,457.16,North
8089,2024-03-23,261,34,3,465.62,West
8090,2023-04-27,603,29,5,139.51,East
8091,2024-06-13,837,18,5,202.76,North
8092,2022-09-26,771,11,3,483.56,East
8093,2023-02-18,934,12,5,275.11,South
8094,2022-01-25,94,37,5,221.56,East
8095,2022-11-12,257,2,3,105.75,North
8096,2023-07-25,136,18,2,198.38,East
8097,2023-12-26,525,38,1,319.31,West
8098,2024-10-04,980,33,3,28.96,West
8099,2023-01-24,710,9,4,50.82,East
8100,2023-12-23,498,15,5,12.63,West
8101,2023-03-20,178,28,1,117.27,East
8102,2024-09-25,112,8,1,99.67,West
8103,2024-12-16,264,46,3,426.9,North
8104,2023-11-28,414,36,4,100.77,North
8105,2024-08-28,369,39,4,333.98,East
8106,2023-12-22,936,8,2,68.0,South
8107,2023-01-03,591,42,4,300.84,North
8108,2022-12-08,378,50,3,223.45,South
8109,2022-10-31,768,50,1,210.25,North
8110,2024-02-03,586,19,1,429.72,East
8111,2024-03-26,383,4,4,92.18,East
8112,2022-04-22,673,27,5,301.66,East
8113,2024-05-27,511,13,2,412.71,South
8114,2024-10-26,713,38,4,359.81,South
8115,2024-07-18,881,21,3,491.84,South
8116,2023-12-04,820,26,2,11.03,East
8117,2024-04-25,377,45,4,443.34,East
8118,2024-08-01,545,23,2,310.59,West
8119,2022-10-06,73,30,5,11.22,North
8120,2023-01-17,974,31,3,238.09,East
8121,2022-01-13,504,31,4,386.04,South
8122,2022-10-30,352,16,1,99.45,West
8123,2022-06-09,805,42,3,342.45,North
8124,2022-06-03,710,41,5,78.44,South
8125,2024-01-24,325,7,5,403.69,East
8126,2022-06-30,388,17,1,288.55,West
8127,2023-01-12,828,24,3,26.6,South
8128,2024-02-15,240,20,4,54.53,East
8129,2022-01-16,976,39,1,433.29,East
8130,2022-09-10,74,27,4,26.17,South
8131,2024-12-19,31,2,2,156.29,West
8132,2022-01-31,479,1,4,287.79,South
8133,2024-11-10,14,34,2,114.59,East
8134,2024-01-01,717,27,4,119.87,South
8135,2022-10-16,316,37,2,390.26,North
8136,2023-05-13,68,50,3,152.59,West
8137,2023-07-02,640,6,5,28.91,North
8138,2024-08-18,538,38,3,363.35,East
8139,2022-05-12,920,27,1,477.64,North
8140,2024-05-07,696,48,3,417.65,East
8141,2023-06-05,649,16,3,278.8,East
8142,2022-01-30,291,35,5,218.19,West
8143,2023-09-19,618,27,3,463.33,South
8144,2022-01-04,975,35,1,385.45,East
8145,2023-05-24,24,36,3,289.62,North
8146,2022-01-16,415,38,3,441.11,South
8147,2024-09-23,851,28,3,304.84,North
8148,2024-08-13,962,3,3,487.02,North
8149,2022-09-20,706,41,5,430.56,North
8150,2024-12-24,681,31,5,279.72,East
8151,2022-09-22,36,3,1,462.19,South
8152,2023-01-13,101,38,1,177.8,East
8153,2024-08-20,546,24,1,353.45,South
8154,2023-04-21,889,26,3,93.93,South
8155,2022-11-25,39,41,4,448.73,South
8156,2023-03-14,211,47,3,131.54,West
8157,2022-01-16,742,28,4,475.03,West
8158,2024-05-17,791,9,1,18.33,East
8159,2023-05-26,592,37,3,344.1,West
8160,2024-09-10,750,27,1,83.53,North
8161,2023-08-04,172,48,5,387.7,South
8162,2022-01-06,838,3,1,251.03,South
8163,2024-10-15,442,41,3,455.73,West
8164,2024-03-17,59,49,5,360.38,North
8165,2023-09-11,410,28,5,386.45,North
8166,2023-02-09,534,32,4,69.03,North
8167,2024-09-23,365,35,2,57.31,West
8168,2023-08-17,367,7,5,426.77,East
8169,2023-07-20,344,7,2,120.63,North
8170,2024-01-22,750,21,1,434.8,East
8171,2022-01-12,296,32,1,79.84,South
8172,2022-06-14,341,38,5,161.14,West
8173,2024-05-27,606,20,4,465.08,North
8174,2022-03-19,756,8,1,421.46,South
8175,2023-09-06,523,4,2,36.58,West
8176,2024-05-18,629,26,5,229.57,South
8177,2024-03-22,265,15,5,455.84,North
8178,2024-12-07,524,6,4,17.23,East
8179,2024-02-06,666,48,5,62.59,West
8180,2022-03-23,38,32,3,326.15,South
8181,2022-07-28,131,5,2,61.44,South
8182,2023-06-06,382,44,3,229.93,East
8183,2024-11-18,225,46,3,258.83,South
8184,2024-09-20,143,6,2,431.52,North
8185,2023-04-10,431,3,5,479.12,East
8186,2023-09-20,389,29,5,260.99,North
8187,2024-02-20,54,19,3,260.08,North
8188,2023-07-13,24,10,2,366.13,North
8189,2024-08-17,395,7,1,104.33,West
8190,2022-04-01,633,45,2,471.02,South
8191,2024-12-12,119,1,3,10.59,West
8192,2024-05-09,673,1,2,10.88,South
8193,2023-07-10,983,17,2,316.58,East
8194,2022-06-05,586,22,1,177.33,West
8195,2022-01-02,185,36,4,205.08,South
8196,2024-04-04,948,14,4,118.5,North
8197,2024-03-12,192,6,1,209.82,East
8198,2024-09-09,939,30,2,415.71,East
8199,2024-12-17,732,46,3,352.63,North
8200,2023-05-08,487,47,1,56.38,West
8201,2023-10-31,633,33,4,37.77,South
8202,2024-11-24,721,20,4,258.03,East
8203,2022-03-16,384,16,1,367.78,South
8204,2024-08-01,812,4,2,335.6,East
8205,2023-01-06,346,34,5,433.42,North
8206,2023-08-10,473,1,3,75.3,North
8207,2022-11-25,676,13,5,306.82,West
8208,2023-08-13,780,48,3,385.35,East
8209,2024-02-16,952,8,5,469.54,North
8210,2022-10-31,3,22,5,59.43,North
8211,2023-08-02,50,4,3,127.42,North
8212,2022-08-09,925,34,3,183.75,South
8213,2024-09-05,876,45,4,274.97,East
8214,2023-01-10,504,37,2,210.22,West
8215,2022-07-07,984,23,2,431.95,South
8216,2023-04-19,211,20,4,475.76,West
8217,2024-04-23,973,24,5,44.34,North
8218,2023-06-15,528,27,3,352.84,West
8219,2024-12-06,680,13,1,65.99,West
8220,2024-12-24,283,5,5,450.0,North
8221,2024-08-20,379,16,2,79.63,East
8222,2023-04-20,326,38,3,495.84,East
8223,2024-08-03,298,48,4,219.6,South
8224,2024-12-25,697,29,5,197.15,West
8225,2023-06-01,138,26,1,297.28,East
8226,2023-03-02,125,22,5,203.23,South
8227,2022-05-13,934,24,4,125.0,South
8228,2022-11-10,392,13,1,318.28,East
8229,2023-08-14,402,43,5,366.9,East
8230,2024-10-05,480,21,4,473.21,West
8231,2022-06-08,401,1,5,210.47,East
8232,2023-10-23,570,4,3,355.83,East
8233,2024-01-18,362,3,5,418.47,South
8234,2024-03-11,66,50,4,417.38,East
8235,2023-02-14,428,23,2,26.79,North
8236,2023-11-11,852,16,4,184.29,North
8237,2022-04-24,714,45,5,16.57,East
8238,2024-06-15,521,13,3,283.95,West
8239,2024-12-14,432,39,2,433.89,West
8240,2022-03-06,935,31,4,409.31,North
8241,2023-11-15,105,24,2,407.51,West
8242,2022-05-26,89,47,3,182.4,South
8243,2024-07-31,601,15,1,32.7,North
8244,2024-10-30,856,5,2,94.48,East
8245,2024-01-09,6,49,4,338.64,North
8246,2022-07-05,158,22,3,75.58,North
8247,2024-04-14,379,22,4,71.41,East
8248,2024-03-19,330,11,3,183.3,South
8249,2022-06-20,103,24,4,56.32,West
8250,2022-08-01,223,45,3,171.59,South
8251,2022-01-27,402,10,5,485.15,East
8252,2024-10-10,683,47,4,19.78,North
8253,2024-12-27,545,34,3,416.97,South
8254,2024-02-29,509,11,1,496.87,East
8255,2023-02-12,693,43,3,223.84,West
8256,2022-03-15,184,29,1,472.1,South
8257,2023-08-01,915,22,2,137.96,West
8258,2023-11-11,87,33,3,491.33,East
8259,2024-02-25,581,8,2,432.16,South
8260,2024-04-28,380,49,2,443.5,East
8261,2024-05-19,538,32,5,73.9,West
8262,2022-08-25,413,40,3,436.33,South
8263,2023-12-28,920,45,5,471.49,East
8264,2023-01-13,518,23,5,411.33,North
8265,2023-10-23,768,5,2,54.77,East
8266,2024-04-09,694,31,4,51.54,North
8267,2024-06-24,295,29,2,185.23,East
8268,2023-01-11,260,6,2,355.41,North
8269,2023-09-11,384,25,1,16.1,West
8270,2023-10-15,826,25,4,475.82,East
8271,2024-10-29,304,31,2,267.47,North
8272,2022-07-15,316,14,4,185.6,East
8273,2024-03-17,746,17,1,285.0,West
8274,2024-06-11,794,16,4,360.74,South
8275,2024-12-20,719,28,3,143.91,South
8276,2024-07-25,77,9,1,152.65,South
8277,2024-04-26,680,2,4,239.41,South
8278,2024-03-28,854,4,5,338.27,West
8279,2023-07-18,379,20,4,356.12,West
8280,2023-09-26,461,41,1,168.79,West
8281,2023-11-10,56,36,5,168.02,East
8282,2024-10-14,807,37,4,248.68,West
8283,2022-01-08,81,6,4,275.54,South
8284,2024-12-04,996,1,1,328.21,East
8285,2022-12-10,679,45,5,312.68,West
8286,2024-03-06,176,50,5,192.53,North
8287,2024-11-16,793,3,4,155.47,West
8288,2024-04-28,930,37,3,160.88,South
8289,2022-03-03,383,45,1,326.25,South
8290,2024-12-21,149,42,1,222.24,South
8291,2023-02-26,768,3,2,75.83,South
8292,2023-09-25,281,43,5,12.9,East
8293,2024-03-02,345,33,5,24.54,South
8294,2023-07-05,790,15,2,435.08,South
8295,2023-08-29,791,4,4,234.34,East
8296,2023-06-09,409,15,4,332.14,West
8297,2024-06-17,718,7,1,465.23,North
8298,2022-06-12,974,47,4,71.88,East
8299,2024-02-26,922,4,3,229.33,North
8300,2024-06-28,1000,3,3,274.14,North
8301,2024-09-08,30,23,3,422.35,East
8302,2023-01-14,730,14,2,496.92,South
8303,2022-06-22,422,6,3,358.72,East
8304,2024-09-26,982,33,2,324.5,South
8305,2022-03-05,231,9,1,460.95,East
8306,2024-09-01,359,12,1,420.32,West
8307,2022-03-07,162,50,3,433.87,North
8308,2023-04-03,729,35,2,11.33,East
8309,2023-03-29,228,31,3,262.07,North
8310,2024-09-05,845,3,4,393.54,East
8311,2022-06-27,221,46,2,98.91,West
8312,2022-10-07,746,36,2,378.21,East
8313,2022-12-10,73,13,2,14.49,South
8314,2024-11-06,399,13,2,291.83,East
8315,2022-10-23,95,34,4,427.15,South
8316,2022-07-21,940,21,3,221.36,East
8317,2024-08-19,475,34,1,372.33,West
8318,2023-11-15,95,42,5,269.9,North
8319,2023-01-10,906,43,5,327.17,East
8320,2022-02-04,755,28,2,263.17,South
8321,2022-01-29,885,47,2,243.16,West
8322,2024-02-14,805,35,1,422.4,South
8323,2022-08-09,775,14,5,55.44,West
8324,2022-02-22,124,18,2,296.48,East
8325,2024-03-01,800,19,4,66.26,North
8326,2022-03-17,500,19,5,285.78,East
8327,2023-05-09,779,33,4,482.16,South
8328,2022-04-27,944,35,1,37.98,West
8329,2022-10-07,621,20,1,216.78,East
8330,2024-01-16,860,29,5,402.97,West
8331,2024-08-06,964,8,3,191.15,South
8332,2024-02-03,48,25,5,264.95,West
8333,2022-10-22,813,17,4,66.21,East
8334,2024-10-14,95,1,3,119.31,South
8335,2024-11-10,477,38,4,346.35,East
8336,2024-04-21,33,49,4,416.01,East
8337,2024-11-25,118,30,4,326.76,East
8338,2023-05-12,644,28,2,420.09,North
8339,2022-07-25,251,33,3,306.77,West
8340,2023-03-02,303,13,2,407.0,South
8341,2022-02-13,122,24,2,491.61,North
8342,2023-08-28,218,44,4,50.58,North
8343,2023-03-30,53,37,1,245.03,North
8344,2023-08-18,126,22,5,103.05,West
8345,2023-05-22,159,13,1,237.96,East
8346,2024-03-04,671,40,4,254.8,South
8347,2022-01-21,795,12,5,314.74,South
8348,2023-09-12,601,41,5,225.26,North
8349,2023-02-18,176,49,4,169.11,West
8350,2024-12-30,292,46,2,31.15,North
8351,2022-12-03,945,7,5,27.05,North
8352,2024-06-28,159,36,5,95.75,North
8353,2022-10-03,491,29,5,230.0,South
8354,2024-06-10,761,29,5,214.58,North
8355,2022-01-13,357,26,3,103.44,East
8356,2024-10-23,634,27,2,412.95,North
8357,2024-09-04,237,24,3,344.91,South
8358,2024-08-31,428,31,3,178.15,East
8359,2022-06-24,125,7,4,400.51,South
8360,2022-08-29,315,17,2,494.73,East
8361,2023-07-01,279,49,1,130.07,North
8362,2022-01-14,867,33,2,187.67,East
8363,2023-12-26,836,34,1,496.52,South
8364,2022-01-03,604,18,5,77.56,East
8365,2023-11-22,938,41,1,47.82,West
8366,2024-01-17,105,5,1,265.29,East
8367,2024-02-08,42,1,1,239.53,East
8368,2024-05-21,397,7,5,48.36,West
8369,2023-05-10,641,34,5,152.12,West
8370,2023-02-21,460,3,3,215.28,South
8371,2023-09-20,491,36,1,412.88,East
8372,2024-12-11,565,35,2,356.84,East
8373,2024-10-17,168,12,4,458.12,North
8374,2022-05-22,602,15,3,172.92,West
8375,2022-02-15,759,4,1,161.6,East
8376,2024-04-23,174,33,3,236.96,North
8377,2024-10-05,372,16,1,13.69,East
8378,2022-01-10,599,29,1,111.59,South
8379,2023-10-26,881,6,3,113.62,East
8380,2023-07-27,150,49,1,39.93,East
8381,2023-10-11,249,37,1,233.01,North
8382,2024-07-01,627,23,4,453.7,South
8383,2023-10-02,180,13,2,11.97,North
8384,2023-09-08,120,44,5,317.92,North
8385,2023-11-29,28,1,4,440.87,South
8386,2024-06-27,821,12,5,62.69,South
8387,2022-06-27,117,27,5,459.46,East
8388,2024-05-18,703,25,2,411.08,North
8389,2024-10-26,657,22,4,115.14,North
8390,2024-05-02,832,34,1,453.62,South
8391,2022-11-03,262,18,2,403.97,East
8392,2023-07-02,654,41,1,64.58,South
8393,2022-11-23,626,16,1,416.99,East
8394,2023-01-30,896,29,1,275.67,West
8395,2022-10-27,785,30,1,409.82,East
8396,2024-01-19,38,30,4,312.66,East
8397,2022-10-12,197,20,5,202.01,West
8398,2022-11-26,525,47,5,304.56,North
8399,2022-02-19,624,22,4,321.73,South
8400,2024-02-12,437,42,5,385.44,East
8401,2023-01-13,649,34,2,417.03,South
8402,2024-09-26,684,4,1,334.97,East
8403,2024-02-13,639,50,1,494.93,North
8404,2024-12-19,874,31,1,391.49,West
8405,2024-05-17,410,50,3,456.27,South
8406,2022-01-03,333,14,2,166.55,North
8407,2024-01-18,531,8,3,164.95,East
8408,2022-10-02,944,37,4,187.54,North
8409,2022-08-03,465,5,3,225.46,North
8410,2022-11-25,720,8,5,481.09,South
8411,2022-09-12,158,11,5,46.03,West
8412,2022-05-06,160,29,2,254.24,East
8413,2024-02-06,334,21,3,88.97,West
8414,2022-08-05,752,39,3,407.34,East
8415,2024-04-11,376,13,1,25.26,North
8416,2022-07-01,79,49,2,233.02,South
8417,2022-11-30,844,19,1,203.42,South
8418,2023-05-26,869,3,2,55.17,South
8419,2023-01-18,843,34,2,194.59,West
8420,2022-11-28,197,38,3,406.42,West
8421,2024-06-18,120,19,1,77.36,North
8422,2023-10-04,760,32,4,491.92,East
8423,2023-09-26,651,47,1,38.64,East
8424,2023-03-27,226,36,4,151.66,South
8425,2022-07-15,595,39,5,389.7,South
8426,2023-04-03,410,14,2,185.19,South
8427,2024-04-09,538,7,1,245.37,North
8428,2022-09-14,640,20,2,101.46,South
8429,2022-01-09,913,32,1,360.59,East
8430,2024-01-31,735,46,5,97.98,West
8431,2024-08-06,339,31,1,425.88,South
8432,2024-12-18,556,22,5,274.35,North
8433,2024-06-05,596,5,2,278.6,West
8434,2023-01-28,919,31,3,467.42,East
8435,2023-02-03,537,15,4,388.77,West
8436,2022-11-27,220,44,2,374.14,West
8437,2023-04-25,293,17,3,430.44,East
8438,2022-05-14,204,37,2,54.99,South
8439,2024-07-04,880,19,2,365.76,North
8440,2024-07-23,705,10,1,124.27,East
8441,2022-12-21,514,44,5,147.66,North
8442,2023-08-07,202,34,5,17.42,West
8443,2023-09-17,866,49,1,447.92,West
8444,2022-10-17,32,25,1,372.17,West
8445,2024-04-04,89,37,2,78.25,North
8446,2023-09-21,202,28,5,170.68,East
8447,2024-10-15,951,15,2,245.17,East
8448,2023-09-24,690,20,3,252.02,West
8449,2022-11-23,705,13,3,301.87,North
8450,2022-07-29,672,20,1,241.37,South
8451,2023-09-28,293,43,5,327.84,East
8452,2024-05-17,716,31,3,443.1,South
8453,2023-03-04,753,18,5,205.06,West
8454,2023-01-28,115,41,5,439.59,West
8455,2024-04-05,722,48,4,117.61,West
8456,2024-07-04,222,28,3,69.48,East
8457,2022-12-14,909,47,3,127.31,South
8458,2022-02-19,182,4,2,111.23,East
8459,2024-07-04,771,24,2,492.69,South
8460,2024-11-16,469,44,5,196.72,North
8461,2024-08-25,426,45,1,329.22,East
8462,2024-03-10,974,9,2,351.07,South
8463,2024-10-13,552,47,2,228.15,North
8464,2023-10-11,842,50,5,119.55,South
8465,2022-10-28,834,32,3,224.67,West
8466,2022-06-15,60,32,2,242.14,East
8467,2022-11-12,485,39,1,477.46,North
8468,2022-01-01,11,21,5,288.63,North
8469,2024-10-16,632,44,3,485.24,East
8470,2022-03-04,385,42,4,292.59,South
8471,2023-04-28,410,39,1,81.05,East
8472,2022-08-10,42,46,3,198.34,West
8473,2022-06-01,702,27,5,398.23,South
8474,2023-10-06,123,47,4,216.59,East
8475,2023-09-18,701,36,1,58.87,East
8476,2022-08-05,252,8,2,57.08,East
8477,2022-07-15,973,19,2,126.16,South
8478,2024-09-21,604,29,1,286.74,South
8479,2024-10-11,484,19,2,416.78,West
8480,2023-10-09,213,5,5,271.52,West
8481,2023-12-09,830,22,1,375.58,West
8482,2024-12-16,714,35,1,326.34,South
8483,2023-12-23,268,10,2,266.81,North
8484,2023-10-02,667,15,1,115.26,North
8485,2022-04-16,707,2,4,442.75,South
8486,2022-06-14,540,42,1,145.1,South
8487,2022-08-03,706,22,2,133.88,West
8488,2024-12-30,924,48,2,136.32,North
8489,2022-03-31,735,35,2,56.89,East
8490,2024-05-23,619,39,2,254.34,East
8491,2023-08-31,661,19,5,170.49,South
8492,2022-12-15,135,47,2,265.75,East
8493,2024-06-12,498,12,4,232.03,South
8494,2022-09-03,607,34,1,264.7,North
8495,2022-09-29,782,45,3,155.85,South
8496,2023-02-07,935,20,3,409.42,North
8497,2024-11-05,886,7,5,271.75,East
8498,2024-08-18,126,24,3,112.13,South
8499,2024-06-16,359,3,2,451.88,South
8500,2024-12-15,503,6,3,63.63,West
8501,2022-10-11,841,33,4,369.38,South
8502,2023-06-01,983,34,2,342.44,North
8503,2023-09-10,318,33,3,45.7,East
8504,2023-09-04,12,29,2,451.74,South
8505,2024-01-20,477,23,5,164.99,East
8506,2023-02-04,294,4,4,373.04,North
8507,2022-03-27,954,5,1,145.73,East
8508,2022-11-16,440,34,2,267.59,South
8509,2024-11-21,807,16,4,486.44,South
8510,2022-12-02,854,40,5,309.28,North
8511,2022-02-20,516,47,5,155.2,East
8512,2022-06-23,816,43,4,234.6,South
8513,2023-05-16,391,42,3,341.26,North
8514,2022-03-17,316,3,4,228.14,East
8515,2022-11-12,680,43,3,456.27,South
8516,2023-11-28,8,49,3,435.06,North
8517,2024-10-06,508,42,4,81.94,West
8518,2024-01-02,124,49,5,394.62,North
8519,2024-12-30,372,14,1,471.78,North
8520,2024-08-26,314,33,1,165.29,North
8521,2024-05-03,185,28,4,126.73,North
8522,2023-10-28,547,41,2,14.7,East
8523,2023-10-14,585,15,4,66.67,West
8524,2024-12-30,883,4,1,480.85,South
8525,2022-02-15,525,20,4,201.65,East
8526,2024-12-06,39,25,5,199.8,North
8527,2022-05-29,84,35,1,140.67,South
8528,2024-06-28,21,39,1,90.39,North
8529,2023-04-01,253,22,1,259.31,West
8530,2024-05-26,303,35,5,364.36,North
8531,2024-08-23,979,47,1,279.89,South
8532,2024-05-18,258,28,2,27.37,East
8533,2024-07-17,812,10,1,403.7,West
8534,2024-10-20,1000,16,4,466.48,West
8535,2024-09-27,542,49,2,225.78,South
8536,2024-02-13,983,23,3,189.57,West
8537,2022-09-01,640,19,1,122.63,East
8538,2023-04-19,823,1,3,157.92,West
8539,2023-01-17,552,1,3,325.78,West
8540,2023-05-04,461,46,5,387.37,North
8541,2024-11-26,609,26,4,172.79,North
8542,2023-02-01,224,34,4,176.44,East
8543,2022-10-23,92,2,3,231.04,North
8544,2022-04-17,280,28,5,93.4,West
8545,2024-05-09,170,20,2,464.33,East
8546,2024-08-11,796,42,1,355.67,East
8547,2023-06-14,734,47,2,222.46,South
8548,2024-07-22,629,27,1,69.91,North
8549,2022-10-15,248,28,3,425.92,South
8550,2023-12-07,361,31,5,247.02,South
8551,2022-08-03,349,47,5,400.47,North
8552,2024-01-02,866,7,4,26.36,South
8553,2022-12-10,435,8,4,144.09,West
8554,2022-07-13,406,32,2,314.83,North
8555,2022-06-07,601,11,4,249.08,North
8556,2023-04-10,78,48,1,154.59,South
8557,2022-04-14,458,26,5,108.55,North
8558,2022-02-03,586,25,5,157.89,North
8559,2023-10-01,392,7,3,373.75,North
8560,2022-11-21,14,20,3,100.02,West
8561,2023-11-22,45,41,2,300.97,North
8562,2023-08-15,38,30,3,217.6,South
8563,2022-05-21,416,1,1,383.89,East
8564,2023-04-19,245,18,4,108.79,South
8565,2024-11-20,62,8,4,142.34,West
8566,2024-06-02,493,29,2,205.36,East
8567,2022-03-04,608,40,4,91.62,East
8568,2022-10-31,323,22,5,235.99,East
8569,2024-12-20,252,32,4,213.86,West
8570,2023-01-31,468,40,3,495.14,North
8571,2022-11-30,61,14,5,300.99,East
8572,2024-02-25,781,2,3,44.04,West
8573,2023-02-15,119,35,3,235.37,North
8574,2022-10-11,87,7,2,440.47,West
8575,2023-04-11,595,3,2,434.72,West
8576,2022-03-21,80,15,5,481.28,West
8577,2024-02-23,228,43,4,448.17,North
8578,2024-01-03,483,34,1,96.39,North
8579,2022-03-18,815,22,4,11.75,South
8580,2023-05-24,623,18,5,311.96,East
8581,2024-10-29,882,46,1,354.2,South
8582,2023-04-07,310,18,3,74.29,West
8583,2022-09-02,583,34,3,91.75,North
8584,2022-05-02,948,36,1,481.91,South
8585,2022-07-04,485,46,3,472.48,North
8586,2022-02-01,840,39,4,86.92,South
8587,2024-09-24,25,47,2,131.03,North
8588,2024-02-01,791,38,4,447.14,North
8589,2023-07-23,202,37,3,223.15,South
8590,2022-11-06,926,18,2,401.06,North
8591,2024-04-09,225,43,4,204.03,West
8592,2024-09-18,779,40,3,370.83,East
8593,2024-12-15,510,29,4,204.44,South
8594,2024-03-01,931,12,3,450.6,West
8595,2023-04-09,795,18,5,169.53,South
8596,2023-11-09,629,31,1,266.33,North
8597,2024-09-05,579,15,3,265.66,South
8598,2023-11-01,559,40,4,327.95,East
8599,2023-11-29,753,30,3,160.28,South
8600,2024-09-20,690,36,3,324.9,West
8601,2022-03-19,520,28,4,79.11,West
8602,2023-06-18,183,15,4,447.87,East
8603,2022-04-18,77,43,2,80.65,South
8604,2024-02-03,426,33,3,421.74,East
8605,2022-01-15,67,2,5,349.64,South
8606,2023-01-05,660,8,1,177.12,East
8607,2022-07-24,494,48,3,170.44,North
8608,2024-05-14,685,33,4,483.36,South
8609,2023-03-17,547,35,2,105.54,South
8610,2024-05-08,77,18,3,364.25,East
8611,2022-08-15,916,26,5,100.0,West
8612,2023-06-12,792,48,4,453.64,South
8613,2022-12-20,697,21,5,373.55,East
8614,2023-09-15,55,28,5,467.03,West
8615,2024-10-21,905,20,1,440.76,North
8616,2024-07-15,606,45,1,279.25,West
8617,2022-06-10,473,20,3,84.59,West
8618,2024-05-20,656,4,1,118.52,West
8619,2023-03-20,247,36,3,108.89,West
8620,2023-04-08,439,34,3,118.11,East
8621,2024-11-19,712,45,4,243.44,South
8622,2023-04-18,748,13,4,435.22,North
8623,2023-07-11,314,31,2,21.33,West
8624,2022-03-21,320,39,1,126.86,East
8625,2024-11-28,220,7,2,302.43,West
8626,2022-08-28,844,17,5,434.01,East
8627,2023-07-11,371,42,3,155.77,North
8628,2023-08-13,216,12,3,197.44,West
8629,2022-09-26,49,30,4,192.98,South
8630,2022-12-01,797,48,5,153.91,South
8631,2022-11-08,463,34,3,352.39,West
8632,2024-12-12,118,22,3,331.35,West
8633,2024-12-27,82,21,5,423.2,South
8634,2023-11-25,263,9,5,459.61,North
8635,2022-02-03,589,12,3,451.23,West
8636,2023-01-21,723,17,5,274.68,West
8637,2022-09-06,496,16,1,100.99,East
8638,2024-12-06,634,5,5,118.86,West
8639,2024-03-04,837,19,2,299.22,West
8640,2024-05-01,602,28,2,460.02,North
8641,2024-05-23,770,17,3,269.91,East
8642,2023-01-11,673,22,3,468.51,North
8643,2023-12-25,176,35,4,138.5,West
8644,2022-07-21,805,49,5,52.31,West
8645,2023-03-21,89,15,2,400.18,East
8646,2022-10-24,639,19,4,440.9,East
8647,2023-05-08,985,47,3,229.56,North
8648,2022-12-04,359,50,1,60.2,West
8649,2024-07-11,286,26,5,30.74,West
8650,2024-12-25,297,44,4,40.65,North
8651,2024-03-02,260,44,1,225.17,North
8652,2024-08-19,851,35,3,125.06,East
8653,2022-11-13,475,43,2,236.34,West
8654,2024-07-30,756,23,4,249.36,West
8655,2023-09-18,623,10,4,234.47,North
8656,2022-03-16,935,22,3,313.76,West
8657,2024-07-27,536,47,3,342.91,West
8658,2022-02-28,562,11,2,204.01,East
8659,2023-01-21,37,26,2,175.15,West
8660,2022-01-15,181,1,2,190.52,East
8661,2022-07-18,765,36,1,44.39,West
8662,2022-02-04,25,21,1,167.6,West
8663,2022-06-11,349,8,3,107.96,West
8664,2024-09-08,637,20,4,152.51,North
8665,2024-03-09,543,45,1,360.05,West
8666,2024-06-13,749,17,3,494.38,West
8667,2023-04-16,227,15,1,462.54,South
8668,2023-06-15,348,21,2,412.6,South
8669,2024-03-02,38,1,3,371.23,East
8670,2024-05-01,383,3,2,473.02,West
8671,2022-12-14,570,31,5,378.5,East
8672,2023-11-25,236,31,4,240.77,South
8673,2024-07-23,181,21,2,304.67,East
8674,2024-07-01,114,23,4,159.83,West
8675,2022-05-27,306,17,3,11.62,South
8676,2023-11-06,132,22,5,183.27,West
8677,2023-11-18,348,22,4,208.37,East
8678,2024-08-17,180,36,1,369.22,East
8679,2023-11-17,415,8,3,431.02,North
8680,2022-05-01,983,47,5,481.7,South
8681,2023-02-23,590,8,1,182.38,East
8682,2022-12-16,732,14,1,479.12,South
8683,2022-02-11,654,38,5,401.7,North
8684,2022-01-29,385,24,2,25.11,South
8685,2024-08-23,512,22,5,301.68,East
8686,2024-02-24,43,15,5,189.16,South
8687,2022-01-14,480,20,5,26.67,North
8688,2024-07-08,118,27,4,270.44,South
8689,2024-03-28,571,28,2,296.56,South
8690,2024-04-04,61,22,3,133.59,South
8691,2024-05-21,553,31,1,470.54,South
8692,2022-10-22,786,9,4,309.12,East
8693,2024-05-13,188,23,2,96.22,West
8694,2023-07-02,453,5,5,363.42,South
8695,2024-11-26,847,45,4,254.58,North
8696,2024-10-04,187,39,4,241.88,South
8697,2024-11-03,938,17,1,418.92,North
8698,2023-09-27,464,40,3,77.71,West
8699,2023-08-18,740,5,2,250.58,North
8700,2023-09-06,164,7,2,392.57,West
8701,2024-11-11,424,8,2,333.59,North
8702,2023-04-10,798,7,5,12.65,North
8703,2024-08-12,102,22,5,395.85,East
8704,2024-07-18,983,44,4,472.89,West
8705,2024-03-09,267,38,3,355.29,South
8706,2023-01-30,636,21,1,439.19,South
8707,2022-09-03,153,4,1,186.8,East
8708,2023-07-22,429,32,3,181.8,South
8709,2022-02-07,691,29,2,167.22,East
8710,2022-09-02,427,30,3,370.14,North
8711,2022-01-21,578,3,1,471.61,South
8712,2023-01-29,611,5,5,443.85,West
8713,2024-09-13,943,19,3,83.6,North
8714,2022-01-08,536,8,4,316.79,West
8715,2022-11-24,333,37,5,498.02,West
8716,2022-10-17,761,31,4,154.73,South
8717,2023-05-26,677,27,4,321.04,South
8718,2024-06-30,896,13,3,454.25,South
8719,2022-12-27,440,42,4,450.78,North
8720,2023-12-17,606,6,2,167.52,West
8721,2022-08-07,971,1,3,56.02,East
8722,2023-02-10,855,30,1,326.54,North
8723,2024-01-23,124,11,2,474.01,East
8724,2024-07-11,302,41,5,258.91,South
8725,2024-04-11,668,31,3,234.28,West
8726,2024-03-04,349,16,1,433.33,South
8727,2023-08-18,249,15,1,218.05,South
8728,2022-04-17,948,5,3,343.66,South
8729,2023-08-04,271,15,2,200.43,North
8730,2023-09-01,429,1,1,194.8,East
8731,2022-01-08,570,15,3,102.03,East
8732,2024-03-16,707,36,3,53.34,East
8733,2022-07-08,713,48,4,443.73,South
8734,2022-03-22,584,39,3,98.8,North
8735,2022-04-18,247,8,1,40.49,South
8736,2023-11-17,481,22,4,295.33,East
8737,2022-12-12,98,27,1,277.54,West
8738,2022-11-24,329,34,2,288.2,North
8739,2023-07-09,593,30,2,239.37,West
8740,2022-10-29,425,12,1,79.55,North
8741,2022-07-19,577,2,5,20.25,West
8742,2024-06-11,424,46,5,32.74,South
8743,2024-11-28,5,38,5,472.14,North
8744,2022-11-03,990,22,1,270.61,North
8745,2024-10-24,459,17,3,205.86,North
8746,2023-04-13,796,35,4,211.31,West
8747,2022-06-28,806,42,3,329.58,South
8748,2023-10-07,593,45,1,194.56,South
8749,2022-10-03,498,23,3,400.26,North
8750,2023-09-13,87,29,2,137.37,South
8751,2023-09-30,402,29,4,189.96,West
8752,2024-07-18,293,50,1,468.15,West
8753,2022-07-02,923,19,4,137.54,North
8754,2022-03-13,281,17,5,334.18,East
8755,2023-12-20,197,8,5,188.64,East
8756,2023-12-27,764,50,2,240.89,North
8757,2022-09-26,83,7,1,32.14,West
8758,2024-11-09,27,11,5,91.94,East
8759,2023-08-01,845,3,4,59.94,East
8760,2024-09-21,694,2,4,423.91,East
8761,2024-03-25,135,19,2,481.23,North
8762,2022-05-27,90,28,5,43.31,West
8763,2024-06-08,206,28,3,47.65,South
8764,2022-11-06,27,25,5,280.56,North
8765,2023-06-02,378,11,2,256.98,North
8766,2022-01-14,571,40,5,328.78,West
8767,2022-05-12,584,43,1,371.03,West
8768,2024-01-25,415,2,2,400.64,South
8769,2023-03-15,227,12,3,83.05,North
8770,2024-01-13,603,41,4,28.54,North
8771,2024-01-10,68,38,5,445.69,North
8772,2024-03-05,362,12,4,240.08,East
8773,2022-09-20,260,50,2,485.91,West
8774,2023-10-05,658,25,4,271.06,North
8775,2022-09-15,63,37,1,259.91,North
8776,2023-02-13,855,31,2,315.26,South
8777,2024-09-01,992,17,2,93.37,East
8778,2024-11-13,972,48,5,134.48,East
8779,2022-09-28,692,12,2,453.85,North
8780,2022-05-22,980,30,1,114.04,East
8781,2024-06-20,623,2,5,124.16,East
8782,2024-08-31,703,16,1,259.89,South
8783,2022-10-01,941,1,3,324.16,South
8784,2022-10-03,908,34,5,10.44,East
8785,2023-04-10,392,45,2,233.82,South
8786,2024-11-28,246,48,2,205.52,North
8787,2022-10-15,278,1,2,434.15,South
8788,2024-05-25,347,36,3,421.45,West
8789,2024-05-27,937,3,1,453.9,North
8790,2022-06-29,372,34,2,422.6,South
8791,2023-03-23,809,12,4,395.49,East
8792,2024-02-24,849,45,2,430.91,North
8793,2023-07-15,123,27,5,95.66,South
8794,2023-04-29,57,50,5,177.02,West
8795,2024-04-28,160,37,4,344.97,South
8796,2023-12-23,127,25,3,462.33,North
8797,2022-04-26,737,12,5,336.79,South
8798,2023-06-19,607,33,3,111.89,West
8799,2023-02-11,311,9,3,472.89,West
8800,2023-11-25,518,1,4,382.57,East
8801,2023-05-10,935,50,5,361.11,North
8802,2024-08-05,265,23,2,383.63,West
8803,2022-01-23,746,28,3,332.98,West
8804,2023-07-12,288,3,3,20.84,West
8805,2024-07-29,420,38,5,134.27,East
8806,2024-05-04,896,36,5,478.72,North
8807,2024-11-04,528,44,4,151.42,West
8808,2024-06-09,140,44,1,388.1,North
8809,2022-03-19,809,5,1,218.0,West
8810,2024-03-17,707,29,1,454.69,West
8811,2024-11-07,698,13,3,283.26,North
8812,2024-02-07,987,44,4,319.62,North
8813,2023-03-30,475,4,1,127.42,East
8814,2024-07-16,905,6,5,38.19,East
8815,2022-10-04,637,38,3,380.71,North
8816,2024-11-16,529,6,3,43.15,North
8817,2023-05-29,878,11,5,363.68,East
8818,2023-04-09,389,27,4,282.19,North
8819,2024-03-17,511,46,4,411.81,North
8820,2024-04-03,538,35,1,110.83,East
8821,2022-12-29,213,40,5,275.35,East
8822,2024-01-21,897,4,2,310.94,East
8823,2023-06-09,513,27,4,46.41,West
8824,2022-02-25,803,16,1,372.08,South
8825,2023-05-04,265,18,3,200.62,West
8826,2024-11-17,343,7,4,73.17,North
8827,2023-12-23,38,11,2,199.66,East
8828,2022-02-10,233,8,3,58.17,West
8829,2024-09-30,260,6,3,445.12,West
8830,2022-09-17,308,48,5,233.81,North
8831,2023-03-17,403,5,5,77.63,West
8832,2024-07-14,997,6,4,133.53,South
8833,2024-05-05,261,38,2,365.08,East
8834,2022-03-25,476,2,5,395.18,East
8835,2022-02-15,750,31,1,30.25,North
8836,2023-03-16,106,39,3,39.34,North
8837,2024-09-12,247,32,1,459.42,East
8838,2022-05-16,304,9,3,172.18,East
8839,2024-06-27,343,15,1,104.73,West
8840,2024-05-10,447,21,3,70.3,North
8841,2024-02-27,38,46,5,243.22,North
8842,2023-08-13,820,28,1,387.82,East
8843,2024-08-13,855,45,4,265.35,South
8844,2023-11-21,46,27,4,20.13,North
8845,2023-06-23,722,5,2,247.11,North
8846,2023-12-09,605,17,2,162.71,North
8847,2022-10-22,220,37,2,344.6,East
8848,2022-02-22,256,24,1,266.52,West
8849,2024-03-16,137,31,3,483.02,East
8850,2022-02-21,231,35,2,303.1,East
8851,2023-12-29,818,41,5,319.92,North
8852,2022-03-13,714,41,4,264.91,North
8853,2022-01-28,578,4,4,162.39,South
8854,2023-04-14,973,20,5,319.0,East
8855,2024-02-03,38,43,4,173.13,West
8856,2024-06-04,155,17,1,361.5,West
8857,2024-06-30,503,46,5,126.05,East
8858,2023-07-01,105,10,1,190.15,North
8859,2022-07-20,255,37,4,295.99,North
8860,2024-03-30,404,21,5,317.96,South
8861,2023-07-14,488,21,5,337.62,West
8862,2023-01-14,958,49,5,353.16,North
8863,2024-12-11,458,16,4,165.97,North
8864,2022-03-20,528,33,4,447.36,North
8865,2024-04-13,591,10,4,24.67,South
8866,2024-10-28,525,44,2,102.33,West
8867,2022-01-25,370,18,2,44.37,South
8868,2023-03-26,102,33,3,339.05,South
8869,2024-02-07,916,29,5,144.1,South
8870,2024-01-25,664,31,4,107.59,South
8871,2022-07-17,690,24,5,245.53,East
8872,2023-03-13,903,12,1,313.33,North
8873,2023-11-21,599,20,1,313.43,South
8874,2023-08-10,600,6,4,283.15,West
8875,2022-04-14,541,8,2,496.07,South
8876,2023-09-19,512,14,3,431.51,South
8877,2024-11-28,389,5,2,127.04,West
8878,2023-04-03,363,36,5,381.77,South
8879,2022-12-30,931,48,2,288.96,North
8880,2022-05-15,833,38,4,44.55,West
8881,2023-01-09,612,3,2,34.29,North
8882,2022-02-08,115,36,1,401.81,West
8883,2024-03-29,722,22,4,277.05,East
8884,2022-02-16,966,8,4,289.95,North
8885,2022-02-05,343,14,4,174.77,South
8886,2022-04-05,74,7,2,465.87,South
8887,2024-09-11,135,4,1,359.54,South
8888,2023-01-03,940,19,2,464.61,West
8889,2022-03-06,968,43,5,58.64,South
8890,2024-01-24,781,47,3,296.03,North
8891,2024-03-26,862,24,3,322.39,North
8892,2024-01-26,978,16,3,71.74,East
8893,2022-06-30,590,6,5,179.67,West
8894,2023-08-20,971,44,5,115.25,North
8895,2024-02-26,380,8,5,492.38,South
8896,2023-09-19,490,25,1,276.27,South
8897,2023-09-08,125,32,4,164.48,North
8898,2022-04-22,38,25,5,335.6,East
8899,2023-03-29,781,10,3,333.18,East
8900,2024-01-26,310,43,3,180.19,North
8901,2023-08-07,106,41,2,497.02,North
8902,2022-05-19,556,17,4,406.39,West
8903,2022-08-19,225,46,5,206.16,West
8904,2024-09-10,242,3,4,333.43,North
8905,2022-09-10,397,9,5,358.16,South
8906,2023-07-15,153,18,3,95.17,North
8907,2022-03-13,536,49,4,440.3,West
8908,2022-08-10,636,30,4,414.76,North
8909,2022-03-03,797,5,5,380.28,East
8910,2024-03-16,996,32,5,119.11,West
8911,2022-05-05,966,27,4,76.76,East
8912,2024-01-11,402,21,5,98.47,West
8913,2022-06-10,860,24,4,55.58,West
8914,2023-06-25,773,38,2,470.74,West
8915,2023-09-18,146,3,4,427.23,South
8916,2022-04-16,191,16,1,54.48,West
8917,2024-02-15,893,15,4,342.21,East
8918,2022-01-02,677,25,2,130.34,West
8919,2022-08-21,583,8,2,18.46,East
8920,2023-01-04,951,41,3,153.27,North
8921,2024-08-03,201,4,3,225.61,East
8922,2022-06-29,867,32,1,19.82,East
8923,2022-10-20,12,45,5,168.62,East
8924,2023-08-07,52,35,5,353.17,West
8925,2024-03-05,953,30,2,121.93,East
8926,2022-06-24,768,39,2,247.6,East
8927,2022-05-03,302,48,3,444.91,East
8928,2022-08-15,872,49,2,23.91,East
8929,2023-03-20,300,30,4,394.96,East
8930,2023-03-04,999,17,4,198.11,South
8931,2024-02-04,920,19,1,275.16,North
8932,2023-09-24,521,31,4,123.13,East
8933,2022-03-06,140,17,1,293.68,North
8934,2023-03-04,100,2,3,368.04,West
8935,2023-09-10,485,37,4,108.75,East
8936,2024-07-13,137,48,1,178.2,West
8937,2024-03-22,871,29,5,288.02,South
8938,2022-04-17,366,30,1,214.22,West
8939,2023-10-21,884,43,4,153.64,West
8940,2022-09-22,534,22,1,231.33,West
8941,2022-06-04,507,38,3,152.51,East
8942,2024-11-02,657,11,2,157.92,West
8943,2024-06-14,161,33,5,309.21,South
8944,2024-09-19,761,19,3,243.76,East
8945,2022-09-02,175,3,5,341.77,East
8946,2023-01-21,88,40,5,420.35,North
8947,2024-01-29,399,22,1,472.05,West
8948,2023-02-18,989,18,2,84.16,West
8949,2023-12-16,480,45,1,316.83,East
8950,2024-01-29,545,30,1,295.38,East
8951,2024-01-17,477,1,4,434.8,West
8952,2023-08-16,783,20,1,448.99,South
8953,2024-04-18,283,49,2,382.65,North
8954,2022-01-16,738,5,3,301.78,West
8955,2024-09-19,957,12,1,107.64,East
8956,2024-12-04,452,11,2,145.55,North
8957,2023-10-13,624,24,1,305.36,North
8958,2022-05-28,82,18,5,78.28,West
8959,2022-12-21,213,8,1,100.14,East
8960,2023-12-04,816,29,4,456.6,East
8961,2023-09-05,520,22,5,478.59,East
8962,2022-04-15,134,45,2,12.57,West
8963,2023-01-31,447,2,1,432.62,East
8964,2023-08-29,118,23,5,469.63,West
8965,2024-04-30,596,16,5,267.61,East
8966,2023-03-18,770,44,3,229.96,North
8967,2024-05-22,243,8,5,460.21,South
8968,2023-10-29,749,4,2,13.69,North
8969,2024-11-17,150,14,1,421.84,East
8970,2024-03-04,886,9,5,155.32,North
8971,2023-04-20,533,11,2,324.17,South
8972,2023-09-20,646,48,3,168.37,North
8973,2023-05-17,379,38,1,266.24,East
8974,2022-12-14,608,44,4,406.08,East
8975,2024-10-14,966,16,5,98.82,West
8976,2023-07-24,525,13,5,335.32,East
8977,2023-11-26,513,36,3,450.19,South
8978,2022-01-26,662,44,2,451.52,West
8979,2022-08-05,117,36,3,448.12,East
8980,2024-04-16,664,17,2,264.05,East
8981,2024-02-13,576,14,1,386.17,East
8982,2024-11-12,937,29,5,228.96,East
8983,2023-11-01,990,17,4,235.48,North
8984,2023-12-19,662,1,3,149.09,West
8985,2022-11-06,317,20,4,149.76,West
8986,2023-08-22,876,33,4,28.53,East
8987,2022-09-24,12,2,5,270.42,North
8988,2023-10-08,90,17,5,161.29,South
8989,2024-10-19,388,23,4,101.97,North
8990,2023-03-26,83,22,1,69.64,North
8991,2023-07-19,976,1,4,180.03,North
8992,2024-11-25,762,12,2,450.52,West
8993,2022-01-28,896,13,2,263.04,North
8994,2022-08-08,396,14,2,282.9,North
8995,2023-02-10,545,10,2,36.62,North
8996,2022-09-28,661,12,3,264.72,South
8997,2024-03-02,640,22,1,337.13,West
8998,2024-08-20,100,18,3,83.85,East
8999,2024-04-13,457,39,3,491.94,West
9000,2022-11-13,999,19,2,458.41,South
9001,2022-12-04,874,30,1,496.62,North
9002,2022-12-17,328,15,1,186.56,North
9003,2023-05-26,724,39,4,412.93,North
9004,2023-06-09,74,14,3,171.08,South
9005,2023-05-07,96,9,1,377.07,North
9006,2022-01-09,92,5,5,474.44,South
9007,2023-07-15,330,33,3,85.96,North
9008,2023-03-16,840,48,1,78.76,North
9009,2024-03-02,948,5,5,61.16,South
9010,2022-02-02,175,24,5,401.19,South
9011,2024-11-12,737,8,5,336.65,South
9012,2024-04-24,315,19,2,265.93,South
9013,2023-07-20,687,12,4,389.22,West
9014,2022-02-18,568,8,4,426.46,West
9015,2023-04-07,497,8,1,475.27,North
9016,2023-08-13,269,38,1,108.61,North
9017,2022-12-02,428,20,4,226.42,East
9018,2022-12-25,35,29,5,462.28,North
9019,2022-12-12,119,41,1,236.05,North
9020,2022-07-12,371,34,2,248.95,North
9021,2024-01-26,925,18,2,471.8,West
9022,2023-04-23,568,1,4,369.99,North
9023,2024-04-07,901,11,1,280.5,North
9024,2024-06-08,451,47,1,185.07,East
9025,2023-10-15,309,44,5,458.52,West
9026,2023-02-12,357,35,1,14.38,West
9027,2022-10-13,376,32,4,167.29,South
9028,2024-04-30,828,42,1,473.58,North
9029,2022-04-21,105,16,1,254.12,North
9030,2023-09-12,390,6,2,315.69,West
9031,2024-03-03,176,9,4,270.98,South
9032,2022-02-19,106,40,3,204.71,South
9033,2024-11-03,592,22,4,335.99,East
9034,2023-08-11,163,48,4,385.57,East
9035,2023-08-19,914,8,3,188.57,West
9036,2023-11-01,267,32,3,299.36,West
9037,2022-11-10,563,26,2,50.55,West
9038,2023-08-29,889,18,5,278.32,West
9039,2022-10-24,279,37,4,376.4,East
9040,2023-07-23,303,12,4,296.77,South
9041,2024-04-11,587,38,4,440.44,West
9042,2023-09-02,955,34,4,150.23,North
9043,2022-01-16,953,4,2,250.96,South
9044,2022-03-13,861,16,4,52.87,North
9045,2022-09-27,127,24,3,353.01,West
9046,2022-10-14,246,14,3,227.02,South
9047,2022-03-07,824,17,1,269.88,West
9048,2024-05-29,234,31,2,72.91,South
9049,2022-03-09,667,4,1,498.7,South
9050,2024-12-14,585,50,4,388.24,South
9051,2024-09-06,931,44,2,206.31,North
9052,2024-08-31,439,34,2,289.28,North
9053,2023-05-23,137,38,5,313.17,West
9054,2024-04-16,786,38,5,480.78,North
9055,2024-06-04,556,3,1,386.51,North
9056,2024-03-04,759,8,1,181.34,West
9057,2023-02-26,149,12,3,489.08,West
9058,2024-02-14,56,35,3,157.88,East
9059,2023-04-23,688,2,3,292.7,East
9060,2024-07-14,356,29,2,353.33,South
9061,2022-04-30,257,23,4,142.85,North
9062,2023-05-03,923,33,1,478.62,North
9063,2022-03-19,813,50,3,115.89,South
9064,2024-11-27,63,18,2,226.47,South
9065,2023-03-17,826,40,5,98.14,South
9066,2023-04-07,936,22,4,438.74,North
9067,2023-09-04,63,14,5,118.58,North
9068,2024-07-05,806,29,5,27.02,West
9069,2023-09-01,29,45,4,29.08,North
9070,2022-01-06,552,15,2,212.74,East
9071,2023-11-12,659,15,5,266.16,West
9072,2024-06-13,600,45,2,30.4,South
9073,2022-09-28,568,4,5,55.5,North
9074,2024-03-21,300,36,3,57.76,South
9075,2023-07-13,705,5,4,337.57,East
9076,2022-04-09,612,3,1,156.91,South
9077,2023-06-10,215,12,4,285.66,West
9078,2022-07-13,141,20,5,46.11,North
9079,2023-01-31,926,44,5,447.14,South
9080,2024-02-09,507,20,3,159.17,North
9081,2024-10-20,561,39,3,391.32,West
9082,2024-05-29,499,39,4,415.08,West
9083,2024-01-15,627,1,1,494.08,West
9084,2023-11-14,502,44,4,373.11,East
9085,2022-01-15,741,3,1,226.97,West
9086,2023-01-03,764,47,2,84.79,East
9087,2023-09-30,587,9,5,33.46,North
9088,2024-05-02,191,20,2,444.27,West
9089,2023-12-01,711,9,4,228.87,West
9090,2022-01-05,675,31,1,377.48,East
9091,2022-08-19,651,46,1,253.2,West
9092,2024-10-08,49,28,2,441.04,South
9093,2023-08-09,363,35,3,377.34,East
9094,2022-06-18,879,40,3,51.87,East
9095,2024-01-31,627,38,2,378.55,East
9096,2024-03-02,680,44,3,140.74,East
9097,2024-09-26,496,2,1,388.8,North
9098,2022-06-01,277,3,4,474.77,East
9099,2024-10-12,47,14,3,465.76,North
9100,2022-08-12,771,17,1,71.25,North
9101,2023-05-19,926,35,4,36.79,North
9102,2022-02-13,216,4,1,390.72,South
9103,2023-11-28,230,47,5,357.88,South
9104,2023-05-19,639,30,4,96.32,North
9105,2024-07-18,323,39,5,345.44,West
9106,2024-04-22,830,14,3,17.59,South
9107,2022-12-17,421,48,3,319.27,East
9108,2022-01-23,225,27,1,417.83,West
9109,2023-08-21,662,13,2,324.5,South
9110,2024-12-02,287,20,1,42.04,East
9111,2023-04-11,46,49,5,495.58,West
9112,2022-02-09,972,49,4,184.48,South
9113,2022-10-30,813,24,2,196.43,West
9114,2022-06-24,14,10,1,51.53,North
9115,2024-09-25,633,7,5,91.89,North
9116,2023-09-13,908,17,5,142.88,South
9117,2022-09-01,375,22,3,401.61,East
9118,2024-04-15,703,44,1,348.96,East
9119,2022-10-07,987,11,1,295.99,North
9120,2024-11-25,333,42,5,433.31,East
9121,2023-07-11,856,23,1,498.92,North
9122,2024-06-16,166,22,3,198.54,South
9123,2024-11-12,507,40,2,201.7,South
9124,2023-12-20,117,47,5,370.68,West
9125,2024-07-20,943,18,3,325.73,South
9126,2022-04-01,636,45,3,16.56,West
9127,2023-01-25,566,26,4,331.16,North
9128,2023-07-04,439,48,2,362.61,West
9129,2024-07-19,304,30,3,493.11,West
9130,2024-11-27,457,13,4,297.52,South
9131,2024-01-03,968,4,4,345.36,West
9132,2023-05-15,869,43,1,396.49,East
9133,2024-12-02,271,27,3,57.02,North
9134,2024-05-20,711,40,5,369.98,East
9135,2023-06-01,216,10,1,277.96,South
9136,2022-03-09,113,44,2,59.04,North
9137,2022-05-03,16,28,5,338.24,North
9138,2022-12-02,216,21,5,124.91,West
9139,2024-08-31,427,11,4,273.57,North
9140,2024-02-18,135,20,3,147.67,South
9141,2023-02-27,43,36,4,61.22,North
9142,2024-07-27,764,19,4,132.92,North
9143,2024-03-14,284,10,3,225.02,West
9144,2023-09-26,834,15,3,252.12,South
9145,2024-12-18,98,45,3,82.76,South
9146,2022-04-06,60,45,4,167.28,West
9147,2022-12-20,230,18,3,431.1,West
9148,2024-08-24,896,7,3,456.09,East
9149,2024-07-11,643,30,5,272.24,East
9150,2023-04-18,385,14,4,250.28,West
9151,2023-03-06,159,37,3,294.89,East
9152,2024-09-01,824,41,4,115.14,North
9153,2023-06-21,471,30,2,496.85,South
9154,2022-03-28,596,27,1,375.18,East
9155,2022-04-19,208,49,5,126.99,East
9156,2024-09-20,174,37,5,143.35,South
9157,2024-04-01,800,48,4,327.72,North
9158,2024-07-25,81,41,3,168.19,South
9159,2024-10-01,18,17,4,184.11,South
9160,2023-10-11,708,30,1,392.66,West
9161,2022-07-10,291,18,5,140.79,South
9162,2024-07-21,360,3,5,355.57,North
9163,2022-05-22,868,28,1,468.09,West
9164,2024-04-19,279,37,4,70.83,East
9165,2022-06-17,975,30,5,80.7,West
9166,2023-07-20,397,21,3,472.01,East
9167,2024-01-14,974,49,4,109.72,North
9168,2023-11-04,766,20,3,20.24,South
9169,2024-05-13,142,22,2,435.57,South
9170,2024-04-18,677,36,1,148.33,East
9171,2023-06-15,517,36,5,156.19,East
9172,2024-08-31,251,21,1,121.19,South
9173,2023-07-16,662,24,1,459.66,North
9174,2022-06-24,540,21,3,389.47,East
9175,2022-10-29,237,7,5,302.43,North
9176,2022-07-04,132,8,2,232.1,West
9177,2023-05-25,306,22,1,80.33,North
9178,2024-03-29,358,22,3,463.73,West
9179,2022-06-05,285,30,3,377.34,South
9180,2024-02-26,293,34,5,146.65,North
9181,2024-03-05,163,29,4,474.27,South
9182,2023-03-08,916,10,4,468.24,North
9183,2024-01-31,419,5,2,333.16,East
9184,2022-05-27,739,49,3,492.65,South
9185,2023-04-26,468,39,4,101.75,South
9186,2023-03-11,642,34,1,368.38,South
9187,2022-03-10,884,38,2,84.57,West
9188,2024-05-24,570,10,1,348.93,South
9189,2022-07-05,507,9,4,460.73,East
9190,2024-06-22,658,32,3,272.69,South
9191,2023-11-13,478,5,4,383.9,West
9192,2022-07-23,362,35,2,80.13,West
9193,2023-07-08,312,11,2,320.27,South
9194,2022-01-13,634,42,1,40.96,East
9195,2023-10-28,704,16,1,28.08,North
9196,2022-02-20,245,27,2,320.69,East
9197,2023-05-15,477,20,1,290.68,North
9198,2023-01-04,615,1,5,171.33,West
9199,2023-12-25,891,26,2,261.34,West
9200,2022-12-23,436,11,1,345.33,West
9201,2024-10-23,250,15,4,325.92,South
9202,2024-04-26,22,39,3,46.08,South
9203,2022-09-13,477,40,5,342.28,West
9204,2022-10-06,572,48,5,333.17,North
9205,2024-12-18,750,18,3,338.11,South
9206,2023-03-22,906,24,3,425.2,East
9207,2022-04-23,852,28,4,292.58,East
9208,2024-04-15,511,25,3,469.57,East
9209,2024-01-25,896,23,5,490.2,North
9210,2023-01-02,336,11,4,378.4,North
9211,2024-12-19,646,33,3,185.75,North
9212,2022-11-25,849,16,4,80.12,West
9213,2023-12-29,774,36,4,411.87,South
9214,2024-10-02,342,23,1,81.85,West
9215,2023-12-21,338,6,3,81.62,North
9216,2024-12-22,480,43,1,460.33,East
9217,2022-07-03,924,24,5,284.34,North
9218,2024-10-19,42,38,4,153.73,East
9219,2022-11-07,74,42,5,481.86,South
9220,2022-06-26,809,6,4,356.59,West
9221,2024-04-26,831,10,3,272.07,North
9222,2022-01-09,22,22,2,171.45,West
9223,2022-08-24,220,23,3,341.54,West
9224,2023-12-11,79,5,4,368.14,East
9225,2024-07-12,235,28,2,358.93,East
9226,2023-11-16,157,9,2,105.72,North
9227,2024-03-04,327,39,3,351.65,West
9228,2024-11-17,114,49,5,294.91,South
9229,2024-03-18,802,44,3,426.54,North
9230,2022-01-27,608,28,4,316.14,South
9231,2023-07-04,642,25,5,81.68,West
9232,2022-03-26,922,43,4,166.08,West
9233,2024-11-19,621,38,5,374.47,West
9234,2023-04-11,587,27,1,372.58,East
9235,2022-01-12,985,24,5,119.13,North
9236,2024-10-09,275,43,1,183.75,North
9237,2024-11-19,381,43,4,17.51,East
9238,2024-11-27,20,46,3,172.54,South
9239,2023-07-26,673,16,4,22.91,North
9240,2024-07-02,209,2,3,437.71,North
9241,2022-06-29,884,2,1,336.66,North
9242,2024-03-07,606,5,3,484.88,West
9243,2024-11-10,594,46,4,447.04,South
9244,2023-03-17,864,21,4,305.7,West
9245,2024-06-05,616,10,4,256.44,East
9246,2023-02-25,749,42,5,443.03,East
9247,2023-04-13,772,18,4,156.22,West
9248,2023-12-14,160,26,5,119.52,East
9249,2023-01-20,915,20,2,210.91,West
9250,2022-11-10,899,41,1,36.07,South
9251,2024-02-10,998,36,2,157.97,South
9252,2024-08-16,860,49,2,51.0,East
9253,2024-07-05,573,21,5,35.8,North
9254,2022-01-23,38,2,5,280.16,South
9255,2022-12-05,118,46,1,357.0,East
9256,2024-04-02,390,33,1,272.97,East
9257,2023-01-01,824,23,1,44.58,North
9258,2024-07-03,680,39,4,203.53,North
9259,2023-04-20,377,31,4,64.37,South
9260,2022-01-27,849,4,1,328.53,South
9261,2024-07-30,874,41,5,414.94,East
9262,2024-03-12,376,3,2,67.19,West
9263,2024-03-11,581,37,1,42.76,South
9264,2024-05-09,595,10,1,208.92,West
9265,2024-05-13,747,42,2,158.7,West
9266,2023-11-21,42,32,3,137.74,North
9267,2024-01-09,611,36,1,113.58,West
9268,2023-02-19,470,49,1,165.29,South
9269,2024-09-08,984,27,4,483.03,South
9270,2023-03-05,458,49,2,430.26,West
9271,2022-02-10,130,19,1,304.66,South
9272,2024-06-23,28,38,1,402.23,South
9273,2024-10-08,745,1,3,17.22,North
9274,2023-12-04,741,26,2,64.61,South
9275,2022-03-20,629,46,1,153.31,North
9276,2023-12-18,913,13,3,325.51,South
9277,2023-06-28,326,35,1,442.87,West
9278,2023-04-19,509,2,5,123.26,East
9279,2022-10-21,619,22,3,78.21,West
9280,2023-09-02,891,39,5,425.48,West
9281,2022-05-16,325,28,1,210.48,South
9282,2023-04-29,807,44,3,352.76,North
9283,2024-03-24,903,2,2,278.53,North
9284,2023-07-09,160,11,4,96.2,East
9285,2022-02-15,516,48,1,353.28,East
9286,2024-12-07,661,37,3,216.18,West
9287,2022-07-17,746,26,5,151.0,West
9288,2022-03-25,254,28,3,452.32,North
9289,2023-06-27,928,26,2,12.93,North
9290,2022-03-12,248,17,3,208.39,South
9291,2023-06-04,850,3,5,157.25,North
9292,2024-06-16,353,14,1,36.69,North
9293,2024-07-01,398,16,5,49.41,East
9294,2024-12-11,582,49,5,94.42,North
9295,2024-12-04,203,36,5,257.45,West
9296,2022-10-20,302,28,4,148.5,West
9297,2024-07-26,148,28,1,420.55,East
9298,2024-03-22,221,25,4,127.59,South
9299,2024-05-16,698,9,3,362.91,West
9300,2023-01-15,867,11,1,113.08,East
9301,2024-10-03,848,37,1,30.85,South
9302,2022-09-19,560,43,3,139.66,East
9303,2023-08-03,263,45,3,420.41,East
9304,2022-12-23,296,21,5,50.3,South
9305,2023-11-29,315,2,1,178.8,North
9306,2024-11-02,292,34,2,13.93,East
9307,2023-03-19,684,42,5,318.82,North
9308,2023-12-27,876,13,1,471.95,North
9309,2022-10-13,31,5,3,198.34,North
9310,2023-07-24,682,11,3,292.69,South
9311,2024-04-19,44,29,2,231.62,East
9312,2023-05-13,939,47,1,486.93,East
9313,2023-12-06,555,28,4,370.64,North
9314,2023-07-16,943,28,5,31.67,East
9315,2022-02-01,134,5,1,63.28,North
9316,2022-02-12,349,20,4,240.54,South
9317,2023-07-13,219,37,3,319.56,South
9318,2022-09-27,450,39,3,152.29,West
9319,2024-07-31,504,10,4,340.58,East
9320,2024-11-08,86,32,4,292.5,North
9321,2022-02-06,251,29,2,223.2,South
9322,2022-04-02,265,2,1,295.33,West
9323,2022-07-04,523,1,3,459.07,East
9324,2023-12-29,80,20,5,129.17,North
9325,2024-11-17,621,1,3,397.69,North
9326,2023-01-07,461,4,1,15.86,West
9327,2024-04-11,630,15,4,51.55,East
9328,2022-12-11,252,47,2,475.35,West
9329,2022-03-19,18,30,3,351.89,North
9330,2022-06-16,256,6,2,320.33,East
9331,2022-09-21,245,38,4,173.69,East
9332,2023-12-25,153,1,1,100.33,South
9333,2023-05-27,609,7,3,196.16,South
9334,2023-07-30,500,5,1,303.21,West
9335,2023-12-23,458,49,5,320.85,East
9336,2023-03-07,698,7,1,93.08,North
9337,2024-02-07,542,36,4,228.3,South
9338,2023-04-08,115,3,4,287.71,North
9339,2022-04-11,753,12,5,480.38,East
9340,2024-11-05,769,15,1,279.22,East
9341,2022-09-01,447,20,4,294.49,North
9342,2022-04-15,353,41,4,384.94,West
9343,2023-11-25,625,21,4,215.27,South
9344,2024-12-06,847,32,4,198.1,South
9345,2024-12-02,541,12,2,299.55,South
9346,2024-03-28,322,37,3,393.82,West
9347,2022-08-09,459,40,2,322.42,South
9348,2022-05-24,949,47,4,101.2,North
9349,2024-06-08,226,7,1,204.87,South
9350,2024-11-17,756,45,2,261.17,North
9351,2024-02-29,361,31,5,266.63,South
9352,2023-07-07,531,1,3,176.4,South
9353,2024-04-23,834,11,1,265.98,North
9354,2023-10-21,112,45,2,339.76,West
9355,2024-04-16,212,34,3,239.31,North
9356,2024-10-15,233,19,2,231.16,West
9357,2024-01-21,948,11,5,402.78,North
9358,2022-09-06,159,33,4,380.85,East
9359,2024-02-14,572,33,5,216.98,North
9360,2024-02-03,885,8,4,498.05,East
9361,2023-11-23,324,45,3,42.57,North
9362,2024-03-30,93,8,2,169.74,North
9363,2023-12-20,248,34,2,28.05,North
9364,2022-08-22,670,40,5,421.34,East
9365,2022-01-24,141,27,1,380.26,East
9366,2024-11-15,911,29,3,345.0,East
9367,2024-10-02,404,14,4,115.09,North
9368,2023-06-06,930,34,3,356.78,North
9369,2022-01-17,732,45,5,184.1,East
9370,2022-09-02,404,37,2,435.6,East
9371,2023-12-19,818,1,4,107.76,North
9372,2024-02-09,601,9,4,116.74,West
9373,2023-12-18,667,10,4,480.69,South
9374,2022-04-28,414,30,4,263.34,West
9375,2022-01-09,440,43,3,228.73,East
9376,2023-08-21,233,18,3,182.36,North
9377,2022-01-23,980,17,5,417.29,South
9378,2022-08-28,193,6,2,182.83,South
9379,2022-01-27,99,11,2,184.52,East
9380,2024-09-10,951,24,3,70.43,West
9381,2022-07-18,113,36,5,265.16,North
9382,2024-02-14,619,33,1,462.64,North
9383,2022-04-02,536,33,4,479.19,East
9384,2024-04-30,281,18,2,497.8,East
9385,2022-10-27,1000,5,4,241.8,North
9386,2022-10-23,949,31,2,389.72,South
9387,2023-10-09,716,16,1,280.74,East
9388,2024-09-27,523,2,2,278.5,North
9389,2024-12-18,350,9,1,405.06,South
9390,2024-06-27,316,2,2,419.33,South
9391,2024-05-20,717,37,3,19.7,South
9392,2024-01-23,943,20,4,471.97,South
9393,2022-12-08,921,17,5,413.26,South
9394,2022-03-03,500,25,5,363.34,West
9395,2024-02-15,537,19,2,427.5,North
9396,2023-09-17,913,42,5,273.26,North
9397,2022-09-13,652,8,4,388.9,South
9398,2024-04-07,635,11,3,303.34,North
9399,2024-10-10,436,13,3,276.04,North
9400,2023-09-07,523,13,1,113.69,North
9401,2022-09-02,778,9,5,425.23,East
9402,2024-01-27,593,5,4,443.1,South
9403,2024-04-03,444,18,5,485.88,South
9404,2024-02-19,822,40,4,69.01,West
9405,2024-01-02,621,14,1,152.87,North
9406,2024-05-27,208,34,5,345.85,North
9407,2023-05-31,831,22,3,429.06,North
9408,2023-04-19,756,48,1,378.14,East
9409,2022-02-05,276,33,5,233.24,East
9410,2024-11-06,497,24,3,365.73,West
9411,2024-04-09,773,29,3,45.34,South
9412,2024-12-07,297,13,4,334.64,South
9413,2024-12-21,374,50,3,13.93,East
9414,2024-12-28,575,27,2,33.3,East
9415,2023-01-01,184,1,5,381.07,East
9416,2024-08-02,32,7,5,244.04,South
9417,2024-09-02,283,4,4,39.18,West
9418,2023-03-07,836,10,3,246.11,South
9419,2024-05-08,873,40,4,40.75,South
9420,2022-08-18,432,35,2,179.56,West
9421,2023-01-05,519,39,4,87.11,North
9422,2022-06-27,686,16,5,117.49,South
9423,2023-07-22,462,27,4,105.85,North
9424,2024-03-03,871,20,5,192.17,South
9425,2024-06-18,984,10,1,62.88,South
9426,2024-09-01,368,45,2,268.59,South
9427,2022-03-23,658,33,2,209.48,North
9428,2024-04-25,252,7,5,421.53,East
9429,2024-02-01,166,42,1,414.7,North
9430,2023-09-10,615,44,3,413.9,South
9431,2024-10-30,1000,46,4,240.12,East
9432,2022-08-04,705,22,3,152.49,North
9433,2022-10-17,529,43,1,213.55,West
9434,2023-03-21,602,17,2,346.81,East
9435,2024-07-11,371,9,3,269.6,North
9436,2023-07-06,598,40,1,315.91,East
9437,2022-07-12,103,10,2,349.92,South
9438,2022-10-16,594,36,3,460.0,North
9439,2023-08-06,126,31,2,472.55,West
9440,2024-05-06,38,31,5,421.83,North
9441,2024-02-20,348,5,2,41.88,North
9442,2024-06-14,213,18,2,489.87,East
9443,2024-07-08,319,6,1,354.78,South
9444,2023-07-18,998,42,1,349.76,West
9445,2022-01-13,737,50,4,21.32,South
9446,2024-09-13,734,28,1,244.91,West
9447,2022-12-06,426,43,5,316.98,West
9448,2024-05-14,247,24,5,146.47,West
9449,2022-11-08,648,5,2,50.79,South
9450,2024-01-03,286,28,1,270.9,West
9451,2022-12-05,231,3,4,228.68,North
9452,2022-10-27,320,18,1,31.6,North
9453,2022-12-25,512,4,4,264.51,East
9454,2022-06-18,521,40,2,62.78,North
9455,2024-01-31,225,49,5,218.03,West
9456,2024-02-07,506,42,1,142.5,West
9457,2024-09-08,825,32,1,485.53,West
9458,2022-02-11,107,32,5,27.02,South
9459,2022-07-21,699,19,5,284.41,West
9460,2024-08-27,733,29,3,84.44,North
9461,2023-04-09,607,33,3,166.45,South
9462,2023-03-25,707,2,3,100.11,West
9463,2024-07-01,754,11,5,497.62,West
9464,2024-03-08,742,47,3,25.86,South
9465,2024-03-04,331,33,1,275.26,East
9466,2023-03-13,5,41,5,307.94,South
9467,2023-06-15,863,40,1,388.36,South
9468,2023-07-19,468,1,5,316.73,West
9469,2024-05-21,516,42,2,123.36,East
9470,2022-08-01,776,17,1,303.04,South
9471,2024-08-06,938,50,5,487.73,West
9472,2022-07-11,765,16,4,425.74,East
9473,2023-12-06,163,2,5,232.21,North
9474,2023-07-03,653,49,2,243.93,North
9475,2022-06-03,901,4,5,75.13,West
9476,2023-07-25,808,32,2,289.26,North
9477,2022-08-28,531,7,3,147.32,South
9478,2023-01-09,82,29,1,62.98,North
9479,2024-03-15,481,9,2,242.36,West
9480,2024-03-09,893,35,4,32.08,West
9481,2023-09-03,516,5,1,68.86,North
9482,2023-11-19,640,50,5,117.33,North
9483,2024-02-13,187,21,5,495.41,West
9484,2022-05-23,146,17,2,406.16,West
9485,2022-09-29,152,39,4,275.46,East
9486,2023-03-02,363,14,2,123.96,West
9487,2022-02-15,93,32,4,264.27,South
9488,2022-04-05,31,15,2,328.01,South
9489,2022-03-05,826,21,3,12.24,West
9490,2023-02-17,540,14,3,494.07,East
9491,2024-10-29,649,41,3,317.12,West
9492,2023-04-04,941,16,2,494.24,West
9493,2023-04-15,602,1,1,239.84,South
9494,2024-03-20,49,40,5,315.52,West
9495,2023-05-21,879,18,1,236.12,South
9496,2022-03-25,258,34,5,14.65,North
9497,2022-02-28,518,26,4,426.45,West
9498,2024-11-10,541,36,3,230.01,North
9499,2024-07-06,410,21,3,240.76,South
9500,2022-06-06,156,1,5,186.38,East
9501,2023-07-30,775,27,3,222.0,East
9502,2024-04-16,546,11,1,365.52,North
9503,2023-11-11,440,38,2,353.31,West
9504,2022-07-22,237,14,3,406.11,North
9505,2022-11-14,650,28,3,487.59,West
9506,2023-02-10,368,27,4,201.67,South
9507,2024-09-12,1000,22,2,176.09,East
9508,2024-08-06,57,21,5,251.83,West
9509,2024-12-29,175,24,2,85.65,East
9510,2023-05-10,214,19,2,381.43,North
9511,2023-11-10,27,24,5,294.76,East
9512,2024-04-14,807,26,2,113.56,East
9513,2022-07-13,918,25,4,433.38,North
9514,2022-11-04,119,45,1,313.34,East
9515,2023-05-21,147,44,2,26.68,North
9516,2022-10-08,868,29,1,106.29,East
9517,2023-11-06,265,10,4,446.64,West
9518,2024-07-21,403,11,4,196.71,North
9519,2023-12-16,258,24,2,492.33,South
9520,2023-08-31,860,24,3,269.58,East
9521,2023-04-28,189,12,2,111.88,East
9522,2022-04-27,827,7,1,301.01,South
9523,2024-08-25,743,40,4,60.15,East
9524,2022-07-11,982,17,1,405.68,North
9525,2024-02-27,499,35,1,317.64,East
9526,2023-09-10,710,6,5,482.33,South
9527,2023-05-31,239,12,4,348.15,West
9528,2022-11-03,327,15,4,34.08,North
9529,2023-06-16,70,32,1,243.45,North
9530,2022-05-02,929,23,4,270.34,East
9531,2023-10-11,764,7,2,459.22,West
9532,2023-08-15,974,38,5,221.91,South
9533,2024-05-19,705,31,2,300.82,East
9534,2022-02-28,25,29,3,101.12,East
9535,2022-10-28,582,44,3,129.87,East
9536,2023-07-07,156,28,1,278.81,South
9537,2023-02-03,658,12,3,351.52,North
9538,2023-05-30,831,27,2,223.38,South
9539,2024-03-15,219,4,3,222.01,South
9540,2023-05-13,561,21,1,135.44,North
9541,2024-07-30,379,9,4,352.08,East
9542,2023-06-12,892,49,5,12.68,East
9543,2023-02-02,194,34,1,261.26,South
9544,2023-03-12,40,37,1,11.75,South
9545,2024-04-19,597,21,1,300.8,North
9546,2022-12-26,343,23,2,25.14,South
9547,2024-05-13,503,24,4,470.63,East
9548,2023-09-26,450,10,1,244.2,North
9549,2022-08-02,336,38,4,345.17,East
9550,2024-07-04,4,6,1,428.26,East
9551,2023-08-15,802,21,2,125.36,North
9552,2022-05-15,759,37,1,274.63,West
9553,2024-01-24,517,29,3,433.09,North
9554,2023-01-21,497,40,2,273.51,East
9555,2023-01-24,226,21,1,202.46,North
9556,2024-01-14,150,22,1,190.75,North
9557,2023-12-05,238,35,1,198.21,South
9558,2024-07-13,660,46,3,311.56,West
9559,2024-02-12,103,5,3,32.37,West
9560,2024-05-13,175,15,1,213.54,South
9561,2024-11-25,461,41,3,284.69,East
9562,2022-03-20,748,47,1,395.33,East
9563,2023-11-05,34,19,3,269.7,North
9564,2022-11-08,684,16,4,463.82,West
9565,2022-07-23,518,40,1,227.45,North
9566,2024-09-11,440,47,1,328.89,South
9567,2022-01-17,285,43,5,18.61,North
9568,2023-04-21,225,23,5,126.84,East
9569,2024-10-13,565,4,2,409.57,West
9570,2022-07-29,257,21,4,297.25,South
9571,2023-05-14,59,24,4,473.62,East
9572,2023-03-05,944,42,2,378.91,East
9573,2022-02-27,246,26,5,230.34,East
9574,2024-09-20,519,42,2,391.57,East
9575,2023-06-06,214,2,5,239.22,East
9576,2023-08-04,928,40,1,171.78,South
9577,2024-06-17,590,8,2,33.08,East
9578,2023-09-13,701,9,3,434.16,East
9579,2024-12-03,953,2,5,215.28,East
9580,2024-08-23,819,14,1,345.73,West
9581,2024-06-28,216,20,3,85.0,East
9582,2023-05-08,403,2,3,416.19,North
9583,2023-05-14,283,4,4,413.86,South
9584,2024-11-07,831,35,5,246.25,South
9585,2023-08-28,956,14,1,339.35,North
9586,2024-08-05,573,21,5,265.51,East
9587,2022-10-21,573,48,1,280.61,South
9588,2022-06-21,215,15,5,445.51,East
9589,2023-06-15,382,39,3,483.79,West
9590,2022-03-07,45,50,4,190.07,North
9591,2022-05-21,917,20,2,172.55,South
9592,2023-03-22,172,6,5,158.87,South
9593,2022-07-08,221,28,3,387.67,East
9594,2022-06-07,385,48,2,364.22,North
9595,2023-11-01,95,43,2,31.46,West
9596,2022-09-03,859,2,2,53.34,West
9597,2024-05-05,44,28,3,326.64,South
9598,2024-08-01,228,34,1,144.73,East
9599,2024-01-18,574,14,2,54.87,East
9600,2024-11-22,317,9,4,212.7,East
9601,2022-11-26,731,23,1,439.97,West
9602,2023-05-27,335,44,3,189.49,East
9603,2024-04-29,601,35,2,350.86,North
9604,2024-12-30,624,22,3,451.28,South
9605,2022-03-20,719,5,3,92.96,East
9606,2022-06-18,1000,41,2,308.75,West
9607,2024-03-20,467,29,3,454.75,North
9608,2024-09-09,879,35,4,104.77,South
9609,2022-06-29,818,50,4,494.47,South
9610,2022-09-17,715,34,5,188.89,East
9611,2024-10-25,297,4,2,116.59,West
9612,2022-10-24,545,45,2,420.53,West
9613,2023-09-12,489,49,2,239.28,South
9614,2024-05-04,215,9,5,338.63,East
9615,2022-12-26,524,14,4,249.91,West
9616,2022-04-27,2,45,4,325.33,West
9617,2022-12-23,875,5,2,27.33,North
9618,2024-08-14,661,50,3,181.59,South
9619,2023-03-15,654,47,1,332.08,East
9620,2023-06-06,802,27,1,181.88,North
9621,2022-07-18,207,11,2,390.12,East
9622,2024-12-09,341,30,2,480.83,West
9623,2023-11-01,704,37,4,28.33,South
9624,2024-11-19,407,39,4,429.11,North
9625,2022-01-31,853,34,3,92.84,South
9626,2024-10-04,306,24,4,459.5,West
9627,2022-11-29,507,16,1,473.93,South
9628,2023-10-22,910,30,1,288.9,East
9629,2022-06-26,469,24,4,244.72,West
9630,2023-01-05,764,3,1,381.66,East
9631,2023-07-01,716,29,1,459.83,North
9632,2023-06-19,874,42,1,123.9,East
9633,2022-04-07,558,12,1,197.4,North
9634,2022-08-18,886,27,5,214.59,West
9635,2022-08-15,495,29,2,424.45,West
9636,2023-01-06,261,2,3,77.09,South
9637,2022-02-24,578,29,5,315.29,South
9638,2023-02-28,662,40,3,181.96,South
9639,2022-11-11,582,9,5,443.9,West
9640,2022-02-01,364,44,5,176.5,South
9641,2022-04-03,514,28,3,489.19,North
9642,2023-06-03,541,37,2,17.66,West
9643,2024-05-02,768,23,4,127.38,North
9644,2024-01-22,573,13,5,234.09,West
9645,2023-02-20,612,5,2,135.6,South
9646,2023-07-11,896,32,4,371.32,East
9647,2023-01-01,455,28,3,409.13,South
9648,2023-08-22,144,15,5,351.78,North
9649,2022-11-27,192,24,4,485.5,East
9650,2023-11-20,865,32,2,233.46,South
9651,2022-01-11,353,21,4,490.09,West
9652,2024-03-28,782,5,3,71.06,West
9653,2023-02-23,299,37,4,424.51,South
9654,2024-06-29,460,36,1,28.84,North
9655,2022-12-14,427,28,5,270.64,North
9656,2024-08-15,838,32,2,247.39,West
9657,2023-02-16,823,23,2,429.59,North
9658,2022-06-02,716,16,5,353.36,North
9659,2022-04-02,757,50,5,226.12,East
9660,2022-11-27,31,10,1,448.88,East
9661,2024-08-12,332,29,1,444.08,North
9662,2024-08-27,970,27,2,22.12,West
9663,2023-07-08,936,35,4,436.8,East
9664,2024-07-18,411,42,5,268.03,South
9665,2022-07-13,52,45,1,421.09,East
9666,2023-06-14,384,24,1,98.85,South
9667,2024-04-24,243,23,1,84.04,North
9668,2023-10-01,775,3,4,363.88,South
9669,2023-04-23,686,36,2,144.93,North
9670,2023-04-25,612,45,2,283.83,West
9671,2022-10-15,417,14,1,347.52,North
9672,2023-11-29,475,4,4,309.1,North
9673,2023-11-26,392,44,4,352.49,East
9674,2023-06-24,389,48,2,313.98,South
9675,2022-11-26,573,42,5,195.77,West
9676,2023-04-15,968,32,1,54.34,East
9677,2024-04-28,872,20,4,429.12,North
9678,2023-06-18,700,17,5,424.54,East
9679,2023-04-12,469,29,3,12.78,North
9680,2024-09-03,408,39,1,422.02,South
9681,2023-02-24,519,32,3,83.98,North
9682,2024-02-01,189,4,2,173.1,North
9683,2024-10-02,595,24,2,212.54,East
9684,2024-06-09,351,44,2,343.02,North
9685,2022-11-04,932,42,4,55.28,South
9686,2024-07-12,283,2,4,415.06,West
9687,2022-11-30,636,14,5,471.95,South
9688,2024-08-11,157,40,3,476.82,North
9689,2024-10-18,599,42,2,55.0,South
9690,2024-02-28,148,38,2,460.5,North
9691,2024-04-11,70,34,4,288.24,North
9692,2024-04-23,972,46,4,366.19,South
9693,2022-09-07,370,43,4,465.99,East
9694,2022-07-03,588,2,1,333.89,West
9695,2024-03-09,626,36,3,233.8,West
9696,2022-07-05,515,6,3,267.3,North
9697,2024-12-28,234,36,1,345.41,East
9698,2024-04-17,679,22,2,472.9,East
9699,2023-09-19,611,5,5,446.01,West
9700,2024-05-08,636,38,5,292.76,North
9701,2022-01-08,467,41,2,113.4,South
9702,2024-02-22,557,22,5,179.9,North
9703,2024-02-14,894,48,4,187.29,West
9704,2024-10-03,836,11,3,151.7,South
9705,2023-11-08,287,43,4,375.91,North
9706,2022-07-30,618,31,5,419.63,East
9707,2023-05-05,294,42,5,166.72,North
9708,2023-10-01,481,29,3,424.6,South
9709,2022-07-10,134,33,4,369.87,South
9710,2023-11-02,8,22,3,226.15,North
9711,2024-04-22,28,49,5,352.34,West
9712,2022-12-01,783,27,3,386.98,South
9713,2023-08-02,735,8,3,284.91,West
9714,2022-03-03,520,48,5,227.13,North
9715,2023-01-22,310,6,3,59.84,West
9716,2022-06-02,646,46,4,10.67,East
9717,2023-09-11,541,25,5,469.25,North
9718,2023-11-29,627,34,3,141.07,North
9719,2022-06-27,494,9,2,334.86,South
9720,2024-04-26,34,36,4,472.25,North
9721,2023-05-02,7,31,4,410.96,East
9722,2023-05-15,40,19,4,70.07,East
9723,2023-06-25,330,49,1,402.94,North
9724,2022-01-13,909,1,5,365.93,West
9725,2022-05-31,62,24,1,171.4,South
9726,2024-12-09,86,34,3,347.9,West
9727,2024-09-17,725,17,5,414.68,East
9728,2023-10-06,116,34,4,152.8,North
9729,2023-01-07,577,35,4,435.82,North
9730,2022-09-09,297,36,4,48.62,West
9731,2022-02-22,379,13,4,268.45,East
9732,2022-07-12,682,25,3,124.28,South
9733,2023-08-14,628,12,2,366.73,North
9734,2024-12-16,322,21,5,95.68,West
9735,2022-04-07,628,37,2,177.31,East
9736,2022-07-17,733,46,5,72.42,North
9737,2022-05-27,395,38,4,407.84,West
9738,2023-12-24,357,1,1,74.81,West
9739,2023-11-15,562,48,3,364.34,East
9740,2024-11-01,839,6,5,356.54,West
9741,2022-11-29,419,45,4,79.76,North
9742,2023-05-27,478,45,1,287.37,West
9743,2022-06-21,336,11,4,253.47,West
9744,2023-07-18,591,16,3,301.31,South
9745,2023-05-27,1000,22,1,469.24,South
9746,2022-04-15,20,46,5,49.46,East
9747,2023-11-05,412,11,5,412.05,North
9748,2024-03-17,891,37,5,432.43,West
9749,2024-11-30,549,26,5,71.87,South
9750,2024-06-07,259,26,1,331.49,West
9751,2024-05-25,605,42,3,354.04,West
9752,2023-11-08,699,21,1,278.85,West
9753,2022-11-17,357,26,5,256.44,East
9754,2022-12-01,201,15,3,165.73,South
9755,2022-09-21,411,39,2,347.65,West
9756,2024-05-14,288,35,2,149.92,South
9757,2022-12-18,48,11,1,235.41,West
9758,2023-11-07,765,9,5,430.11,West
9759,2024-07-07,558,42,2,53.87,North
9760,2022-01-05,370,23,2,268.9,North
9761,2022-02-03,231,4,4,248.18,South
9762,2022-12-17,95,30,4,195.46,West
9763,2023-08-06,303,28,3,302.79,South
9764,2023-04-10,218,25,3,17.66,West
9765,2022-12-14,552,22,5,251.31,South
9766,2022-05-05,387,25,2,247.99,South
9767,2022-12-23,715,26,1,262.9,East
9768,2023-06-11,628,50,1,114.1,East
9769,2023-05-13,925,29,4,111.72,South
9770,2022-02-22,91,46,3,327.13,North
9771,2022-05-29,58,41,5,55.44,North
9772,2023-05-18,434,32,4,159.9,West
9773,2024-05-19,522,26,4,417.1,East
9774,2022-08-07,768,28,5,60.84,South
9775,2023-03-28,829,20,5,239.35,North
9776,2022-03-24,761,48,2,337.63,West
9777,2024-01-08,483,2,5,79.41,West
9778,2023-06-11,367,23,5,163.11,South
9779,2023-02-08,889,39,4,283.79,West
9780,2022-10-17,829,5,4,170.34,East
9781,2023-02-24,407,21,1,63.87,East
9782,2022-12-05,518,22,1,123.88,North
9783,2024-02-16,331,49,1,63.61,South
9784,2023-12-12,700,11,5,491.94,East
9785,2024-09-13,235,30,2,125.47,North
9786,2024-08-16,883,28,4,269.97,West
9787,2023-11-17,411,36,3,219.98,South
9788,2024-11-25,183,17,2,289.06,South
9789,2023-01-08,287,21,3,254.06,West
9790,2024-09-20,123,37,5,366.31,East
9791,2023-06-15,158,36,3,437.78,West
9792,2024-07-12,323,25,1,149.8,West
9793,2022-01-23,13,24,4,99.97,North
9794,2022-04-14,827,30,2,492.33,South
9795,2022-08-29,566,42,1,434.38,West
9796,2024-10-01,872,35,4,188.32,North
9797,2024-06-21,789,21,1,448.45,West
9798,2024-03-24,555,6,2,338.57,South
9799,2023-10-17,779,21,5,224.34,West
9800,2024-02-22,621,8,3,437.98,South
9801,2022-11-03,835,5,5,340.89,South
9802,2022-01-08,678,40,3,414.96,North
9803,2024-12-28,863,10,3,214.7,West
9804,2023-07-29,920,31,2,401.37,West
9805,2024-12-27,618,30,2,189.79,West
9806,2024-06-30,563,21,5,370.19,East
9807,2023-06-02,204,36,4,223.41,South
9808,2024-11-20,957,27,4,208.55,East
9809,2023-04-28,302,38,5,400.35,South
9810,2022-07-26,43,35,3,71.27,East
9811,2023-10-31,795,32,2,464.82,West
9812,2023-08-02,597,26,5,259.25,North
9813,2023-01-22,729,4,4,321.68,South
9814,2023-02-16,670,27,3,208.58,South
9815,2024-06-09,862,36,4,326.48,East
9816,2024-06-24,506,37,3,357.83,East
9817,2024-08-20,639,27,4,435.55,East
9818,2024-08-22,191,47,1,428.65,North
9819,2022-05-20,778,48,3,185.33,South
9820,2022-10-27,899,6,3,311.77,North
9821,2024-11-02,973,18,3,392.48,North
9822,2023-10-26,60,26,1,384.78,East
9823,2024-04-04,795,44,1,446.56,West
9824,2023-02-04,466,24,4,417.65,East
9825,2024-09-18,379,7,2,361.75,South
9826,2022-05-29,429,44,4,376.94,West
9827,2022-11-03,62,14,3,405.65,South
9828,2024-12-19,920,13,3,420.57,South
9829,2023-03-11,302,26,4,182.81,West
9830,2022-01-21,638,43,5,393.09,East
9831,2024-05-24,974,43,2,475.11,East
9832,2023-01-17,999,2,1,124.15,West
9833,2022-09-02,172,46,2,33.64,North
9834,2023-11-29,505,47,5,45.47,South
9835,2023-08-13,63,23,4,116.19,North
9836,2023-01-25,772,28,4,460.7,South
9837,2023-07-22,16,1,3,72.13,South
9838,2022-09-16,691,32,4,376.33,South
9839,2023-03-02,842,12,5,434.85,North
9840,2024-10-26,880,46,4,439.99,West
9841,2022-01-06,101,50,4,214.21,West
9842,2022-07-10,987,35,5,252.68,North
9843,2022-05-28,176,26,1,168.39,North
9844,2023-02-09,193,31,2,82.2,West
9845,2022-09-15,965,12,4,113.96,East
9846,2023-12-31,973,29,2,76.04,West
9847,2022-03-31,813,5,2,209.69,East
9848,2024-04-03,899,35,3,93.47,West
9849,2022-01-10,273,7,1,207.67,North
9850,2024-04-17,467,16,2,427.08,East
9851,2024-09-14,933,32,3,330.71,East
9852,2023-09-17,773,17,5,334.75,North
9853,2022-01-30,175,21,5,407.81,South
9854,2022-05-08,234,27,5,30.18,East
9855,2023-02-25,812,40,5,399.31,North
9856,2024-12-14,216,47,5,106.21,South
9857,2022-11-01,491,15,3,179.5,East
9858,2023-06-30,417,23,1,160.94,North
9859,2022-01-22,759,8,1,61.77,West
9860,2023-01-26,533,25,3,95.12,West
9861,2023-09-09,451,11,3,478.61,West
9862,2022-05-29,836,21,4,304.13,West
9863,2022-10-26,755,10,2,242.25,South
9864,2022-06-21,800,50,5,381.32,East
9865,2022-02-16,280,9,2,408.73,West
9866,2023-09-18,244,48,4,64.03,West
9867,2022-07-26,675,1,1,373.04,North
9868,2023-03-29,146,22,5,466.87,North
9869,2024-07-13,67,6,1,296.86,East
9870,2024-01-24,103,30,3,310.94,West
9871,2023-12-09,310,34,2,436.5,North
9872,2024-10-05,922,13,1,342.95,South
9873,2023-11-07,956,22,4,497.68,North
9874,2024-05-04,637,6,1,148.52,East
9875,2024-02-22,117,41,5,424.29,West
9876,2023-11-15,472,46,5,310.08,South
9877,2024-08-20,763,24,2,189.21,North
9878,2024-05-13,321,21,3,442.7,North
9879,2022-06-17,435,39,5,498.16,West
9880,2022-03-27,370,23,4,38.35,South
9881,2024-04-28,738,5,2,463.51,South
9882,2024-12-10,700,7,5,109.52,East
9883,2023-03-18,187,3,4,110.54,North
9884,2022-09-28,588,13,1,30.46,South
9885,2022-12-10,785,12,4,461.87,West
9886,2023-05-18,469,6,2,382.11,North
9887,2024-10-30,661,34,5,36.19,West
9888,2023-05-09,707,15,3,320.43,North
9889,2022-09-01,876,47,3,68.87,North
9890,2022-09-24,796,18,4,378.19,East
9891,2024-06-11,473,49,4,210.44,West
9892,2022-07-20,556,3,4,35.37,West
9893,2022-08-27,454,22,5,416.41,West
9894,2024-07-03,446,35,3,290.48,North
9895,2024-08-26,682,28,3,388.71,East
9896,2023-04-29,94,41,2,340.52,West
9897,2022-09-03,736,42,2,222.85,West
9898,2024-10-28,790,12,1,352.35,West
9899,2022-06-01,38,1,5,17.23,North
9900,2022-07-30,782,36,4,176.47,East
9901,2023-01-02,482,30,2,391.15,East
9902,2024-08-01,747,23,1,383.9,North
9903,2022-03-27,111,37,1,444.83,West
9904,2024-12-14,890,28,3,309.41,East
9905,2023-03-22,410,49,5,471.68,East
9906,2023-09-12,168,5,5,283.28,East
9907,2022-10-31,566,36,4,255.22,North
9908,2022-05-12,397,47,5,106.64,West
9909,2024-06-22,127,10,4,391.63,South
9910,2024-09-14,990,5,5,349.11,South
9911,2022-02-16,787,14,3,235.77,North
9912,2024-01-27,42,24,1,52.68,West
9913,2023-11-21,41,28,5,71.59,West
9914,2024-11-13,562,21,5,66.09,East
9915,2023-11-18,487,45,3,194.04,West
9916,2024-02-25,899,40,2,87.9,North
9917,2022-12-06,671,12,4,431.81,West
9918,2023-02-16,844,20,2,450.68,South
9919,2022-10-13,399,32,1,429.82,South
9920,2024-04-29,182,38,2,308.34,East
9921,2023-03-06,181,40,1,302.21,West
9922,2022-01-31,941,42,4,446.55,North
9923,2023-08-26,678,21,3,209.09,South
9924,2023-03-16,744,17,1,40.55,North
9925,2024-09-11,718,1,4,240.49,South
9926,2023-02-16,867,44,3,281.32,South
9927,2023-06-12,464,28,2,279.23,South
9928,2022-11-06,50,2,2,87.91,North
9929,2024-08-06,408,17,1,393.87,North
9930,2023-11-05,401,39,5,368.66,West
9931,2023-03-13,146,14,5,122.63,East
9932,2023-12-05,298,14,3,280.1,West
9933,2023-10-25,145,44,2,397.26,North
9934,2022-12-31,16,48,4,13.77,West
9935,2024-07-11,85,18,3,144.83,North
9936,2022-04-23,216,40,1,241.3,South
9937,2022-06-25,482,34,1,424.07,East
9938,2024-07-24,52,43,3,401.49,East
9939,2023-01-17,548,1,4,83.99,North
9940,2022-11-02,107,42,2,236.74,West
9941,2023-08-25,219,18,2,159.27,North
9942,2022-12-09,935,48,4,206.7,North
9943,2022-06-05,337,34,2,274.91,North
9944,2023-12-13,921,23,5,254.68,North
9945,2024-12-14,371,49,5,79.37,East
9946,2023-02-07,998,16,4,69.63,East
9947,2023-09-06,810,19,5,73.83,West
9948,2024-03-07,254,37,3,422.23,East
9949,2023-09-15,405,6,2,19.77,South
9950,2023-08-26,580,24,3,109.18,South
9951,2022-06-26,985,17,4,478.39,North
9952,2023-03-25,699,48,5,42.35,South
9953,2024-01-13,636,16,3,27.8,East
9954,2022-10-28,30,39,3,199.79,North
9955,2023-12-08,185,48,1,84.09,South
9956,2022-11-03,289,41,3,287.22,West
9957,2024-01-21,359,6,5,175.9,East
9958,2024-05-18,474,16,2,112.4,North
9959,2022-08-02,985,9,2,499.31,North
9960,2023-04-28,565,29,2,177.14,East
9961,2024-12-26,400,4,5,324.09,East
9962,2022-05-13,689,26,2,438.32,West
9963,2023-05-27,984,38,2,461.97,South
9964,2022-07-30,133,26,4,210.96,East
9965,2024-09-14,502,14,4,488.32,East
9966,2024-09-13,503,35,1,365.04,West
9967,2023-12-18,874,49,1,295.81,East
9968,2022-09-10,999,43,3,349.71,North
9969,2022-02-07,77,24,3,186.47,West
9970,2024-12-02,350,8,3,217.96,East
9971,2023-09-21,60,40,1,297.27,East
9972,2024-09-13,455,25,2,170.15,North
9973,2022-02-15,879,4,3,386.72,North
9974,2022-11-01,465,15,2,133.03,West
9975,2022-08-21,311,16,2,400.43,North
9976,2022-09-02,91,11,1,84.56,North
9977,2024-01-30,931,28,4,116.52,North
9978,2024-04-18,965,7,4,379.02,East
9979,2022-06-07,298,50,5,138.94,East
9980,2024-10-21,325,38,4,399.74,South
9981,2022-08-05,280,24,3,394.1,East
9982,2024-07-16,711,31,1,136.08,West
9983,2023-05-22,967,4,2,45.81,North
9984,2024-01-31,118,37,1,91.52,East
9985,2024-06-22,695,35,5,378.74,East
9986,2023-08-04,910,6,5,425.03,South
9987,2024-11-19,567,46,5,197.7,West
9988,2023-09-19,271,33,2,90.47,West
9989,2023-06-04,517,32,5,46.98,North
9990,2022-10-02,101,46,5,115.75,West
9991,2023-05-07,388,38,5,490.05,East
9992,2024-04-06,286,35,2,93.43,West
9993,2024-08-08,980,17,5,52.22,South
9994,2024-07-14,53,32,3,394.88,West
9995,2024-04-26,730,14,1,311.55,East
9996,2024-11-25,841,19,5,272.06,East
9997,2024-12-03,798,24,5,229.45,West
9998,2022-02-08,240,39,1,353.9,East
9999,2022-08-27,214,11,5,352.19,South
10000,2024-11-02,616,7,5,217.97,West
10001,2022-05-02,361,45,3,124.77,West
10002,2022-05-24,364,24,4,422.22,West
10003,2023-11-15,734,24,2,90.66,East
10004,2023-03-31,852,14,2,271.66,East
10005,2023-01-03,860,24,1,349.41,West
10006,2024-01-29,701,11,3,323.05,South
10007,2022-09-04,327,8,2,313.21,North
10008,2024-07-11,836,44,1,334.63,North
10009,2024-12-04,476,15,1,439.07,East
10010,2024-02-04,823,42,1,189.04,South
10011,2023-01-10,611,2,2,317.44,East
10012,2022-07-26,97,24,4,351.51,West
10013,2023-06-03,327,45,1,299.26,East
10014,2022-08-30,73,10,5,452.47,South
10015,2024-03-29,994,32,4,330.84,North
10016,2022-10-29,256,17,4,217.97,South
10017,2023-12-02,743,10,5,424.34,South
10018,2022-10-15,170,22,2,249.89,East
10019,2022-06-03,994,6,2,269.78,South
10020,2023-02-27,333,27,3,295.32,South
10021,2024-04-29,157,20,2,168.16,East
10022,2022-02-19,419,1,3,364.04,South
10023,2023-07-18,941,17,1,58.08,South
10024,2024-05-03,458,1,2,435.74,South
10025,2024-06-01,734,37,2,379.72,North
10026,2023-10-24,876,15,5,183.28,South
10027,2023-07-19,858,1,1,120.93,South
10028,2022-08-01,99,17,3,200.07,West
10029,2024-12-25,732,46,1,404.48,South
10030,2024-03-21,925,45,4,25.47,West
10031,2024-04-29,244,43,5,239.28,East
10032,2024-05-30,966,44,4,134.51,East
10033,2024-12-24,771,38,3,438.73,West
10034,2022-11-30,477,43,2,212.78,East
10035,2022-02-01,441,2,2,351.97,East
10036,2024-05-17,194,18,2,185.37,North
10037,2024-06-16,375,12,3,171.55,West
10038,2023-08-24,662,29,4,169.68,East
10039,2024-09-14,367,23,3,342.31,West
10040,2023-08-22,155,47,3,482.48,East
10041,2023-06-04,499,9,4,111.99,West
10042,2024-05-18,534,8,2,325.51,South
10043,2022-01-16,458,50,5,140.06,West
10044,2022-10-10,628,16,3,279.18,West
10045,2022-12-27,113,23,3,275.38,West
10046,2024-11-24,945,29,4,230.52,South
10047,2022-04-23,723,10,5,254.34,West
10048,2022-11-04,24,12,3,441.31,East
10049,2024-08-16,283,12,1,53.42,East
10050,2024-12-12,292,30,5,416.84,South
10051,2024-04-13,363,10,3,236.53,West
10052,2022-08-30,401,14,5,173.46,East
10053,2022-01-31,568,4,1,96.8,West
10054,2023-12-05,266,47,1,409.26,North
10055,2024-05-18,54,20,5,300.1,West
10056,2022-08-21,849,41,2,366.9,South
10057,2024-11-23,620,39,5,164.33,West
10058,2024-08-08,714,7,4,202.55,East
10059,2022-02-28,714,30,2,457.69,West
10060,2024-02-10,422,41,1,480.98,South
10061,2023-12-19,849,24,2,372.52,East
10062,2022-10-29,895,10,1,377.22,North
10063,2024-03-13,474,45,1,350.26,North
10064,2024-06-15,730,38,1,297.73,West
10065,2022-04-22,243,36,4,301.59,West
10066,2022-11-13,354,17,4,482.26,North
10067,2023-10-30,388,21,3,377.95,South
10068,2023-11-21,178,46,4,331.12,East
10069,2022-01-18,475,3,1,102.64,South
10070,2024-02-17,573,1,5,488.77,South
10071,2022-12-26,405,18,2,264.94,South
10072,2022-11-28,36,2,5,472.42,North
10073,2023-06-12,358,40,1,359.64,North
10074,2022-01-12,558,48,5,29.64,East
10075,2022-07-31,607,4,2,274.11,North
10076,2023-10-03,327,32,3,447.41,East
10077,2022-10-10,44,19,3,35.37,East
10078,2024-02-19,320,20,4,434.7,North
10079,2024-11-19,738,42,5,310.56,North
10080,2024-10-29,658,49,4,31.82,North
10081,2023-11-08,472,49,4,193.06,East
10082,2023-12-06,269,7,5,24.78,South
10083,2023-03-02,525,9,5,10.84,East
10084,2023-08-14,25,7,2,449.25,East
10085,2022-04-01,773,27,5,376.8,West
10086,2023-04-01,640,21,5,151.84,West
10087,2023-03-20,551,35,4,65.72,South
10088,2022-03-20,157,24,3,36.67,East
10089,2024-07-15,876,32,1,459.44,East
10090,2022-04-13,185,12,3,316.52,North
10091,2023-09-15,174,23,5,88.67,West
10092,2024-09-16,929,36,1,343.92,North
10093,2022-08-22,984,49,5,499.46,West
10094,2023-10-06,394,29,2,396.13,West
10095,2024-02-29,186,3,5,228.8,South
10096,2023-01-22,281,43,1,408.95,North
10097,2024-04-26,586,8,2,374.71,West
10098,2022-02-07,295,34,1,53.44,North
10099,2022-08-29,528,14,2,463.59,North
10100,2024-11-15,188,36,4,443.21,West
10101,2023-07-16,412,48,1,299.37,South
10102,2024-03-16,972,46,4,258.99,South
10103,2022-10-25,684,32,4,121.59,North
10104,2024-03-15,186,7,5,418.88,West
10105,2022-06-03,544,10,3,221.62,West
10106,2024-01-02,575,12,2,293.86,East
10107,2023-04-13,861,40,1,93.34,South
10108,2022-02-18,301,23,4,114.77,West
10109,2022-02-15,309,11,5,492.75,South
10110,2024-02-19,189,13,1,252.06,East
10111,2022-03-23,818,12,5,409.71,East
10112,2024-12-03,411,7,1,416.57,North
10113,2024-08-12,538,44,5,490.94,East
10114,2022-09-30,387,10,5,491.62,East
10115,2023-01-29,858,7,3,233.91,West
10116,2024-02-29,551,27,4,475.66,West
10117,2023-08-18,193,7,2,189.07,East
10118,2022-02-27,163,50,2,307.74,West
10119,2023-07-19,53,24,1,412.64,West
10120,2022-01-01,475,23,1,457.76,North
10121,2022-08-04,174,25,3,266.68,West
10122,2024-02-05,196,44,1,214.75,North
10123,2023-11-02,211,36,2,366.97,West
10124,2023-05-26,790,33,4,233.4,North
10125,2024-07-03,700,37,3,339.18,North
10126,2022-04-05,390,42,1,404.07,South
10127,2023-05-08,308,39,3,422.15,North
10128,2024-02-04,457,7,3,134.61,West
10129,2024-10-18,331,30,3,290.01,North
10130,2022-05-30,726,31,1,22.27,East
10131,2024-11-12,495,45,5,400.9,North
10132,2024-01-26,329,46,1,71.3,North
10133,2023-02-03,29,37,1,437.13,East
10134,2023-02-14,683,21,1,209.34,West
10135,2022-05-11,122,34,1,91.96,West
10136,2024-05-04,458,46,1,399.95,West
10137,2022-05-28,418,21,3,108.14,North
10138,2023-01-16,159,40,3,203.26,East
10139,2023-07-06,598,20,1,287.77,South
10140,2022-10-22,814,34,4,186.41,West
10141,2023-04-01,516,8,4,97.72,East
10142,2022-06-18,2,32,5,208.99,East
10143,2023-12-11,645,30,4,80.68,West
10144,2022-02-06,302,29,2,362.39,South
10145,2022-08-19,79,5,2,94.04,West
10146,2022-09-11,659,30,4,246.37,East
10147,2022-11-25,678,12,1,284.59,East
10148,2024-09-06,315,39,4,473.08,South
10149,2022-01-10,975,27,2,48.35,East
10150,2023-03-22,750,13,4,465.92,West
10151,2024-07-10,328,47,3,112.03,West
10152,2024-04-15,276,10,5,422.06,South
10153,2022-03-19,716,36,3,54.34,West
10154,2022-07-12,452,31,3,494.46,West
10155,2023-02-05,565,16,5,405.74,West
10156,2022-04-19,486,39,1,40.85,South
10157,2024-03-02,107,45,5,114.91,South
10158,2022-09-20,567,36,1,278.79,North
10159,2022-11-25,246,26,2,266.55,South
10160,2022-12-29,935,44,4,318.34,East
10161,2022-09-16,889,20,2,237.12,North
10162,2022-03-26,164,34,2,369.74,East
10163,2022-11-04,954,37,2,180.76,South
10164,2022-09-19,527,8,4,96.43,West
10165,2024-03-07,1,4,1,26.55,West
10166,2023-09-23,863,29,5,169.14,North
10167,2023-11-11,137,31,1,219.17,East
10168,2024-05-14,151,2,1,332.94,North
10169,2022-11-20,180,25,3,405.16,North
10170,2024-07-13,922,38,4,127.63,West
10171,2023-12-28,744,3,1,251.67,South
10172,2024-09-04,487,46,1,124.53,North
10173,2022-08-05,700,42,2,476.07,West
10174,2023-03-24,18,43,3,327.3,East
10175,2022-11-15,225,5,5,342.17,North
10176,2024-09-20,105,22,3,270.3,North
10177,2022-02-06,999,16,2,148.1,South
10178,2024-01-01,718,9,2,108.21,South
10179,2024-10-07,698,48,2,331.76,South
10180,2024-11-23,65,9,4,461.64,South
10181,2022-02-08,333,49,2,114.32,South
10182,2022-07-28,372,12,1,290.16,West
10183,2024-04-09,207,47,4,269.37,North
10184,2024-05-05,229,42,2,324.41,West
10185,2024-06-17,581,4,4,298.02,West
10186,2023-08-24,142,49,1,143.67,South
10187,2024-01-30,718,18,2,348.81,North
10188,2023-03-10,686,18,2,143.6,South
10189,2024-04-21,709,42,1,329.97,South
10190,2022-02-01,331,43,2,156.97,East
10191,2023-01-28,928,33,1,50.39,South
10192,2024-06-28,819,42,2,72.34,South
10193,2022-07-11,709,3,2,418.71,West
10194,2022-09-27,740,38,3,69.46,West
10195,2024-01-08,271,17,4,171.95,North
10196,2022-03-18,949,12,5,150.94,North
10197,2024-01-05,711,11,3,38.35,South
10198,2024-06-02,325,17,3,303.76,South
10199,2022-10-11,990,35,4,401.4,East
10200,2023-06-28,527,41,3,496.24,East
10201,2023-10-11,798,50,1,468.66,West
10202,2022-09-07,846,6,3,34.17,North
10203,2022-04-05,920,35,5,136.18,North
10204,2022-01-17,728,6,1,211.94,North
10205,2022-04-27,547,32,4,438.76,West
10206,2024-09-09,69,11,4,186.44,North
10207,2022-11-29,908,43,4,289.45,West
10208,2023-10-08,212,39,1,333.2,West
10209,2022-04-26,558,13,4,156.0,North
10210,2024-08-20,382,13,4,295.15,East
10211,2024-04-26,965,39,5,34.93,East
10212,2022-11-12,760,46,2,245.29,North
10213,2024-03-20,420,34,2,195.48,East
10214,2023-01-07,597,3,2,184.32,East
10215,2024-01-30,48,32,4,125.1,West
10216,2024-05-26,231,4,1,410.69,West
10217,2024-09-03,579,40,4,442.14,North
10218,2022-06-05,477,1,2,445.18,South
10219,2023-09-06,950,9,5,204.09,North
10220,2024-11-02,89,49,4,136.99,North
10221,2023-05-23,731,50,4,58.22,West
10222,2023-04-10,932,7,4,339.48,North
10223,2024-02-22,52,27,1,171.78,East
10224,2024-03-14,534,3,5,145.57,North
10225,2022-08-08,422,22,5,192.0,South
10226,2022-01-15,611,16,5,281.81,West
10227,2022-04-27,446,8,5,89.34,West
10228,2022-11-27,961,5,2,481.06,North
10229,2022-02-25,131,49,4,368.98,North
10230,2022-11-04,600,30,5,32.92,South
10231,2022-08-10,648,28,3,160.33,East
10232,2024-03-07,374,27,3,34.63,East
10233,2022-05-31,551,50,2,122.45,West
10234,2022-04-22,530,22,3,150.43,North
10235,2023-11-14,105,30,3,361.81,West
10236,2022-11-28,387,37,3,362.18,South
10237,2024-06-11,658,7,2,32.21,East
10238,2022-06-10,336,50,4,298.18,East
10239,2022-10-05,736,30,2,480.85,South
10240,2024-06-15,117,13,1,317.9,South
10241,2023-05-12,1,22,1,480.67,West
10242,2023-10-17,629,11,3,196.47,West
10243,2024-11-25,896,5,3,235.29,South
10244,2022-10-30,538,22,4,252.79,West
10245,2023-03-14,436,15,3,462.73,West
10246,2023-12-27,496,39,1,196.34,East
10247,2024-11-21,12,37,3,491.88,North
10248,2022-07-05,294,31,4,276.13,South
10249,2023-11-04,508,29,1,116.88,North
10250,2024-09-27,853,39,3,60.81,South
10251,2022-10-06,681,17,4,94.71,South
10252,2023-11-14,565,41,4,29.25,West
10253,2024-10-22,781,6,1,349.23,West
10254,2024-10-07,760,41,1,263.28,South
10255,2024-07-13,128,17,1,371.58,South
10256,2023-01-15,76,34,4,393.31,West
10257,2024-04-14,269,23,1,466.37,West
10258,2024-09-25,146,30,1,67.33,North
10259,2022-10-12,915,13,4,101.19,East
10260,2023-02-25,403,30,4,278.65,East
10261,2022-04-23,499,49,1,73.47,North
10262,2024-10-14,966,20,1,55.43,South
10263,2022-08-16,560,6,1,336.51,West
10264,2023-06-12,199,31,4,365.11,South
10265,2023-05-11,583,19,5,423.27,East
10266,2022-01-31,924,6,2,458.72,West
10267,2022-06-11,503,34,3,226.82,North
10268,2023-12-06,604,28,2,490.14,North
10269,2023-12-23,403,13,4,28.56,East
10270,2023-03-22,976,10,5,436.36,South
10271,2024-01-14,209,41,4,167.52,South
10272,2023-03-03,342,45,1,461.64,South
10273,2023-05-19,851,7,3,119.08,East
10274,2023-12-22,48,18,2,373.09,East
10275,2023-11-15,541,22,4,218.47,East
10276,2023-08-05,176,14,5,196.92,South
10277,2024-11-23,511,36,1,39.12,North
10278,2024-01-06,19,8,5,355.9,South
10279,2023-11-22,495,12,3,95.92,East
10280,2024-01-28,355,40,5,236.87,West
10281,2024-01-24,559,48,5,79.24,East
10282,2022-01-24,345,33,1,306.19,West
10283,2022-02-24,60,24,5,123.22,East
10284,2024-11-15,688,42,1,301.25,East
10285,2024-03-14,767,39,3,473.84,West
10286,2022-11-23,916,14,4,461.25,East
10287,2024-08-27,229,49,1,108.23,North
10288,2022-07-05,147,5,4,58.6,West
10289,2023-05-10,298,19,2,30.9,East
10290,2024-11-01,333,3,5,415.97,West
10291,2023-03-10,751,1,4,132.16,West
10292,2022-07-27,332,40,5,149.13,West
10293,2022-05-13,433,41,1,120.86,North
10294,2023-01-04,399,37,5,421.64,East
10295,2023-02-27,700,33,3,489.66,North
10296,2024-10-29,836,49,4,380.04,West
10297,2022-09-01,335,46,5,413.55,West
10298,2024-02-21,209,17,4,314.05,South
10299,2023-09-16,411,9,4,269.1,South
10300,2023-07-21,587,31,3,363.57,South
10301,2023-06-11,695,35,1,27.52,West
10302,2022-02-06,599,3,5,40.09,North
10303,2022-06-27,271,13,2,346.76,West
10304,2023-10-01,180,37,4,174.18,West
10305,2024-05-01,415,38,1,249.53,North
10306,2022-03-13,757,14,2,393.18,East
10307,2022-12-18,346,6,4,292.81,South
10308,2023-09-15,519,29,2,404.58,West
10309,2022-04-15,781,49,5,215.39,West
10310,2022-08-09,438,9,5,150.84,East
10311,2024-05-12,13,36,4,125.07,South
10312,2023-06-02,404,23,4,74.52,East
10313,2022-10-26,738,15,5,28.03,South
10314,2024-05-10,778,50,1,36.04,West
10315,2022-02-11,754,47,2,142.79,South
10316,2024-02-10,380,50,4,146.42,West
10317,2024-06-15,692,7,4,197.07,North
10318,2023-05-07,421,47,3,299.89,North
10319,2024-12-06,180,25,2,382.06,North
10320,2022-03-26,638,37,5,106.88,East
10321,2024-12-17,283,23,4,382.03,East
10322,2024-09-17,418,11,4,78.1,West
10323,2023-12-12,356,46,5,494.46,East
10324,2022-07-28,702,8,2,149.67,East
10325,2022-02-08,16,36,1,420.29,East
10326,2024-07-14,315,42,5,103.33,North
10327,2024-02-01,533,39,1,475.81,East
10328,2024-08-03,16,1,4,415.05,South
10329,2022-02-21,465,44,1,186.1,East
10330,2023-01-09,463,13,1,216.52,South
10331,2024-07-19,781,16,5,11.88,North
10332,2022-06-05,545,46,4,133.2,West
10333,2023-11-10,694,13,2,151.76,East
10334,2022-12-17,69,37,3,231.84,West
10335,2022-03-10,411,14,1,78.13,West
10336,2024-12-11,52,13,4,244.6,West
10337,2023-10-16,65,46,3,337.55,West
10338,2022-03-04,812,12,2,191.93,East
10339,2023-05-24,926,28,3,123.78,South
10340,2022-10-19,919,22,2,278.38,West
10341,2024-03-31,847,20,3,24.21,North
10342,2022-05-30,740,47,2,177.01,North
10343,2024-05-30,467,19,1,268.52,South
10344,2023-12-05,734,11,3,174.56,West
10345,2023-05-31,272,30,2,179.26,North
10346,2022-01-30,439,26,4,425.67,East
10347,2022-11-22,530,15,5,467.66,North
10348,2024-08-06,730,30,3,415.42,West
10349,2022-01-16,273,29,3,58.45,West
10350,2022-04-21,459,32,3,151.97,West
10351,2024-05-21,820,30,3,358.53,West
10352,2023-12-14,173,44,5,487.45,North
10353,2022-04-17,568,16,3,128.72,East
10354,2023-01-14,861,36,1,450.12,West
10355,2022-06-11,950,18,1,372.12,West
10356,2022-10-10,521,41,4,491.89,South
10357,2022-09-26,497,48,5,55.86,North
10358,2023-04-29,913,39,4,203.43,East
10359,2023-10-29,795,28,1,244.28,East
10360,2023-08-21,805,19,3,339.32,East
10361,2024-03-09,534,11,3,330.45,South
10362,2024-03-08,72,17,2,454.11,North
10363,2023-01-25,963,21,5,420.95,West
10364,2023-02-20,934,37,2,37.13,North
10365,2023-03-02,867,44,5,248.4,South
10366,2024-09-23,992,34,5,209.46,West
10367,2024-05-16,840,33,3,498.6,South
10368,2022-03-27,172,29,3,219.36,East
10369,2023-02-27,635,4,4,344.48,South
10370,2022-04-28,603,32,1,149.37,West
10371,2024-08-16,736,11,1,311.17,West
10372,2024-05-31,292,26,3,111.25,South
10373,2024-09-18,866,18,1,305.77,North
10374,2023-02-19,252,32,5,435.41,North
10375,2023-08-22,409,27,1,19.43,North
10376,2022-02-09,991,16,4,257.25,East
10377,2023-12-04,810,10,1,491.36,East
10378,2023-06-21,367,44,1,88.04,East
10379,2023-02-24,256,34,4,99.87,East
10380,2023-10-26,525,33,4,240.7,North
10381,2022-04-05,440,10,3,436.79,North
10382,2024-08-30,335,42,4,285.75,South
10383,2023-10-12,630,26,3,259.27,East
10384,2022-10-15,435,42,5,52.51,South
10385,2023-02-16,690,25,2,481.37,East
10386,2023-02-04,461,2,1,180.09,West
10387,2023-06-12,308,26,4,133.39,East
10388,2024-11-07,673,20,1,211.75,East
10389,2022-05-16,95,3,5,212.95,North
10390,2024-01-29,409,32,2,234.68,West
10391,2024-04-22,880,1,4,347.38,East
10392,2023-12-11,826,24,3,435.29,West
10393,2024-10-21,168,50,3,38.08,South
10394,2023-01-16,87,43,4,250.48,South
10395,2023-05-24,934,44,4,212.85,North
10396,2024-03-16,3,33,5,15.33,East
10397,2023-04-21,372,38,2,410.08,North
10398,2024-08-11,528,48,4,61.11,South
10399,2024-04-28,642,35,3,66.23,East
10400,2024-06-15,23,17,2,33.67,West
10401,2022-02-01,98,48,4,108.21,North
10402,2022-04-28,670,43,2,96.64,East
10403,2022-07-10,751,48,5,180.45,South
10404,2022-03-15,522,44,4,333.04,West
10405,2023-09-15,321,33,4,36.6,East
10406,2024-05-20,534,11,2,431.54,East
10407,2023-08-09,820,23,4,170.02,North
10408,2023-02-24,367,38,2,307.24,West
10409,2023-04-18,184,32,2,15.88,North
10410,2022-04-24,417,19,4,189.25,West
10411,2022-11-26,729,12,3,11.0,East
10412,2022-12-05,214,28,5,91.07,West
10413,2022-08-26,848,2,2,229.45,East
10414,2022-03-20,670,10,3,272.19,South
10415,2023-04-09,210,19,2,84.94,South
10416,2023-08-28,920,28,3,375.16,South
10417,2023-07-16,133,47,4,102.61,North
10418,2022-10-12,53,8,5,66.76,West
10419,2022-08-11,741,43,3,173.38,South
10420,2023-08-16,695,23,1,280.2,West
10421,2023-01-08,23,48,2,494.56,North
10422,2024-06-29,106,45,3,215.17,South
10423,2024-04-07,603,30,5,218.74,South
10424,2022-08-24,631,28,5,39.07,West
10425,2023-11-02,460,13,5,385.25,South
10426,2024-04-07,650,37,3,99.07,East
10427,2024-02-02,482,12,3,374.95,East
10428,2023-01-15,120,10,4,456.2,South
10429,2024-03-04,673,17,1,386.43,East
10430,2023-09-06,208,1,3,324.8,North
10431,2023-07-17,861,22,4,305.92,North
10432,2023-02-24,318,15,2,232.28,West
10433,2022-02-21,338,16,1,80.83,East
10434,2024-03-29,155,20,5,391.63,South
10435,2022-07-24,775,10,1,243.89,East
10436,2024-09-27,868,42,2,316.57,East
10437,2024-01-01,155,26,3,193.27,West
10438,2022-09-14,842,49,3,108.35,North
10439,2022-07-04,394,23,4,405.19,South
10440,2022-05-25,505,17,3,177.78,North
10441,2024-11-03,971,34,3,434.67,East
10442,2022-09-03,313,41,1,483.21,East
10443,2022-07-06,798,22,2,416.69,South
10444,2024-05-15,259,4,5,72.79,West
10445,2022-02-09,157,7,5,428.96,South
10446,2023-08-24,14,5,4,264.49,North
10447,2024-08-19,77,31,2,128.29,South
10448,2024-09-12,339,19,1,55.65,West
10449,2022-01-09,409,4,5,146.47,South
10450,2022-12-16,394,50,4,77.34,East
10451,2022-03-25,847,22,3,22.57,East
10452,2023-06-17,220,3,3,494.0,East
10453,2024-09-15,744,23,1,417.46,South
10454,2022-12-24,433,4,5,372.09,West
10455,2023-01-13,806,46,3,104.58,West
10456,2022-06-21,455,24,4,23.59,South
10457,2024-11-14,654,14,4,247.75,West
10458,2023-01-28,763,49,5,373.43,East
10459,2023-12-03,926,41,1,481.79,West
10460,2023-07-03,808,3,4,423.5,West
10461,2024-02-23,140,47,2,447.82,West
10462,2022-11-28,988,21,4,126.94,South
10463,2024-03-04,498,26,1,86.11,East
10464,2023-10-11,654,1,4,131.41,South
10465,2024-09-09,641,30,3,77.9,East
10466,2024-11-18,836,4,1,401.26,North
10467,2023-06-27,817,14,3,452.49,West
10468,2024-11-08,530,18,3,160.6,South
10469,2023-05-06,755,12,5,439.69,West
10470,2022-10-10,676,38,1,36.97,North
10471,2024-05-11,832,42,3,341.9,East
10472,2022-04-23,96,36,5,268.47,North
10473,2024-05-11,28,16,5,145.6,South
10474,2023-09-02,988,1,3,386.42,West
10475,2023-05-23,230,3,3,113.9,North
10476,2023-04-11,416,39,2,213.91,East
10477,2024-04-03,456,35,1,357.83,North
10478,2023-09-01,25,15,5,175.73,West
10479,2022-10-17,687,38,1,429.13,East
10480,2024-05-17,404,16,5,434.06,East
10481,2024-02-21,673,17,4,109.24,West
10482,2022-06-11,542,34,4,225.79,North
10483,2023-09-16,165,10,5,221.69,East
10484,2023-12-18,208,11,2,210.92,West
10485,2023-07-21,949,28,4,255.97,East
10486,2024-09-20,985,27,1,46.44,South
10487,2023-08-19,614,38,3,436.32,East
10488,2024-08-16,373,18,1,152.06,North
10489,2024-10-09,618,47,1,10.89,East
10490,2023-04-20,842,48,1,345.7,South
10491,2023-09-10,69,30,5,328.73,East
10492,2023-10-03,520,13,5,491.75,East
10493,2022-09-19,635,16,1,362.43,West
10494,2022-06-11,353,2,3,173.03,West
10495,2022-06-30,101,20,2,476.78,East
10496,2023-12-26,1,12,2,189.02,West
10497,2023-04-14,351,29,4,412.41,West
10498,2022-01-21,7,46,4,174.48,West
10499,2022-09-17,318,8,3,33.87,East
10500,2023-04-11,623,38,1,369.55,South
10501,2023-06-21,855,46,5,181.6,East
10502,2024-08-09,509,47,4,176.05,East
10503,2024-02-05,186,20,1,360.77,West
10504,2024-08-16,728,35,2,167.8,East
10505,2024-07-22,462,39,3,67.83,North
10506,2024-04-30,343,31,5,208.21,East
10507,2023-06-17,635,16,5,413.68,West
10508,2022-01-15,713,23,4,73.8,South
10509,2022-02-19,8,34,1,281.7,East
10510,2024-09-25,576,32,5,74.81,South
10511,2022-10-31,136,17,2,34.1,North
10512,2023-02-20,899,43,2,195.57,South
10513,2022-11-01,383,24,3,332.36,East
10514,2022-07-15,186,35,3,144.74,South
10515,2024-03-23,639,23,2,228.41,West
10516,2024-03-10,928,8,2,250.75,West
10517,2023-01-23,372,23,1,422.23,North
10518,2024-01-27,964,21,5,411.3,West
10519,2023-03-31,561,19,1,11.15,East
10520,2023-12-14,166,31,3,212.82,North
10521,2023-12-06,898,50,3,331.48,East
10522,2024-04-27,639,7,3,427.67,North
10523,2022-06-24,905,48,5,33.96,West
10524,2024-12-25,814,24,4,317.84,West
10525,2022-10-06,321,46,3,422.59,East
10526,2024-01-28,689,8,3,134.99,North
10527,2022-12-29,715,13,1,110.58,West
10528,2022-06-20,157,3,1,239.25,West
10529,2024-12-10,858,34,4,481.66,North
10530,2023-10-27,731,13,4,349.51,South
10531,2023-08-15,998,32,4,218.0,South
10532,2024-07-19,285,35,4,20.22,West
10533,2022-10-01,801,21,1,282.8,East
10534,2023-05-23,28,1,3,180.91,East
10535,2022-12-29,351,2,1,101.0,North
10536,2024-04-27,83,42,2,255.07,South
10537,2023-10-17,624,43,2,177.28,East
10538,2022-10-25,666,26,3,28.98,South
10539,2023-05-09,370,3,4,365.5,West
10540,2023-06-30,541,24,3,368.97,East
10541,2022-10-31,395,26,2,313.23,South
10542,2024-06-22,480,8,3,422.0,East
10543,2022-08-27,213,47,4,109.56,South
10544,2023-10-12,614,37,1,150.24,North
10545,2024-06-02,930,8,4,234.74,East
10546,2023-02-14,360,18,1,39.49,South
10547,2023-12-27,214,18,2,442.94,North
10548,2024-11-12,304,12,5,250.41,East
10549,2022-11-14,155,36,3,169.08,South
10550,2023-06-09,380,40,5,244.2,East
10551,2024-06-23,200,2,4,169.31,East
10552,2024-10-20,680,20,1,150.27,North
10553,2023-09-12,238,3,4,229.53,East
10554,2024-08-10,671,40,4,246.13,South
10555,2024-03-11,705,44,2,222.34,East
10556,2024-07-04,167,34,4,278.49,East
10557,2022-11-16,226,49,3,393.86,North
10558,2024-05-25,879,46,2,38.06,North
10559,2022-11-25,251,46,5,407.64,South
10560,2024-01-23,280,6,4,121.98,West
10561,2023-10-19,476,40,5,133.53,North
10562,2024-11-03,498,10,3,303.74,North
10563,2022-03-12,964,24,3,488.08,South
10564,2024-04-06,978,18,3,18.53,West
10565,2024-05-14,733,33,5,339.84,East
10566,2024-07-16,535,39,5,351.48,East
10567,2022-04-16,997,7,1,291.09,East
10568,2024-02-09,701,45,2,14.75,South
10569,2024-06-11,411,48,4,307.11,South
10570,2022-07-15,784,44,2,66.36,South
10571,2022-05-25,429,29,3,48.25,North
10572,2023-04-16,539,19,4,351.07,South
10573,2022-08-04,969,38,1,353.11,West
10574,2022-09-17,901,39,2,446.06,North
10575,2024-07-22,443,25,3,11.66,East
10576,2023-07-29,968,17,4,195.59,North
10577,2022-10-12,210,37,4,16.01,North
10578,2023-04-29,547,3,3,188.68,North
10579,2023-01-07,710,24,5,250.91,South
10580,2022-03-11,491,18,2,269.57,West
10581,2023-01-14,471,49,4,184.41,South
10582,2022-10-29,686,26,5,365.4,East
10583,2022-09-12,730,21,1,213.64,North
10584,2024-08-01,568,11,4,263.39,North
10585,2023-11-23,895,41,4,402.04,North
10586,2024-04-13,999,17,1,95.41,West
10587,2023-12-18,664,45,1,167.24,North
10588,2023-02-28,906,38,4,265.5,South
10589,2022-08-01,463,21,3,386.13,West
10590,2022-04-10,550,4,1,218.42,West
10591,2022-11-04,980,32,5,45.66,North
10592,2023-11-09,477,18,1,494.53,West
10593,2023-04-20,198,44,4,356.88,South
10594,2022-04-22,944,28,4,364.14,East
10595,2022-07-02,521,36,2,237.9,East
10596,2023-08-20,499,37,5,278.05,West
10597,2022-06-14,511,44,2,497.08,South
10598,2024-03-25,690,50,1,301.61,West
10599,2022-03-31,325,26,2,117.28,South
10600,2023-03-31,688,49,4,482.55,North
10601,2022-08-26,935,24,3,273.5,North
10602,2023-06-18,467,10,1,20.13,North
10603,2023-12-28,773,38,4,290.94,North
10604,2022-02-27,596,49,1,44.53,East
10605,2023-06-26,139,8,2,268.52,North
10606,2024-10-18,242,2,2,414.41,North
10607,2023-09-10,316,44,1,274.04,South
10608,2023-02-06,667,35,1,192.99,West
10609,2024-10-02,733,21,2,442.48,East
10610,2024-04-21,135,27,1,464.52,South
10611,2024-04-18,188,23,2,180.27,West
10612,2023-06-03,690,32,1,254.49,North
10613,2022-07-16,579,26,3,491.63,West
10614,2022-02-15,69,7,1,97.27,East
10615,2023-06-14,439,33,1,156.1,North
10616,2024-09-26,77,17,4,219.93,North
10617,2024-02-15,400,8,3,59.44,West
10618,2022-03-15,374,42,2,143.3,East
10619,2022-12-01,12,17,2,276.9,South
10620,2023-09-25,487,48,5,121.96,West
10621,2023-11-19,795,42,3,346.28,West
10622,2023-07-29,758,47,3,180.36,South
10623,2022-10-23,749,48,1,54.0,North
10624,2024-11-04,764,18,4,384.62,West
10625,2023-04-23,417,36,2,288.03,South
10626,2023-09-25,207,39,2,414.19,West
10627,2022-11-15,341,44,4,186.47,East
10628,2023-04-24,620,23,4,19.5,West
10629,2023-01-03,721,12,3,32.88,South
10630,2023-01-02,311,23,4,399.77,West
10631,2023-01-13,308,33,4,211.21,West
10632,2023-04-08,293,28,1,488.43,West
10633,2022-01-13,625,44,3,416.85,East
10634,2023-06-20,376,23,5,17.9,East
10635,2022-09-27,527,7,5,436.29,East
10636,2024-12-29,340,47,2,114.3,North
10637,2023-01-11,83,2,4,248.27,East
10638,2022-09-14,577,1,1,258.0,West
10639,2022-08-05,452,4,4,39.26,West
10640,2023-03-26,3,8,2,71.58,East
10641,2024-06-12,456,49,4,217.29,South
10642,2022-02-01,873,29,5,324.88,North
10643,2023-09-02,236,18,3,139.56,West
10644,2024-07-05,389,37,4,267.94,South
10645,2023-06-26,393,31,5,195.78,East
10646,2022-05-28,641,6,5,318.88,West
10647,2023-10-18,759,44,2,217.97,North
10648,2022-03-08,747,24,3,427.3,South
10649,2023-07-24,30,48,2,492.03,South
10650,2024-01-18,583,41,1,457.4,North
10651,2023-03-19,982,15,3,92.62,North
10652,2024-06-15,148,40,1,234.02,East
10653,2023-02-03,605,12,3,234.82,South
10654,2023-04-27,283,46,5,421.83,South
10655,2024-08-05,729,49,1,185.02,West
10656,2022-07-05,238,14,3,279.3,South
10657,2022-06-18,739,27,3,308.55,North
10658,2023-05-22,731,37,1,64.65,East
10659,2023-06-05,319,13,3,283.4,East
10660,2022-06-10,971,38,2,130.95,South
10661,2022-12-06,337,46,2,111.24,South
10662,2023-12-05,31,38,1,132.65,East
10663,2024-04-02,978,3,5,58.68,North
10664,2024-02-24,915,16,4,44.17,West
10665,2022-05-11,626,12,1,326.96,East
10666,2023-05-31,614,14,1,471.08,North
10667,2023-06-20,605,34,1,347.12,West
10668,2024-01-11,207,50,1,162.81,North
10669,2024-02-20,958,31,2,174.17,North
10670,2023-08-11,903,39,1,275.28,South
10671,2023-12-27,229,5,5,434.49,West
10672,2024-07-31,933,12,4,109.21,West
10673,2024-09-23,583,26,4,239.57,West
10674,2023-01-11,342,17,5,254.48,East
10675,2022-07-23,460,44,1,466.3,North
10676,2024-09-15,136,11,4,272.71,East
10677,2023-10-23,953,33,2,392.62,North
10678,2022-03-16,978,41,4,53.02,South
10679,2024-01-11,284,40,5,170.19,East
10680,2022-10-31,850,46,4,309.6,North
10681,2024-12-21,351,4,5,342.04,North
10682,2023-07-24,17,32,1,443.75,North
10683,2024-02-25,215,31,4,299.31,North
10684,2024-09-13,395,11,5,151.89,North
10685,2022-08-17,399,17,2,274.16,South
10686,2024-12-07,414,27,2,358.65,East
10687,2022-09-25,244,8,3,394.33,South
10688,2023-12-28,95,21,4,472.85,West
10689,2024-03-12,633,33,1,103.47,South
10690,2022-09-11,6,50,3,333.86,East
10691,2024-08-14,780,5,4,108.15,South
10692,2024-05-19,87,32,2,165.76,West
10693,2022-03-28,189,25,1,79.95,North
10694,2024-11-14,615,8,2,388.77,East
10695,2022-08-10,616,27,4,457.86,East
10696,2024-09-16,420,26,1,24.67,South
10697,2023-02-01,803,40,1,408.62,East
10698,2024-07-26,67,29,3,128.46,West
10699,2023-05-26,618,9,1,248.61,West
10700,2023-07-15,248,18,4,376.63,West
10701,2024-04-25,860,7,5,258.36,East
10702,2023-03-16,207,42,5,123.31,West
10703,2022-11-07,205,21,1,454.02,South
10704,2022-02-04,319,16,5,300.86,East
10705,2022-08-05,83,3,4,466.32,North
10706,2023-12-22,424,32,3,424.85,South
10707,2024-10-12,82,10,2,439.53,North
10708,2023-06-03,799,32,2,187.24,West
10709,2022-09-26,549,8,4,493.78,South
10710,2023-09-30,725,32,3,427.67,East
10711,2023-04-20,487,50,4,175.43,North
10712,2022-03-31,133,4,1,449.24,North
10713,2024-12-01,115,29,3,380.09,West
10714,2024-09-08,377,12,5,365.32,South
10715,2022-10-15,977,37,1,13.05,South
10716,2023-04-26,211,36,5,21.06,North
10717,2023-09-29,132,19,1,350.45,North
10718,2023-05-16,374,37,1,146.55,North
10719,2022-02-21,154,47,1,38.67,East
10720,2022-04-13,920,31,1,150.12,North
10721,2023-11-30,423,44,3,420.58,West
10722,2024-11-03,952,26,3,240.6,East
10723,2023-04-15,950,45,1,311.63,West
10724,2023-03-03,806,6,4,402.25,South
10725,2022-04-20,366,29,1,168.45,South
10726,2023-05-30,694,17,1,15.46,West
10727,2022-03-09,147,20,4,168.43,North
10728,2023-01-24,734,42,4,478.77,North
10729,2022-11-04,794,46,1,246.32,North
10730,2024-12-25,127,47,2,289.21,North
10731,2023-04-05,308,10,2,382.61,South
10732,2022-12-13,715,6,4,66.32,East
10733,2022-11-21,118,48,1,369.63,South
10734,2023-10-29,573,32,5,155.9,West
10735,2024-11-22,231,2,5,200.2,North
10736,2022-03-09,451,10,1,142.05,South
10737,2022-07-06,500,37,1,85.24,South
10738,2022-07-11,662,27,1,187.12,West
10739,2023-03-04,145,41,5,56.37,North
10740,2022-08-04,907,19,5,423.94,North
10741,2022-06-26,623,41,4,159.91,East
10742,2023-07-15,679,16,3,330.27,North
10743,2024-05-30,701,20,4,155.38,West
10744,2023-09-18,987,36,4,113.24,West
10745,2023-08-30,49,5,2,359.69,South
10746,2022-06-28,107,18,4,315.76,East
10747,2023-01-30,93,8,4,116.87,East
10748,2024-05-25,636,13,4,309.93,North
10749,2024-08-19,829,41,4,12.45,North
10750,2022-07-17,140,10,3,96.69,East
10751,2024-08-26,909,36,2,366.6,West
10752,2023-10-31,314,19,5,210.97,North
10753,2023-04-02,11,31,1,109.78,West
10754,2022-03-13,448,36,5,257.9,North
10755,2022-08-11,927,29,2,237.96,North
10756,2022-10-03,395,45,4,320.63,East
10757,2023-07-27,505,23,5,45.54,North
10758,2024-07-12,378,32,4,411.48,North
10759,2023-04-16,361,49,3,38.56,North
10760,2023-03-30,683,11,3,232.39,West
10761,2024-08-26,548,2,2,358.13,East
10762,2022-01-07,642,32,5,178.96,South
10763,2022-07-07,855,5,3,455.96,East
10764,2022-01-04,573,31,2,380.06,West
10765,2024-06-25,932,13,2,218.76,East
10766,2024-11-04,846,22,2,100.07,North
10767,2024-08-17,997,35,5,31.29,East
10768,2023-06-09,561,19,5,402.82,West
10769,2023-09-22,923,29,2,105.19,North
10770,2024-02-14,396,23,1,142.14,North
10771,2022-12-26,186,19,5,15.09,South
10772,2023-06-02,221,16,5,18.93,North
10773,2024-11-19,518,31,1,122.91,East
10774,2024-07-09,300,16,5,437.71,North
10775,2024-05-01,175,26,5,392.6,East
10776,2024-07-23,791,3,3,387.24,West
10777,2024-06-19,371,23,1,415.25,West
10778,2023-02-03,970,9,3,101.44,East
10779,2022-06-17,866,24,1,489.74,East
10780,2023-01-12,509,33,1,123.77,North
10781,2023-08-30,876,14,1,83.47,South
10782,2024-10-07,204,28,5,154.38,South
10783,2023-08-12,608,24,2,269.92,East
10784,2022-02-17,282,43,4,70.97,West
10785,2024-10-21,647,50,2,371.92,North
10786,2022-06-22,416,7,5,192.05,West
10787,2023-05-21,33,38,5,288.52,North
10788,2023-02-02,82,44,4,369.78,West
10789,2022-10-21,483,25,5,451.93,East
10790,2023-07-06,148,2,1,411.48,West
10791,2024-04-29,607,45,3,273.36,West
10792,2024-11-05,965,1,3,495.67,South
10793,2024-06-03,992,23,1,269.57,East
10794,2024-09-30,948,47,2,272.63,West
10795,2022-05-14,495,40,3,87.66,North
10796,2024-02-10,170,18,1,82.87,West
10797,2023-05-23,723,47,2,92.66,North
10798,2024-12-25,897,8,3,299.99,West
10799,2023-04-25,703,34,1,213.43,North
10800,2024-05-12,7,43,3,199.08,East
10801,2023-04-04,380,8,3,72.5,North
10802,2023-09-18,826,29,3,196.73,West
10803,2022-06-08,854,13,4,195.22,South
10804,2022-06-10,434,1,2,314.2,West
10805,2024-07-28,34,29,3,200.32,North
10806,2022-06-04,563,50,1,215.19,West
10807,2023-05-01,632,37,4,143.55,West
10808,2023-03-08,138,1,5,74.44,West
10809,2024-11-16,367,44,5,157.01,East
10810,2024-09-30,106,5,2,30.96,East
10811,2024-11-01,794,48,1,109.82,East
10812,2022-03-08,32,50,4,169.23,West
10813,2023-06-26,636,2,1,81.37,South
10814,2022-04-06,682,47,4,335.84,South
10815,2022-08-03,987,22,4,147.57,East
10816,2022-07-13,958,30,5,311.61,West
10817,2024-06-03,524,11,2,325.5,North
10818,2022-02-08,168,29,2,229.17,East
10819,2024-07-27,855,42,1,230.06,West
10820,2024-07-27,78,3,4,294.92,South
10821,2022-07-25,546,45,4,138.6,East
10822,2024-07-30,209,13,3,20.41,South
10823,2023-07-09,838,3,2,326.06,East
10824,2023-04-29,411,10,4,308.18,East
10825,2024-02-10,8,4,1,243.43,South
10826,2022-09-06,737,14,5,439.13,North
10827,2023-01-08,227,23,5,259.23,South
10828,2024-05-28,175,17,2,158.71,West
10829,2024-04-14,81,1,2,359.63,West
10830,2024-05-20,794,15,3,481.58,North
10831,2023-12-03,57,2,2,371.07,East
10832,2022-05-18,135,18,4,455.34,South
10833,2024-08-05,238,39,4,65.23,West
10834,2023-04-02,472,22,4,69.28,East
10835,2024-03-24,217,28,4,85.76,East
10836,2024-04-02,739,30,3,354.4,South
10837,2024-07-30,26,13,2,200.96,West
10838,2023-03-20,187,3,2,244.08,West
10839,2022-12-19,882,3,2,138.34,East
10840,2024-09-22,630,45,3,370.69,West
10841,2024-03-04,709,26,3,424.22,East
10842,2023-02-15,116,4,4,88.5,North
10843,2023-11-09,815,16,3,104.44,North
10844,2023-03-29,614,28,3,176.31,East
10845,2023-02-23,892,8,1,147.28,North
10846,2023-03-26,163,40,4,270.45,West
10847,2024-09-21,414,16,4,378.76,North
10848,2022-02-20,178,31,1,398.7,East
10849,2022-07-29,985,23,2,112.14,South
10850,2024-06-06,280,2,1,96.04,South
10851,2024-09-24,798,9,1,188.21,East
10852,2024-09-19,212,27,1,82.38,South
10853,2024-04-29,54,45,3,54.98,East
10854,2023-09-19,67,22,1,128.86,North
10855,2023-11-10,544,44,5,203.03,West
10856,2024-02-16,763,34,1,298.04,South
10857,2023-10-25,520,9,2,364.41,North
10858,2022-09-25,499,33,2,119.18,West
10859,2022-04-26,946,38,2,411.15,West
10860,2024-01-24,431,34,1,26.5,North
10861,2024-11-29,727,35,4,227.58,East
10862,2022-07-01,46,47,2,320.21,South
10863,2024-06-21,592,26,1,152.72,East
10864,2024-08-03,35,7,2,345.01,West
10865,2022-09-15,189,45,3,434.86,East
10866,2023-05-24,89,48,3,53.79,South
10867,2022-04-02,335,45,1,261.15,West
10868,2022-05-29,947,27,2,19.2,North
10869,2022-04-27,959,12,2,146.99,East
10870,2023-04-03,136,17,5,77.1,North
10871,2023-07-19,546,21,2,315.89,North
10872,2024-03-24,793,43,4,131.85,East
10873,2022-02-14,113,22,3,148.38,East
10874,2024-02-13,172,26,2,110.76,West
10875,2022-08-22,339,39,4,129.46,West
10876,2022-07-16,555,13,1,120.3,South
10877,2022-01-25,894,42,3,351.96,North
10878,2023-01-30,946,42,1,478.35,West
10879,2023-12-15,525,45,2,250.21,North
10880,2024-11-25,174,23,1,304.19,East
10881,2022-08-11,637,30,3,410.87,West
10882,2024-05-13,332,17,1,243.29,North
10883,2023-06-14,207,27,1,157.99,South
10884,2022-09-14,343,20,1,475.98,West
10885,2023-10-16,949,7,4,454.02,North
10886,2023-08-14,959,4,4,117.98,North
10887,2023-03-20,104,49,2,354.51,West
10888,2023-02-22,642,31,1,327.1,South
10889,2023-07-28,40,30,4,328.32,North
10890,2022-05-09,23,31,3,417.0,North
10891,2024-10-07,252,4,3,340.31,South
10892,2022-12-07,955,18,1,263.82,East
10893,2024-03-20,837,20,2,424.57,East
10894,2024-09-18,290,40,4,139.77,East
10895,2022-04-10,202,40,4,342.82,East
10896,2022-02-08,155,48,4,353.74,West
10897,2022-09-20,567,47,2,436.46,East
10898,2022-05-30,106,50,5,499.17,North
10899,2023-11-21,260,23,4,283.2,West
10900,2024-03-23,964,38,1,247.36,North
10901,2022-08-07,200,9,4,304.33,South
10902,2024-06-24,838,16,4,332.75,North
10903,2022-09-01,217,21,5,359.36,West
10904,2024-06-04,411,9,1,147.8,West
10905,2023-08-10,559,25,1,248.65,North
10906,2023-06-02,882,49,1,191.75,South
10907,2024-11-10,117,36,4,29.0,South
10908,2022-07-09,886,47,4,308.67,North
10909,2024-07-03,424,43,3,438.66,South
10910,2023-09-07,212,14,5,461.52,East
10911,2024-05-05,155,17,1,263.54,South
10912,2023-04-11,263,28,1,385.28,North
10913,2022-04-09,507,45,3,359.08,East
10914,2024-04-09,151,41,4,122.16,East
10915,2024-09-23,212,48,3,40.83,West
10916,2022-02-25,192,8,3,376.45,North
10917,2024-11-11,881,14,4,148.52,East
10918,2023-08-03,755,15,2,279.2,West
10919,2022-07-04,98,39,5,266.79,South
10920,2023-06-06,541,25,2,410.76,West
10921,2022-09-21,701,11,2,325.88,South
10922,2024-11-27,172,29,5,425.1,North
10923,2024-09-29,371,3,2,378.6,East
10924,2022-05-03,709,39,4,499.92,North
10925,2022-10-28,155,22,2,433.3,South
10926,2024-04-12,140,37,2,113.43,West
10927,2024-12-26,913,41,2,481.08,West
10928,2023-10-07,805,20,4,176.67,North
10929,2024-05-23,802,19,3,307.84,North
10930,2023-01-29,256,13,1,471.26,East
10931,2023-10-23,990,27,5,114.94,West
10932,2022-03-10,676,19,5,430.08,North
10933,2024-02-01,646,16,4,477.04,South
10934,2022-11-16,864,2,1,428.34,South
10935,2022-06-26,416,1,2,411.39,East
10936,2023-08-07,329,3,5,139.66,East
10937,2023-08-05,378,24,2,209.48,East
10938,2022-04-21,918,44,4,382.56,West
10939,2024-09-25,266,38,4,67.9,West
10940,2024-01-28,541,2,4,445.3,West
10941,2022-10-10,139,16,3,113.03,North
10942,2022-07-13,860,29,4,286.76,South
10943,2024-08-24,962,37,2,61.48,East
10944,2024-12-06,824,44,3,100.74,North
10945,2024-09-04,597,4,2,296.9,West
10946,2022-12-08,512,14,4,320.97,West
10947,2023-06-06,249,17,3,142.18,South
10948,2024-03-11,863,44,1,68.36,South
10949,2024-06-21,826,45,4,279.28,East
10950,2022-05-11,745,17,3,421.91,South
10951,2024-03-24,308,20,3,108.71,North
10952,2022-03-02,573,47,3,348.87,East
10953,2022-06-13,785,29,5,199.08,North
10954,2022-09-29,219,41,3,472.11,South
10955,2022-05-13,798,26,1,50.46,North
10956,2024-09-24,761,42,4,29.58,East
10957,2022-02-07,584,38,4,70.91,South
10958,2023-09-09,293,17,4,393.4,North
10959,2023-04-19,901,12,3,462.16,South
10960,2022-02-28,410,28,4,413.01,West
10961,2023-08-12,198,9,1,361.74,West
10962,2023-05-14,80,32,5,38.22,West
10963,2023-07-21,385,34,1,114.77,South
10964,2023-07-21,137,16,5,468.34,East
10965,2024-06-22,213,48,4,315.17,North
10966,2023-01-18,839,31,2,239.48,North
10967,2022-03-26,619,27,5,329.63,West
10968,2023-09-19,960,29,1,97.51,South
10969,2024-04-05,207,1,1,447.51,South
10970,2022-10-20,664,27,2,331.59,East
10971,2024-12-08,133,32,5,240.91,East
10972,2024-12-26,947,11,5,234.11,North
10973,2024-02-26,166,35,1,412.96,South
10974,2022-05-09,503,2,5,160.86,South
10975,2022-01-29,925,46,2,77.19,North
10976,2023-11-23,430,1,5,100.98,East
10977,2022-05-13,180,6,5,49.76,North
10978,2023-10-08,121,7,2,258.85,East
10979,2023-11-20,174,2,4,341.86,West
10980,2023-06-18,331,2,5,467.65,South
10981,2023-05-31,68,47,1,377.9,West
10982,2024-08-17,699,5,3,295.72,East
10983,2022-06-14,138,13,1,433.34,West
10984,2024-07-15,866,19,1,447.18,East
10985,2024-07-21,900,19,4,359.07,North
10986,2023-07-11,308,47,4,37.58,South
10987,2023-11-11,330,1,1,152.96,South
10988,2024-09-19,993,35,5,174.73,West
10989,2024-10-25,238,18,1,498.72,North
10990,2024-01-27,530,49,5,237.44,South
10991,2024-05-04,76,32,2,383.32,North
10992,2023-05-08,947,32,2,408.76,West
10993,2023-10-11,151,8,4,330.1,North
10994,2024-09-18,620,11,3,18.96,North
10995,2023-09-20,665,20,3,19.48,North
10996,2023-09-17,316,8,4,411.2,South
10997,2023-06-27,37,28,2,372.23,South
10998,2022-01-07,964,21,4,272.7,North
10999,2024-08-11,845,38,2,131.94,South
11000,2023-05-30,658,38,5,52.49,West
11001,2024-01-25,126,6,2,90.49,West
11002,2022-03-14,797,2,2,294.36,South
11003,2022-01-10,620,10,2,277.46,North
11004,2023-07-16,286,42,3,471.22,West
11005,2022-05-02,240,9,2,479.07,East
11006,2023-11-18,887,3,1,292.24,West
11007,2023-05-28,614,2,5,422.3,East
11008,2024-09-16,220,36,3,408.0,East
11009,2023-03-17,7,8,1,378.66,West
11010,2024-11-27,216,9,3,224.3,North
11011,2023-12-03,681,26,3,200.81,West
11012,2023-08-14,586,34,1,139.43,South
11013,2022-03-08,293,48,4,469.18,North
11014,2022-01-17,539,30,4,418.87,East
11015,2023-01-03,789,38,2,96.79,South
11016,2024-06-22,484,8,1,133.71,East
11017,2023-12-22,43,3,2,294.85,East
11018,2024-08-15,307,11,4,212.66,North
11019,2024-06-26,93,25,1,114.81,West
11020,2024-09-15,583,5,1,397.67,North
11021,2023-04-18,269,12,1,10.76,North
11022,2022-04-25,621,30,2,178.21,South
11023,2022-04-10,693,27,3,465.38,South
11024,2023-03-14,215,43,3,382.78,East
11025,2022-12-15,959,5,3,206.63,North
11026,2022-05-19,114,20,1,465.08,South
11027,2024-04-07,185,21,4,451.39,North
11028,2022-11-20,921,3,2,35.77,South
11029,2024-04-25,125,41,2,72.69,East
11030,2022-10-21,105,50,4,199.74,East
11031,2024-08-25,237,44,3,465.4,West
11032,2022-03-15,653,4,5,423.66,East
11033,2023-04-29,805,24,4,33.4,East
11034,2022-01-16,158,7,3,261.04,West
11035,2024-03-03,474,24,1,362.92,East
11036,2023-05-31,908,11,4,145.2,West
11037,2024-07-13,505,2,3,364.04,East
11038,2024-04-03,961,44,2,191.17,North
11039,2023-06-02,274,41,5,144.29,North
11040,2022-05-09,890,6,5,202.36,South
11041,2023-05-26,853,7,5,475.89,North
11042,2023-02-27,117,38,3,453.59,East
11043,2023-01-20,886,18,3,457.84,East
11044,2022-08-20,574,45,1,459.52,West
11045,2024-08-16,536,9,5,97.35,North
11046,2024-04-04,60,28,2,449.07,East
11047,2022-03-06,401,19,5,114.02,South
11048,2024-04-12,874,4,4,420.69,North
11049,2023-09-07,828,4,4,275.53,North
11050,2024-03-11,777,13,2,127.58,South
11051,2022-10-05,180,28,3,205.28,North
11052,2023-01-01,232,11,5,222.36,North
11053,2023-05-31,476,2,4,369.25,North
11054,2023-03-15,655,6,2,306.95,South
11055,2023-03-04,845,12,1,410.22,West
11056,2023-12-30,924,40,4,204.43,North
11057,2023-01-31,245,37,4,374.36,West
11058,2023-08-09,593,24,5,398.47,East
11059,2023-01-10,638,9,3,40.94,South
11060,2024-08-05,649,26,4,194.06,South
11061,2022-04-03,568,4,4,444.13,West
11062,2022-11-17,213,41,5,355.44,East
11063,2024-10-30,606,44,3,215.04,West
11064,2024-07-02,895,4,1,99.66,West
11065,2024-07-05,459,49,1,57.34,West
11066,2022-04-05,990,34,1,122.38,East
11067,2024-08-16,804,22,1,129.9,East
11068,2022-03-12,128,13,3,191.62,East
11069,2023-10-26,952,15,1,96.69,North
11070,2024-08-26,217,40,5,81.56,South
11071,2023-08-10,711,38,5,423.56,East
11072,2023-12-28,20,41,5,132.27,North
11073,2023-01-03,567,43,1,285.19,North
11074,2022-02-20,758,44,5,107.66,North
11075,2024-09-14,763,2,5,250.96,South
11076,2022-09-17,60,2,2,145.59,North
11077,2022-06-07,675,43,1,52.53,East
11078,2022-04-09,714,8,5,491.27,East
11079,2022-08-29,739,38,3,234.32,East
11080,2022-07-21,129,18,5,202.59,West
11081,2023-09-26,974,29,2,107.57,East
11082,2024-01-16,557,11,3,252.73,North
11083,2023-05-05,197,6,3,321.26,South
11084,2023-08-02,936,9,4,159.28,West
11085,2023-06-11,492,22,2,245.41,East
11086,2022-09-30,678,46,2,126.17,South
11087,2024-02-25,504,25,5,268.58,West
11088,2023-03-29,247,31,2,395.74,East
11089,2022-12-13,738,21,3,39.5,South
11090,2024-03-26,792,38,3,263.74,East
11091,2023-02-18,260,19,5,205.69,East
11092,2023-03-07,347,10,3,46.28,West
11093,2023-01-14,197,46,5,470.85,East
11094,2024-09-24,107,37,4,137.32,West
11095,2024-06-13,781,12,2,286.66,North
11096,2023-03-04,744,19,2,192.58,South
11097,2022-07-11,917,2,2,142.86,West
11098,2022-02-10,613,15,4,268.32,West
11099,2022-05-16,160,38,2,347.62,West
11100,2022-04-16,422,8,4,394.91,West
11101,2023-06-03,607,46,4,320.62,West
11102,2024-03-24,928,35,5,267.89,East
11103,2022-05-06,207,38,1,390.86,West
11104,2023-02-04,313,43,1,263.55,West
11105,2022-03-20,432,30,5,487.37,East
11106,2023-01-24,926,9,5,268.1,South
11107,2022-03-15,235,30,5,165.45,West
11108,2024-10-25,327,49,2,228.72,West
11109,2022-03-23,934,19,3,250.1,North
11110,2024-02-15,479,29,5,148.91,West
11111,2024-09-17,428,2,4,87.78,North
11112,2022-10-05,666,28,1,221.38,North
11113,2024-04-19,100,8,2,449.55,South
11114,2022-08-12,238,25,3,135.21,North
11115,2024-12-27,107,10,1,187.29,East
11116,2023-08-29,858,22,1,381.28,South
11117,2022-01-19,364,35,1,50.31,West
11118,2023-10-02,642,42,4,414.28,South
11119,2022-04-07,811,24,4,362.94,East
11120,2024-12-11,493,26,4,279.38,South
11121,2022-06-24,43,31,3,112.64,South
11122,2022-12-14,575,23,1,55.41,South
11123,2022-01-01,73,2,5,123.54,South
11124,2022-03-04,698,39,3,383.13,East
11125,2022-08-14,629,33,4,467.41,East
11126,2023-02-27,304,24,4,371.57,West
11127,2024-11-08,5,12,4,268.53,East
11128,2022-01-31,987,37,2,475.83,South
11129,2024-04-24,588,9,1,416.0,West
11130,2023-09-25,803,44,5,331.36,East
11131,2022-01-24,349,43,1,28.57,North
11132,2024-04-16,400,44,3,150.99,East
11133,2024-09-09,595,3,2,161.02,North
11134,2022-06-10,433,44,3,180.15,West
11135,2022-04-24,572,23,4,200.8,West
11136,2023-05-19,107,24,4,470.29,East
11137,2024-08-12,117,33,5,373.52,South
11138,2022-12-23,819,30,1,349.05,South
11139,2022-06-18,383,38,3,218.99,West
11140,2024-08-26,859,43,4,175.4,East
11141,2022-08-30,82,2,5,68.59,East
11142,2022-05-19,827,40,5,232.21,South
11143,2022-04-07,832,22,3,110.62,North
11144,2022-05-27,873,11,1,201.6,West
11145,2024-12-16,653,12,2,86.63,East
11146,2024-12-01,734,19,5,178.56,West
11147,2024-05-15,410,20,3,31.06,West
11148,2023-06-27,70,9,4,12.95,East
11149,2023-11-23,387,43,2,436.26,West
11150,2024-10-22,983,18,2,324.22,East
11151,2024-06-22,524,41,1,297.96,North
11152,2023-12-31,297,47,3,261.76,South
11153,2022-11-27,617,18,1,366.1,East
11154,2023-09-09,719,40,5,370.72,North
11155,2023-02-08,65,36,5,468.27,South
11156,2023-05-23,575,27,3,129.76,North
11157,2024-11-04,178,13,4,394.75,West
11158,2022-08-14,943,47,5,495.67,North
11159,2024-09-10,8,8,5,24.22,West
11160,2024-05-14,159,48,4,193.25,East
11161,2024-01-15,11,43,2,223.66,South
11162,2023-05-08,785,23,3,412.7,South
11163,2022-11-15,411,13,2,16.73,West
11164,2024-02-12,892,7,1,303.32,North
11165,2023-03-28,607,50,4,447.36,East
11166,2024-08-01,155,40,3,82.34,North
11167,2024-04-27,206,2,4,66.63,East
11168,2024-10-13,115,3,4,499.9,East
11169,2024-06-02,379,42,2,414.72,East
11170,2023-02-23,599,39,2,351.74,North
11171,2024-05-14,824,23,1,205.5,North
11172,2024-02-28,709,7,3,428.44,East
11173,2023-05-10,350,4,4,462.16,South
11174,2024-11-28,98,8,1,368.88,East
11175,2022-06-11,943,32,4,205.07,West
11176,2022-05-01,19,19,1,295.93,West
11177,2023-02-03,313,12,4,58.27,West
11178,2023-12-29,927,10,2,87.43,North
11179,2023-07-15,528,14,5,393.69,North
11180,2023-08-27,557,27,1,24.36,South
11181,2023-06-24,667,44,1,34.11,South
11182,2022-12-22,445,21,5,258.93,North
11183,2023-10-22,922,20,2,93.56,North
11184,2023-03-08,231,4,1,153.91,South
11185,2024-12-24,669,19,2,205.43,West
11186,2023-07-17,625,29,4,265.91,North
11187,2024-03-27,889,7,4,148.93,East
11188,2023-12-12,359,33,5,246.94,South
11189,2022-01-12,383,8,3,191.64,North
11190,2022-08-27,512,11,2,49.71,West
11191,2023-03-29,44,33,3,434.89,West
11192,2023-01-18,365,25,3,147.87,South
11193,2024-02-21,925,33,2,308.59,North
11194,2022-02-17,877,36,3,289.2,North
11195,2022-11-13,622,26,1,107.59,South
11196,2022-07-28,111,36,4,24.68,North
11197,2023-07-31,223,11,5,429.9,East
11198,2022-11-11,386,30,2,253.87,West
11199,2024-01-24,902,33,5,213.09,West
11200,2024-11-25,265,10,4,383.83,West
11201,2024-07-03,271,29,5,26.25,East
11202,2024-01-25,212,25,2,384.96,West
11203,2023-07-08,496,32,5,210.37,East
11204,2023-02-07,314,4,3,280.3,North
11205,2022-02-08,770,39,3,378.7,East
11206,2023-08-04,387,34,4,277.94,West
11207,2022-06-29,247,22,3,40.27,West
11208,2022-01-12,948,13,5,367.01,West
11209,2024-07-31,567,36,1,395.31,West
11210,2023-07-02,821,6,5,236.33,East
11211,2022-03-04,350,17,1,225.14,East
11212,2024-04-23,72,26,5,133.44,South
11213,2024-10-05,296,24,1,325.64,South
11214,2022-02-03,213,9,1,442.17,East
11215,2024-01-22,295,2,2,331.42,North
11216,2022-02-18,171,20,2,387.95,West
11217,2023-10-20,246,27,5,420.35,East
11218,2023-12-02,141,6,3,120.81,South
11219,2024-12-16,616,50,2,207.03,North
11220,2022-04-19,617,27,1,223.62,East
11221,2024-09-11,240,24,5,283.86,West
11222,2022-01-24,933,15,3,34.1,West
11223,2022-08-09,311,48,5,298.32,West
11224,2022-11-11,416,33,1,53.38,West
11225,2022-10-21,398,42,2,405.22,East
11226,2024-10-30,833,10,2,481.88,North
11227,2024-10-16,923,21,4,151.98,South
11228,2024-10-14,792,6,4,258.24,South
11229,2023-09-30,883,30,5,413.36,East
11230,2022-09-24,881,23,5,164.18,West
11231,2022-03-29,22,36,3,87.31,South
11232,2023-03-31,78,46,2,372.14,East
11233,2024-01-27,813,49,2,352.2,East
11234,2023-03-07,904,3,4,289.27,East
11235,2024-06-29,475,26,1,472.77,East
11236,2022-08-30,707,34,1,478.01,West
11237,2023-12-03,832,30,4,432.16,North
11238,2024-06-20,353,18,5,153.58,East
11239,2024-01-11,371,17,2,120.43,North
11240,2022-03-07,943,45,2,419.51,West
11241,2024-08-29,21,42,2,329.17,East
11242,2023-01-13,507,21,1,204.1,West
11243,2023-01-23,160,24,5,210.78,North
11244,2024-02-20,744,4,1,428.13,North
11245,2022-07-28,361,49,5,89.99,East
11246,2022-01-16,813,48,4,472.55,West
11247,2024-09-12,556,25,5,320.28,North
11248,2023-01-02,297,24,1,397.77,North
11249,2024-02-19,352,46,2,191.72,West
11250,2023-03-16,180,27,1,297.58,South
11251,2023-11-21,472,31,4,377.5,West
11252,2024-11-25,395,47,2,223.21,East
11253,2024-04-26,613,35,1,249.09,South
11254,2023-02-26,627,20,2,295.22,East
11255,2023-08-31,213,16,4,41.07,North
11256,2022-01-20,530,31,5,432.96,East
11257,2023-11-07,395,7,5,434.67,West
11258,2023-01-17,27,18,3,147.89,North
11259,2023-09-01,939,8,2,441.11,East
11260,2022-05-23,870,27,4,375.15,West
11261,2022-03-03,449,14,1,246.76,West
11262,2022-08-26,438,18,1,180.4,West
11263,2024-07-15,285,1,3,205.7,South
11264,2022-12-08,661,31,1,271.87,South
11265,2023-03-31,797,20,4,212.14,East
11266,2022-10-09,649,6,4,215.92,West
11267,2024-06-04,189,45,5,109.53,East
11268,2024-10-21,702,1,2,356.83,North
11269,2023-12-24,199,19,2,308.7,South
11270,2022-03-28,102,39,1,496.03,South
11271,2023-10-27,479,27,2,79.21,West
11272,2024-05-11,603,16,3,65.73,West
11273,2022-03-02,224,14,2,262.81,West
11274,2024-03-07,517,34,1,84.48,North
11275,2022-04-05,865,7,2,309.2,West
11276,2024-02-25,527,20,4,106.1,South
11277,2024-08-18,441,31,4,246.67,North
11278,2022-10-24,517,22,5,309.54,South
11279,2023-11-25,916,20,5,234.44,North
11280,2023-02-03,230,15,5,166.79,South
11281,2024-08-03,869,25,5,393.33,East
11282,2023-06-18,849,46,2,428.78,East
11283,2023-02-06,114,1,1,146.24,East
11284,2022-05-10,516,17,2,408.56,East
11285,2022-10-19,184,16,1,201.9,East
11286,2022-10-03,725,37,1,248.94,South
11287,2024-06-30,759,21,1,123.56,West
11288,2024-07-14,34,27,1,316.6,East
11289,2022-02-24,296,35,4,59.45,South
11290,2024-01-09,453,24,1,299.9,South
11291,2024-11-15,708,2,2,494.96,East
11292,2024-02-04,505,46,1,379.2,East
11293,2023-10-04,406,25,4,448.57,North
11294,2023-12-25,127,19,2,237.46,North
11295,2024-03-12,142,45,3,79.63,West
11296,2024-01-08,964,13,2,151.35,East
11297,2024-01-28,648,29,4,34.02,West
11298,2023-07-21,128,32,4,255.89,North
11299,2022-12-06,835,6,5,328.34,West
11300,2022-06-02,686,9,3,218.0,South
11301,2024-09-30,925,1,1,285.97,East
11302,2023-03-03,730,24,4,167.14,East
11303,2024-09-29,626,10,5,52.07,West
11304,2022-07-23,887,35,5,221.68,North
11305,2022-11-21,350,6,1,278.42,West
11306,2024-08-07,524,48,2,491.49,South
11307,2024-08-08,463,20,3,180.16,West
11308,2024-07-27,244,38,1,342.11,South
11309,2024-08-14,564,12,1,413.09,South
11310,2024-06-12,186,3,2,174.34,North
11311,2023-03-11,233,18,2,465.67,West
11312,2023-01-06,514,21,4,176.03,West
11313,2024-07-21,1,35,2,485.2,West
11314,2022-09-06,239,37,2,11.06,South
11315,2024-06-09,55,19,3,320.74,South
11316,2022-06-30,495,25,3,397.06,West
11317,2023-12-04,732,18,3,147.23,South
11318,2024-09-25,616,40,1,67.35,West
11319,2022-03-19,867,30,3,21.94,West
11320,2024-07-07,418,42,3,46.46,West
11321,2024-06-03,448,42,5,276.09,South
11322,2022-12-02,836,34,3,421.19,East
11323,2022-02-19,338,10,1,40.93,West
11324,2022-03-26,908,22,5,65.46,West
11325,2023-11-26,818,50,1,12.5,North
11326,2022-01-04,277,4,1,148.32,South
11327,2024-09-19,10,3,5,461.41,East
11328,2022-11-13,341,49,5,145.38,East
11329,2024-02-02,104,49,5,226.0,East
11330,2023-09-04,345,28,5,97.69,South
11331,2024-10-01,370,22,1,66.98,South
11332,2024-07-02,977,12,5,99.37,West
11333,2024-03-09,883,49,2,113.11,West
11334,2022-04-29,198,13,3,73.84,West
11335,2022-12-16,14,41,3,397.86,East
11336,2024-07-05,997,33,2,243.85,East
11337,2023-11-18,680,47,1,274.49,West
11338,2023-06-26,872,19,1,193.58,West
11339,2024-12-14,338,41,3,113.26,East
11340,2022-12-27,542,17,4,56.01,West
11341,2023-12-09,457,47,2,47.2,East
11342,2023-11-16,526,34,2,100.72,South
11343,2022-11-26,750,4,3,426.59,East
11344,2022-08-07,436,39,5,116.11,East
11345,2022-07-27,366,8,4,183.86,West
11346,2024-04-24,401,33,1,290.65,South
11347,2022-03-26,574,1,1,260.59,West
11348,2023-11-16,482,5,1,336.25,North
11349,2022-09-02,110,32,1,105.21,North
11350,2024-05-21,406,40,2,266.78,South
11351,2024-10-19,309,1,2,386.2,West
11352,2023-08-19,160,35,5,199.88,West
11353,2023-11-16,844,22,2,486.23,East
11354,2024-10-10,55,29,5,293.2,South
11355,2024-10-10,761,17,5,340.67,South
11356,2022-12-16,976,30,1,234.95,South
11357,2022-10-09,256,35,1,430.35,West
11358,2022-10-20,534,1,2,231.23,East
11359,2024-09-10,422,4,2,471.72,South
11360,2022-01-20,946,9,5,160.67,South
11361,2024-01-29,615,45,3,434.25,East
11362,2023-02-09,962,32,1,323.28,East
11363,2023-12-02,813,5,4,401.54,North
11364,2024-09-06,887,14,3,28.47,West
11365,2022-01-26,264,26,1,145.87,North
11366,2023-07-20,748,23,1,425.07,East
11367,2023-01-30,833,46,2,165.98,South
11368,2024-09-27,233,22,4,359.2,North
11369,2023-06-07,680,27,4,496.17,East
11370,2024-05-11,233,25,1,96.81,North
11371,2024-03-12,517,36,5,214.6,North
11372,2023-07-04,45,4,4,90.91,West
11373,2022-03-28,558,32,3,85.6,East
11374,2024-04-12,676,9,5,320.19,South
11375,2023-01-22,913,2,2,103.77,North
11376,2024-08-20,681,42,1,246.5,North
11377,2023-10-30,926,50,1,489.19,East
11378,2022-10-13,436,39,3,173.23,East
11379,2023-11-29,335,46,3,438.08,South
11380,2024-08-22,404,25,2,204.22,North
11381,2023-01-04,164,47,2,138.8,South
11382,2023-10-17,256,10,4,174.76,East
11383,2023-10-16,66,37,5,72.57,East
11384,2023-11-28,941,25,1,342.7,South
11385,2024-10-20,772,40,4,259.42,West
11386,2024-07-03,946,29,2,310.78,East
11387,2022-10-15,88,37,3,158.52,East
11388,2022-04-05,240,5,4,330.2,North
11389,2023-10-31,311,14,3,90.65,West
11390,2022-02-10,571,33,5,329.71,North
11391,2022-11-27,682,27,3,49.76,East
11392,2023-05-19,258,5,1,206.13,North
11393,2022-10-02,558,44,5,308.78,West
11394,2022-06-28,514,15,3,429.11,South
11395,2022-05-17,434,3,4,408.08,South
11396,2024-02-06,129,1,1,268.21,South
11397,2024-09-14,781,24,1,442.85,East
11398,2022-08-31,326,12,2,257.89,West
11399,2022-07-16,790,45,2,263.41,North
11400,2023-06-10,17,14,4,363.07,West
11401,2023-09-24,699,42,2,440.11,West
11402,2023-02-12,342,20,3,305.33,North
11403,2023-11-22,838,14,2,472.65,West
11404,2022-06-19,628,14,1,123.97,West
11405,2022-06-08,771,45,4,462.91,South
11406,2023-03-23,878,35,3,118.61,North
11407,2024-10-14,249,19,1,267.94,North
11408,2024-12-16,710,20,1,400.06,South
11409,2022-04-22,849,42,5,402.78,West
11410,2022-02-17,739,44,2,146.3,West
11411,2023-01-11,177,23,3,493.09,North
11412,2024-04-07,755,34,4,49.5,South
11413,2022-02-02,946,1,4,27.04,South
11414,2023-05-19,357,4,4,422.35,East
11415,2023-09-19,495,40,5,411.32,South
11416,2024-10-23,35,17,3,359.28,West
11417,2022-02-11,407,26,1,426.88,North
11418,2022-01-09,968,14,5,77.4,North
11419,2024-09-26,647,46,2,56.89,South
11420,2024-03-29,818,32,1,485.01,West
11421,2023-10-19,10,36,4,315.88,West
11422,2024-02-29,986,20,2,460.72,East
11423,2024-11-16,695,16,3,454.16,South
11424,2024-12-02,714,19,3,330.04,West
11425,2023-08-21,531,45,5,317.95,South
11426,2024-07-24,535,39,3,186.37,West
11427,2024-10-08,95,24,4,83.06,East
11428,2022-01-21,576,14,5,346.44,East
11429,2024-09-25,929,29,5,410.75,South
11430,2023-04-02,450,42,4,276.87,West
11431,2024-10-10,220,14,3,34.93,East
11432,2022-09-22,96,11,2,81.01,North
11433,2022-07-03,865,11,5,59.96,South
11434,2022-08-15,777,47,2,332.34,North
11435,2024-12-28,381,40,2,286.75,West
11436,2024-08-26,669,24,2,238.59,East
11437,2024-03-15,207,22,2,276.27,North
11438,2023-12-24,786,49,4,145.22,West
11439,2024-12-31,850,21,1,404.32,East
11440,2024-09-28,246,6,3,170.99,South
11441,2024-05-24,711,14,1,325.71,East
11442,2022-03-25,974,9,1,201.53,South
11443,2024-01-10,797,35,5,45.36,East
11444,2022-08-11,510,44,1,135.91,East
11445,2024-03-03,884,36,1,482.9,North
11446,2024-01-03,83,25,4,103.36,North
11447,2023-02-09,317,15,2,61.42,South
11448,2022-11-25,645,45,1,152.66,South
11449,2023-03-02,105,28,1,440.18,North
11450,2024-02-09,370,50,5,159.95,South
11451,2023-08-31,749,14,3,214.52,South
11452,2023-06-10,581,13,5,161.94,West
11453,2023-09-17,696,41,3,494.6,North
11454,2022-03-18,630,31,3,499.94,East
11455,2024-07-08,180,5,3,246.56,South
11456,2024-08-03,783,19,4,394.56,South
11457,2023-04-11,602,8,4,117.83,East
11458,2023-05-07,600,13,2,193.4,South
11459,2022-11-09,83,41,3,342.88,West
11460,2022-11-04,532,17,4,150.3,North
11461,2023-11-22,619,32,4,120.1,North
11462,2022-03-30,841,5,1,461.9,West
11463,2024-01-05,501,9,3,129.71,West
11464,2024-02-17,348,43,5,39.05,West
11465,2024-01-21,272,34,1,378.03,West
11466,2023-01-06,331,45,4,129.2,South
11467,2023-03-27,610,1,4,230.59,South
11468,2022-06-16,921,40,4,64.66,North
11469,2023-01-27,744,15,4,43.57,East
11470,2024-01-06,887,32,5,235.62,North
11471,2023-05-06,569,34,2,175.17,East
11472,2024-07-13,661,35,2,257.9,East
11473,2024-12-02,389,49,3,483.23,East
11474,2024-08-02,971,50,4,209.62,East
11475,2022-01-29,747,28,3,305.3,East
11476,2024-11-20,137,17,5,57.82,West
11477,2023-11-24,779,46,3,444.1,East
11478,2022-05-08,741,11,2,404.87,South
11479,2024-02-06,361,23,2,265.98,West
11480,2023-03-17,833,26,2,99.85,West
11481,2024-05-18,959,46,3,218.72,North
11482,2023-06-08,282,5,4,155.72,West
11483,2024-01-30,202,26,1,497.31,North
11484,2022-04-20,744,6,2,250.51,South
11485,2022-06-12,531,43,3,216.89,South
11486,2023-07-14,16,34,1,92.84,West
11487,2023-02-03,568,42,2,127.16,East
11488,2023-08-06,869,13,2,358.68,West
11489,2023-02-03,114,25,5,272.11,West
11490,2022-08-27,68,2,2,185.44,North
11491,2024-11-21,590,14,1,155.54,East
11492,2022-04-20,30,17,1,108.36,South
11493,2022-10-27,519,41,4,26.61,East
11494,2024-09-28,908,40,1,488.8,West
11495,2024-02-03,664,40,3,379.02,East
11496,2022-09-06,999,39,3,464.66,North
11497,2023-06-05,875,25,2,212.15,North
11498,2022-02-03,22,27,4,436.0,North
11499,2022-08-16,431,48,2,135.56,East
11500,2023-08-08,30,24,4,259.82,East
11501,2024-08-15,956,49,5,109.21,South
11502,2024-03-23,679,33,4,387.47,South
11503,2023-12-25,660,27,5,253.82,West
11504,2023-08-07,410,45,5,272.77,South
11505,2023-07-24,49,31,2,431.13,South
11506,2022-08-08,325,48,3,372.22,South
11507,2024-02-26,488,38,4,483.47,South
11508,2023-06-12,298,15,2,208.61,West
11509,2022-03-16,774,44,5,236.11,South
11510,2022-05-16,181,40,5,311.52,West
11511,2022-03-15,802,1,1,232.12,North
11512,2022-09-11,122,11,1,215.61,South
11513,2024-11-07,124,15,4,176.88,East
11514,2024-10-18,453,33,3,417.62,West
11515,2024-12-02,266,48,1,271.41,East
11516,2022-02-19,28,32,5,307.63,East
11517,2023-05-30,259,25,2,110.0,North
11518,2024-01-14,77,39,3,133.37,West
11519,2024-01-01,432,33,4,176.5,East
11520,2023-07-25,879,29,2,238.03,West
11521,2023-07-30,706,34,4,31.52,East
11522,2024-06-21,894,8,2,445.31,West
11523,2022-07-21,35,11,2,452.82,North
11524,2022-07-26,436,13,3,334.22,East
11525,2023-02-19,114,5,4,164.87,North
11526,2022-08-09,62,50,1,198.81,East
11527,2024-01-28,52,19,2,369.68,West
11528,2024-02-02,116,21,2,150.28,East
11529,2023-07-17,47,3,1,308.37,West
11530,2023-01-04,438,26,3,454.07,South
11531,2024-06-14,412,33,3,211.12,East
11532,2022-07-23,101,30,3,297.65,South
11533,2024-11-14,279,22,5,465.01,South
11534,2024-08-14,107,5,5,176.88,East
11535,2022-03-10,983,19,3,382.22,East
11536,2023-05-31,35,9,3,380.01,North
11537,2022-08-28,359,24,1,464.96,South
11538,2022-12-27,887,39,5,430.71,West
11539,2024-11-20,800,12,4,376.93,East
11540,2023-12-08,2,46,3,321.89,South
11541,2023-11-21,751,48,3,128.18,South
11542,2023-10-19,492,45,3,338.62,West
11543,2022-12-10,880,27,2,145.46,East
11544,2023-06-20,890,50,5,225.61,East
11545,2022-12-21,272,42,4,357.75,South
11546,2024-07-16,144,21,2,340.7,East
11547,2024-09-09,435,38,2,206.59,South
11548,2022-04-15,451,35,4,99.51,West
11549,2024-08-19,604,32,4,247.23,North
11550,2023-06-11,733,36,4,142.29,North
11551,2023-05-19,566,33,4,135.16,West
11552,2024-07-19,916,43,4,170.13,East
11553,2023-12-10,228,17,3,356.06,West
11554,2022-08-23,545,5,4,253.67,South
11555,2024-10-26,214,44,4,192.85,North
11556,2023-05-09,648,20,5,451.29,South
11557,2024-05-27,248,23,3,356.32,East
11558,2024-08-24,408,39,2,252.38,North
11559,2024-08-23,53,4,3,216.43,West
11560,2024-08-21,576,26,1,411.26,North
11561,2024-06-15,314,30,4,94.73,West
11562,2022-08-05,374,48,2,335.44,West
11563,2023-09-15,37,47,1,20.3,South
11564,2022-12-19,724,46,2,13.41,North
11565,2023-11-23,524,29,3,466.57,West
11566,2023-11-06,980,34,1,261.85,South
11567,2023-09-23,84,10,4,164.41,South
11568,2022-11-21,900,20,4,399.4,East
11569,2024-06-19,94,24,1,492.57,East
11570,2022-11-04,415,34,3,26.86,West
11571,2023-10-16,342,37,1,28.6,North
11572,2022-10-12,719,13,3,428.84,East
11573,2023-01-27,550,23,2,282.79,West
11574,2022-12-26,421,10,3,442.54,North
11575,2024-02-08,348,22,1,350.38,East
11576,2024-03-07,715,45,1,240.59,East
11577,2024-07-20,782,14,2,89.06,West
11578,2022-06-14,587,25,1,201.03,West
11579,2024-01-03,128,18,5,395.7,North
11580,2023-08-04,841,20,1,124.62,East
11581,2024-03-31,152,28,5,359.06,West
11582,2022-05-04,522,8,1,131.2,South
11583,2022-12-10,38,5,1,237.13,East
11584,2023-06-08,427,21,2,51.86,West
11585,2024-12-11,105,20,5,232.95,South
11586,2022-05-09,165,44,2,310.22,North
11587,2023-10-19,938,16,5,286.03,North
11588,2024-01-08,544,20,5,209.17,East
11589,2024-07-27,212,25,4,191.15,East
11590,2022-03-12,526,7,5,144.95,East
11591,2022-09-30,742,25,2,385.88,East
11592,2024-10-23,132,36,2,393.49,South
11593,2022-01-22,152,10,3,246.68,East
11594,2022-06-15,96,40,1,197.46,North
11595,2024-05-24,503,16,4,322.34,East
11596,2023-05-13,522,4,1,283.29,West
11597,2023-03-10,374,10,2,336.96,East
11598,2024-01-28,875,48,4,159.95,South
11599,2022-08-22,16,31,5,396.29,East
11600,2024-04-16,679,12,2,165.2,East
11601,2023-10-25,608,20,2,215.17,South
11602,2023-12-26,18,32,2,74.89,South
11603,2023-01-11,409,2,2,429.13,West
11604,2023-12-31,7,11,4,325.69,South
11605,2022-10-30,696,20,1,125.29,North
11606,2023-02-09,894,23,1,427.34,South
11607,2023-12-09,245,13,5,355.35,North
11608,2024-07-05,943,35,2,226.67,North
11609,2022-01-21,883,17,2,495.02,South
11610,2022-09-14,978,10,1,175.23,West
11611,2023-02-03,879,40,5,58.78,West
11612,2022-02-20,594,38,3,369.39,East
11613,2023-03-23,643,14,4,380.95,East
11614,2024-04-06,129,19,1,38.89,North
11615,2023-08-18,801,32,4,411.52,East
11616,2024-03-28,455,33,1,390.21,West
11617,2023-09-28,586,43,5,465.5,West
11618,2024-12-08,876,25,2,68.09,South
11619,2024-02-14,571,25,3,304.4,West
11620,2024-08-30,72,14,4,117.52,South
11621,2023-02-01,160,45,3,205.73,West
11622,2023-11-14,87,44,2,139.89,East
11623,2024-11-16,401,38,1,230.16,West
11624,2023-12-12,462,36,5,65.31,East
11625,2023-06-13,529,24,2,158.72,North
11626,2023-11-16,89,41,3,44.75,West
11627,2023-09-05,661,39,3,251.0,East
11628,2022-07-05,823,39,3,155.37,North
11629,2023-11-27,6,13,1,299.25,East
11630,2022-08-03,596,2,3,233.66,West
11631,2022-08-04,945,34,1,129.49,West
11632,2022-01-29,84,15,3,60.44,East
11633,2022-04-12,250,48,4,379.13,East
11634,2022-05-03,666,2,4,320.23,East
11635,2022-02-23,416,25,2,26.14,South
11636,2023-09-08,72,5,2,494.79,East
11637,2023-07-11,621,34,5,324.82,North
11638,2022-04-24,112,39,3,111.52,West
11639,2024-05-04,172,5,3,421.84,South
11640,2023-11-07,699,43,1,442.23,West
11641,2024-09-03,797,8,2,291.11,North
11642,2023-12-02,273,49,4,443.93,West
11643,2022-10-19,530,14,1,24.29,South
11644,2022-09-18,680,29,4,473.13,East
11645,2023-07-18,319,30,1,38.03,North
11646,2022-02-18,82,37,2,324.77,West
11647,2024-10-26,75,4,3,179.49,East
11648,2023-01-14,429,35,3,29.26,South
11649,2022-08-12,460,7,2,465.35,East
11650,2024-11-12,847,26,4,76.33,North
11651,2024-10-04,346,32,5,428.33,West
11652,2023-10-19,249,43,5,171.87,South
11653,2022-04-20,643,33,2,373.17,South
11654,2023-12-25,387,24,1,134.57,East
11655,2023-07-07,934,50,3,295.88,East
11656,2024-10-02,867,1,4,401.78,South
11657,2023-11-29,713,29,5,287.43,North
11658,2023-12-27,363,48,3,160.21,North
11659,2022-11-02,296,45,2,124.38,North
11660,2024-08-16,68,38,3,95.65,East
11661,2024-08-11,438,38,5,421.02,East
11662,2023-09-13,532,21,4,309.36,South
11663,2023-09-22,783,23,1,259.25,West
11664,2024-05-26,605,46,1,132.29,East
11665,2023-07-10,133,5,3,222.54,East
11666,2022-03-08,295,30,1,313.83,West
11667,2024-04-14,296,40,5,45.22,West
11668,2022-07-25,647,18,4,186.75,East
11669,2024-02-25,968,6,1,127.36,North
11670,2022-06-04,864,5,1,326.79,South
11671,2024-12-08,868,42,2,307.07,South
11672,2024-02-22,33,18,1,156.71,East
11673,2023-08-08,374,13,1,30.4,East
11674,2023-12-09,805,20,5,99.58,North
11675,2022-06-28,32,38,1,88.43,North
11676,2024-12-07,555,21,2,288.51,East
11677,2024-12-31,959,4,2,92.95,North
11678,2022-04-23,804,13,2,246.34,East
11679,2024-01-27,866,18,1,311.12,South
11680,2024-06-15,305,13,3,440.99,North
11681,2024-03-31,793,13,3,130.06,North
11682,2022-06-08,108,39,5,101.1,South
11683,2024-02-25,96,37,3,94.89,South
11684,2024-11-19,66,35,5,186.61,North
11685,2022-09-08,521,38,5,328.1,North
11686,2022-04-23,230,40,2,339.21,East
11687,2022-09-16,733,27,4,113.37,North
11688,2022-04-17,358,26,5,74.3,East
11689,2023-07-29,402,12,1,229.85,South
11690,2024-09-17,790,2,2,79.18,South
11691,2023-03-03,99,43,1,408.33,East
11692,2024-05-08,271,20,1,51.1,West
11693,2024-07-06,775,35,3,378.53,West
11694,2023-09-19,909,10,1,30.9,South
11695,2023-04-20,362,8,5,405.42,North
11696,2023-07-06,164,40,1,317.3,South
11697,2022-12-10,528,46,1,167.96,West
11698,2023-09-20,169,36,3,208.7,North
11699,2022-05-16,21,31,1,340.07,South
11700,2022-10-04,540,15,5,100.96,South
11701,2022-01-31,842,42,5,446.26,West
11702,2022-09-04,595,18,1,246.61,North
11703,2023-02-15,785,15,5,382.47,North
11704,2022-01-27,833,19,5,258.28,West
11705,2022-03-14,397,24,3,231.62,West
11706,2023-11-04,36,35,2,240.11,East
11707,2023-04-21,495,2,2,187.93,East
11708,2022-10-14,314,13,4,369.05,North
11709,2022-07-31,490,45,2,424.61,West
11710,2023-02-05,276,9,1,428.65,West
11711,2023-10-17,233,35,5,69.36,North
11712,2024-11-23,616,2,2,383.07,East
11713,2023-05-13,436,46,3,107.98,North
11714,2024-04-27,6,16,4,15.97,South
11715,2022-04-08,535,46,1,144.97,West
11716,2023-01-01,682,36,2,153.51,West
11717,2023-04-08,664,2,5,406.8,South
11718,2022-01-28,244,16,3,373.77,West
11719,2023-12-14,241,8,2,51.5,West
11720,2022-09-30,773,1,5,169.72,West
11721,2024-04-05,928,18,2,133.14,East
11722,2022-07-21,558,41,1,301.77,South
11723,2023-03-26,273,26,4,275.34,West
11724,2022-01-19,75,44,5,342.67,West
11725,2022-11-07,283,5,4,456.26,West
11726,2023-02-16,708,21,4,216.33,South
11727,2024-01-12,535,35,3,331.4,West
11728,2023-09-16,87,40,5,459.99,West
11729,2024-01-02,881,28,3,275.42,West
11730,2023-09-27,633,26,4,161.06,East
11731,2023-05-13,930,32,1,207.42,South
11732,2022-09-01,149,48,1,379.76,East
11733,2023-11-21,150,50,2,362.81,South
11734,2023-07-31,577,44,2,376.72,North
11735,2023-05-30,160,44,5,374.22,South
11736,2022-07-26,446,21,1,461.02,East
11737,2024-08-05,796,4,4,384.36,South
11738,2023-01-29,82,42,1,429.16,West
11739,2024-11-10,7,41,5,291.12,East
11740,2023-12-19,182,36,2,325.64,East
11741,2022-07-21,870,24,2,484.18,East
11742,2022-04-30,966,33,3,436.45,South
11743,2023-01-24,526,5,2,390.91,North
11744,2022-08-22,478,3,4,345.9,West
11745,2023-08-25,183,11,5,185.67,South
11746,2023-12-13,314,45,2,278.58,North
11747,2024-09-08,556,32,2,37.01,West
11748,2024-05-06,174,22,4,213.92,East
11749,2022-03-17,14,11,2,64.83,North
11750,2023-10-11,300,38,4,367.03,East
11751,2023-10-12,937,22,2,447.24,East
11752,2023-05-11,73,4,4,95.3,East
11753,2024-04-09,735,39,2,130.38,South
11754,2023-04-28,514,3,5,429.92,West
11755,2024-12-19,722,10,3,297.06,West
11756,2024-09-17,773,37,3,298.27,West
11757,2023-09-11,602,19,1,285.81,West
11758,2023-07-04,343,18,3,116.95,West
11759,2023-10-08,396,28,4,129.22,South
11760,2023-05-17,846,31,4,475.33,South
11761,2024-04-25,764,17,3,364.5,North
11762,2022-02-22,895,24,4,54.31,West
11763,2023-03-26,333,1,5,119.24,South
11764,2022-03-03,355,5,4,317.29,East
11765,2024-11-12,559,32,5,148.9,West
11766,2022-02-13,847,17,5,133.35,East
11767,2024-03-30,163,21,5,109.15,South
11768,2023-10-21,116,41,2,101.01,North
11769,2023-12-29,403,43,1,310.53,North
11770,2024-05-01,79,22,4,453.87,South
11771,2022-02-16,447,39,2,186.95,East
11772,2024-03-30,883,39,1,69.54,East
11773,2024-11-13,8,34,2,70.91,South
11774,2022-03-30,23,14,4,467.51,East
11775,2024-01-05,781,16,5,269.08,West
11776,2022-06-27,791,5,2,238.48,West
11777,2024-10-15,543,18,1,446.46,East
11778,2024-12-18,414,4,1,258.49,South
11779,2024-06-19,682,44,1,245.49,North
11780,2023-03-14,642,28,2,464.06,North
11781,2023-03-02,907,45,1,242.48,North
11782,2024-08-25,409,27,3,201.57,South
11783,2023-05-01,669,6,1,295.01,South
11784,2023-04-05,22,11,1,488.84,West
11785,2024-07-09,638,47,2,482.28,East
11786,2024-11-04,403,21,4,390.04,North
11787,2024-01-18,969,17,2,254.65,East
11788,2022-02-20,681,31,2,441.92,East
11789,2022-11-05,678,34,3,215.5,South
11790,2024-11-23,157,13,4,323.67,South
11791,2024-10-01,330,23,2,97.92,East
11792,2023-09-27,22,1,3,334.03,North
11793,2022-07-24,472,4,2,145.29,West
11794,2024-01-10,264,30,3,388.16,South
11795,2024-12-29,303,31,5,212.88,North
11796,2023-06-17,902,47,1,205.22,South
11797,2022-04-18,775,16,1,375.82,West
11798,2024-05-25,724,43,2,218.41,West
11799,2022-09-08,465,3,3,359.87,West
11800,2022-05-15,164,12,5,428.98,East
11801,2023-11-20,136,12,1,77.07,East
11802,2023-02-11,252,11,2,244.72,West
11803,2022-04-12,205,16,2,473.01,West
11804,2023-11-24,856,29,3,407.97,East
11805,2023-02-08,302,21,4,487.07,West
11806,2024-03-24,242,45,2,431.55,East
11807,2024-10-22,832,44,5,162.01,West
11808,2024-05-04,927,42,5,97.78,West
11809,2024-10-23,791,43,4,113.17,West
11810,2024-07-30,61,50,5,116.28,East
11811,2024-10-17,465,5,3,47.11,West
11812,2022-06-26,818,13,2,454.33,East
11813,2024-05-22,302,17,3,256.25,North
11814,2023-04-22,472,12,4,59.62,North
11815,2023-02-02,811,17,4,383.69,East
11816,2022-08-08,394,1,3,169.56,West
11817,2022-06-22,607,8,1,44.81,South
11818,2024-01-06,660,16,4,102.98,South
11819,2023-05-17,912,15,2,332.2,West
11820,2024-01-31,974,19,4,399.06,South
11821,2022-05-11,259,25,3,134.3,East
11822,2024-03-08,542,31,3,292.76,East
11823,2024-03-09,530,42,5,10.43,West
11824,2024-07-18,187,2,1,146.41,South
11825,2023-12-24,966,25,3,99.0,North
11826,2024-11-09,212,31,5,47.51,West
11827,2022-08-03,35,4,5,247.11,North
11828,2023-05-03,147,4,2,319.2,West
11829,2022-11-09,282,12,5,32.72,North
11830,2022-03-20,547,17,1,77.57,South
11831,2022-06-29,588,21,2,466.82,East
11832,2024-09-30,584,29,3,119.33,South
11833,2023-11-06,249,22,3,382.39,North
11834,2022-01-14,57,36,5,376.39,North
11835,2024-05-08,869,40,4,167.58,West
11836,2022-09-03,305,16,1,110.02,North
11837,2024-11-03,522,15,1,129.54,East
11838,2022-04-09,725,30,5,287.29,East
11839,2022-02-02,361,46,1,196.77,South
11840,2022-09-14,237,11,2,252.83,East
11841,2022-02-03,234,13,5,407.69,East
11842,2022-01-19,925,23,4,256.13,West
11843,2023-08-12,223,40,3,497.66,West
11844,2022-05-17,616,41,1,336.26,North
11845,2022-12-25,327,34,3,111.55,South
11846,2024-01-24,98,20,4,254.76,West
11847,2023-02-08,226,2,4,408.57,West
11848,2022-09-07,734,8,2,116.97,West
11849,2023-03-22,836,18,4,367.42,North
11850,2024-08-11,489,7,4,26.39,East
11851,2022-10-05,478,43,1,471.89,South
11852,2022-04-22,985,31,3,335.05,East
11853,2024-01-16,334,22,1,89.66,West
11854,2023-11-19,792,28,1,438.4,West
11855,2023-01-27,555,25,5,50.09,West
11856,2024-08-26,863,1,5,208.91,West
11857,2022-05-23,512,32,2,371.11,East
11858,2024-11-21,382,25,2,469.33,West
11859,2022-06-30,423,48,4,180.92,South
11860,2023-08-02,348,16,2,416.95,West
11861,2024-03-08,153,29,2,106.41,South
11862,2022-09-26,851,42,4,27.2,North
11863,2023-07-07,452,24,3,24.09,South
11864,2023-09-25,290,17,4,332.5,North
11865,2022-10-02,736,42,4,85.56,North
11866,2024-01-13,985,6,3,34.66,South
11867,2022-03-27,119,14,4,488.61,North
11868,2024-12-22,214,26,5,128.59,East
11869,2023-02-08,565,28,2,236.65,South
11870,2022-07-11,732,47,4,310.41,East
11871,2024-11-20,439,36,1,80.78,East
11872,2022-04-17,755,31,2,185.01,North
11873,2023-09-14,565,27,5,327.38,East
11874,2022-10-03,914,2,5,323.48,West
11875,2023-10-13,629,19,4,422.61,North
11876,2023-07-10,903,28,3,224.34,East
11877,2024-12-23,447,45,1,446.02,North
11878,2023-07-21,843,44,4,344.27,East
11879,2023-08-09,42,21,3,285.43,North
11880,2024-06-03,395,45,5,67.4,North
11881,2022-05-09,247,15,2,291.6,West
11882,2022-09-13,905,34,5,301.39,South
11883,2024-07-22,291,40,4,381.81,North
11884,2022-08-19,248,3,3,362.38,West
11885,2024-05-12,613,1,4,269.69,North
11886,2022-12-21,599,24,5,300.49,West
11887,2022-05-26,865,43,1,388.45,South
11888,2024-11-22,449,27,5,182.21,South
11889,2022-09-17,84,9,4,76.14,West
11890,2022-03-28,773,24,3,438.41,West
11891,2024-04-22,221,17,4,482.86,North
11892,2022-09-22,666,28,2,220.36,North
11893,2023-01-27,51,39,2,495.25,West
11894,2022-08-20,550,4,3,168.12,East
11895,2024-06-19,771,29,5,42.62,East
11896,2023-08-11,981,45,4,290.51,West
11897,2023-03-23,187,28,2,435.42,South
11898,2023-04-11,525,37,1,312.57,North
11899,2024-07-22,223,29,2,14.62,West
11900,2022-05-08,465,44,5,15.8,East
11901,2024-11-15,419,29,3,364.93,East
11902,2023-07-27,87,5,1,424.22,North
11903,2023-05-26,259,11,4,133.99,South
11904,2023-05-03,181,2,4,240.36,South
11905,2024-06-09,311,4,3,480.93,West
11906,2023-08-02,173,10,1,235.68,West
11907,2024-08-07,322,39,1,76.55,East
11908,2023-02-10,707,44,1,456.71,West
11909,2024-11-15,340,8,3,252.63,South
11910,2022-12-30,496,23,3,178.71,East
11911,2024-12-19,245,27,4,57.74,East
11912,2023-07-05,940,23,2,234.55,South
11913,2022-10-19,505,48,5,387.14,North
11914,2024-02-28,329,34,4,361.42,West
11915,2024-03-26,880,35,1,253.33,West
11916,2022-07-10,196,17,2,362.57,East
11917,2023-04-06,62,47,5,181.87,East
11918,2023-10-26,25,50,1,370.28,West
11919,2022-08-21,564,10,3,52.01,North
11920,2023-04-19,562,2,2,107.62,West
11921,2023-10-20,378,17,3,440.08,East
11922,2022-09-28,897,31,5,153.89,North
11923,2022-06-20,295,16,5,110.91,North
11924,2022-01-28,52,24,1,53.61,North
11925,2022-05-16,844,7,3,202.55,South
11926,2024-07-13,40,19,4,42.82,East
11927,2023-02-09,744,16,4,253.52,East
11928,2024-09-03,572,33,3,460.41,East
11929,2024-06-06,728,36,5,395.7,North
11930,2024-05-05,457,45,2,29.93,South
11931,2023-03-20,878,10,3,156.88,East
11932,2023-03-10,852,43,1,101.95,East
11933,2023-05-24,709,15,4,42.8,East
11934,2022-02-03,788,43,1,63.23,West
11935,2024-10-22,853,3,2,454.99,West
11936,2022-12-28,2,2,4,161.94,South
11937,2023-08-29,469,43,4,202.19,West
11938,2023-12-17,106,42,4,247.99,North
11939,2022-09-07,216,35,1,375.02,South
11940,2022-05-27,777,27,5,401.2,South
11941,2022-12-14,679,5,1,482.23,West
11942,2023-02-03,759,15,5,113.23,North
11943,2022-05-05,414,36,3,157.52,West
11944,2024-02-02,950,49,4,163.35,South
11945,2023-02-02,210,33,1,228.18,North
11946,2022-05-11,58,1,2,405.63,South
11947,2023-08-28,940,12,2,127.33,West
11948,2024-06-10,43,42,5,393.63,South
11949,2024-04-01,138,41,5,109.98,West
11950,2024-06-20,621,9,4,357.97,South
11951,2024-08-02,489,20,5,401.51,East
11952,2024-01-02,560,30,2,428.35,North
11953,2022-11-30,638,14,1,260.04,North
11954,2024-11-09,469,23,1,171.07,East
11955,2022-07-24,726,29,5,388.47,South
11956,2024-08-13,913,42,5,167.25,West
11957,2022-12-21,640,35,2,82.56,East
11958,2024-04-03,389,27,3,419.0,East
11959,2024-10-22,198,49,1,211.51,South
11960,2024-07-29,202,27,5,289.71,South
11961,2022-06-17,192,30,4,460.04,North
11962,2023-01-03,107,3,5,76.54,East
11963,2023-06-20,706,12,5,283.02,South
11964,2024-08-20,327,47,1,283.79,North
11965,2023-08-03,750,31,5,432.33,West
11966,2024-08-07,644,37,4,177.22,South
11967,2022-07-26,357,27,4,206.59,North
11968,2024-12-08,595,47,4,264.45,North
11969,2023-06-28,501,24,2,91.93,North
11970,2022-05-09,284,48,4,240.62,South
11971,2023-09-06,468,41,1,223.68,West
11972,2022-02-04,508,40,3,106.72,South
11973,2024-03-29,734,11,5,418.18,North
11974,2022-07-18,106,27,5,221.21,East
11975,2022-03-18,294,9,5,159.97,East
11976,2023-01-04,66,16,4,73.88,East
11977,2024-04-12,195,14,4,53.98,North
11978,2023-06-10,188,47,4,480.51,East
11979,2022-12-15,47,30,3,497.63,West
11980,2023-05-21,362,46,3,449.98,South
11981,2023-10-05,871,24,3,234.73,East
11982,2022-08-26,537,42,3,405.88,North
11983,2022-05-18,578,13,3,418.8,West
11984,2023-09-04,487,33,5,156.91,North
11985,2023-11-11,847,9,5,297.15,East
11986,2024-04-18,579,49,3,478.84,West
11987,2024-07-26,709,26,5,147.23,North
11988,2022-12-21,246,49,3,334.81,South
11989,2023-08-01,808,42,3,334.65,West
11990,2024-04-26,612,45,3,231.81,North
11991,2023-07-13,178,50,5,250.26,South
11992,2024-04-28,115,13,2,233.63,East
11993,2022-05-20,680,21,2,265.33,West
11994,2023-10-25,631,29,2,82.9,South
11995,2022-01-21,998,28,1,399.43,West
11996,2022-03-05,165,24,2,333.93,South
11997,2024-12-31,219,13,2,487.17,South
11998,2024-09-16,197,42,2,130.37,West
11999,2022-06-11,401,20,4,81.52,East
12000,2022-05-10,830,39,3,177.85,South
12001,2023-08-04,998,7,5,259.77,South
12002,2022-08-13,749,41,4,110.45,West
12003,2023-08-03,681,48,3,235.69,South
12004,2024-09-09,76,15,2,324.88,North
12005,2024-10-01,426,25,2,37.52,West
12006,2022-04-17,287,35,4,381.43,West
12007,2023-09-13,545,13,5,470.46,South
12008,2024-04-19,299,43,4,141.44,South
12009,2023-07-31,861,8,4,390.35,East
12010,2022-07-18,742,21,3,214.79,West
12011,2023-05-25,707,6,1,335.57,North
12012,2023-10-29,294,10,5,374.08,West
12013,2022-03-20,809,49,5,154.54,South
12014,2024-06-12,886,41,4,395.82,East
12015,2023-05-27,447,21,4,61.5,North
12016,2022-09-07,936,14,2,493.5,South
12017,2024-06-07,414,45,4,175.14,West
12018,2024-10-20,431,33,3,119.66,South
12019,2023-08-22,790,25,2,77.94,West
12020,2024-01-23,230,19,1,407.97,West
12021,2023-08-23,96,9,3,297.09,South
12022,2024-09-01,895,49,5,476.32,North
12023,2023-04-28,439,47,5,327.36,North
12024,2024-04-15,171,37,3,176.89,West
12025,2022-06-21,317,36,4,419.84,East
12026,2024-05-18,842,36,4,147.81,South
12027,2022-01-17,544,15,4,152.51,South
12028,2023-01-29,491,5,5,23.86,North
12029,2022-08-22,388,17,3,133.49,South
12030,2022-09-05,989,30,4,138.1,South
12031,2022-02-21,557,7,2,155.79,North
12032,2022-01-15,72,6,5,190.63,West
12033,2023-03-17,532,15,3,292.57,East
12034,2023-11-27,239,46,3,116.03,West
12035,2022-01-07,711,10,3,322.01,South
12036,2024-04-05,577,6,3,75.32,East
12037,2024-11-02,700,42,1,466.15,West
12038,2023-04-23,89,41,2,22.79,East
12039,2023-09-23,922,13,1,455.02,North
12040,2023-12-16,713,14,4,278.13,West
12041,2022-04-25,535,1,1,357.92,North
12042,2023-05-24,808,33,1,156.19,West
12043,2022-02-26,642,19,5,95.16,North
12044,2023-01-17,154,9,3,474.17,West
12045,2024-08-09,590,37,1,226.09,West
12046,2022-10-02,190,49,3,245.45,North
12047,2022-02-13,812,48,2,492.98,West
12048,2023-12-19,415,12,1,174.67,North
12049,2022-11-14,154,5,5,59.09,East
12050,2023-06-18,625,6,5,297.59,East
12051,2022-08-25,339,11,4,281.86,East
12052,2024-06-11,998,38,1,388.82,West
12053,2023-06-01,629,10,2,477.99,North
12054,2022-02-07,517,15,3,160.76,North
12055,2023-10-16,889,50,1,363.68,South
12056,2024-01-17,838,39,4,222.91,South
12057,2024-04-20,35,28,5,394.05,East
12058,2023-03-24,784,3,1,90.5,East
12059,2023-11-15,671,16,4,255.42,North
12060,2022-05-05,722,45,2,47.82,South
12061,2024-12-24,526,17,3,284.98,East
12062,2024-03-03,537,36,2,92.8,North
12063,2024-02-23,847,19,2,480.42,West
12064,2022-08-14,218,4,3,281.62,South
12065,2023-04-10,254,25,1,269.39,South
12066,2023-10-05,996,27,3,486.44,West
12067,2022-10-20,203,12,4,254.22,South
12068,2023-12-22,101,27,2,341.6,East
12069,2024-01-26,361,4,3,32.87,East
12070,2022-06-15,741,24,5,357.09,South
12071,2024-02-08,711,17,3,61.11,West
12072,2024-10-03,914,26,3,392.31,West
12073,2024-05-20,178,18,4,439.65,North
12074,2024-12-11,276,22,2,164.58,East
12075,2023-07-21,312,6,4,440.28,North
12076,2024-11-03,642,19,4,246.49,North
12077,2023-08-25,410,37,5,290.07,South
12078,2024-06-23,791,34,4,211.38,South
12079,2022-02-10,288,11,4,243.51,North
12080,2024-10-26,653,24,5,455.05,West
12081,2022-08-30,525,45,1,474.17,North
12082,2022-06-11,401,37,4,228.48,West
12083,2024-10-15,217,23,3,262.04,South
12084,2023-11-23,698,40,4,66.93,West
12085,2024-03-19,470,43,2,169.55,East
12086,2024-09-05,27,4,3,261.49,East
12087,2023-06-02,913,18,3,109.27,East
12088,2024-06-16,730,30,1,292.5,South
12089,2024-02-22,422,15,2,345.79,West
12090,2024-02-23,14,37,2,328.48,South
12091,2022-03-26,501,23,2,226.83,South
12092,2024-10-30,654,12,4,386.97,South
12093,2022-05-18,908,4,4,166.57,South
12094,2024-01-24,325,4,3,239.95,North
12095,2024-06-24,997,41,1,142.38,North
12096,2023-12-14,324,41,4,305.78,South
12097,2022-06-05,567,14,4,225.95,West
12098,2023-02-12,703,8,1,116.39,South
12099,2024-02-26,285,23,2,161.01,South
12100,2023-08-03,89,1,3,146.94,North
12101,2023-07-08,45,11,4,456.35,North
12102,2023-01-31,644,27,1,265.76,East
12103,2024-03-20,498,4,1,329.8,North
12104,2024-08-19,912,29,2,468.02,East
12105,2023-06-26,498,17,5,99.29,West
12106,2024-10-29,578,49,5,469.08,East
12107,2024-09-13,791,19,5,274.42,West
12108,2022-06-19,836,45,5,429.54,South
12109,2022-10-17,660,49,4,92.32,South
12110,2024-01-10,145,24,1,143.74,East
12111,2023-08-11,948,44,3,105.14,West
12112,2024-01-05,518,46,4,330.18,South
12113,2023-04-02,82,41,5,78.97,East
12114,2023-12-02,980,44,3,398.34,West
12115,2024-09-05,635,32,3,132.71,South
12116,2022-02-15,167,31,5,135.18,North
12117,2024-11-06,749,49,3,147.75,South
12118,2022-08-19,105,16,4,375.73,East
12119,2024-08-07,802,32,2,462.87,East
12120,2023-09-29,488,44,4,454.68,West
12121,2022-04-22,750,42,4,59.61,North
12122,2023-08-16,310,34,2,138.59,East
12123,2024-05-08,984,35,5,339.37,North
12124,2023-01-26,82,37,5,313.09,North
12125,2023-01-27,94,16,2,181.51,West
12126,2022-11-24,321,21,4,432.79,West
12127,2024-01-17,343,13,1,73.93,North
12128,2023-01-02,797,18,3,323.13,North
12129,2022-03-23,809,2,3,143.81,East
12130,2024-03-16,361,33,3,268.32,North
12131,2024-04-01,831,41,1,199.87,West
12132,2024-08-09,928,18,4,490.07,West
12133,2023-01-07,66,28,5,248.48,East
12134,2022-09-21,624,37,2,488.29,West
12135,2022-04-20,868,35,3,134.96,North
12136,2022-11-03,429,37,1,386.29,South
12137,2022-08-14,401,12,2,361.36,West
12138,2022-07-04,171,40,4,425.35,East
12139,2024-08-21,759,8,1,349.87,North
12140,2022-01-31,578,25,1,344.36,West
12141,2023-09-06,68,7,2,333.75,South
12142,2022-04-09,492,2,2,492.68,West
12143,2024-03-21,34,33,3,121.77,North
12144,2023-10-14,1,33,4,24.76,West
12145,2024-03-24,151,40,2,342.21,North
12146,2024-10-16,902,49,3,94.45,South
12147,2024-09-04,784,23,3,342.9,West
12148,2022-03-29,258,5,2,166.65,South
12149,2024-12-22,750,14,1,31.24,North
12150,2024-07-10,628,8,1,387.19,South
12151,2023-08-09,588,20,1,35.31,North
12152,2024-03-28,795,18,3,119.83,East
12153,2024-07-20,19,23,1,174.84,West
12154,2024-03-07,796,29,4,75.05,North
12155,2024-10-15,35,7,1,457.65,East
12156,2024-10-09,371,24,1,314.7,South
12157,2024-08-30,491,46,3,438.94,West
12158,2023-09-25,836,25,5,344.21,West
12159,2022-12-12,817,14,4,496.05,West
12160,2023-12-25,241,38,3,267.32,West
12161,2024-06-19,7,3,4,36.34,South
12162,2024-11-03,549,46,4,88.82,West
12163,2022-05-16,371,14,1,298.33,North
12164,2023-02-01,665,3,4,180.39,West
12165,2024-03-02,757,42,1,65.32,South
12166,2022-03-20,250,9,4,126.69,North
12167,2023-12-06,115,7,5,242.54,North
12168,2024-09-08,553,26,4,263.91,North
12169,2024-12-10,337,7,2,467.94,East
12170,2024-01-14,574,7,1,54.43,East
12171,2023-01-19,681,44,5,185.33,West
12172,2023-01-10,142,36,1,257.96,East
12173,2022-07-25,485,13,5,65.5,South
12174,2023-05-04,438,3,1,347.02,West
12175,2024-05-30,770,20,2,262.36,East
12176,2023-09-24,88,9,2,235.16,East
12177,2023-08-15,463,22,5,331.48,South
12178,2024-12-01,48,45,3,151.03,South
12179,2023-06-17,947,33,1,176.27,East
12180,2023-06-06,481,23,3,89.72,East
12181,2024-04-04,823,23,4,266.63,East
12182,2023-08-21,524,38,2,192.48,East
12183,2022-04-23,211,26,1,137.56,West
12184,2024-01-04,244,32,2,71.12,West
12185,2022-11-14,239,28,4,21.38,West
12186,2024-09-22,197,30,5,104.74,East
12187,2022-08-01,769,40,1,131.24,South
12188,2022-09-10,235,17,1,247.86,South
12189,2022-05-04,187,18,1,128.09,West
12190,2023-09-16,713,25,5,410.65,South
12191,2024-12-24,615,4,2,242.32,North
12192,2024-06-16,290,26,5,315.67,West
12193,2022-09-04,221,31,2,111.89,South
12194,2023-03-17,497,12,1,213.9,South
12195,2022-02-14,496,48,5,305.36,East
12196,2023-10-20,880,18,4,162.41,West
12197,2024-05-29,302,10,5,174.74,West
12198,2024-10-13,187,36,2,405.64,North
12199,2023-07-08,450,2,1,420.22,North
12200,2024-03-19,915,25,2,271.14,South
12201,2024-08-28,412,47,3,449.24,East
12202,2023-12-31,611,9,1,370.97,West
12203,2024-10-17,936,47,4,37.1,North
12204,2024-08-11,245,32,4,284.14,West
12205,2024-12-26,313,5,3,351.92,South
12206,2024-11-30,819,3,2,275.03,East
12207,2022-04-09,496,17,4,417.67,North
12208,2024-05-21,22,13,2,157.41,South
12209,2022-10-28,68,3,1,42.08,East
12210,2023-05-03,392,28,5,320.47,South
12211,2024-10-01,316,4,1,368.09,West
12212,2023-04-22,65,18,2,384.97,West
12213,2024-05-10,804,35,3,15.42,South
12214,2024-03-19,967,14,1,339.96,North
12215,2023-06-02,729,16,4,20.16,South
12216,2023-04-04,541,12,1,389.65,East
12217,2022-08-18,705,11,1,354.52,South
12218,2022-01-08,568,2,1,288.03,East
12219,2022-07-14,850,33,3,258.1,East
12220,2024-11-08,900,13,2,360.4,East
12221,2022-12-20,212,30,3,38.03,South
12222,2024-12-08,750,26,4,417.77,West
12223,2023-04-09,200,50,2,108.6,West
12224,2022-12-22,987,18,4,244.12,South
12225,2024-04-29,178,13,2,248.53,East
12226,2024-08-31,423,4,2,390.79,South
12227,2022-03-07,931,33,1,104.57,West
12228,2024-05-08,665,15,1,156.88,West
12229,2023-07-25,462,17,3,334.92,West
12230,2022-11-04,44,6,2,212.26,East
12231,2024-02-22,431,5,4,156.44,North
12232,2022-05-01,168,33,1,314.5,North
12233,2024-02-05,287,16,4,52.42,West
12234,2024-02-12,709,46,1,396.99,West
12235,2022-04-06,337,24,2,267.13,West
12236,2024-09-13,586,5,4,110.95,South
12237,2023-06-24,171,3,3,210.17,East
12238,2022-01-02,892,35,3,74.23,East
12239,2023-08-03,183,27,3,312.12,East
12240,2022-11-29,16,12,1,337.96,South
12241,2024-11-13,496,50,1,208.59,North
12242,2024-01-12,580,41,3,176.45,South
12243,2023-05-21,887,25,4,426.39,North
12244,2024-09-26,837,17,1,292.27,East
12245,2024-01-03,554,49,3,336.84,West
12246,2023-05-29,110,20,1,72.48,North
12247,2024-06-13,553,28,5,359.53,West
12248,2022-12-27,306,50,4,227.86,North
12249,2022-10-01,980,35,2,189.67,South
12250,2022-06-26,6,50,4,465.41,East
12251,2023-06-11,843,15,2,36.43,South
12252,2024-07-01,693,33,3,105.85,East
12253,2022-10-06,273,3,1,193.77,East
12254,2023-12-07,361,7,3,168.78,East
12255,2022-03-05,185,10,2,260.24,West
12256,2022-10-17,835,41,5,206.44,South
12257,2022-01-18,656,26,2,396.26,South
12258,2022-03-05,948,41,1,386.32,East
12259,2022-11-26,100,40,5,388.46,North
12260,2024-02-02,90,6,1,190.98,East
12261,2024-11-06,984,33,5,209.61,North
12262,2023-03-19,246,16,1,363.03,South
12263,2022-05-21,239,24,2,70.86,West
12264,2023-03-20,930,30,2,427.44,South
12265,2023-05-11,724,10,2,275.22,North
12266,2023-03-02,81,11,2,425.79,West
12267,2023-03-26,115,44,5,398.87,South
12268,2022-12-17,276,22,4,193.45,South
12269,2023-08-22,80,3,4,59.76,North
12270,2023-12-12,568,38,3,461.21,South
12271,2024-05-19,179,40,4,178.86,North
12272,2023-01-28,309,23,3,193.13,North
12273,2024-04-21,561,45,2,455.43,East
12274,2023-02-05,509,19,1,459.5,South
12275,2022-02-19,260,40,4,138.82,West
12276,2024-01-14,786,13,4,53.59,East
12277,2024-06-24,292,36,2,10.54,North
12278,2024-11-01,885,3,2,224.76,South
12279,2024-09-17,291,22,4,288.6,South
12280,2024-11-04,542,25,2,142.47,North
12281,2022-01-28,886,20,4,137.28,West
12282,2023-01-23,764,28,1,184.82,East
12283,2024-04-12,63,3,1,138.91,North
12284,2022-09-07,594,22,3,430.63,South
12285,2022-04-08,405,44,4,324.99,North
12286,2024-11-28,948,37,1,416.18,East
12287,2024-11-27,480,38,1,431.63,North
12288,2022-06-28,325,18,5,223.15,North
12289,2024-06-10,381,20,1,244.01,West
12290,2024-01-20,681,46,3,489.13,South
12291,2023-03-29,310,5,1,410.25,North
12292,2022-04-07,343,43,2,400.97,South
12293,2022-11-05,670,9,5,296.02,West
12294,2022-09-19,475,29,4,235.96,East
12295,2022-10-20,56,17,3,448.36,North
12296,2022-09-06,847,12,1,404.23,West
12297,2022-09-02,425,26,4,263.23,West
12298,2022-09-08,142,33,1,142.54,West
12299,2022-05-03,661,33,5,82.17,South
12300,2022-11-21,376,36,4,280.83,South
12301,2024-09-12,226,29,2,155.05,West
12302,2023-05-16,474,22,2,139.47,West
12303,2023-11-18,25,18,4,61.84,North
12304,2024-12-25,690,17,2,26.89,North
12305,2024-04-15,365,44,3,393.84,South
12306,2022-02-28,95,24,5,62.91,West
12307,2024-01-01,508,22,3,445.42,South
12308,2022-09-23,565,44,4,114.75,West
12309,2022-08-24,816,5,3,382.24,East
12310,2024-06-16,582,1,5,413.27,East
12311,2022-08-06,176,19,5,398.35,East
12312,2024-09-01,644,30,4,437.7,North
12313,2023-08-12,408,39,3,176.46,West
12314,2024-07-05,490,15,5,493.09,West
12315,2024-07-06,927,46,4,147.0,North
12316,2022-12-19,851,35,5,467.81,East
12317,2022-04-01,459,5,1,224.35,North
12318,2023-12-03,413,6,1,37.9,West
12319,2022-03-14,901,25,5,394.61,North
12320,2023-11-16,338,11,4,395.83,North
12321,2023-12-23,963,22,1,106.68,North
12322,2024-08-15,872,34,5,413.52,East
12323,2024-11-21,331,44,2,87.21,North
12324,2023-10-10,213,14,3,84.2,East
12325,2024-01-30,990,9,5,406.37,East
12326,2024-05-20,723,20,1,152.21,North
12327,2022-05-23,949,16,5,47.67,North
12328,2024-08-06,345,17,4,478.61,East
12329,2022-02-13,576,17,1,282.95,North
12330,2022-02-01,547,34,4,229.56,West
12331,2022-01-28,524,42,4,257.01,East
12332,2024-10-16,943,11,4,338.52,South
12333,2023-02-27,346,35,5,432.22,South
12334,2023-05-06,823,34,1,339.56,East
12335,2022-06-09,248,36,4,372.37,South
12336,2024-04-24,624,8,2,98.28,West
12337,2022-01-18,325,19,3,198.21,East
12338,2023-11-03,467,50,5,296.56,East
12339,2022-08-20,91,33,2,313.51,North
12340,2023-02-28,294,23,1,142.64,West
12341,2024-06-22,541,2,3,487.74,South
12342,2024-01-25,524,8,4,67.91,South
12343,2024-04-16,659,29,2,65.02,North
12344,2024-06-12,649,42,2,122.28,East
12345,2022-08-27,850,7,4,379.42,West
12346,2022-05-29,669,49,4,27.91,West
12347,2023-09-15,259,29,2,494.05,North
12348,2022-01-17,87,31,1,493.99,South
12349,2024-07-02,158,30,5,88.25,East
12350,2022-08-14,494,35,1,206.59,West
12351,2023-10-14,186,25,1,109.92,East
12352,2022-09-17,344,47,5,209.93,North
12353,2023-11-05,821,4,1,271.1,East
12354,2022-06-23,869,49,3,413.14,South
12355,2022-07-24,741,43,4,27.55,West
12356,2023-02-19,516,38,2,493.58,West
12357,2024-03-02,569,17,5,470.88,South
12358,2024-12-24,950,10,1,289.5,South
12359,2023-06-02,509,1,2,245.64,East
12360,2024-12-26,540,18,3,279.82,North
12361,2024-09-05,16,46,1,19.04,West
12362,2024-10-06,525,19,1,371.46,South
12363,2023-08-13,200,50,1,253.25,East
12364,2022-03-08,184,32,3,150.16,West
12365,2023-11-15,309,31,4,236.16,North
12366,2022-03-04,816,33,2,153.36,East
12367,2024-03-24,508,22,1,352.98,South
12368,2023-02-07,281,1,1,311.07,West
12369,2022-07-11,834,41,3,200.17,East
12370,2022-03-12,158,46,3,163.98,South
12371,2024-05-27,360,35,2,440.24,South
12372,2024-01-11,259,44,2,344.3,South
12373,2024-08-03,919,49,1,360.73,West
12374,2024-12-22,157,17,1,313.12,South
12375,2022-09-02,425,34,1,46.86,East
12376,2023-06-03,606,29,1,39.04,West
12377,2023-01-28,779,6,1,220.29,East
12378,2024-02-11,21,1,3,465.94,North
12379,2024-06-29,639,27,4,267.11,North
12380,2022-07-03,347,12,2,439.18,North
12381,2022-09-04,920,4,3,57.31,North
12382,2022-11-20,863,16,5,364.89,South
12383,2022-06-09,350,11,5,130.22,West
12384,2023-12-07,961,20,5,267.0,South
12385,2023-09-14,385,26,2,153.53,East
12386,2024-07-13,438,28,1,359.04,East
12387,2022-03-07,456,42,5,206.44,North
12388,2024-07-18,624,8,5,236.46,East
12389,2022-09-11,746,2,4,130.22,East
12390,2022-10-10,546,40,3,147.91,West
12391,2024-12-19,80,26,2,97.94,East
12392,2022-04-28,987,27,2,281.36,South
12393,2023-02-27,452,33,4,81.05,North
12394,2023-07-10,595,7,5,141.42,North
12395,2022-02-05,541,46,4,269.93,East
12396,2023-06-15,489,36,1,144.67,East
12397,2022-04-01,643,21,5,298.36,South
12398,2022-04-08,523,49,2,16.94,South
12399,2023-06-15,392,34,3,486.88,East
12400,2023-06-22,574,23,4,367.69,South
12401,2024-11-17,359,34,4,256.87,West
12402,2022-03-21,33,40,2,461.21,South
12403,2023-07-17,136,7,5,436.19,East
12404,2023-09-06,921,26,5,189.61,East
12405,2022-06-25,600,40,5,66.9,South
12406,2023-06-06,922,49,3,133.59,West
12407,2023-02-27,410,17,3,112.26,West
12408,2023-07-30,529,31,5,377.53,East
12409,2023-06-15,91,39,3,278.57,North
12410,2022-11-28,413,25,4,426.55,South
12411,2023-10-15,299,37,5,249.95,South
12412,2024-01-10,487,15,3,387.18,South
12413,2023-05-26,765,2,4,168.48,West
12414,2022-02-11,73,11,4,305.05,North
12415,2024-06-03,718,32,3,323.31,South
12416,2022-03-22,261,30,5,382.05,East
12417,2023-02-06,690,17,5,401.75,West
12418,2022-04-17,990,24,3,145.49,North
12419,2023-05-21,312,45,3,198.68,North
12420,2023-12-21,959,4,1,111.5,West
12421,2022-09-14,825,50,4,376.44,North
12422,2024-08-11,732,46,5,142.66,West
12423,2024-07-21,685,32,2,201.6,North
12424,2024-12-07,165,19,4,403.48,East
12425,2024-06-15,840,3,5,176.5,North
12426,2022-01-19,335,4,1,152.84,South
12427,2024-12-05,502,25,4,329.08,North
12428,2023-03-27,732,9,4,487.93,West
12429,2024-06-16,804,21,5,40.69,West
12430,2024-12-15,161,23,2,419.05,North
12431,2024-01-11,390,46,3,69.59,North
12432,2022-03-23,760,29,2,179.0,North
12433,2024-01-07,883,30,1,214.19,South
12434,2022-03-20,972,25,4,362.18,South
12435,2022-10-10,71,49,5,464.02,North
12436,2024-09-23,941,29,4,59.99,North
12437,2022-06-09,92,34,3,374.96,South
12438,2024-06-06,903,14,2,167.92,North
12439,2023-04-13,361,22,2,451.94,South
12440,2024-05-02,321,48,1,146.33,East
12441,2023-04-07,245,16,5,349.99,West
12442,2024-05-03,24,11,3,90.73,East
12443,2022-04-27,557,14,3,479.39,West
12444,2022-12-30,701,7,5,12.12,North
12445,2023-04-11,403,5,1,124.1,East
12446,2022-07-03,373,40,3,341.21,West
12447,2023-10-22,928,29,1,428.23,East
12448,2022-03-16,286,17,5,496.84,South
12449,2024-04-05,833,30,5,94.9,South
12450,2023-05-18,928,25,5,160.5,East
12451,2024-03-05,441,14,3,447.01,North
12452,2023-08-10,916,42,5,25.92,North
12453,2023-10-18,853,22,3,369.33,North
12454,2023-12-01,595,44,1,217.3,East
12455,2023-09-27,734,5,4,347.52,East
12456,2024-04-23,882,40,1,267.2,North
12457,2024-04-14,988,28,3,317.28,East
12458,2024-02-03,352,12,2,336.67,West
12459,2022-12-24,926,36,2,319.31,North
12460,2023-11-23,855,13,4,335.64,West
12461,2023-09-14,219,21,5,288.49,South
12462,2023-04-27,485,32,1,359.81,South
12463,2024-09-06,443,49,1,390.25,North
12464,2024-09-04,218,21,3,396.09,East
12465,2022-10-17,702,37,4,428.22,South
12466,2024-01-22,67,38,5,165.04,North
12467,2022-01-23,31,9,4,375.43,North
12468,2024-03-16,322,37,2,473.86,East
12469,2022-06-21,250,2,4,190.06,East
12470,2024-04-14,566,3,5,391.04,South
12471,2022-11-14,10,43,5,152.82,West
12472,2024-06-26,678,10,1,96.03,North
12473,2024-03-08,851,35,1,228.75,North
12474,2024-09-17,927,9,5,405.2,North
12475,2024-05-04,285,40,1,160.49,South
12476,2023-11-12,153,48,1,154.52,South
12477,2024-07-04,544,32,1,146.06,South
12478,2024-10-26,529,21,5,116.88,North
12479,2024-04-22,371,34,1,309.44,East
12480,2023-04-28,301,25,2,129.24,North
12481,2022-05-12,817,42,5,468.1,East
12482,2024-05-10,855,32,4,179.51,West
12483,2022-10-21,146,46,3,275.78,West
12484,2023-10-03,587,37,3,210.49,South
12485,2024-09-26,891,22,2,481.73,North
12486,2023-01-27,636,25,5,217.77,East
12487,2022-09-06,52,1,4,286.21,North
12488,2023-12-04,404,45,5,384.08,North
12489,2022-10-14,702,36,4,93.94,North
12490,2022-10-04,141,21,4,25.99,West
12491,2023-01-22,88,41,5,232.91,North
12492,2023-03-26,427,16,1,279.81,South
12493,2022-10-18,84,32,3,150.66,South
12494,2023-03-19,243,21,1,236.63,West
12495,2023-10-18,106,28,3,311.43,East
12496,2024-12-04,604,19,1,486.9,West
12497,2024-04-06,355,14,5,304.87,South
12498,2023-04-21,21,23,5,229.94,South
12499,2022-09-10,6,24,4,21.04,South
12500,2022-10-16,967,20,2,162.19,South
12501,2024-09-26,221,32,5,185.66,East
12502,2022-01-21,821,40,3,243.7,West
12503,2022-11-12,87,10,4,393.26,South
12504,2023-07-18,692,1,3,390.18,West
12505,2022-05-03,453,31,1,424.19,South
12506,2024-05-23,342,37,2,152.1,East
12507,2024-08-17,393,15,5,179.77,South
12508,2022-08-02,352,40,1,83.62,East
12509,2024-04-18,246,31,4,430.13,South
12510,2023-10-09,970,28,3,329.6,South
12511,2024-08-25,686,10,2,48.0,West
12512,2023-12-31,113,6,5,158.79,North
12513,2023-08-23,988,15,3,84.84,East
12514,2024-03-02,971,47,5,484.92,East
12515,2022-02-09,583,27,5,169.06,North
12516,2024-01-22,158,10,3,253.27,East
12517,2024-07-31,811,21,5,165.77,East
12518,2023-10-10,237,19,4,242.41,East
12519,2022-07-01,699,4,2,499.32,North
12520,2022-09-22,243,22,1,150.82,East
12521,2024-02-10,166,38,2,148.48,South
12522,2024-05-12,34,15,1,191.98,South
12523,2023-03-08,255,6,4,92.97,East
12524,2023-05-24,302,50,2,372.11,North
12525,2023-03-23,220,11,4,195.88,South
12526,2023-06-12,32,44,3,294.62,South
12527,2024-05-24,912,30,1,334.04,South
12528,2023-10-31,935,40,3,27.37,North
12529,2024-04-26,769,24,3,325.56,West
12530,2022-03-11,509,22,2,271.06,East
12531,2024-03-26,482,30,5,50.6,South
12532,2024-11-04,233,46,5,71.0,South
12533,2024-12-19,953,4,4,225.99,East
12534,2023-03-22,215,50,2,179.69,East
12535,2024-10-22,242,6,3,224.37,South
12536,2022-01-19,245,38,4,321.4,South
12537,2023-07-15,20,26,3,85.67,South
12538,2023-04-17,210,19,4,334.6,North
12539,2022-01-28,722,2,1,410.88,West
12540,2023-07-14,426,4,4,11.43,West
12541,2023-08-31,1000,5,4,190.55,East
12542,2023-04-03,981,47,3,144.83,North
12543,2024-08-02,72,35,5,221.68,West
12544,2024-09-10,674,29,3,311.49,North
12545,2024-05-17,178,16,2,101.91,West
12546,2024-10-12,523,45,3,75.71,North
12547,2022-01-29,875,12,5,367.13,East
12548,2023-10-31,299,21,2,346.02,East
12549,2024-04-05,266,9,5,235.81,West
12550,2024-03-26,520,11,2,255.65,South
12551,2022-10-06,495,8,3,142.23,West
12552,2022-10-10,968,26,5,171.3,West
12553,2024-09-29,275,32,5,166.84,West
12554,2022-11-01,705,39,1,365.9,North
12555,2023-11-25,823,4,1,282.27,East
12556,2022-04-19,948,34,4,367.45,North
12557,2022-11-20,771,28,1,299.45,North
12558,2023-04-03,53,25,5,277.36,East
12559,2023-04-27,812,44,4,167.09,West
12560,2024-07-10,608,35,3,203.78,North
12561,2023-06-04,816,19,4,444.82,South
12562,2024-12-12,822,35,2,292.21,South
12563,2023-01-26,400,39,4,266.98,West
12564,2024-02-10,414,29,1,36.03,North
12565,2024-07-01,604,14,3,338.74,South
12566,2022-03-27,924,21,2,346.15,West
12567,2023-07-12,656,36,4,348.42,North
12568,2024-05-07,489,38,3,54.7,South
12569,2023-10-28,502,14,1,157.22,North
12570,2024-04-22,307,40,3,191.9,South
12571,2022-10-22,417,50,3,414.98,West
12572,2022-09-26,509,15,2,490.53,West
12573,2023-10-07,921,50,5,213.23,South
12574,2023-06-19,530,30,1,281.6,East
12575,2022-03-29,638,47,2,13.6,West
12576,2024-07-13,666,12,2,14.3,North
12577,2022-04-21,6,50,2,46.51,West
12578,2023-08-07,422,5,5,362.54,South
12579,2024-02-08,940,27,5,97.29,East
12580,2022-08-26,451,15,4,381.35,East
12581,2022-11-30,427,26,4,221.62,North
12582,2022-04-16,390,9,1,426.48,South
12583,2023-01-17,334,40,1,436.46,West
12584,2023-11-20,448,40,5,441.12,West
12585,2022-09-18,338,35,5,276.32,South
12586,2023-10-17,848,13,5,396.37,South
12587,2024-03-30,88,45,2,334.34,South
12588,2023-12-10,269,44,5,101.49,East
12589,2023-04-21,65,47,2,196.94,East
12590,2024-06-25,678,46,2,481.56,East
12591,2023-07-09,64,33,1,388.56,North
12592,2023-10-25,270,34,3,138.87,North
12593,2023-07-29,657,4,4,147.68,East
12594,2023-10-04,377,13,4,134.55,South
12595,2023-04-08,845,10,1,171.12,South
12596,2024-05-04,781,45,1,464.87,West
12597,2023-08-08,329,1,5,222.44,East
12598,2024-07-31,902,11,5,188.48,South
12599,2023-09-08,518,50,5,127.2,South
12600,2022-06-07,633,9,2,447.28,West
12601,2022-09-29,862,38,2,479.11,West
12602,2023-11-01,421,23,5,168.54,North
12603,2023-09-13,313,13,2,312.16,East
12604,2023-06-05,309,5,1,479.63,North
12605,2022-02-28,814,25,5,254.75,North
12606,2023-12-05,846,10,4,239.64,West
12607,2023-10-10,644,5,4,268.57,South
12608,2024-06-09,802,22,2,26.25,East
12609,2023-03-12,962,42,4,157.06,West
12610,2022-05-26,959,25,5,352.51,East
12611,2024-05-08,189,37,4,483.7,West
12612,2024-09-04,721,20,1,288.68,South
12613,2022-09-02,42,28,2,103.33,East
12614,2022-10-28,590,21,4,219.14,South
12615,2023-03-14,320,11,2,250.11,North
12616,2024-05-17,657,29,1,84.59,East
12617,2022-04-10,445,5,4,171.35,West
12618,2023-12-26,374,37,5,228.08,North
12619,2024-03-24,286,49,3,138.33,North
12620,2023-04-25,171,5,4,183.4,West
12621,2023-02-19,605,33,1,145.36,East
12622,2022-06-14,263,45,3,310.28,South
12623,2024-08-31,969,36,4,293.52,North
12624,2022-03-29,942,8,2,280.33,East
12625,2023-07-27,535,6,1,57.4,East
12626,2024-03-24,804,15,4,99.94,South
12627,2022-06-28,142,15,1,64.31,North
12628,2022-06-12,148,48,5,41.01,South
12629,2023-08-16,440,9,3,130.95,East
12630,2024-10-02,628,5,3,105.32,East
12631,2022-10-28,593,26,5,365.25,West
12632,2023-01-09,416,23,3,350.98,West
12633,2023-12-09,25,16,3,108.66,South
12634,2022-07-22,627,39,5,91.13,North
12635,2022-02-16,94,35,2,81.0,South
12636,2023-04-08,305,10,3,166.82,North
12637,2023-02-12,185,27,2,154.15,West
12638,2023-03-03,283,16,1,23.98,North
12639,2024-07-18,155,21,1,288.26,East
12640,2022-11-13,686,12,3,450.04,East
12641,2023-02-25,863,9,1,274.04,West
12642,2022-09-20,685,16,5,41.27,West
12643,2022-06-15,666,9,3,303.78,West
12644,2023-03-04,14,29,5,247.63,South
12645,2023-02-01,890,23,2,454.4,North
12646,2024-03-06,816,39,4,187.98,South
12647,2022-04-17,640,43,4,378.47,North
12648,2022-04-08,341,49,3,28.84,West
12649,2022-02-12,604,24,5,363.53,South
12650,2022-08-30,783,22,4,30.35,West
12651,2022-04-05,734,31,3,178.91,South
12652,2022-07-07,473,10,4,474.56,South
12653,2023-01-20,819,47,4,354.57,East
12654,2024-03-29,822,42,1,463.26,South
12655,2022-03-28,907,27,3,252.97,West
12656,2023-05-04,108,34,4,307.05,South
12657,2022-08-14,331,48,3,263.7,West
12658,2022-12-11,540,39,1,244.64,West
12659,2023-06-02,439,24,3,293.33,North
12660,2024-11-20,709,21,1,29.06,East
12661,2022-10-23,988,15,4,100.99,North
12662,2023-02-18,712,17,4,115.16,South
12663,2022-05-15,666,45,4,197.6,South
12664,2023-06-09,384,19,1,222.93,South
12665,2024-10-05,582,25,2,372.46,East
12666,2022-01-04,160,40,1,91.11,North
12667,2022-06-27,432,22,1,289.25,West
12668,2024-01-16,864,41,5,143.42,East
12669,2022-09-16,396,49,4,262.67,South
12670,2023-10-14,966,42,4,317.04,North
12671,2024-12-24,973,14,5,295.4,South
12672,2024-11-06,615,28,2,115.54,South
12673,2023-06-28,488,12,3,357.63,West
12674,2023-03-11,748,27,4,330.36,East
12675,2022-10-17,189,24,4,466.68,South
12676,2024-03-13,418,22,1,320.73,South
12677,2023-04-28,343,39,2,362.96,South
12678,2022-08-22,361,41,2,407.4,South
12679,2023-02-12,109,50,2,61.94,North
12680,2023-11-25,849,39,2,351.2,South
12681,2023-07-16,301,36,5,166.1,East
12682,2023-03-06,368,23,1,413.34,West
12683,2023-03-08,255,8,5,245.29,East
12684,2023-05-12,316,28,5,294.5,North
12685,2024-09-09,705,50,3,137.57,South
12686,2024-09-23,71,29,1,328.78,West
12687,2024-06-15,269,15,2,27.47,West
12688,2024-04-06,846,39,1,376.8,West
12689,2024-02-17,501,8,2,90.01,East
12690,2022-08-11,209,28,3,121.51,East
12691,2023-04-13,478,33,4,10.45,East
12692,2023-07-23,176,11,5,163.46,South
12693,2023-01-10,239,42,3,200.24,West
12694,2023-06-11,893,37,5,124.66,North
12695,2023-02-16,945,25,2,122.8,North
12696,2022-09-26,610,34,2,447.56,West
12697,2023-09-18,859,22,3,169.96,North
12698,2024-10-08,442,2,4,363.92,East
12699,2023-03-26,601,16,4,126.32,North
12700,2024-03-12,764,11,5,406.43,West
12701,2024-04-01,492,14,2,342.09,East
12702,2022-09-12,99,32,2,380.54,North
12703,2022-05-06,329,22,4,225.37,West
12704,2024-02-01,326,5,2,440.99,East
12705,2024-03-09,445,36,2,193.27,South
12706,2023-07-19,666,23,3,304.44,East
12707,2023-04-01,998,19,4,323.64,North
12708,2024-12-26,295,29,4,476.6,East
12709,2024-12-25,442,42,1,75.92,South
12710,2024-06-30,795,23,4,76.45,North
12711,2024-05-11,808,9,4,236.41,South
12712,2023-09-09,891,18,1,459.76,North
12713,2023-02-04,31,31,2,20.63,West
12714,2022-10-14,131,37,2,145.38,South
12715,2022-07-05,728,17,5,148.96,North
12716,2022-10-11,527,18,2,159.43,West
12717,2023-10-12,438,27,4,22.11,West
12718,2023-11-22,326,21,5,414.55,South
12719,2022-08-25,267,1,5,14.37,West
12720,2024-11-07,286,32,2,244.07,West
12721,2024-03-25,291,14,5,37.62,North
12722,2024-07-16,368,46,1,401.34,East
12723,2023-02-18,486,14,5,375.83,West
12724,2022-01-09,555,33,3,363.55,South
12725,2023-02-24,957,36,1,370.77,North
12726,2022-01-29,168,39,4,470.72,North
12727,2022-12-14,861,12,2,214.24,West
12728,2023-10-23,471,45,2,432.17,West
12729,2023-07-30,938,25,3,100.27,East
12730,2023-03-26,767,15,2,231.12,South
12731,2023-01-15,170,20,4,14.37,North
12732,2023-11-30,887,34,5,149.23,North
12733,2023-01-01,771,14,2,234.5,East
12734,2023-02-16,346,30,4,455.55,East
12735,2024-08-08,78,44,1,165.31,South
12736,2022-12-22,851,13,4,339.48,South
12737,2022-09-11,85,14,3,418.64,West
12738,2023-12-28,892,29,4,170.0,West
12739,2023-11-12,661,26,2,92.92,East
12740,2024-12-05,201,3,5,299.69,South
12741,2024-12-08,589,25,4,149.35,West
12742,2024-03-20,361,27,3,329.7,East
12743,2023-04-18,762,45,1,76.0,East
12744,2023-02-20,565,40,3,84.28,North
12745,2024-09-05,812,16,1,341.2,West
12746,2023-08-23,302,38,4,487.04,South
12747,2024-10-23,293,11,5,130.98,North
12748,2023-04-05,294,29,3,359.82,East
12749,2022-03-20,109,47,5,270.7,West
12750,2024-02-14,365,24,4,423.48,West
12751,2024-12-30,600,29,5,200.55,East
12752,2024-06-14,678,34,5,486.14,South
12753,2022-02-27,494,11,3,50.37,South
12754,2023-09-16,267,20,4,492.48,East
12755,2022-02-17,93,20,5,424.66,West
12756,2024-04-18,685,9,1,434.56,West
12757,2022-06-14,64,23,2,422.78,East
12758,2022-11-26,428,36,1,432.31,South
12759,2022-08-01,638,49,5,409.42,East
12760,2023-05-22,368,27,4,450.76,South
12761,2024-07-04,742,24,1,235.79,North
12762,2024-03-11,105,40,4,470.25,North
12763,2022-06-17,209,25,1,198.63,West
12764,2024-09-21,574,25,4,366.97,West
12765,2024-04-09,752,48,5,358.07,East
12766,2024-09-22,474,33,3,412.24,West
12767,2024-09-13,61,31,1,371.81,East
12768,2024-02-26,346,10,4,27.34,South
12769,2023-03-03,12,39,1,372.18,West
12770,2024-10-12,466,15,4,21.42,South
12771,2024-10-30,649,1,4,271.28,West
12772,2024-02-12,195,16,3,421.09,North
12773,2024-12-17,74,21,4,416.49,East
12774,2023-12-18,875,2,1,422.24,West
12775,2022-03-27,386,3,5,305.18,West
12776,2022-04-14,136,15,2,100.07,North
12777,2022-05-23,884,32,4,258.91,South
12778,2022-07-24,555,50,2,262.94,East
12779,2023-10-03,914,47,5,169.14,South
12780,2024-11-27,436,27,2,217.81,North
12781,2024-12-11,39,36,4,437.37,West
12782,2022-01-01,543,35,1,263.78,West
12783,2022-01-11,654,39,3,355.32,East
12784,2024-01-17,320,24,4,252.95,West
12785,2024-08-13,871,8,4,312.56,West
12786,2024-01-25,865,7,3,55.37,South
12787,2023-06-02,989,4,3,466.38,South
12788,2024-10-28,556,30,3,223.61,North
12789,2022-01-05,700,10,3,376.67,North
12790,2023-11-25,353,25,3,336.88,East
12791,2022-04-22,995,42,4,401.64,North
12792,2024-09-30,514,47,2,27.09,South
12793,2022-09-30,483,32,1,468.32,West
12794,2023-02-26,416,32,4,416.58,East
12795,2022-09-22,804,50,5,418.54,South
12796,2022-07-31,823,32,4,238.89,East
12797,2024-02-21,370,10,4,400.2,South
12798,2023-10-28,343,9,2,291.84,North
12799,2023-01-04,959,25,3,256.7,North
12800,2024-08-15,325,25,5,394.61,East
12801,2022-12-13,367,41,2,317.62,South
12802,2022-01-25,336,16,1,47.81,North
12803,2024-09-02,296,49,5,164.11,North
12804,2023-02-21,24,16,5,314.83,North
12805,2023-05-30,885,30,2,452.86,East
12806,2022-08-03,442,38,5,467.17,North
12807,2024-08-11,104,5,4,421.07,South
12808,2024-07-02,412,7,4,134.61,West
12809,2023-03-04,574,13,3,241.96,East
12810,2024-01-03,665,8,2,222.36,West
12811,2023-11-30,775,33,4,224.96,West
12812,2022-08-04,294,10,5,34.39,East
12813,2023-02-17,967,20,5,95.08,East
12814,2023-01-15,887,32,4,85.1,East
12815,2022-08-20,243,29,2,312.46,East
12816,2024-04-14,342,1,2,211.78,East
12817,2022-09-15,854,27,1,168.95,North
12818,2023-02-07,859,20,2,227.51,East
12819,2023-02-28,633,14,4,168.86,North
12820,2024-02-09,865,15,1,381.16,South
12821,2022-03-06,173,6,5,91.85,North
12822,2022-07-09,416,2,4,37.51,West
12823,2024-08-07,103,29,3,328.85,East
12824,2022-06-22,160,39,3,122.98,West
12825,2024-01-29,257,32,2,325.24,South
12826,2023-09-20,714,5,1,38.69,East
12827,2023-07-15,557,22,1,131.08,East
12828,2024-09-27,576,28,5,85.4,West
12829,2023-02-05,196,32,2,152.43,East
12830,2023-09-30,989,29,1,171.14,North
12831,2024-08-06,391,40,4,252.65,South
12832,2022-08-01,934,3,5,264.87,West
12833,2022-02-22,70,31,1,318.75,South
12834,2023-09-16,693,13,3,172.51,West
12835,2024-01-22,843,6,3,270.69,South
12836,2023-10-24,247,21,1,495.16,North
12837,2022-05-19,329,14,3,113.21,North
12838,2023-02-22,158,25,4,84.83,North
12839,2022-05-23,918,7,5,422.86,North
12840,2023-05-24,698,43,4,211.08,West
12841,2023-10-12,743,22,3,424.97,South
12842,2023-05-01,585,32,1,218.1,West
12843,2024-09-18,55,41,1,20.63,West
12844,2023-06-27,486,32,5,193.69,West
12845,2022-10-20,243,42,3,308.96,West
12846,2023-11-02,814,30,3,229.3,West
12847,2024-04-17,353,17,3,235.08,West
12848,2024-11-03,410,40,2,499.17,West
12849,2023-09-26,960,38,1,276.62,North
12850,2022-09-29,976,21,3,351.5,East
12851,2024-11-14,905,26,5,363.28,West
12852,2022-11-18,727,43,2,10.08,South
12853,2024-03-16,15,3,3,280.71,North
12854,2024-06-01,147,38,1,481.9,North
12855,2024-11-29,490,17,2,377.9,East
12856,2022-08-23,656,39,4,176.81,East
12857,2024-04-11,25,6,5,188.64,East
12858,2022-05-24,611,21,1,158.77,West
12859,2023-08-12,691,45,4,318.8,East
12860,2022-08-17,333,46,1,57.68,South
12861,2022-10-01,174,40,5,152.1,East
12862,2023-08-13,775,13,3,254.13,East
12863,2023-10-15,290,9,4,272.26,North
12864,2023-08-06,570,5,4,307.63,West
12865,2024-08-25,846,43,2,400.64,East
12866,2023-01-07,791,7,3,89.99,North
12867,2024-03-29,919,38,5,120.26,West
12868,2023-07-26,145,44,2,437.43,East
12869,2023-06-29,909,44,4,417.27,West
12870,2022-05-07,122,38,1,412.57,South
12871,2024-01-03,27,31,5,112.22,North
12872,2023-02-21,66,4,2,38.55,West
12873,2023-09-30,101,13,3,266.47,North
12874,2022-02-10,926,44,1,436.32,West
12875,2024-02-26,388,15,2,126.38,North
12876,2022-10-24,94,40,5,453.06,North
12877,2022-02-11,67,13,1,79.35,North
12878,2023-09-24,250,43,2,156.07,East
12879,2022-02-02,142,43,2,156.16,West
12880,2023-10-27,267,43,5,84.04,East
12881,2023-09-08,552,26,3,437.66,South
12882,2024-08-05,215,19,1,212.17,East
12883,2022-06-09,489,49,2,103.42,South
12884,2023-04-03,496,1,5,82.15,West
12885,2023-02-03,480,13,2,216.25,South
12886,2023-08-04,643,25,5,18.47,North
12887,2022-08-08,490,20,5,69.32,South
12888,2023-01-14,1,41,2,11.81,South
12889,2024-07-18,9,23,5,21.95,South
12890,2024-08-21,880,24,1,498.71,South
12891,2022-08-21,841,43,5,229.96,South
12892,2024-07-10,380,41,3,367.17,North
12893,2022-08-22,844,49,3,371.17,South
12894,2023-12-27,897,39,5,441.4,North
12895,2023-01-02,144,40,1,60.84,East
12896,2023-04-26,862,30,4,267.58,West
12897,2023-08-13,840,34,4,167.64,South
12898,2022-08-04,302,46,1,278.76,East
12899,2023-12-26,650,10,3,172.74,East
12900,2023-12-13,417,41,5,99.99,South
12901,2024-09-11,870,1,2,339.69,East
12902,2023-01-26,809,12,5,28.83,West
12903,2024-12-06,179,46,5,448.74,West
12904,2023-01-27,278,29,4,81.67,North
12905,2023-12-19,144,11,5,311.42,North
12906,2023-01-20,339,41,4,379.56,East
12907,2023-01-16,459,17,2,45.73,South
12908,2023-08-27,702,20,5,452.61,East
12909,2024-07-22,949,38,1,184.53,South
12910,2023-02-03,331,6,5,498.4,East
12911,2022-04-10,270,20,1,43.7,South
12912,2023-01-18,999,10,4,361.22,East
12913,2023-12-08,187,10,5,88.75,South
12914,2022-01-10,666,31,4,207.32,West
12915,2022-09-21,172,26,1,227.17,East
12916,2024-04-11,404,17,4,209.02,South
12917,2023-09-22,468,14,3,175.41,North
12918,2024-02-01,247,5,1,385.93,North
12919,2022-07-14,901,3,4,411.75,South
12920,2023-07-16,961,43,5,174.45,South
12921,2022-04-07,523,20,4,246.5,North
12922,2023-04-07,559,46,2,216.66,South
12923,2024-01-28,778,15,1,300.82,North
12924,2022-03-28,829,3,4,83.63,West
12925,2024-09-17,111,3,3,404.79,North
12926,2022-03-18,988,23,2,400.54,East
12927,2023-10-23,813,9,1,299.3,West
12928,2024-02-04,303,11,2,375.61,East
12929,2023-11-09,930,47,5,494.37,South
12930,2024-03-01,886,49,3,462.03,South
12931,2023-08-06,909,44,5,309.61,North
12932,2023-11-02,473,49,4,260.59,North
12933,2023-06-22,791,41,2,271.92,North
12934,2023-03-06,292,13,5,238.64,West
12935,2024-12-28,959,8,4,245.31,West
12936,2022-05-13,252,22,3,368.7,East
12937,2022-07-08,588,38,5,496.14,North
12938,2023-07-27,175,27,2,32.2,East
12939,2022-10-06,109,26,5,122.79,South
12940,2023-06-26,962,23,3,113.0,East
12941,2024-01-16,340,39,4,418.1,South
12942,2024-06-17,848,31,5,215.66,South
12943,2023-03-29,14,29,5,267.31,South
12944,2024-06-07,693,1,1,239.88,East
12945,2024-04-30,322,10,4,428.3,South
12946,2022-06-19,945,47,1,254.86,East
12947,2024-04-09,784,46,1,337.24,East
12948,2023-11-29,964,4,3,19.55,South
12949,2024-12-16,43,31,3,329.7,West
12950,2024-02-08,461,4,2,128.07,West
12951,2022-12-24,102,29,4,434.77,South
12952,2022-07-20,625,9,4,378.26,East
12953,2023-03-20,705,15,3,63.55,South
12954,2024-04-06,9,44,3,60.7,North
12955,2022-04-11,149,41,1,153.57,West
12956,2024-07-26,338,3,3,71.62,South
12957,2022-01-29,224,15,5,372.76,West
12958,2023-10-27,110,11,4,493.54,South
12959,2022-03-14,354,6,2,331.08,North
12960,2022-09-11,84,47,1,132.03,West
12961,2023-05-31,555,7,5,286.49,East
12962,2024-01-19,66,46,3,404.77,South
12963,2024-11-09,388,4,2,481.48,North
12964,2023-06-19,891,21,3,12.49,North
12965,2023-02-25,621,1,5,266.61,West
12966,2023-03-22,614,23,2,232.07,East
12967,2024-05-28,135,13,3,213.1,East
12968,2022-05-16,86,43,5,256.88,East
12969,2022-02-02,84,28,5,207.72,North
12970,2023-10-09,954,29,2,178.57,East
12971,2022-10-05,227,18,5,66.26,South
12972,2022-05-13,260,23,3,254.92,South
12973,2024-01-20,892,28,2,412.32,South
12974,2022-05-06,20,9,1,61.32,West
12975,2022-12-11,35,43,5,371.86,West
12976,2022-01-17,865,6,3,141.21,North
12977,2024-04-03,755,16,2,196.81,East
12978,2023-07-16,443,37,1,494.16,North
12979,2023-10-09,981,1,1,340.85,North
12980,2023-09-22,941,22,4,362.37,East
12981,2024-03-28,270,46,4,305.17,South
12982,2022-03-01,735,23,2,167.96,North
12983,2023-04-12,406,21,5,340.81,East
12984,2023-09-20,508,31,3,234.06,South
12985,2023-01-26,304,38,5,417.72,East
12986,2024-07-24,670,28,3,289.82,East
12987,2023-11-16,285,44,3,387.91,South
12988,2023-05-13,548,27,4,425.77,South
12989,2023-08-23,810,39,4,412.35,West
12990,2023-03-25,29,42,5,207.03,North
12991,2023-11-11,391,42,2,190.69,West
12992,2022-05-10,416,13,3,435.84,North
12993,2022-05-29,909,32,4,80.12,South
12994,2024-03-28,767,7,2,146.91,East
12995,2024-08-05,909,33,4,69.29,South
12996,2023-05-15,950,47,3,30.62,South
12997,2023-10-20,142,46,1,311.77,South
12998,2024-11-19,646,13,4,451.38,North
12999,2023-07-31,656,32,2,73.41,East
13000,2024-11-13,809,7,5,399.9,West
13001,2024-09-10,948,12,5,195.88,North
13002,2023-12-24,880,40,3,312.89,North
13003,2022-08-10,341,15,1,384.23,South
13004,2023-08-25,245,49,4,357.94,South
13005,2023-11-15,766,21,4,76.98,North
13006,2024-01-12,876,12,1,66.54,West
13007,2024-07-13,912,13,3,462.85,South
13008,2023-08-03,5,40,3,48.94,East
13009,2023-02-05,920,42,2,117.02,North
13010,2024-06-19,939,39,2,224.79,South
13011,2023-05-27,449,2,2,412.3,North
13012,2022-03-29,266,29,3,305.29,East
13013,2022-02-19,491,48,4,289.88,North
13014,2022-04-13,239,29,5,349.06,North
13015,2023-01-03,250,36,3,403.06,North
13016,2024-07-24,955,38,1,123.94,South
13017,2024-06-16,291,7,5,19.26,North
13018,2024-06-27,543,30,3,72.33,West
13019,2022-09-15,632,23,3,90.93,West
13020,2023-01-25,79,28,2,29.61,South
13021,2024-02-12,907,23,4,376.28,South
13022,2024-01-24,521,36,4,443.61,North
13023,2023-01-29,450,42,5,358.22,North
13024,2023-11-14,556,29,3,102.43,West
13025,2022-09-27,884,4,2,307.16,North
13026,2022-05-29,734,20,1,265.1,West
13027,2024-03-21,144,5,3,411.78,North
13028,2022-01-28,120,46,2,471.73,North
13029,2022-10-07,944,11,1,374.04,West
13030,2022-06-15,565,2,1,261.14,North
13031,2022-01-17,577,41,5,260.41,West
13032,2022-12-05,176,44,4,405.82,North
13033,2024-12-04,70,24,4,70.03,South
13034,2024-04-21,814,33,5,85.12,East
13035,2022-07-08,633,22,3,178.32,East
13036,2023-10-13,889,47,2,376.1,East
13037,2024-12-20,203,6,4,42.33,East
13038,2022-10-21,801,24,5,178.72,South
13039,2024-11-22,180,29,4,166.08,West
13040,2023-02-19,593,49,4,248.01,East
13041,2024-03-13,567,32,4,237.22,North
13042,2023-03-07,691,47,3,360.06,South
13043,2024-11-12,610,30,5,316.52,East
13044,2023-05-02,110,46,4,452.36,East
13045,2022-03-30,424,41,4,98.52,East
13046,2022-09-28,665,3,5,221.72,East
13047,2024-06-18,959,25,1,206.05,East
13048,2022-10-05,503,28,3,65.13,East
13049,2022-07-25,406,15,3,90.77,South
13050,2024-07-01,986,17,2,174.95,North
13051,2022-11-24,637,2,2,370.05,East
13052,2024-05-07,91,27,1,83.58,West
13053,2024-05-26,294,36,2,140.01,East
13054,2024-05-11,393,14,4,341.45,East
13055,2022-12-02,37,43,4,302.36,South
13056,2023-08-29,517,32,2,61.15,East
13057,2023-08-15,850,12,3,472.42,South
13058,2024-11-27,662,23,1,82.53,South
13059,2024-10-10,878,16,4,40.09,North
13060,2023-12-09,908,44,1,159.08,South
13061,2024-09-04,316,2,2,22.97,North
13062,2023-03-01,172,7,5,25.05,West
13063,2023-08-10,406,21,1,293.58,East
13064,2024-03-16,262,31,1,447.55,East
13065,2023-12-21,484,23,2,207.25,West
13066,2024-08-06,27,25,2,158.05,East
13067,2023-10-17,495,35,4,458.17,East
13068,2023-04-19,55,35,5,40.12,South
13069,2023-07-22,911,45,5,241.92,North
13070,2022-07-30,832,7,1,133.78,South
13071,2024-12-17,249,5,5,197.04,East
13072,2022-08-03,273,32,2,211.29,South
13073,2024-06-18,259,5,2,277.12,West
13074,2023-04-12,778,25,2,232.09,East
13075,2022-12-20,191,31,1,494.14,West
13076,2024-11-08,575,20,3,22.5,North
13077,2023-09-17,857,22,2,381.25,South
13078,2023-01-07,446,38,5,34.99,North
13079,2022-07-03,853,13,5,221.22,South
13080,2023-11-05,502,39,2,108.9,North
13081,2024-01-25,616,2,3,473.2,West
13082,2022-11-18,393,22,1,364.02,West
13083,2023-03-11,408,9,2,236.8,South
13084,2024-12-02,800,2,1,476.6,South
13085,2022-10-20,771,45,3,363.43,East
13086,2023-11-19,673,32,2,476.45,South
13087,2024-06-06,683,8,2,355.24,West
13088,2022-03-10,109,16,2,48.08,North
13089,2022-02-25,652,33,4,311.99,North
13090,2023-09-23,605,11,2,490.37,West
13091,2023-02-24,981,32,2,114.95,North
13092,2023-07-21,103,8,3,398.44,East
13093,2023-07-04,226,32,3,100.47,North
13094,2022-08-31,353,21,4,231.6,East
13095,2024-01-18,160,25,2,51.49,North
13096,2023-06-11,404,20,5,176.89,East
13097,2022-03-18,707,1,1,390.35,North
13098,2023-03-16,324,21,2,32.18,East
13099,2024-12-14,145,7,4,166.9,South
13100,2023-05-31,754,25,5,318.58,North
13101,2023-09-07,465,9,3,474.79,East
13102,2024-10-27,915,22,1,130.22,East
13103,2023-11-07,132,2,4,94.84,East
13104,2023-02-24,93,19,3,109.8,West
13105,2022-10-03,273,6,2,126.04,East
13106,2023-08-31,704,5,4,322.78,North
13107,2023-07-25,534,45,2,499.35,East
13108,2022-03-31,194,10,4,266.56,North
13109,2022-10-09,170,1,4,143.0,South
13110,2023-09-30,460,26,2,376.01,South
13111,2024-03-21,941,26,4,87.54,South
13112,2024-05-17,11,18,3,24.71,West
13113,2023-04-07,181,21,3,306.58,North
13114,2024-01-20,232,46,1,113.04,South
13115,2022-10-28,956,12,1,205.63,North
13116,2023-08-23,29,38,4,123.26,South
13117,2023-06-13,532,14,3,459.85,South
13118,2022-05-20,5,49,2,175.61,North
13119,2022-10-05,921,32,4,230.05,West
13120,2023-10-25,546,39,2,125.07,West
13121,2023-05-26,140,35,5,51.58,South
13122,2022-04-24,28,17,1,261.15,North
13123,2023-08-03,98,10,4,435.67,West
13124,2023-11-22,262,35,4,182.32,North
13125,2023-09-29,758,16,2,392.67,South
13126,2024-04-02,19,6,1,25.98,North
13127,2024-05-24,12,4,2,125.4,East
13128,2024-07-28,537,9,2,74.43,West
13129,2024-07-30,525,29,1,207.41,East
13130,2022-12-24,465,7,5,448.22,West
13131,2022-01-03,588,16,3,193.02,South
13132,2023-02-08,259,6,3,305.63,East
13133,2022-01-25,24,44,5,450.09,South
13134,2023-05-24,8,3,1,186.3,North
13135,2023-11-27,880,44,4,189.22,North
13136,2022-03-02,228,14,1,53.11,East
13137,2022-05-03,376,14,2,181.03,East
13138,2022-02-24,123,9,1,375.62,East
13139,2024-08-31,90,36,3,423.87,North
13140,2024-11-28,813,23,4,364.15,East
13141,2023-06-30,456,15,5,13.39,West
13142,2022-04-23,224,7,1,67.32,West
13143,2023-03-01,736,20,4,368.18,South
13144,2024-07-06,257,19,4,471.77,North
13145,2022-08-18,515,6,3,350.73,West
13146,2024-07-05,833,39,2,120.79,East
13147,2022-06-04,783,1,4,62.7,North
13148,2022-06-14,818,7,4,439.74,North
13149,2024-08-19,148,35,1,58.52,West
13150,2023-10-11,387,25,5,84.01,South
13151,2024-07-26,701,38,1,302.38,South
13152,2023-05-27,911,23,3,103.1,West
13153,2024-07-20,699,25,4,121.52,East
13154,2022-09-23,438,38,2,79.71,West
13155,2022-07-06,700,11,4,472.72,North
13156,2024-11-29,636,34,2,71.21,West
13157,2023-01-26,37,31,2,466.35,West
13158,2023-10-17,661,38,2,169.84,West
13159,2022-06-25,106,50,5,412.56,South
13160,2024-02-13,615,46,1,475.5,South
13161,2024-02-03,919,12,3,264.44,West
13162,2024-07-19,889,9,5,387.38,East
13163,2023-12-12,232,13,5,140.35,North
13164,2024-04-05,867,20,2,197.65,East
13165,2023-08-12,146,21,5,280.96,East
13166,2023-06-15,17,22,3,426.73,East
13167,2024-12-21,159,1,3,314.16,North
13168,2022-10-08,960,40,4,20.83,North
13169,2022-08-15,816,41,5,159.34,West
13170,2023-10-01,282,17,4,433.84,East
13171,2024-12-17,278,45,3,127.72,East
13172,2024-07-09,125,4,5,190.28,East
13173,2023-04-22,685,6,2,200.91,North
13174,2023-12-17,420,45,2,85.68,East
13175,2022-08-31,320,49,5,181.41,South
13176,2023-01-02,675,19,4,410.54,East
13177,2024-07-24,715,30,4,426.06,East
13178,2024-04-17,987,23,2,294.64,North
13179,2024-06-24,482,32,4,342.58,North
13180,2023-01-11,850,29,2,271.94,South
13181,2023-12-12,667,8,1,31.69,West
13182,2022-12-09,324,21,2,351.38,East
13183,2022-08-28,913,17,1,498.31,North
13184,2022-05-19,966,17,5,121.63,West
13185,2023-02-24,395,21,1,491.25,North
13186,2022-10-31,773,15,3,498.91,North
13187,2022-04-25,186,27,4,79.34,North
13188,2022-12-09,889,25,1,463.81,North
13189,2022-01-07,466,33,3,341.01,North
13190,2024-01-01,57,2,3,238.52,West
13191,2022-06-28,729,42,4,178.88,East
13192,2023-02-20,458,16,2,318.6,West
13193,2023-10-28,208,36,3,422.97,North
13194,2022-05-30,714,8,1,26.71,East
13195,2023-02-01,74,16,4,272.38,West
13196,2023-01-16,484,7,1,328.63,West
13197,2024-04-18,85,5,2,22.55,East
13198,2022-01-01,632,23,4,445.65,South
13199,2022-09-01,14,8,3,476.38,West
13200,2024-05-28,840,3,1,310.12,South
13201,2024-01-30,641,35,1,67.33,South
13202,2024-08-11,912,50,3,466.88,East
13203,2024-09-03,794,36,3,404.45,East
13204,2022-01-01,49,36,2,23.99,East
13205,2023-07-07,426,15,2,293.79,West
13206,2023-04-27,966,30,3,66.12,North
13207,2023-08-23,359,15,4,79.12,South
13208,2024-02-02,242,29,3,104.33,North
13209,2022-12-01,834,4,3,204.13,West
13210,2023-04-10,53,34,5,439.43,South
13211,2023-08-06,777,23,4,25.23,South
13212,2022-05-17,69,35,4,347.71,North
13213,2024-09-30,552,28,2,482.63,East
13214,2024-08-07,696,31,2,324.2,South
13215,2023-11-18,645,42,2,409.65,West
13216,2022-06-16,56,33,1,451.87,East
13217,2024-06-28,879,18,4,360.25,North
13218,2024-05-29,456,5,5,333.32,South
13219,2024-04-21,255,9,2,18.8,East
13220,2022-03-06,5,20,2,264.26,South
13221,2024-12-26,581,38,2,239.92,West
13222,2023-03-09,52,9,2,266.13,East
13223,2024-12-09,977,18,2,221.92,East
13224,2022-04-25,329,15,1,454.21,East
13225,2023-07-23,98,15,5,445.62,North
13226,2023-10-04,161,14,4,71.59,South
13227,2023-05-10,406,35,5,271.12,East
13228,2024-07-29,981,40,3,480.18,North
13229,2024-08-25,783,43,4,303.35,West
13230,2024-04-01,577,36,2,402.82,East
13231,2022-07-21,327,47,3,192.95,East
13232,2023-10-11,919,42,3,194.85,West
13233,2023-07-14,243,20,3,169.59,West
13234,2024-11-07,504,11,3,20.7,West
13235,2023-04-23,367,41,2,463.18,North
13236,2023-05-03,774,17,3,181.32,North
13237,2024-09-09,724,41,5,189.87,West
13238,2024-02-18,442,25,2,382.18,South
13239,2022-12-06,154,29,3,268.18,North
13240,2023-09-04,234,23,3,187.4,East
13241,2022-04-26,652,9,5,442.97,West
13242,2022-03-15,333,25,1,414.44,North
13243,2022-04-26,495,41,1,488.63,North
13244,2022-05-06,115,23,5,324.1,West
13245,2023-10-19,369,2,1,348.15,East
13246,2023-10-26,333,45,4,169.0,East
13247,2024-09-17,130,1,4,58.79,West
13248,2024-10-14,928,38,4,61.9,South
13249,2024-05-08,178,6,1,326.51,East
13250,2022-03-26,95,48,4,65.5,West
13251,2023-09-25,317,44,4,454.25,North
13252,2023-03-27,907,15,1,354.9,West
13253,2023-06-02,101,7,5,120.84,West
13254,2024-04-25,196,2,2,146.81,West
13255,2023-11-26,802,30,4,357.89,North
13256,2023-07-04,208,29,1,413.82,East
13257,2024-07-17,607,12,2,421.32,South
13258,2022-04-26,473,34,2,304.5,South
13259,2024-10-28,615,30,3,86.06,West
13260,2023-02-08,8,36,2,411.0,East
13261,2022-10-31,136,35,4,397.91,North
13262,2024-01-10,610,2,5,419.33,East
13263,2022-03-29,911,50,4,87.26,North
13264,2024-10-30,261,3,3,345.34,North
13265,2022-11-04,147,42,2,480.52,North
13266,2023-03-10,458,12,3,135.47,West
13267,2024-03-12,905,4,4,361.2,East
13268,2022-06-13,697,7,4,136.87,North
13269,2024-09-22,438,20,4,160.48,East
13270,2023-10-18,413,19,5,247.78,East
13271,2022-01-18,500,8,4,448.53,South
13272,2024-12-30,232,3,4,28.94,South
13273,2024-03-21,101,27,2,494.92,South
13274,2022-12-05,147,15,5,388.32,West
13275,2022-09-05,717,8,2,186.29,East
13276,2022-11-02,507,18,3,183.54,East
13277,2022-07-23,558,29,1,246.66,East
13278,2024-05-02,104,46,2,438.98,West
13279,2023-03-23,336,36,5,18.78,South
13280,2023-12-14,446,3,2,278.64,North
13281,2023-03-09,734,9,1,37.48,West
13282,2024-04-01,444,10,2,66.64,North
13283,2024-12-06,118,40,1,348.43,South
13284,2023-05-20,517,20,5,124.81,South
13285,2022-04-25,929,2,2,30.38,North
13286,2024-09-21,723,1,5,90.48,South
13287,2022-08-11,567,27,5,112.23,West
13288,2023-09-28,531,4,3,387.19,East
13289,2023-11-03,913,48,3,316.21,East
13290,2024-08-15,88,37,2,370.21,South
13291,2024-07-21,759,32,2,191.21,East
13292,2022-04-06,629,18,5,65.44,West
13293,2022-04-17,476,14,3,404.59,East
13294,2023-09-24,682,45,2,78.8,East
13295,2023-11-29,485,48,2,197.51,West
13296,2022-02-01,662,15,2,138.52,West
13297,2022-03-07,295,4,3,155.3,North
13298,2024-02-18,720,19,2,304.91,South
13299,2024-07-04,381,24,5,90.53,West
13300,2023-07-03,995,30,2,228.48,East
13301,2022-07-20,283,13,4,322.96,West
13302,2022-02-18,844,11,1,435.77,West
13303,2024-02-26,686,28,5,191.9,South
13304,2024-08-08,639,50,2,166.16,West
13305,2022-09-20,156,11,4,190.25,East
13306,2022-12-10,180,1,3,255.39,West
13307,2022-01-11,961,47,5,163.42,North
13308,2022-07-20,935,42,5,132.72,West
13309,2024-08-02,890,4,2,193.9,East
13310,2024-07-14,914,38,3,391.14,West
13311,2022-01-03,87,34,2,133.88,North
13312,2024-03-18,406,49,4,423.87,East
13313,2023-07-14,836,12,1,149.7,North
13314,2022-07-18,496,24,3,305.51,East
13315,2022-04-19,267,37,1,485.78,West
13316,2022-04-18,594,32,4,476.38,East
13317,2023-07-06,64,19,5,222.97,West
13318,2024-08-30,119,29,4,43.08,North
13319,2022-02-21,967,38,1,452.29,East
13320,2022-04-22,341,49,3,72.19,West
13321,2022-10-22,313,29,2,462.54,East
13322,2022-03-06,163,19,1,368.99,West
13323,2023-07-28,505,20,3,467.78,East
13324,2023-04-10,293,3,1,336.04,West
13325,2022-09-15,690,40,5,497.61,West
13326,2024-09-30,377,5,5,238.83,North
13327,2023-09-26,542,23,2,171.51,West
13328,2022-07-29,401,5,5,202.72,South
13329,2022-03-30,673,30,4,181.64,East
13330,2022-01-28,400,32,2,206.39,East
13331,2022-08-26,399,24,1,443.75,North
13332,2022-12-02,909,49,4,300.11,South
13333,2022-03-04,487,42,3,365.59,West
13334,2023-05-15,515,35,1,151.06,East
13335,2024-03-01,24,32,5,495.04,East
13336,2023-08-15,919,45,1,147.56,West
13337,2024-12-10,59,48,5,87.92,South
13338,2022-10-28,749,44,4,391.32,East
13339,2022-08-17,240,22,4,421.15,South
13340,2022-05-30,311,21,4,202.96,North
13341,2023-06-11,321,28,2,275.13,North
13342,2022-11-29,672,49,5,212.92,South
13343,2022-06-23,481,34,1,154.02,North
13344,2022-03-02,572,16,1,408.55,South
13345,2024-12-20,752,11,1,380.95,West
13346,2024-03-29,414,33,2,247.81,East
13347,2023-06-08,322,44,2,233.22,North
13348,2022-08-04,402,38,5,98.28,South
13349,2023-09-16,59,19,2,322.26,South
13350,2023-08-01,53,28,4,462.6,South
13351,2023-11-25,64,29,1,362.23,East
13352,2023-02-27,633,37,4,258.07,East
13353,2023-12-17,119,3,2,28.94,East
13354,2024-01-24,286,18,1,465.84,North
13355,2024-01-17,18,18,3,160.94,East
13356,2023-11-19,5,12,4,156.98,South
13357,2023-12-24,837,18,3,240.1,East
13358,2024-01-17,392,32,5,220.29,North
13359,2022-08-30,905,42,4,481.55,East
13360,2023-10-27,160,36,1,90.85,South
13361,2023-12-09,888,19,1,347.67,West
13362,2023-03-11,142,4,3,62.31,North
13363,2024-02-20,397,11,1,145.68,South
13364,2023-04-29,18,3,4,363.85,East
13365,2023-01-19,580,27,2,403.98,North
13366,2022-06-19,114,47,2,239.77,North
13367,2024-10-17,534,16,1,396.78,South
13368,2024-08-07,532,44,5,468.21,North
13369,2024-05-18,911,18,4,468.54,North
13370,2022-11-19,775,30,5,177.81,West
13371,2024-04-27,461,24,3,162.95,North
13372,2023-11-27,610,6,1,365.96,West
13373,2022-12-25,617,47,3,330.51,South
13374,2022-02-01,286,34,5,202.21,East
13375,2022-06-26,5,12,4,122.05,South
13376,2024-07-05,129,42,5,313.03,West
13377,2022-03-06,956,23,2,220.82,East
13378,2022-01-27,671,36,5,74.74,East
13379,2022-09-25,763,40,5,323.23,North
13380,2023-08-20,499,15,5,351.86,North
13381,2024-10-08,276,16,5,188.47,East
13382,2022-03-07,83,45,4,417.66,East
13383,2022-05-13,832,47,1,46.1,North
13384,2024-07-04,118,14,4,253.0,West
13385,2022-03-23,960,15,3,478.6,East
13386,2024-09-08,29,12,2,103.33,East
13387,2023-08-08,358,43,1,94.44,East
13388,2022-11-23,650,35,2,195.56,East
13389,2023-06-26,157,25,2,141.36,East
13390,2022-07-29,31,14,1,118.55,North
13391,2022-05-13,843,2,1,475.42,West
13392,2022-06-06,983,18,3,178.98,North
13393,2024-05-24,286,35,4,39.32,South
13394,2023-01-17,665,9,1,450.89,East
13395,2024-11-11,336,11,3,229.64,South
13396,2024-08-31,570,26,5,370.61,South
13397,2023-08-18,313,3,1,190.0,North
13398,2023-04-17,599,5,4,468.23,West
13399,2022-08-22,123,32,5,151.02,East
13400,2023-07-26,703,41,5,334.76,South
13401,2024-02-10,865,10,5,413.93,South
13402,2022-10-28,371,38,5,126.59,South
13403,2022-11-02,805,6,2,402.74,North
13404,2022-01-02,314,11,4,398.22,West
13405,2022-09-28,28,17,3,482.47,East
13406,2023-02-25,155,2,1,462.18,East
13407,2023-12-01,966,41,3,200.42,North
13408,2024-05-13,230,24,2,299.37,West
13409,2024-08-17,549,50,5,463.39,East
13410,2024-09-20,6,5,1,12.14,North
13411,2024-10-06,473,21,4,317.4,East
13412,2024-05-28,973,6,1,115.53,South
13413,2023-11-23,318,4,1,372.0,East
13414,2024-05-16,225,9,3,400.27,South
13415,2024-11-26,33,5,5,359.35,West
13416,2022-04-17,89,4,4,498.08,West
13417,2022-10-08,334,9,1,244.84,East
13418,2023-07-03,40,18,2,285.06,South
13419,2023-07-06,681,43,2,210.41,West
13420,2022-07-07,375,16,5,487.25,East
13421,2024-01-22,298,2,1,462.15,South
13422,2024-05-19,998,29,5,493.45,West
13423,2022-01-19,393,48,1,492.6,West
13424,2024-05-08,18,42,4,448.77,East
13425,2024-09-11,527,36,2,466.13,North
13426,2023-02-14,132,12,3,68.74,West
13427,2023-04-29,290,41,5,95.03,East
13428,2023-09-16,830,45,4,443.74,South
13429,2023-10-18,806,37,2,366.13,West
13430,2024-02-07,209,34,4,438.74,West
13431,2022-01-18,327,35,3,387.32,North
13432,2022-07-03,992,40,1,78.4,West
13433,2023-02-09,503,6,1,459.12,West
13434,2024-03-09,279,37,4,387.9,North
13435,2023-04-24,382,36,4,289.7,South
13436,2022-01-08,788,20,5,270.86,North
13437,2023-12-06,952,16,4,291.16,West
13438,2023-06-15,309,8,1,201.3,South
13439,2024-07-01,898,44,4,403.58,North
13440,2023-11-20,277,22,2,455.42,East
13441,2024-10-31,76,5,2,133.93,South
13442,2023-07-07,298,5,1,28.64,North
13443,2023-03-22,825,45,4,109.43,North
13444,2023-12-07,378,11,4,381.1,South
13445,2022-07-15,433,43,4,435.52,South
13446,2024-05-09,859,19,2,180.8,South
13447,2023-09-20,112,39,1,84.67,West
13448,2024-09-07,778,17,5,430.68,West
13449,2023-09-22,72,37,2,115.18,North
13450,2022-02-13,317,38,1,128.52,North
13451,2023-05-04,21,18,1,55.38,East
13452,2022-06-30,188,50,5,456.06,South
13453,2023-01-09,121,9,3,170.09,East
13454,2023-09-20,342,50,5,94.2,South
13455,2024-08-14,653,17,5,477.29,North
13456,2022-03-08,304,41,1,174.41,West
13457,2024-02-18,936,33,3,376.27,South
13458,2023-10-13,447,20,3,122.89,West
13459,2022-12-07,716,18,4,366.14,East
13460,2024-06-21,721,24,5,123.76,East
13461,2023-02-02,496,13,5,322.49,West
13462,2023-12-04,521,40,3,226.02,North
13463,2022-04-07,185,28,3,401.37,East
13464,2023-03-25,947,46,3,367.83,West
13465,2022-03-18,881,3,1,468.39,East
13466,2024-06-14,888,36,1,194.54,North
13467,2023-07-03,808,11,1,379.62,East
13468,2024-03-08,332,39,5,484.73,North
13469,2024-03-25,713,21,3,174.79,North
13470,2024-10-18,576,37,1,152.1,East
13471,2022-05-15,350,2,4,386.83,West
13472,2023-10-16,838,6,3,228.31,North
13473,2023-10-08,320,5,3,205.34,South
13474,2023-12-21,537,47,3,277.35,North
13475,2023-09-05,412,43,1,468.41,East
13476,2023-04-29,906,32,2,51.09,South
13477,2024-12-05,156,37,4,238.19,West
13478,2023-10-10,733,50,4,63.97,South
13479,2024-03-02,804,40,2,442.96,South
13480,2023-08-02,651,11,4,76.98,South
13481,2024-10-24,533,17,1,53.95,West
13482,2022-01-01,502,14,3,482.24,West
13483,2022-04-19,486,2,2,286.04,West
13484,2023-04-05,154,39,3,414.69,North
13485,2022-09-23,914,18,4,240.43,West
13486,2022-02-13,68,33,5,223.46,North
13487,2024-06-04,492,30,4,456.69,North
13488,2024-08-01,41,15,4,495.04,West
13489,2024-09-09,527,29,2,313.08,East
13490,2022-09-19,791,26,3,459.91,West
13491,2023-12-29,169,1,2,432.73,West
13492,2023-09-25,646,17,1,276.56,East
13493,2022-06-01,711,39,3,471.14,South
13494,2022-08-01,750,48,1,112.93,East
13495,2024-10-12,956,2,1,443.57,North
13496,2024-05-12,112,15,2,161.58,North
13497,2023-09-15,463,22,4,24.95,North
13498,2022-12-27,52,20,5,395.67,West
13499,2022-11-16,649,29,4,465.71,West
13500,2022-08-10,255,25,4,116.22,North
13501,2022-07-29,627,43,3,271.7,North
13502,2024-07-19,158,24,2,377.18,South
13503,2023-05-04,300,34,3,172.5,North
13504,2023-08-24,958,43,5,81.99,North
13505,2024-02-13,427,21,2,202.2,North
13506,2024-05-27,924,48,4,233.72,South
13507,2023-12-01,990,2,1,373.69,North
13508,2023-03-28,776,16,4,107.36,West
13509,2023-02-17,867,40,4,409.4,East
13510,2023-04-21,307,21,2,256.07,South
13511,2022-09-13,99,37,4,452.91,West
13512,2022-05-07,121,8,5,287.24,South
13513,2023-01-27,602,14,4,228.96,North
13514,2023-04-25,30,46,1,150.53,North
13515,2024-09-19,995,22,2,62.06,North
13516,2024-07-11,230,18,5,192.13,South
13517,2023-02-06,651,5,2,212.68,South
13518,2022-10-01,254,42,1,288.46,East
13519,2024-04-24,404,47,3,431.33,North
13520,2022-05-19,494,45,5,237.27,North
13521,2022-04-13,31,30,1,164.0,West
13522,2023-04-29,162,31,3,437.9,North
13523,2023-06-13,908,9,1,369.62,South
13524,2022-08-12,432,31,3,160.44,South
13525,2022-04-24,156,31,3,91.8,South
13526,2023-10-06,323,41,2,152.6,South
13527,2023-10-13,629,9,4,70.58,South
13528,2023-04-03,191,37,4,452.67,East
13529,2023-01-10,176,6,1,309.75,South
13530,2023-09-03,938,42,3,433.12,South
13531,2022-07-26,948,26,4,411.98,East
13532,2024-07-05,517,10,1,85.09,South
13533,2022-11-17,845,6,1,227.07,East
13534,2022-04-03,524,33,5,486.31,North
13535,2024-05-21,571,45,2,124.56,West
13536,2022-04-09,833,30,2,34.62,East
13537,2022-08-13,820,40,3,179.54,West
13538,2024-05-01,811,24,4,260.36,North
13539,2023-03-17,762,28,3,37.38,West
13540,2023-12-21,339,45,4,219.07,East
13541,2023-08-08,605,38,4,134.17,North
13542,2022-03-05,319,29,4,113.94,West
13543,2024-02-07,111,44,4,139.31,East
13544,2023-07-14,818,15,4,61.65,North
13545,2023-11-01,880,8,5,47.56,South
13546,2023-01-03,807,23,5,301.96,East
13547,2024-01-14,938,43,4,474.44,West
13548,2023-09-10,473,9,1,404.32,West
13549,2024-10-02,848,11,1,418.61,South
13550,2024-12-19,17,6,2,370.19,East
13551,2023-05-15,220,47,4,478.43,South
13552,2024-10-03,487,49,1,475.77,North
13553,2023-02-15,811,12,2,391.37,North
13554,2024-10-14,305,34,1,360.81,North
13555,2023-04-09,517,21,2,159.59,West
13556,2023-12-03,129,32,3,54.67,South
13557,2022-06-12,835,36,1,55.51,West
13558,2022-03-01,624,25,4,370.77,East
13559,2024-11-20,24,35,4,23.9,South
13560,2022-11-29,541,34,5,410.04,West
13561,2022-03-17,911,19,3,189.57,East
13562,2022-11-13,132,37,3,104.12,North
13563,2022-07-09,556,17,1,209.72,East
13564,2022-10-23,321,16,2,354.6,North
13565,2023-05-16,497,16,5,144.8,West
13566,2022-06-26,888,44,3,95.07,North
13567,2024-03-10,719,4,3,371.56,West
13568,2024-03-16,382,49,4,441.53,South
13569,2024-05-09,216,30,4,296.92,South
13570,2022-08-03,756,34,2,266.69,North
13571,2023-10-15,543,5,1,379.89,North
13572,2023-08-20,916,33,2,369.0,West
13573,2022-05-08,778,46,1,13.08,West
13574,2023-07-05,11,9,5,148.1,East
13575,2023-09-11,82,17,3,466.69,West
13576,2022-12-14,994,12,2,480.5,North
13577,2022-05-22,156,24,1,260.04,West
13578,2024-03-02,166,12,5,284.44,East
13579,2022-09-02,208,15,2,10.32,South
13580,2023-12-04,24,16,3,339.45,North
13581,2022-08-02,807,23,5,114.09,West
13582,2022-07-19,887,18,4,72.68,South
13583,2023-02-09,691,22,3,159.3,West
13584,2023-02-25,332,46,4,335.8,East
13585,2022-01-07,562,44,5,223.8,East
13586,2023-08-15,519,31,5,181.04,North
13587,2022-10-13,511,43,4,366.14,North
13588,2023-11-02,612,15,1,408.72,West
13589,2023-01-24,593,21,5,435.91,North
13590,2023-02-20,241,8,2,227.93,East
13591,2024-02-23,836,49,2,361.74,West
13592,2024-10-03,181,40,5,443.75,South
13593,2024-10-11,293,36,4,455.36,North
13594,2023-03-04,993,42,4,251.14,West
13595,2024-10-01,83,38,3,184.11,South
13596,2022-11-30,566,6,4,451.09,West
13597,2022-09-29,90,17,1,138.1,North
13598,2024-12-02,439,40,1,400.46,South
13599,2022-11-15,715,45,2,455.24,East
13600,2023-06-11,543,47,5,372.46,North
13601,2024-01-30,193,36,2,343.13,East
13602,2022-11-17,488,28,5,34.83,West
13603,2024-01-09,612,47,2,109.7,East
13604,2024-12-03,349,23,5,336.62,South
13605,2023-03-30,89,31,5,394.75,South
13606,2024-01-16,955,46,2,41.06,East
13607,2024-07-17,123,11,3,19.34,North
13608,2024-04-27,374,20,1,162.64,South
13609,2024-05-17,47,32,4,326.03,East
13610,2024-02-13,433,17,1,260.9,East
13611,2022-03-24,146,42,4,14.1,East
13612,2023-06-27,3,38,5,84.29,West
13613,2022-11-18,530,6,2,378.58,North
13614,2024-02-25,314,1,2,155.85,West
13615,2023-06-24,327,37,4,67.42,South
13616,2022-09-09,988,4,2,34.92,South
13617,2024-04-15,81,31,2,426.72,East
13618,2023-03-25,153,11,2,241.12,North
13619,2023-05-05,402,17,1,256.8,West
13620,2023-04-09,820,7,2,40.06,East
13621,2022-11-10,488,35,3,249.4,South
13622,2023-01-20,811,2,4,326.43,North
13623,2022-10-22,67,40,1,70.17,West
13624,2024-09-12,89,37,1,452.23,East
13625,2024-02-01,135,37,5,393.84,South
13626,2024-02-08,879,10,5,402.92,South
13627,2022-12-10,202,12,2,272.9,South
13628,2022-05-22,428,17,1,173.62,North
13629,2023-12-19,940,46,1,323.82,North
13630,2023-02-10,179,26,2,120.43,South
13631,2022-08-16,339,5,4,77.07,South
13632,2023-02-15,79,5,1,273.78,North
13633,2024-08-09,597,38,5,244.53,East
13634,2024-06-16,533,47,2,83.64,East
13635,2023-11-22,378,27,1,269.9,East
13636,2024-05-27,165,5,5,277.77,South
13637,2024-02-26,540,8,3,437.04,West
13638,2022-03-03,749,31,1,382.01,South
13639,2024-05-28,800,33,2,116.61,West
13640,2022-12-22,697,21,5,410.79,West
13641,2022-03-12,937,35,1,484.82,North
13642,2022-09-20,822,21,5,361.14,South
13643,2022-11-02,155,15,2,395.63,West
13644,2023-07-12,123,36,1,140.55,East
13645,2024-02-01,599,2,2,496.03,South
13646,2023-08-11,202,30,4,96.43,East
13647,2022-03-15,40,28,1,377.92,North
13648,2022-05-22,169,17,1,203.66,North
13649,2022-04-12,70,44,5,184.87,West
13650,2024-12-24,792,20,1,149.73,North
13651,2022-07-12,914,40,4,226.12,North
13652,2024-08-10,330,29,5,397.53,North
13653,2024-12-21,440,5,5,471.08,South
13654,2023-02-14,399,25,3,213.96,East
13655,2022-10-27,493,10,1,329.32,East
13656,2023-03-30,354,19,3,396.23,East
13657,2023-07-28,328,41,4,58.87,South
13658,2023-09-11,498,48,1,480.67,East
13659,2023-09-29,419,1,3,113.7,West
13660,2022-10-28,503,47,3,458.39,East
13661,2024-02-18,539,34,5,493.44,South
13662,2024-09-15,345,14,3,59.2,East
13663,2022-07-21,643,25,3,447.45,South
13664,2023-11-05,789,26,1,324.05,West
13665,2022-10-29,377,21,1,410.78,East
13666,2022-12-03,295,16,5,63.46,North
13667,2022-02-01,288,10,1,418.79,North
13668,2024-02-12,254,32,4,316.76,South
13669,2024-12-07,434,44,5,260.2,South
13670,2023-10-27,501,45,4,284.42,South
13671,2022-11-24,85,20,1,374.79,South
13672,2024-03-07,521,9,1,155.84,North
13673,2024-03-24,562,34,5,472.3,North
13674,2023-10-27,513,31,3,160.74,West
13675,2024-01-16,516,19,2,439.77,West
13676,2024-11-12,516,47,2,15.93,West
13677,2024-07-18,497,31,1,459.08,North
13678,2024-08-20,602,30,4,427.27,West
13679,2023-01-08,162,47,5,70.85,South
13680,2022-10-12,667,24,3,371.09,West
13681,2023-06-05,527,33,1,193.32,North
13682,2023-11-28,365,18,4,245.09,North
13683,2024-03-17,544,21,1,43.61,West
13684,2023-10-09,425,31,2,114.16,South
13685,2022-05-16,967,39,1,477.29,South
13686,2022-04-06,957,42,4,214.8,East
13687,2022-10-01,575,41,2,22.75,North
13688,2024-05-27,957,43,1,262.39,South
13689,2024-04-29,364,4,2,497.4,West
13690,2024-02-23,108,26,5,173.08,North
13691,2022-05-12,14,33,4,79.19,North
13692,2024-12-03,23,44,4,325.34,North
13693,2023-01-08,623,33,5,460.71,North
13694,2024-03-18,321,49,4,430.98,South
13695,2024-01-14,510,20,4,331.92,West
13696,2022-02-20,672,41,1,100.23,West
13697,2022-02-25,41,8,3,394.34,East
13698,2024-01-14,794,36,1,413.38,North
13699,2023-03-04,304,8,5,426.28,East
13700,2023-03-19,969,31,5,207.93,North
13701,2022-11-22,656,22,3,210.34,West
13702,2023-10-02,415,42,1,86.03,West
13703,2024-04-08,450,50,1,388.62,West
13704,2022-03-21,800,47,1,371.24,East
13705,2023-04-19,394,19,2,58.88,West
13706,2023-01-12,665,20,2,19.87,South
13707,2024-07-07,594,23,1,476.34,North
13708,2022-11-29,365,24,2,18.46,West
13709,2023-03-17,738,43,1,318.01,North
13710,2022-05-06,989,24,5,232.28,West
13711,2022-08-07,429,36,1,390.93,East
13712,2024-08-05,152,9,2,52.99,South
13713,2022-10-05,259,40,3,344.36,North
13714,2023-08-18,830,16,5,311.32,East
13715,2024-07-23,591,27,4,428.26,West
13716,2022-05-21,707,45,3,264.09,South
13717,2024-04-25,951,37,3,366.86,South
13718,2024-10-04,223,13,4,224.42,East
13719,2024-05-26,266,2,5,492.15,South
13720,2022-04-20,230,12,4,284.11,North
13721,2024-12-11,439,41,5,379.23,West
13722,2023-09-05,150,33,5,55.54,South
13723,2023-12-14,910,23,5,236.75,West
13724,2024-03-06,457,14,3,41.57,South
13725,2023-12-30,978,39,5,69.64,North
13726,2024-12-05,136,49,4,258.01,West
13727,2023-05-20,635,30,3,182.63,North
13728,2024-11-06,870,46,5,235.31,South
13729,2022-11-11,399,49,2,253.11,East
13730,2022-03-18,622,34,2,88.28,West
13731,2024-09-04,143,9,5,189.26,West
13732,2024-06-17,948,15,2,431.69,North
13733,2024-11-13,70,24,1,429.74,North
13734,2023-12-13,54,48,3,250.4,East
13735,2024-11-24,844,41,1,377.08,North
13736,2024-05-03,938,25,3,379.24,East
13737,2023-12-10,403,36,4,31.61,North
13738,2022-09-22,552,32,2,309.34,South
13739,2022-11-29,709,47,2,404.22,South
13740,2022-07-07,27,21,2,301.05,East
13741,2024-12-22,842,42,5,275.36,South
13742,2024-03-30,299,39,3,270.3,East
13743,2022-10-26,692,6,5,258.9,South
13744,2022-07-20,558,47,2,391.37,East
13745,2022-09-29,654,25,4,324.79,West
13746,2023-06-19,320,2,2,115.6,East
13747,2022-01-31,445,31,5,222.34,South
13748,2022-03-10,98,30,2,269.03,North
13749,2024-06-01,126,15,1,215.29,West
13750,2024-08-18,58,18,1,126.41,North
13751,2024-04-06,177,32,5,71.12,West
13752,2024-07-12,719,14,1,67.48,West
13753,2024-09-10,285,18,3,155.18,East
13754,2023-04-26,666,35,3,207.3,East
13755,2022-10-20,27,22,5,344.61,West
13756,2022-03-27,451,14,1,492.61,South
13757,2024-11-05,323,38,3,449.7,West
13758,2023-12-29,675,14,1,408.71,South
13759,2023-09-20,250,34,2,408.73,West
13760,2022-04-28,700,22,1,302.07,South
13761,2022-09-27,957,16,1,133.85,East
13762,2024-09-05,995,48,5,241.25,West
13763,2024-05-04,370,49,2,79.85,West
13764,2022-06-11,966,16,3,287.55,South
13765,2023-12-01,846,16,3,21.27,South
13766,2022-06-16,90,40,1,102.84,West
13767,2022-10-27,131,38,4,359.02,South
13768,2022-01-28,929,18,4,145.68,East
13769,2023-07-16,810,23,3,215.78,East
13770,2024-06-01,525,46,1,417.71,West
13771,2022-06-05,29,48,1,31.83,West
13772,2023-10-14,777,40,2,21.14,South
13773,2024-03-31,544,18,5,122.2,East
13774,2023-07-15,662,46,4,345.38,North
13775,2024-12-21,86,49,1,125.7,East
13776,2022-11-08,58,22,3,433.21,South
13777,2023-01-11,57,40,4,182.41,South
13778,2022-05-30,994,30,5,148.92,West
13779,2023-08-08,394,48,1,124.13,East
13780,2023-08-04,25,42,4,291.25,West
13781,2024-09-03,190,42,1,429.59,South
13782,2022-06-26,959,18,5,208.97,West
13783,2022-12-20,76,18,2,133.73,West
13784,2023-05-29,371,41,4,216.22,West
13785,2022-11-05,899,1,5,453.35,West
13786,2022-04-29,851,48,2,173.92,North
13787,2024-02-06,737,42,2,331.32,South
13788,2024-09-22,506,15,5,171.57,East
13789,2024-08-30,943,5,3,340.63,West
13790,2024-07-04,183,27,5,441.7,East
13791,2023-04-23,154,17,1,303.29,East
13792,2023-08-10,269,41,3,474.25,East
13793,2022-12-17,903,32,2,304.74,South
13794,2022-07-14,930,38,4,487.69,West
13795,2023-05-11,278,26,2,364.63,East
13796,2023-05-30,340,2,4,329.87,West
13797,2023-11-27,875,28,4,416.62,West
13798,2022-09-30,23,45,5,15.44,East
13799,2024-05-29,432,23,5,136.05,North
13800,2022-02-21,526,50,2,115.88,South
13801,2022-09-20,606,20,5,64.34,West
13802,2022-05-13,343,36,2,469.52,West
13803,2024-09-20,879,42,5,74.19,North
13804,2022-11-06,52,22,5,138.79,South
13805,2022-01-16,339,11,4,174.23,East
13806,2022-07-14,935,28,3,316.07,South
13807,2022-10-30,41,45,5,386.06,East
13808,2024-12-07,676,22,5,306.29,East
13809,2024-04-11,518,17,2,376.99,North
13810,2023-07-16,407,31,4,207.04,West
13811,2022-02-10,138,11,4,497.93,South
13812,2023-06-18,99,36,3,93.35,South
13813,2023-01-06,341,14,3,205.88,East
13814,2023-06-01,736,35,3,417.77,North
13815,2023-10-19,316,23,5,130.91,North
13816,2023-08-13,542,29,2,377.91,East
13817,2022-08-19,225,23,1,188.5,North
13818,2024-03-19,838,44,2,97.02,West
13819,2023-04-24,261,36,4,207.64,North
13820,2023-11-06,247,16,3,394.55,North
13821,2022-10-05,79,39,1,64.86,West
13822,2022-02-22,697,20,4,262.89,East
13823,2024-10-30,811,25,3,373.26,North
13824,2024-01-18,692,19,1,378.27,East
13825,2023-04-09,473,26,2,200.9,East
13826,2024-01-24,77,32,4,238.55,East
13827,2023-08-06,262,50,5,429.82,West
13828,2022-06-07,741,21,1,112.11,South
13829,2022-01-19,2,9,1,496.37,East
13830,2022-02-24,17,43,2,215.43,South
13831,2023-12-22,344,19,2,144.97,South
13832,2024-11-10,12,49,4,11.27,South
13833,2024-01-31,940,21,5,71.26,East
13834,2024-10-15,694,18,3,380.69,West
13835,2024-03-18,846,6,1,328.12,North
13836,2023-12-24,7,35,1,130.79,South
13837,2022-10-12,246,14,4,464.23,South
13838,2023-05-26,986,9,3,419.49,North
13839,2024-10-18,928,35,3,141.94,West
13840,2022-04-30,157,2,3,171.74,West
13841,2022-04-07,174,6,4,100.53,South
13842,2022-04-30,487,35,1,324.85,South
13843,2023-01-28,841,25,2,353.56,South
13844,2024-03-04,846,9,1,203.98,West
13845,2022-08-08,693,50,2,371.21,East
13846,2024-04-18,977,31,2,495.87,South
13847,2022-06-09,281,7,4,309.85,North
13848,2023-09-03,309,28,3,328.15,North
13849,2023-10-01,990,2,4,193.18,South
13850,2024-11-21,237,1,2,15.19,East
13851,2024-02-16,157,37,1,477.42,South
13852,2022-11-30,251,24,2,388.45,North
13853,2024-06-10,221,35,4,350.83,North
13854,2024-07-28,338,7,1,24.61,North
13855,2022-12-18,223,38,3,381.92,East
13856,2024-07-14,211,29,4,338.34,South
13857,2023-01-31,337,1,5,288.76,West
13858,2023-06-14,134,30,2,315.56,South
13859,2022-12-24,844,46,3,460.0,East
13860,2024-04-07,934,32,3,13.28,South
13861,2022-03-01,771,10,1,86.92,South
13862,2023-04-22,495,34,4,448.43,West
13863,2023-09-04,547,11,2,14.02,West
13864,2022-01-01,183,48,5,452.78,West
13865,2022-11-07,815,49,2,24.52,North
13866,2022-06-17,161,37,4,391.88,South
13867,2022-07-11,605,27,3,446.55,South
13868,2024-11-23,387,50,5,310.14,North
13869,2024-11-23,197,48,1,324.31,West
13870,2023-12-09,827,10,4,34.78,South
13871,2023-01-01,718,38,2,113.34,South
13872,2024-05-07,484,22,4,450.74,South
13873,2022-11-23,502,24,1,413.62,East
13874,2022-04-24,988,8,2,39.18,West
13875,2024-03-07,489,6,5,408.36,West
13876,2024-07-07,352,4,2,217.51,East
13877,2023-09-01,530,5,2,284.75,East
13878,2022-11-05,234,6,1,63.12,North
13879,2023-02-05,1000,47,2,205.34,West
13880,2022-07-31,894,32,4,223.11,North
13881,2022-11-13,845,38,3,338.05,West
13882,2022-07-04,578,20,1,332.19,South
13883,2022-09-03,756,40,1,278.95,East
13884,2022-08-27,409,45,1,25.41,West
13885,2023-06-04,276,36,4,89.14,North
13886,2022-10-04,711,49,4,88.53,West
13887,2024-10-02,459,14,4,444.99,West
13888,2022-07-21,453,50,4,451.84,West
13889,2022-08-02,413,47,2,405.18,South
13890,2023-08-29,18,19,1,95.69,South
13891,2023-04-23,72,11,1,421.67,North
13892,2023-05-23,667,39,5,101.92,West
13893,2023-10-31,378,1,3,281.77,South
13894,2023-10-27,682,35,2,369.6,West
13895,2022-05-22,834,19,3,35.26,East
13896,2022-11-18,355,33,2,302.99,South
13897,2023-04-06,794,32,2,133.06,West
13898,2023-12-08,151,36,2,253.95,North
13899,2023-11-01,261,24,1,198.11,East
13900,2022-02-23,80,43,3,346.42,East
13901,2022-10-04,106,7,3,249.7,East
13902,2023-02-04,523,7,4,157.8,North
13903,2023-10-30,403,46,3,456.08,North
13904,2023-05-31,720,47,4,479.94,South
13905,2023-07-30,992,5,5,402.93,West
13906,2022-04-22,908,14,4,294.56,South
13907,2022-08-27,130,45,2,443.36,West
13908,2024-11-09,171,26,1,304.82,South
13909,2022-07-16,406,50,2,82.93,South
13910,2023-01-17,922,1,5,18.54,North
13911,2022-06-13,33,13,1,365.7,South
13912,2023-08-29,536,23,5,378.72,North
13913,2024-12-27,197,20,2,463.65,South
13914,2024-05-04,917,7,1,413.88,East
13915,2024-11-10,46,6,5,323.4,West
13916,2024-04-10,274,9,4,103.25,South
13917,2023-08-20,743,28,3,301.08,South
13918,2023-06-20,133,10,2,223.0,North
13919,2022-04-21,264,35,4,123.73,South
13920,2024-08-06,597,7,5,401.57,North
13921,2024-05-12,367,25,5,83.28,North
13922,2023-08-18,825,30,1,318.87,South
13923,2024-10-18,5,43,4,309.27,North
13924,2023-04-05,269,26,5,158.77,West
13925,2023-03-10,851,44,1,220.33,South
13926,2024-06-06,733,12,3,67.12,North
13927,2024-02-22,706,13,3,22.51,West
13928,2024-09-14,421,40,1,16.38,North
13929,2022-06-18,346,4,4,95.42,East
13930,2023-12-10,925,1,1,434.82,East
13931,2024-08-22,69,6,1,266.08,North
13932,2023-12-28,800,2,4,67.39,North
13933,2022-08-17,358,46,3,453.69,North
13934,2023-03-03,688,27,5,288.76,North
13935,2022-05-02,386,18,3,23.66,South
13936,2022-05-29,325,42,4,383.74,West
13937,2024-05-01,751,29,2,241.98,South
13938,2023-12-06,481,33,4,271.1,West
13939,2022-04-21,179,3,3,310.48,South
13940,2022-03-05,256,20,3,56.28,East
13941,2023-09-30,419,4,4,474.39,South
13942,2024-06-27,211,18,4,135.14,West
13943,2022-01-13,911,8,4,314.7,North
13944,2024-07-22,739,22,3,429.23,West
13945,2022-08-27,584,41,1,172.64,West
13946,2023-10-25,367,22,2,317.5,East
13947,2024-11-10,577,19,1,494.55,West
13948,2023-11-25,166,28,3,427.38,North
13949,2024-08-28,214,2,1,391.85,South
13950,2024-08-21,529,9,4,225.26,West
13951,2022-03-17,848,35,5,231.12,East
13952,2022-11-25,173,22,4,247.91,West
13953,2022-06-01,129,26,2,348.31,West
13954,2022-03-13,3,34,4,80.73,North
13955,2022-08-13,895,7,5,431.9,North
13956,2023-04-18,896,30,3,18.86,North
13957,2022-12-26,760,49,1,93.3,South
13958,2023-06-24,70,25,4,246.09,West
13959,2024-03-21,52,49,1,133.54,South
13960,2023-09-01,437,9,2,189.14,North
13961,2024-12-05,378,27,1,172.97,West
13962,2022-01-01,771,1,2,141.79,South
13963,2023-11-09,751,33,2,196.34,North
13964,2022-10-18,94,8,4,257.59,North
13965,2022-07-23,559,49,5,243.42,West
13966,2023-07-20,587,32,1,407.84,South
13967,2023-04-27,603,40,2,160.99,North
13968,2023-05-26,86,19,2,148.14,North
13969,2024-07-12,518,36,2,257.18,North
13970,2022-10-05,742,50,3,33.49,North
13971,2024-10-01,430,45,1,64.79,North
13972,2022-01-16,863,22,1,403.51,North
13973,2022-12-22,829,39,2,251.92,West
13974,2022-12-22,43,26,1,42.6,East
13975,2024-04-09,824,3,1,225.79,East
13976,2023-08-22,710,46,3,205.15,North
13977,2024-07-16,370,9,2,130.61,North
13978,2024-12-26,404,35,1,192.33,West
13979,2024-05-08,303,7,5,102.29,West
13980,2022-08-02,182,15,2,230.04,North
13981,2023-03-25,169,4,1,210.18,South
13982,2024-08-22,203,37,3,307.68,South
13983,2024-02-26,706,28,5,471.63,East
13984,2023-05-14,543,9,4,100.88,West
13985,2023-12-11,102,35,4,214.55,East
13986,2023-01-15,576,48,5,285.49,East
13987,2024-01-10,346,48,4,278.03,South
13988,2023-09-24,603,25,5,334.06,East
13989,2024-11-13,442,9,1,141.29,North
13990,2023-06-23,250,33,4,320.93,East
13991,2024-08-02,183,17,4,108.57,East
13992,2024-01-23,302,12,5,71.47,North
13993,2023-06-19,878,9,1,417.51,North
13994,2023-11-04,863,5,1,242.13,East
13995,2024-11-30,280,47,2,204.67,South
13996,2023-07-22,717,26,2,464.97,East
13997,2023-02-19,89,45,1,357.78,South
13998,2023-03-25,805,19,5,341.79,South
13999,2023-09-02,425,35,3,105.19,North
14000,2023-10-20,921,2,3,112.54,South
14001,2023-03-12,285,45,2,246.72,West
14002,2023-12-06,671,7,4,329.63,East
14003,2022-08-27,875,9,3,203.68,South
14004,2024-12-01,999,22,4,41.45,South
14005,2024-01-04,130,42,4,344.68,East
14006,2024-03-10,248,33,1,389.14,North
14007,2022-01-10,652,16,3,472.71,West
14008,2024-01-17,901,43,3,210.3,South
14009,2022-05-19,189,24,4,136.44,West
14010,2024-01-01,91,8,4,463.65,East
14011,2022-07-15,568,30,1,360.42,South
14012,2022-09-21,738,26,5,41.35,South
14013,2024-08-02,846,45,3,294.21,South
14014,2024-07-08,839,48,3,23.98,West
14015,2022-06-10,165,35,1,121.0,West
14016,2023-05-06,548,45,1,44.77,South
14017,2024-02-09,330,17,5,110.4,East
14018,2022-11-07,541,38,4,250.06,South
14019,2022-08-15,80,10,3,156.44,East
14020,2022-09-30,934,41,4,53.13,North
14021,2024-07-26,981,50,3,246.21,North
14022,2022-11-13,870,17,1,357.16,North
14023,2022-10-18,169,7,1,36.03,East
14024,2023-12-30,545,2,1,442.38,West
14025,2023-01-10,93,11,5,330.0,East
14026,2023-07-21,624,50,3,264.53,East
14027,2024-05-17,379,3,1,204.2,North
14028,2024-01-25,209,46,5,202.71,South
14029,2022-09-09,909,20,4,174.42,East
14030,2022-11-03,902,13,5,66.71,North
14031,2023-11-06,194,23,5,48.83,East
14032,2024-05-17,264,17,2,161.33,West
14033,2022-09-21,247,29,4,336.86,East
14034,2022-03-09,630,43,2,151.31,North
14035,2023-05-29,448,39,3,408.01,East
14036,2024-02-08,992,32,5,196.34,East
14037,2023-03-18,740,35,5,319.28,East
14038,2022-01-01,521,35,5,221.64,North
14039,2022-12-24,919,34,5,253.93,North
14040,2024-06-21,711,21,2,132.58,East
14041,2022-10-01,479,16,3,261.8,North
14042,2024-05-05,277,23,2,64.22,East
14043,2024-10-14,129,11,5,199.52,East
14044,2022-06-22,302,14,3,229.67,East
14045,2023-08-08,574,3,4,354.96,East
14046,2024-07-17,514,7,2,206.11,South
14047,2023-04-26,360,40,1,336.06,South
14048,2023-03-31,843,45,4,95.56,West
14049,2022-07-15,357,11,4,22.36,East
14050,2024-03-06,466,33,5,257.91,East
14051,2023-08-22,172,19,5,242.2,North
14052,2023-07-10,757,45,4,338.18,East
14053,2024-04-27,88,49,2,163.64,North
14054,2023-03-15,500,41,3,24.63,West
14055,2023-10-12,896,23,2,364.55,South
14056,2022-12-25,83,23,2,471.68,South
14057,2024-11-25,517,29,4,203.19,North
14058,2024-11-23,861,6,2,309.45,East
14059,2023-10-20,551,39,3,276.9,North
14060,2022-01-16,896,5,4,287.34,West
14061,2024-01-15,322,32,2,435.01,South
14062,2023-02-25,465,40,5,370.81,East
14063,2023-07-07,813,26,2,387.2,East
14064,2024-02-06,587,14,4,54.12,East
14065,2024-03-03,613,18,4,81.89,South
14066,2024-10-28,141,21,5,335.02,East
14067,2024-05-29,605,25,4,274.82,West
14068,2024-05-01,631,20,1,389.4,West
14069,2023-05-25,800,24,4,55.61,South
14070,2024-08-23,621,3,2,287.58,South
14071,2024-07-02,1000,22,3,248.17,South
14072,2022-01-18,555,8,2,428.8,North
14073,2022-02-25,136,46,4,101.7,South
14074,2024-07-07,330,46,1,180.87,South
14075,2024-11-24,729,29,2,83.73,North
14076,2024-06-20,955,7,3,231.35,East
14077,2023-09-22,395,6,2,441.89,North
14078,2024-03-04,156,6,5,338.46,West
14079,2022-12-13,993,12,1,374.71,West
14080,2024-11-21,39,22,4,55.74,East
14081,2024-06-26,282,47,2,231.49,North
14082,2024-10-20,840,26,2,420.95,East
14083,2023-07-30,870,25,2,420.37,West
14084,2022-07-18,538,19,2,494.13,North
14085,2022-10-28,544,36,3,267.76,North
14086,2024-10-13,46,35,5,11.02,West
14087,2022-01-26,668,13,5,450.54,South
14088,2023-03-26,244,25,1,478.54,East
14089,2022-11-16,903,48,1,464.6,West
14090,2022-06-05,547,45,3,388.24,West
14091,2023-04-16,450,32,5,113.84,North
14092,2023-02-24,278,30,1,78.14,North
14093,2023-10-13,754,21,4,353.43,East
14094,2024-06-04,406,42,5,78.81,West
14095,2024-07-18,890,45,2,477.12,West
14096,2024-04-14,771,40,5,228.46,North
14097,2024-05-25,46,44,4,25.1,West
14098,2024-07-30,946,8,2,83.79,North
14099,2024-09-20,749,41,5,152.34,South
14100,2023-07-26,520,42,2,354.84,South
14101,2022-02-23,772,7,2,371.27,East
14102,2023-08-28,271,3,3,114.38,East
14103,2022-11-21,556,37,4,327.79,West
14104,2024-08-27,238,3,3,25.6,West
14105,2024-06-03,167,18,5,60.4,West
14106,2022-09-22,376,42,2,272.16,West
14107,2023-01-17,588,9,5,354.87,South
14108,2022-11-29,669,24,5,458.04,North
14109,2024-10-30,201,7,3,224.5,North
14110,2022-07-22,746,33,5,68.78,West
14111,2022-02-27,232,25,4,465.2,South
14112,2023-07-01,446,42,2,224.34,West
14113,2024-05-20,724,34,1,253.76,North
14114,2022-04-13,418,38,4,428.67,East
14115,2024-05-14,154,21,1,297.03,South
14116,2023-02-02,368,38,1,157.71,North
14117,2023-01-27,725,40,3,274.98,North
14118,2022-04-16,87,18,1,316.18,East
14119,2024-12-13,530,39,2,446.0,East
14120,2022-04-21,703,50,3,125.07,East
14121,2022-08-12,820,33,4,284.1,East
14122,2022-03-16,54,28,4,461.04,South
14123,2023-05-21,728,25,4,32.28,West
14124,2024-11-03,42,14,5,105.34,South
14125,2024-02-09,349,20,3,179.69,South
14126,2023-04-27,230,39,3,342.45,North
14127,2022-12-30,742,20,3,422.51,North
14128,2022-08-27,694,7,2,107.59,North
14129,2024-04-25,436,4,3,130.89,North
14130,2024-09-11,141,31,2,413.41,North
14131,2023-01-27,288,30,4,82.69,South
14132,2024-11-06,851,37,5,137.98,East
14133,2024-08-22,849,21,1,369.02,West
14134,2022-01-12,322,1,5,91.42,South
14135,2022-05-26,594,3,5,415.74,West
14136,2022-06-18,442,13,5,250.35,West
14137,2024-04-26,167,7,1,229.31,East
14138,2022-06-19,923,6,2,76.28,West
14139,2024-02-04,846,6,4,343.03,East
14140,2023-05-14,566,34,1,443.16,South
14141,2024-06-15,463,32,4,349.13,East
14142,2024-12-12,456,16,2,165.27,East
14143,2022-04-28,73,38,4,352.41,North
14144,2022-12-31,725,8,2,259.87,North
14145,2022-05-16,683,21,1,428.33,East
14146,2023-07-11,995,11,1,235.23,East
14147,2022-01-18,948,50,4,126.28,West
14148,2023-02-07,270,23,4,59.62,West
14149,2022-07-24,219,6,5,147.72,East
14150,2023-05-14,648,46,5,286.13,West
14151,2022-11-20,547,15,4,93.32,South
14152,2023-08-18,658,11,5,29.48,West
14153,2023-07-16,183,27,4,229.93,West
14154,2023-04-24,78,15,3,180.24,East
14155,2022-06-13,308,45,5,215.99,West
14156,2022-11-20,765,38,4,232.53,East
14157,2023-07-05,328,4,3,385.37,North
14158,2024-04-10,945,14,5,480.85,West
14159,2023-10-02,904,45,1,138.52,East
14160,2023-09-26,421,10,4,471.78,East
14161,2024-01-29,236,29,1,121.9,West
14162,2022-07-27,834,12,5,379.92,North
14163,2022-11-11,849,40,3,343.86,East
14164,2022-10-31,589,20,4,35.59,East
14165,2024-06-19,886,37,3,365.21,West
14166,2022-08-27,462,2,1,451.55,South
14167,2024-03-14,937,20,4,465.81,East
14168,2022-10-02,585,12,1,345.74,West
14169,2024-08-11,539,38,1,395.43,West
14170,2024-12-25,916,30,3,45.06,North
14171,2022-09-12,38,47,5,89.01,East
14172,2022-05-05,766,18,1,138.62,East
14173,2023-09-07,908,50,1,270.36,East
14174,2023-01-20,426,10,2,199.26,West
14175,2023-03-23,598,7,3,332.0,East
14176,2023-01-22,869,42,1,228.39,North
14177,2023-01-18,434,5,2,389.76,North
14178,2022-05-04,359,48,3,359.66,East
14179,2023-12-29,31,29,4,376.17,East
14180,2024-06-14,205,35,5,416.14,West
14181,2022-11-24,705,39,3,418.77,North
14182,2023-11-25,742,12,1,391.98,South
14183,2024-12-27,181,10,2,42.3,East
14184,2022-12-25,757,37,2,315.37,East
14185,2024-09-29,40,2,4,19.7,West
14186,2024-03-07,841,3,2,374.44,North
14187,2023-03-19,423,14,1,39.92,East
14188,2022-06-13,906,47,3,491.78,West
14189,2024-08-30,157,20,4,310.9,East
14190,2022-12-27,168,45,5,99.18,West
14191,2023-08-08,670,49,5,239.46,West
14192,2024-05-02,642,4,1,415.07,West
14193,2024-10-07,82,26,4,98.2,East
14194,2024-10-20,668,47,4,273.02,East
14195,2022-08-29,687,15,1,11.75,North
14196,2023-10-28,800,9,4,396.33,East
14197,2023-07-19,600,3,2,105.36,South
14198,2024-04-11,102,2,2,199.72,North
14199,2024-09-02,760,39,1,269.82,West
14200,2022-01-31,718,41,1,80.98,North
14201,2022-08-11,89,30,2,464.07,South
14202,2022-09-23,345,37,3,239.72,South
14203,2024-02-27,800,17,1,123.57,West
14204,2023-01-16,923,3,2,370.22,East
14205,2023-07-10,310,9,3,448.16,South
14206,2022-03-03,608,8,3,457.21,East
14207,2023-12-14,440,9,2,221.26,West
14208,2024-04-26,159,17,2,186.14,East
14209,2023-06-05,114,24,4,465.34,East
14210,2024-12-30,536,8,3,35.89,North
14211,2023-08-25,163,14,5,377.76,East
14212,2022-05-20,286,16,4,96.98,East
14213,2023-08-13,865,18,4,238.1,North
14214,2023-06-12,55,49,3,477.31,East
14215,2023-06-25,576,24,3,294.76,North
14216,2023-01-10,33,39,3,266.49,North
14217,2022-10-18,558,47,1,40.28,East
14218,2022-02-12,731,27,2,145.9,East
14219,2024-12-12,993,28,2,11.5,East
14220,2022-01-08,801,7,2,438.75,North
14221,2023-04-28,196,34,3,325.98,South
14222,2022-02-11,765,27,4,67.83,North
14223,2022-11-29,448,34,3,188.1,South
14224,2024-12-29,798,39,3,407.59,West
14225,2024-11-05,748,19,4,78.75,South
14226,2022-03-10,591,6,5,122.83,West
14227,2022-02-22,925,30,1,275.29,East
14228,2023-11-16,958,28,5,81.02,North
14229,2024-09-20,92,12,3,197.53,North
14230,2023-06-11,608,15,2,491.24,West
14231,2022-03-04,228,45,2,276.49,North
14232,2022-09-18,286,39,4,353.75,North
14233,2024-05-07,874,39,3,335.01,West
14234,2022-06-29,235,15,4,113.74,South
14235,2024-11-05,102,36,4,424.6,East
14236,2022-12-21,764,3,1,69.8,South
14237,2024-07-22,140,1,4,461.58,South
14238,2023-12-28,835,7,3,115.88,West
14239,2023-08-12,655,9,1,477.82,West
14240,2023-08-28,752,1,2,401.0,West
14241,2022-06-30,266,5,1,93.78,West
14242,2022-06-23,342,47,3,88.6,South
14243,2022-12-20,573,36,5,51.42,West
14244,2022-12-20,535,10,1,131.2,North
14245,2023-03-10,523,2,5,332.96,South
14246,2024-06-23,16,23,1,264.95,West
14247,2022-10-09,561,39,1,310.54,North
14248,2022-09-16,878,29,4,25.26,North
14249,2024-05-17,336,19,5,49.19,West
14250,2023-07-13,910,38,5,349.07,West
14251,2022-01-05,390,47,1,425.48,North
14252,2023-08-19,170,20,3,186.12,North
14253,2023-01-29,913,12,3,91.58,South
14254,2022-12-02,119,11,5,161.09,South
14255,2022-03-04,991,35,4,211.89,North
14256,2022-02-13,42,49,4,318.77,West
14257,2022-06-02,10,7,3,210.64,West
14258,2024-05-03,430,23,4,449.55,East
14259,2022-10-02,468,50,1,206.59,North
14260,2023-03-02,49,17,1,98.87,West
14261,2023-04-28,777,48,5,131.69,South
14262,2022-08-02,207,2,2,237.93,North
14263,2022-03-20,679,5,3,393.41,South
14264,2022-05-19,514,21,3,436.01,West
14265,2024-08-07,580,13,2,100.79,South
14266,2022-04-08,820,11,4,11.7,West
14267,2023-10-26,984,24,1,436.01,East
14268,2022-07-17,210,33,1,121.82,South
14269,2024-02-24,139,27,3,412.61,West
14270,2022-06-05,37,35,3,279.87,North
14271,2024-12-09,218,18,4,208.02,South
14272,2023-04-24,456,21,4,81.91,West
14273,2022-08-16,512,4,3,339.3,North
14274,2023-06-06,278,41,4,410.9,East
14275,2022-05-29,180,32,2,235.94,East
14276,2024-12-17,517,43,1,228.71,West
14277,2022-06-11,130,49,3,380.09,South
14278,2024-05-12,645,11,2,255.06,East
14279,2023-01-30,611,3,2,394.95,South
14280,2024-03-11,672,21,5,36.52,East
14281,2022-07-05,748,43,3,430.24,South
14282,2023-07-12,659,14,5,138.41,South
14283,2023-03-22,359,6,2,92.91,North
14284,2024-04-09,627,29,3,25.82,South
14285,2022-03-28,4,31,5,418.7,North
14286,2023-03-14,599,47,1,39.46,West
14287,2023-05-31,558,28,3,477.67,West
14288,2024-08-04,83,43,5,286.77,South
14289,2024-01-26,154,50,4,352.35,South
14290,2024-03-07,506,36,3,365.4,South
14291,2023-11-17,509,28,4,153.42,East
14292,2022-11-21,818,19,3,405.16,East
14293,2023-09-15,794,3,5,473.66,South
14294,2023-11-18,839,12,5,191.23,East
14295,2023-02-04,800,36,3,419.32,South
14296,2024-05-17,623,24,2,388.3,North
14297,2022-08-05,629,12,5,298.9,West
14298,2024-03-19,97,24,3,190.13,North
14299,2024-08-18,940,1,3,213.44,South
14300,2024-09-27,282,28,1,160.73,North
14301,2024-07-20,701,16,4,218.87,North
14302,2022-08-28,600,21,1,494.92,West
14303,2022-02-17,819,30,4,188.07,East
14304,2024-05-24,955,34,4,336.1,West
14305,2022-05-12,599,26,1,166.61,North
14306,2023-09-17,934,35,2,238.66,South
14307,2023-08-24,538,31,3,51.05,East
14308,2023-11-04,892,16,5,383.98,South
14309,2022-11-30,429,42,3,333.9,South
14310,2022-02-05,543,29,1,180.27,South
14311,2024-02-17,126,29,2,267.17,North
14312,2022-08-11,710,9,5,437.39,West
14313,2023-06-14,301,14,5,31.77,North
14314,2022-08-29,543,8,2,465.81,East
14315,2022-05-14,367,2,5,240.69,West
14316,2023-01-26,829,11,5,431.23,South
14317,2022-04-12,944,2,2,432.13,North
14318,2023-11-12,744,47,1,38.77,West
14319,2023-05-13,45,18,1,392.98,West
14320,2023-05-26,493,5,5,369.11,West
14321,2023-12-04,316,7,1,31.16,South
14322,2024-09-20,189,23,1,470.86,North
14323,2024-08-06,52,19,5,320.93,South
14324,2024-04-20,564,19,5,92.09,South
14325,2022-01-06,332,48,1,70.32,South
14326,2024-08-15,499,19,4,285.37,North
14327,2022-07-13,977,49,2,38.83,North
14328,2024-01-12,318,45,1,90.56,North
14329,2024-06-30,410,40,1,474.74,North
14330,2023-04-18,323,28,4,374.92,East
14331,2022-08-04,591,11,3,310.61,South
14332,2024-05-25,561,50,3,112.32,North
14333,2022-02-07,230,11,2,117.07,North
14334,2023-04-16,344,9,5,228.46,South
14335,2023-03-28,371,14,1,379.49,West
14336,2024-10-09,990,34,4,11.93,South
14337,2022-04-13,556,29,5,31.69,South
14338,2022-02-11,292,49,5,436.35,West
14339,2024-08-04,437,21,3,408.89,North
14340,2022-03-07,247,48,1,350.39,East
14341,2024-07-31,940,5,2,254.77,West
14342,2022-07-12,219,33,4,81.11,East
14343,2024-11-27,534,9,1,60.09,West
14344,2023-05-17,642,3,5,453.63,East
14345,2023-10-26,519,14,5,197.44,East
14346,2022-12-18,784,18,2,350.9,West
14347,2022-11-22,472,12,3,233.54,South
14348,2024-11-27,350,23,2,368.16,East
14349,2022-04-18,44,14,2,104.72,East
14350,2023-09-23,752,16,1,247.44,East
14351,2022-05-31,878,37,3,194.66,East
14352,2024-12-16,65,20,5,130.08,West
14353,2024-05-27,246,20,3,302.88,South
14354,2022-12-01,987,15,1,273.12,West
14355,2024-03-14,585,41,1,252.89,West
14356,2024-02-06,71,25,2,299.64,West
14357,2022-09-16,709,17,1,79.84,South
14358,2024-02-21,701,12,3,191.57,North
14359,2022-02-03,158,45,2,169.09,South
14360,2022-11-22,938,42,2,386.9,East
14361,2024-04-16,475,39,2,27.5,West
14362,2023-11-22,842,7,3,148.15,West
14363,2024-01-09,25,8,2,459.96,West
14364,2024-01-14,850,24,4,157.17,West
14365,2024-04-26,583,47,4,84.43,North
14366,2022-04-27,825,25,3,381.1,North
14367,2023-10-12,223,21,5,33.44,West
14368,2023-02-07,160,50,5,218.9,South
14369,2024-09-23,818,33,2,429.13,North
14370,2022-08-21,75,10,3,477.51,South
14371,2024-07-17,138,22,2,132.02,North
14372,2023-04-25,918,19,2,155.14,East
14373,2024-09-02,479,29,4,287.95,East
14374,2022-01-09,553,3,1,121.01,East
14375,2023-12-16,303,39,3,83.86,North
14376,2023-01-14,910,4,1,218.73,South
14377,2023-01-16,387,37,4,45.4,North
14378,2024-04-23,472,31,1,448.17,East
14379,2022-12-26,334,6,4,173.76,North
14380,2022-06-25,309,28,5,174.78,East
14381,2023-04-30,528,10,4,397.77,East
14382,2022-02-02,887,12,3,177.36,South
14383,2023-11-27,701,46,5,382.84,West
14384,2022-06-06,540,2,2,98.81,East
14385,2023-07-19,163,3,3,269.2,South
14386,2022-07-21,1000,1,3,386.57,West
14387,2024-07-11,898,35,3,230.45,North
14388,2022-03-15,829,24,1,45.19,West
14389,2022-04-06,952,47,1,371.08,West
14390,2022-06-22,994,48,2,252.09,South
14391,2022-06-04,55,34,1,165.04,South
14392,2022-10-16,786,20,3,496.47,East
14393,2022-09-15,455,16,4,439.28,West
14394,2022-06-23,305,30,2,28.53,East
14395,2022-11-26,102,47,2,300.89,South
14396,2024-01-29,554,39,3,183.74,East
14397,2024-10-16,775,25,5,28.33,West
14398,2022-06-10,388,5,1,15.54,North
14399,2022-07-05,683,29,5,296.04,North
14400,2022-05-23,208,37,3,166.86,East
14401,2024-06-25,315,28,5,354.62,South
14402,2023-10-02,49,41,3,232.67,North
14403,2022-01-27,572,23,1,385.58,West
14404,2022-07-21,518,32,1,408.4,South
14405,2024-11-10,148,46,2,332.04,North
14406,2023-11-01,799,18,5,214.81,West
14407,2024-10-28,211,41,5,494.35,North
14408,2023-04-17,372,35,5,160.28,East
14409,2022-09-16,662,43,5,262.14,West
14410,2022-02-24,597,24,4,265.0,East
14411,2024-06-29,978,47,2,219.89,West
14412,2024-10-26,672,28,2,69.49,South
14413,2023-07-08,47,36,4,183.43,East
14414,2024-12-09,674,21,5,115.44,East
14415,2022-04-22,499,5,4,450.93,West
14416,2022-05-26,155,26,5,331.13,East
14417,2022-08-18,230,50,4,151.03,West
14418,2023-05-12,300,23,2,287.21,North
14419,2023-04-06,158,44,4,428.07,West
14420,2024-03-17,673,33,3,467.87,South
14421,2022-08-14,923,26,5,46.77,South
14422,2022-02-28,247,22,4,395.59,West
14423,2023-03-04,568,20,5,483.49,West
14424,2023-12-29,151,2,1,238.95,South
14425,2024-07-20,299,41,5,497.81,East
14426,2023-05-13,979,18,4,478.97,South
14427,2024-03-26,54,5,5,331.88,South
14428,2024-06-28,223,32,3,425.33,North
14429,2022-03-08,766,46,3,155.32,West
14430,2022-08-18,580,11,4,459.56,South
14431,2024-09-09,565,21,4,300.03,East
14432,2022-11-29,467,22,5,259.74,North
14433,2022-10-04,757,3,2,419.47,North
14434,2023-12-22,486,9,3,445.85,North
14435,2022-05-24,552,2,3,353.61,West
14436,2023-11-22,444,46,1,22.27,South
14437,2022-02-26,854,28,1,302.63,West
14438,2022-11-04,905,34,2,412.61,North
14439,2022-06-23,863,10,3,277.18,North
14440,2024-01-20,138,19,4,468.08,North
14441,2024-09-30,778,29,3,449.69,South
14442,2023-11-09,926,2,4,269.54,North
14443,2023-07-14,650,48,4,207.88,South
14444,2022-12-15,954,6,2,36.99,West
14445,2024-12-26,292,44,3,319.97,East
14446,2022-11-26,210,7,5,140.32,West
14447,2022-07-13,684,36,3,337.54,West
14448,2022-09-23,697,8,3,401.39,South
14449,2022-06-17,811,19,1,210.26,West
14450,2022-05-25,752,10,2,17.64,East
14451,2022-07-05,211,33,5,433.97,East
14452,2024-06-04,875,37,5,279.01,East
14453,2024-05-14,663,38,5,164.25,West
14454,2024-02-13,388,27,4,320.56,North
14455,2024-10-03,396,29,2,340.45,South
14456,2024-02-25,124,19,1,82.26,South
14457,2023-04-02,561,18,4,326.74,North
14458,2022-12-11,920,23,5,150.48,South
14459,2024-01-05,909,1,4,403.78,West
14460,2023-07-08,124,43,4,471.34,North
14461,2024-10-17,68,3,5,60.31,North
14462,2024-02-27,475,10,5,459.51,West
14463,2024-07-24,358,7,1,452.69,West
14464,2023-12-06,743,49,2,178.02,South
14465,2022-09-04,456,26,3,24.13,West
14466,2024-03-22,346,16,3,334.98,East
14467,2024-11-12,930,39,3,178.91,East
14468,2024-08-10,521,45,1,103.91,West
14469,2024-03-25,778,32,4,63.2,East
14470,2022-05-24,637,12,5,106.05,North
14471,2023-12-31,883,44,2,126.36,East
14472,2024-05-12,833,8,3,399.95,North
14473,2023-04-10,624,8,2,394.07,North
14474,2023-01-10,498,45,2,252.26,East
14475,2023-11-08,328,11,5,281.13,West
14476,2023-11-23,330,33,1,459.73,East
14477,2023-09-21,566,25,5,454.94,North
14478,2023-07-10,427,17,1,416.05,West
14479,2024-05-12,443,31,4,193.39,North
14480,2022-03-15,601,19,2,189.61,East
14481,2023-03-14,95,45,3,445.06,South
14482,2024-05-30,871,15,2,463.99,West
14483,2022-08-14,762,44,5,401.24,North
14484,2022-11-04,955,49,1,381.0,West
14485,2024-08-23,451,35,4,283.5,North
14486,2022-12-14,317,39,4,175.78,East
14487,2023-04-21,487,2,1,127.91,East
14488,2023-06-09,678,34,1,78.77,East
14489,2023-06-08,739,25,1,366.82,North
14490,2023-07-16,648,38,4,390.72,East
14491,2023-07-23,896,4,2,185.74,South
14492,2022-04-16,577,16,2,12.96,South
14493,2022-07-10,5,32,4,469.91,East
14494,2023-12-01,632,15,3,224.17,North
14495,2024-04-10,371,42,5,487.55,East
14496,2022-03-13,731,14,4,341.91,East
14497,2024-01-25,877,41,3,70.77,North
14498,2023-04-02,986,15,5,170.21,South
14499,2024-06-23,555,7,2,331.95,South
14500,2023-04-24,188,7,1,328.13,North
14501,2022-02-21,26,8,5,123.67,East
14502,2024-09-30,779,19,1,96.66,East
14503,2023-07-28,162,18,3,145.63,North
14504,2024-06-11,745,17,4,395.58,South
14505,2022-09-12,130,18,4,128.52,North
14506,2023-11-16,533,19,1,353.87,West
14507,2022-02-26,883,40,5,436.3,North
14508,2024-08-07,410,13,5,201.89,South
14509,2024-12-26,640,11,3,13.43,North
14510,2024-12-05,588,7,4,79.56,West
14511,2023-08-29,73,27,1,162.83,East
14512,2023-01-04,233,37,2,103.08,East
14513,2022-08-20,855,5,4,151.86,West
14514,2024-06-26,106,8,4,276.58,West
14515,2024-11-12,901,10,3,20.33,North
14516,2023-07-28,9,37,4,41.5,North
14517,2024-04-20,631,26,3,429.31,South
14518,2022-04-28,50,15,3,265.94,North
14519,2024-12-14,522,16,2,468.41,West
14520,2022-09-25,625,29,5,11.61,East
14521,2022-04-23,442,28,4,10.07,South
14522,2022-06-15,778,10,3,372.4,West
14523,2023-10-30,590,40,3,243.36,North
14524,2024-10-28,36,4,5,457.76,West
14525,2023-12-15,202,46,5,395.43,East
14526,2023-03-07,824,40,3,256.94,North
14527,2024-06-11,118,14,4,244.48,North
14528,2024-12-09,702,44,4,407.48,South
14529,2022-04-17,754,33,4,403.82,North
14530,2024-10-29,805,18,5,145.7,South
14531,2024-01-15,169,12,4,340.57,West
14532,2023-12-01,512,10,4,325.17,South
14533,2022-11-19,230,21,4,429.48,West
14534,2022-11-05,560,33,5,435.6,North
14535,2024-04-29,150,14,1,141.46,South
14536,2023-09-14,855,9,1,441.07,West
14537,2024-09-21,208,26,4,463.04,South
14538,2022-05-25,61,15,1,63.72,South
14539,2024-01-10,843,21,4,291.14,West
14540,2024-03-31,117,22,5,223.87,South
14541,2023-02-16,239,46,4,206.97,West
14542,2022-04-24,883,41,2,355.37,North
14543,2023-07-29,867,43,3,73.49,West
14544,2023-02-03,48,5,5,411.77,South
14545,2022-05-04,448,44,2,23.03,North
14546,2022-03-27,757,16,2,293.37,East
14547,2022-02-16,468,35,3,120.43,West
14548,2024-08-01,293,5,2,337.06,North
14549,2024-03-14,425,26,3,267.46,South
14550,2023-01-24,517,26,4,499.88,West
14551,2023-07-30,612,5,5,432.54,South
14552,2023-09-24,205,50,5,174.95,East
14553,2023-12-15,180,36,5,268.96,East
14554,2024-12-05,529,24,3,165.73,North
14555,2023-09-14,90,15,3,367.11,East
14556,2022-02-15,500,30,2,216.98,South
14557,2023-12-25,108,5,5,66.56,North
14558,2023-06-24,190,40,2,333.79,West
14559,2022-03-28,180,48,4,15.42,South
14560,2024-03-13,761,22,2,155.67,South
14561,2022-09-22,763,33,5,454.5,South
14562,2024-11-11,20,5,3,56.15,West
14563,2023-12-04,359,32,2,257.17,West
14564,2022-08-20,609,50,2,399.59,South
14565,2022-07-05,734,48,3,453.21,East
14566,2022-11-22,656,23,3,284.32,North
14567,2023-02-01,7,10,5,85.06,South
14568,2024-12-24,862,36,4,471.02,South
14569,2024-08-13,322,50,5,377.14,North
14570,2023-07-09,268,17,2,203.88,South
14571,2024-01-03,427,27,5,145.72,North
14572,2024-11-06,296,45,5,33.38,North
14573,2024-03-07,513,8,3,103.8,East
14574,2023-01-26,570,40,4,391.06,North
14575,2022-02-13,387,44,4,63.23,North
14576,2024-06-19,264,50,5,73.41,West
14577,2023-04-27,90,6,3,106.01,North
14578,2023-07-20,488,7,3,203.72,South
14579,2022-08-08,587,26,2,102.64,North
14580,2024-02-11,957,17,1,453.11,North
14581,2023-02-13,853,37,2,136.25,West
14582,2023-04-16,261,23,2,460.55,East
14583,2024-12-20,488,27,2,492.62,East
14584,2022-06-15,794,40,1,379.85,East
14585,2023-11-03,341,19,3,13.64,West
14586,2022-04-21,329,27,3,127.61,East
14587,2023-07-03,401,25,4,140.99,North
14588,2024-10-23,357,40,4,275.95,South
14589,2024-11-02,755,25,5,87.61,South
14590,2022-12-10,499,21,5,47.84,South
14591,2022-11-28,834,25,5,96.42,East
14592,2022-09-21,435,7,4,170.4,West
14593,2022-03-24,119,35,4,34.11,West
14594,2024-02-16,47,6,2,105.73,East
14595,2024-07-12,168,40,3,92.08,West
14596,2022-11-30,348,50,4,388.46,North
14597,2023-10-20,504,15,1,93.09,West
14598,2023-03-30,539,24,2,397.85,East
14599,2023-11-04,296,49,1,259.01,West
14600,2024-01-11,513,4,1,381.35,West
14601,2022-11-29,174,7,3,230.67,North
14602,2022-11-06,395,30,1,451.52,North
14603,2023-12-28,679,17,1,145.49,South
14604,2022-12-20,530,38,1,385.74,West
14605,2024-04-03,603,30,1,90.08,East
14606,2022-05-25,303,45,2,442.5,East
14607,2024-10-30,202,39,2,23.94,North
14608,2024-12-03,996,9,3,234.14,South
14609,2024-06-28,533,19,3,216.42,North
14610,2024-01-31,156,13,1,315.66,North
14611,2023-05-10,897,47,5,226.06,North
14612,2023-10-04,14,49,1,298.6,East
14613,2023-06-15,20,37,1,432.23,West
14614,2023-05-28,756,19,3,79.59,West
14615,2022-05-10,889,6,4,129.63,East
14616,2024-10-04,457,12,3,403.38,East
14617,2024-01-04,173,15,2,121.75,South
14618,2024-08-04,445,47,3,453.77,East
14619,2024-09-28,923,3,4,275.0,South
14620,2023-04-09,122,4,1,50.11,West
14621,2022-05-21,497,37,4,20.12,West
14622,2024-05-31,184,38,3,383.82,South
14623,2023-04-01,820,6,5,429.61,East
14624,2023-03-10,580,49,2,127.53,East
14625,2022-06-22,805,28,4,127.98,South
14626,2023-04-18,850,8,3,477.51,East
14627,2024-10-16,671,31,1,331.53,North
14628,2024-07-05,49,21,3,92.13,South
14629,2023-03-15,181,45,1,229.81,East
14630,2024-10-12,807,29,5,456.11,South
14631,2024-12-16,394,15,2,314.38,South
14632,2023-05-13,393,49,4,209.66,East
14633,2022-06-18,348,24,3,84.01,East
14634,2024-09-15,476,21,3,365.74,South
14635,2023-07-15,141,49,4,145.42,East
14636,2023-03-04,530,23,1,287.3,East
14637,2023-02-23,652,31,2,304.07,South
14638,2023-03-31,584,34,5,282.17,North
14639,2023-12-15,471,28,4,130.78,West
14640,2022-07-21,754,32,2,357.05,East
14641,2022-06-28,773,22,3,287.36,West
14642,2022-02-26,263,3,2,207.8,North
14643,2024-08-03,143,9,5,35.54,North
14644,2023-05-16,707,6,2,172.32,North
14645,2024-01-09,146,1,3,182.7,North
14646,2022-04-22,294,22,5,397.67,West
14647,2023-12-16,538,4,5,261.59,East
14648,2024-05-26,509,45,5,466.74,West
14649,2024-12-15,422,8,3,377.86,North
14650,2024-03-23,571,37,1,273.62,South
14651,2024-08-21,564,42,3,92.75,East
14652,2024-12-13,417,19,1,118.31,West
14653,2022-02-06,661,44,1,88.44,West
14654,2024-10-09,913,1,3,227.0,East
14655,2024-05-12,107,41,2,364.04,West
14656,2024-01-02,318,24,3,382.07,West
14657,2024-03-20,59,48,5,57.11,West
14658,2024-10-21,258,17,2,253.0,North
14659,2022-01-23,960,32,4,245.91,East
14660,2024-03-06,793,50,4,225.05,West
14661,2023-05-11,425,14,4,157.6,North
14662,2024-06-18,531,17,5,243.15,North
14663,2023-03-01,166,32,5,263.14,East
14664,2023-12-01,25,33,1,303.85,South
14665,2022-01-18,935,30,5,194.91,East
14666,2023-09-19,4,47,1,473.1,East
14667,2024-11-28,3,34,4,176.03,East
14668,2022-07-30,418,28,3,448.57,South
14669,2023-07-19,362,24,3,402.61,East
14670,2024-08-29,906,14,5,237.98,East
14671,2022-05-13,369,34,4,253.19,West
14672,2023-03-25,539,47,4,436.23,East
14673,2022-09-21,880,1,1,251.44,East
14674,2022-04-21,346,22,1,342.9,East
14675,2024-04-29,731,33,4,406.56,West
14676,2024-06-19,897,44,5,454.86,South
14677,2024-01-29,44,47,5,116.9,East
14678,2024-05-10,724,18,4,487.93,West
14679,2024-06-15,564,47,3,483.01,East
14680,2024-05-11,153,39,3,155.7,North
14681,2022-07-12,202,12,1,310.73,West
14682,2023-05-30,321,10,4,32.99,East
14683,2024-02-29,464,2,3,92.24,North
14684,2024-08-25,11,2,5,296.07,East
14685,2022-03-25,580,6,2,328.55,East
14686,2024-03-08,227,20,2,271.96,East
14687,2022-03-21,633,38,4,355.31,West
14688,2023-06-06,333,28,1,398.52,West
14689,2022-08-22,469,42,2,92.54,West
14690,2022-09-01,15,3,5,333.21,North
14691,2024-04-28,57,48,5,285.67,South
14692,2023-01-28,330,37,5,67.62,South
14693,2022-01-09,64,37,2,122.02,West
14694,2023-09-05,230,42,3,215.64,South
14695,2024-03-17,11,25,5,433.24,East
14696,2023-12-16,633,23,1,116.34,South
14697,2022-04-20,224,13,4,99.63,South
14698,2024-04-13,737,24,4,363.27,North
14699,2022-09-23,637,3,4,488.14,South
14700,2024-09-02,660,50,3,229.19,West
14701,2024-08-12,740,38,4,181.57,East
14702,2024-06-25,542,28,4,134.43,East
14703,2023-11-03,506,26,2,34.37,West
14704,2022-06-25,522,20,3,97.42,West
14705,2023-06-09,54,27,3,55.77,East
14706,2024-12-26,698,1,2,252.11,North
14707,2024-08-09,719,10,1,489.32,West
14708,2024-11-24,767,10,4,395.83,East
14709,2023-05-20,157,1,1,304.83,North
14710,2024-04-28,641,32,2,248.45,East
14711,2024-08-20,570,32,2,312.42,East
14712,2023-04-17,405,43,2,194.25,North
14713,2023-06-07,399,27,2,97.41,West
14714,2024-05-29,707,13,5,298.99,West
14715,2022-10-01,929,17,2,268.77,South
14716,2022-02-23,934,28,1,472.82,West
14717,2024-12-14,403,25,2,328.42,West
14718,2024-06-06,900,50,1,388.98,North
14719,2024-01-15,588,36,2,55.42,North
14720,2022-10-04,89,47,2,382.86,East
14721,2024-06-01,866,2,5,491.6,North
14722,2023-09-24,593,32,2,332.17,North
14723,2023-07-24,186,32,4,373.62,East
14724,2022-06-25,838,6,5,489.97,East
14725,2023-07-20,780,31,5,201.72,South
14726,2024-02-10,895,9,4,413.85,North
14727,2022-09-19,79,43,5,205.85,South
14728,2023-06-15,145,16,2,218.7,South
14729,2024-06-09,641,25,4,332.54,South
14730,2024-08-05,14,40,2,135.65,West
14731,2023-08-08,631,28,5,496.46,East
14732,2024-03-25,2,17,3,171.32,North
14733,2022-10-29,516,31,4,70.2,South
14734,2023-09-20,756,23,1,168.05,East
14735,2023-07-27,66,31,5,429.42,East
14736,2023-06-13,246,26,3,163.82,West
14737,2022-02-03,602,4,5,309.56,North
14738,2023-06-16,430,39,2,468.31,South
14739,2023-01-06,690,43,2,137.38,West
14740,2023-02-13,572,43,2,74.37,East
14741,2023-09-09,232,43,3,57.46,South
14742,2022-03-12,436,15,2,225.78,North
14743,2022-03-25,353,37,5,61.1,West
14744,2022-07-28,688,38,5,232.37,South
14745,2022-09-16,679,23,5,432.73,East
14746,2024-07-20,383,5,4,390.97,South
14747,2022-10-09,710,41,5,295.03,West
14748,2023-01-29,60,43,2,426.71,East
14749,2023-02-22,926,25,4,59.13,South
14750,2024-05-08,470,30,4,308.61,North
14751,2023-09-18,411,26,4,66.66,West
14752,2023-07-16,83,3,4,246.25,West
14753,2024-04-11,74,4,3,237.1,West
14754,2024-07-29,311,47,5,139.93,West
14755,2022-03-03,454,18,3,416.63,North
14756,2024-01-04,26,37,1,121.83,East
14757,2024-02-21,426,11,3,280.43,North
14758,2023-06-23,377,11,4,246.31,North
14759,2023-08-20,243,36,5,221.51,South
14760,2022-01-09,835,16,5,26.44,South
14761,2022-10-03,628,43,2,351.4,South
14762,2022-08-15,323,25,3,16.22,South
14763,2022-07-05,180,1,5,412.07,South
14764,2023-08-14,774,26,1,140.53,North
14765,2023-03-09,626,45,1,68.8,West
14766,2023-07-23,266,30,3,214.35,North
14767,2023-10-18,550,6,2,284.09,East
14768,2022-12-22,380,27,1,162.08,South
14769,2024-04-22,77,19,2,69.67,East
14770,2023-01-27,614,38,3,18.98,West
14771,2023-08-02,524,45,5,354.87,South
14772,2023-02-24,814,43,2,444.35,West
14773,2022-06-13,49,19,1,59.26,South
14774,2024-02-18,254,39,2,123.01,North
14775,2023-09-30,859,44,5,19.91,West
14776,2022-01-17,380,32,5,443.68,South
14777,2023-03-22,249,48,1,227.92,South
14778,2022-06-19,72,1,2,463.35,North
14779,2022-12-06,447,25,2,239.37,South
14780,2023-12-27,506,47,4,432.47,West
14781,2024-10-31,709,13,1,476.36,North
14782,2022-05-13,253,10,2,174.22,South
14783,2024-06-19,996,18,3,323.95,West
14784,2023-10-02,870,36,4,336.55,West
14785,2024-04-02,299,22,1,20.49,North
14786,2024-08-11,734,6,5,224.73,West
14787,2022-03-20,60,27,1,429.11,East
14788,2022-12-12,357,8,3,473.68,South
14789,2023-09-01,157,24,3,450.62,East
14790,2023-10-01,342,20,5,486.72,West
14791,2024-11-13,974,22,5,329.99,South
14792,2022-05-11,894,9,5,124.07,South
14793,2022-12-22,202,40,4,291.94,East
14794,2024-08-01,779,50,3,216.36,East
14795,2022-05-30,35,39,5,136.74,North
14796,2022-02-19,767,19,3,388.67,South
14797,2023-04-09,535,50,4,318.31,East
14798,2023-03-31,456,1,4,397.15,South
14799,2022-12-01,917,11,3,142.05,North
14800,2023-10-30,165,41,5,452.9,East
14801,2022-11-23,28,42,1,126.97,West
14802,2024-10-12,372,10,2,304.94,North
14803,2022-12-02,863,1,3,37.88,South
14804,2023-10-28,314,27,4,275.07,West
14805,2024-09-21,565,17,5,58.37,West
14806,2022-03-22,284,44,2,172.79,North
14807,2022-03-28,298,44,3,431.74,North
14808,2022-09-15,475,17,1,447.83,North
14809,2024-09-17,1000,39,1,385.98,North
14810,2022-07-04,597,43,4,190.17,South
14811,2023-11-29,969,2,4,293.57,North
14812,2022-05-03,349,48,4,119.75,West
14813,2023-08-28,636,23,3,342.39,West
14814,2023-05-30,445,41,1,180.23,North
14815,2024-06-22,207,10,1,118.29,North
14816,2022-11-01,417,42,4,296.64,North
14817,2023-10-19,439,30,4,64.78,North
14818,2022-09-19,165,35,5,346.48,West
14819,2023-05-06,559,25,1,101.63,North
14820,2024-01-08,420,17,4,281.19,South
14821,2024-11-20,371,46,4,202.33,North
14822,2023-12-03,668,19,4,287.46,South
14823,2024-06-05,266,18,5,130.52,North
14824,2022-01-12,279,18,1,162.09,South
14825,2022-04-01,988,46,1,78.76,East
14826,2023-08-23,482,35,1,390.71,South
14827,2022-10-28,517,10,5,44.35,West
14828,2022-03-21,82,23,3,194.45,East
14829,2024-04-15,119,45,5,230.06,East
14830,2023-10-14,774,22,2,105.65,South
14831,2023-03-09,637,44,5,198.56,East
14832,2023-02-21,938,9,2,214.86,East
14833,2022-01-18,303,32,4,119.92,West
14834,2024-12-13,215,26,2,323.24,West
14835,2024-01-16,28,29,5,25.12,West
14836,2022-08-28,781,42,3,106.81,East
14837,2024-04-25,498,19,1,315.8,North
14838,2023-02-22,537,48,5,317.49,West
14839,2024-05-05,519,29,1,139.98,North
14840,2023-08-22,194,35,2,344.69,West
14841,2023-02-24,592,12,4,240.2,South
14842,2022-08-04,442,8,4,268.35,South
14843,2023-12-10,834,25,5,172.98,North
14844,2023-07-05,36,27,2,492.29,West
14845,2024-08-23,258,47,2,371.32,South
14846,2024-04-12,113,43,1,131.73,West
14847,2023-11-11,294,45,2,125.92,South
14848,2023-05-02,714,6,3,389.35,West
14849,2023-09-15,14,13,4,200.13,West
14850,2022-08-07,667,11,3,54.84,North
14851,2023-12-22,911,38,3,27.44,North
14852,2023-01-16,597,6,1,212.84,West
14853,2022-03-28,140,5,2,213.21,North
14854,2024-03-25,371,7,1,356.36,North
14855,2023-02-15,427,19,4,291.64,East
14856,2023-11-22,97,43,1,387.36,North
14857,2024-10-09,697,6,3,165.7,North
14858,2023-06-09,488,25,1,315.88,North
14859,2023-03-23,342,9,2,443.99,North
14860,2022-10-27,870,20,1,43.95,North
14861,2023-02-12,492,25,2,357.14,East
14862,2023-01-10,500,50,3,360.78,West
14863,2022-08-21,432,8,2,399.07,North
14864,2023-09-30,189,50,2,141.83,East
14865,2023-10-12,82,37,2,214.1,East
14866,2024-08-18,812,38,2,127.46,West
14867,2024-12-08,180,2,4,161.21,East
14868,2022-07-05,958,22,5,484.57,West
14869,2022-03-19,898,36,4,228.37,West
14870,2022-07-13,861,4,1,425.79,South
14871,2022-10-14,967,48,4,399.49,West
14872,2022-09-07,415,1,4,227.82,West
14873,2023-06-20,105,48,2,496.17,West
14874,2022-10-27,381,33,1,421.98,West
14875,2024-03-19,722,24,1,246.52,East
14876,2023-04-03,329,49,3,161.76,North
14877,2023-11-22,249,5,2,46.89,North
14878,2023-12-19,72,48,4,237.75,South
14879,2022-02-09,673,35,3,186.4,North
14880,2022-04-18,133,42,3,358.57,East
14881,2022-09-18,240,50,4,19.64,East
14882,2023-06-10,78,50,1,417.41,East
14883,2023-12-11,570,26,2,214.15,West
14884,2022-05-06,461,49,2,240.17,East
14885,2024-12-21,125,43,4,99.57,South
14886,2022-02-23,11,41,2,469.37,East
14887,2022-12-12,468,43,5,205.21,West
14888,2022-05-16,407,26,3,422.94,North
14889,2022-11-26,941,41,3,126.35,West
14890,2022-05-16,27,49,5,57.36,West
14891,2024-03-23,207,5,2,321.52,North
14892,2024-05-01,222,44,1,492.36,East
14893,2024-05-20,312,18,5,327.0,South
14894,2024-06-10,382,25,5,308.27,South
14895,2023-09-27,762,48,3,226.69,East
14896,2023-10-31,315,41,1,149.06,East
14897,2024-11-06,208,40,1,221.11,East
14898,2022-09-26,621,38,2,82.99,North
14899,2024-05-10,296,49,1,138.33,North
14900,2023-04-27,402,46,2,248.82,South
14901,2022-10-12,435,21,4,80.95,West
14902,2024-11-26,573,24,5,397.85,North
14903,2022-04-13,122,28,5,15.67,South
14904,2024-03-02,751,46,2,167.58,South
14905,2022-08-27,106,4,2,263.16,South
14906,2024-01-11,791,8,2,465.18,North
14907,2023-10-07,36,49,5,290.99,North
14908,2024-05-31,550,33,2,154.5,South
14909,2023-08-30,72,3,5,182.57,West
14910,2022-07-07,568,49,5,176.19,South
14911,2024-06-06,167,20,3,98.38,West
14912,2024-09-13,221,35,3,80.98,East
14913,2024-07-12,76,39,4,245.51,South
14914,2024-03-04,722,43,4,142.43,South
14915,2023-06-14,211,47,1,55.0,East
14916,2023-11-07,228,7,2,116.07,South
14917,2023-01-27,737,27,5,265.16,North
14918,2023-11-03,453,5,1,135.88,North
14919,2024-05-10,766,49,3,126.49,South
14920,2023-04-11,487,37,5,314.12,East
14921,2024-04-18,668,1,1,347.81,East
14922,2024-09-14,474,22,3,128.21,North
14923,2024-12-09,875,7,4,241.35,North
14924,2022-01-04,661,49,2,384.64,East
14925,2024-05-01,830,8,2,348.05,West
14926,2023-06-19,791,44,1,43.95,West
14927,2024-06-21,917,30,3,186.43,South
14928,2024-12-20,971,28,1,364.41,South
14929,2023-10-08,490,26,3,97.92,West
14930,2022-01-24,376,34,3,106.0,West
14931,2023-07-11,231,49,2,318.78,South
14932,2023-11-22,912,32,4,149.04,South
14933,2022-12-22,702,22,4,168.64,West
14934,2024-05-19,225,20,5,266.18,East
14935,2024-07-29,475,14,3,377.78,East
14936,2023-07-29,577,23,2,254.16,East
14937,2022-01-29,620,3,3,447.78,South
14938,2022-12-23,80,19,5,62.25,South
14939,2022-12-31,645,14,2,379.53,West
14940,2023-08-31,686,40,3,276.38,West
14941,2023-02-13,576,39,4,410.18,North
14942,2023-07-21,210,37,4,165.04,East
14943,2022-08-07,297,35,5,246.23,East
14944,2022-06-22,610,1,4,413.56,South
14945,2023-08-31,172,19,3,417.57,South
14946,2024-11-01,89,15,5,194.24,South
14947,2024-05-07,874,25,1,412.88,South
14948,2023-10-19,226,1,5,344.38,East
14949,2024-08-26,143,31,4,210.62,West
14950,2023-03-17,708,37,2,485.16,South
14951,2023-09-09,691,43,5,25.14,North
14952,2022-08-14,54,46,3,197.5,South
14953,2023-01-06,196,22,5,160.41,North
14954,2022-01-28,729,50,4,468.52,West
14955,2024-10-04,489,20,5,58.73,North
14956,2024-09-21,845,41,3,317.73,West
14957,2022-01-16,298,47,3,361.15,South
14958,2022-11-29,430,43,4,100.25,South
14959,2023-04-28,537,5,3,83.47,North
14960,2023-07-20,579,15,4,33.44,West
14961,2022-04-24,675,2,5,87.85,South
14962,2022-02-07,500,12,5,406.03,North
14963,2023-03-30,624,7,1,472.54,North
14964,2024-01-12,841,2,4,451.7,West
14965,2022-06-15,206,8,2,189.0,South
14966,2023-11-25,918,9,4,365.68,West
14967,2022-07-24,880,27,5,415.25,North
14968,2024-05-27,137,28,5,408.12,North
14969,2022-09-02,408,37,3,40.72,North
14970,2024-07-31,279,15,1,115.27,West
14971,2024-03-31,445,19,2,470.08,West
14972,2023-05-22,677,30,1,372.55,East
14973,2024-07-12,941,13,4,418.83,South
14974,2023-02-14,271,45,4,261.92,South
14975,2022-11-06,441,6,5,202.6,East
14976,2022-03-09,228,30,3,329.1,North
14977,2022-04-24,127,1,2,241.7,East
14978,2022-08-08,270,42,3,193.14,West
14979,2022-08-08,820,38,2,180.46,North
14980,2023-12-31,760,25,1,87.37,South
14981,2024-01-19,852,35,5,269.41,South
14982,2024-07-31,487,26,3,264.72,South
14983,2023-01-21,548,13,4,299.48,West
14984,2024-07-18,155,19,5,66.95,North
14985,2023-02-09,657,10,2,458.31,East
14986,2023-05-07,986,45,5,373.61,West
14987,2022-12-23,937,7,4,74.17,West
14988,2022-08-03,772,15,4,48.88,East
14989,2024-01-22,899,23,2,325.03,East
14990,2024-04-06,19,36,5,177.34,North
14991,2023-06-12,425,43,3,166.33,South
14992,2024-07-04,936,31,5,421.6,South
14993,2023-10-28,58,8,4,179.12,West
14994,2023-12-11,423,30,2,319.77,South
14995,2023-06-19,775,34,1,273.17,South
14996,2023-07-08,548,33,1,138.85,East
14997,2022-11-24,723,1,5,172.5,South
14998,2024-06-20,844,16,4,472.16,South
14999,2022-05-30,660,50,5,172.37,South
15000,2024-11-21,102,11,2,394.16,South
15001,2023-10-19,76,27,3,432.02,North
15002,2024-03-16,925,22,1,44.81,West
15003,2022-10-20,990,40,5,334.92,North
15004,2024-07-07,980,19,4,377.14,East
15005,2023-11-20,580,44,1,222.67,South
15006,2024-08-14,66,6,1,288.97,North
15007,2024-12-20,815,48,3,89.28,East
15008,2023-02-20,734,40,5,166.06,North
15009,2023-08-21,151,39,3,356.76,West
15010,2022-01-07,902,20,4,305.26,East
15011,2024-07-06,786,3,4,76.83,West
15012,2022-03-26,437,1,5,494.14,East
15013,2024-02-13,790,23,1,469.52,South
15014,2024-08-14,997,38,2,119.82,East
15015,2024-12-06,68,3,3,438.81,South
15016,2023-08-29,235,34,1,140.91,South
15017,2023-03-02,715,17,4,286.23,South
15018,2023-03-02,745,48,4,393.2,East
15019,2024-01-06,675,27,1,178.6,West
15020,2024-03-01,971,39,1,282.02,East
15021,2023-05-30,98,23,4,230.67,East
15022,2024-01-11,9,38,3,382.5,South
15023,2022-05-11,927,11,3,244.55,East
15024,2022-11-19,504,15,1,287.79,North
15025,2024-04-02,761,26,5,424.32,South
15026,2023-06-27,490,11,4,352.34,West
15027,2022-03-07,992,7,2,268.48,North
15028,2023-12-19,427,47,4,236.03,East
15029,2022-01-31,227,48,3,72.12,West
15030,2024-06-03,753,8,3,37.62,North
15031,2022-07-10,587,5,2,476.86,West
15032,2023-02-19,17,17,3,101.4,North
15033,2024-01-17,563,23,2,145.67,North
15034,2024-12-05,228,2,3,309.36,West
15035,2023-01-10,706,27,2,415.68,West
15036,2023-07-12,792,21,5,418.24,South
15037,2023-08-01,238,7,4,416.53,East
15038,2022-02-01,381,38,3,489.26,South
15039,2022-02-27,783,26,1,37.29,West
15040,2022-11-08,924,30,2,205.93,West
15041,2024-12-26,387,12,2,457.66,East
15042,2023-11-21,669,48,2,239.0,West
15043,2022-08-23,254,11,3,436.94,South
15044,2023-10-05,308,17,4,18.65,North
15045,2024-12-13,822,10,1,257.14,North
15046,2024-03-12,314,48,2,462.0,South
15047,2022-08-27,301,16,2,138.03,North
15048,2022-04-22,118,15,2,465.53,North
15049,2023-04-21,845,15,2,14.15,East
15050,2022-10-31,50,20,1,48.67,West
15051,2022-10-17,790,4,2,243.64,East
15052,2022-07-27,564,32,1,62.13,South
15053,2024-05-17,181,22,1,120.54,East
15054,2023-08-05,543,35,2,155.79,South
15055,2023-01-05,327,14,5,245.93,South
15056,2022-08-08,503,30,1,201.35,East
15057,2024-03-12,496,31,5,461.85,South
15058,2024-03-29,944,10,1,444.15,North
15059,2022-12-15,246,6,3,376.55,North
15060,2022-09-12,602,27,2,333.06,North
15061,2023-03-28,543,11,3,110.13,South
15062,2022-05-22,102,36,1,304.89,East
15063,2024-12-28,230,10,3,82.06,South
15064,2022-03-30,388,16,2,231.83,North
15065,2024-05-20,931,24,2,236.15,West
15066,2023-06-07,609,21,1,347.96,North
15067,2023-10-22,579,40,1,419.21,North
15068,2024-08-08,704,41,5,167.05,East
15069,2024-06-28,211,36,4,30.18,North
15070,2023-03-18,649,49,3,33.02,South
15071,2022-02-07,430,42,5,438.66,North
15072,2022-07-29,339,45,3,248.3,West
15073,2023-05-28,184,23,2,131.53,East
15074,2024-10-21,56,21,1,25.82,South
15075,2024-09-07,979,32,3,269.09,North
15076,2023-01-16,762,17,4,77.18,East
15077,2024-04-07,282,17,2,214.34,East
15078,2024-05-08,572,21,2,262.88,West
15079,2023-01-29,128,4,5,122.31,North
15080,2024-12-09,717,23,4,107.43,East
15081,2023-01-31,726,25,2,19.71,North
15082,2022-02-01,639,32,4,296.91,South
15083,2023-06-29,508,6,1,108.22,South
15084,2023-12-13,584,14,4,440.33,East
15085,2024-11-15,216,41,5,305.85,South
15086,2024-12-20,90,38,5,282.64,West
15087,2023-07-07,944,42,3,257.3,North
15088,2022-07-17,314,38,1,115.5,South
15089,2024-03-09,233,41,1,485.01,South
15090,2023-11-25,745,45,4,483.85,North
15091,2022-05-27,575,16,5,167.42,West
15092,2023-05-13,888,32,5,390.35,North
15093,2022-02-17,247,16,5,68.43,East
15094,2024-02-09,442,19,1,392.46,North
15095,2023-10-13,899,37,5,150.3,West
15096,2023-09-05,135,43,3,151.68,North
15097,2023-11-30,948,21,2,258.54,West
15098,2023-01-11,882,15,5,202.24,West
15099,2024-03-16,958,26,3,67.74,South
15100,2024-07-09,2,30,3,300.61,North
15101,2024-05-24,161,40,2,114.78,West
15102,2024-03-20,140,15,1,227.8,North
15103,2024-06-23,304,43,5,123.2,South
15104,2024-10-02,460,13,3,430.22,East
15105,2022-02-02,821,27,3,175.63,North
15106,2022-03-10,714,23,2,444.87,West
15107,2023-08-15,125,34,3,169.79,West
15108,2022-04-11,937,34,5,97.95,South
15109,2024-07-02,885,23,1,292.55,East
15110,2024-01-03,347,44,3,282.02,West
15111,2023-01-25,594,20,1,313.27,East
15112,2022-06-09,954,9,3,158.05,West
15113,2024-06-10,324,20,3,166.78,West
15114,2024-12-06,1000,47,5,126.34,East
15115,2023-11-27,407,39,1,464.92,West
15116,2024-01-28,469,14,4,344.65,East
15117,2023-06-07,164,49,5,380.57,South
15118,2024-01-02,862,26,1,105.14,East
15119,2022-06-04,240,27,1,334.17,South
15120,2022-12-05,213,34,1,383.71,East
15121,2024-03-05,983,29,4,177.8,South
15122,2024-06-17,149,32,5,87.27,East
15123,2022-04-13,584,41,4,351.53,South
15124,2024-03-22,103,45,3,309.46,North
15125,2022-04-03,183,5,2,292.05,West
15126,2024-09-01,505,4,4,99.46,North
15127,2022-04-29,696,23,3,138.62,South
15128,2022-01-29,525,21,4,316.19,East
15129,2024-10-09,380,33,1,310.66,North
15130,2024-11-19,744,41,2,281.81,North
15131,2024-05-21,662,24,2,386.39,South
15132,2024-03-10,775,16,3,409.18,South
15133,2023-04-20,24,32,4,145.49,South
15134,2023-07-17,701,19,4,87.23,South
15135,2023-03-11,133,26,4,108.57,South
15136,2024-03-14,50,3,3,147.84,North
15137,2022-02-24,958,35,4,474.4,South
15138,2024-07-19,695,39,2,77.21,East
15139,2024-01-22,26,18,2,440.59,South
15140,2022-11-08,650,7,5,109.65,West
15141,2024-08-14,11,32,4,180.74,West
15142,2022-11-14,808,24,4,71.68,West
15143,2024-01-27,102,16,2,60.65,East
15144,2023-04-10,11,24,2,56.62,North
15145,2023-12-01,112,4,1,177.95,West
15146,2024-12-16,606,45,1,266.61,North
15147,2024-01-05,772,32,5,108.4,West
15148,2024-12-29,770,42,2,467.01,South
15149,2024-01-09,973,34,5,297.35,North
15150,2024-02-07,167,19,4,443.68,North
15151,2024-01-14,721,14,4,82.92,East
15152,2022-10-03,407,38,2,80.31,North
15153,2022-08-21,45,13,3,424.91,South
15154,2022-02-23,842,22,5,288.31,North
15155,2022-09-14,717,31,3,469.91,West
15156,2022-03-31,938,44,4,81.98,North
15157,2023-02-12,359,44,5,22.75,East
15158,2023-01-01,554,30,4,459.11,East
15159,2022-12-17,285,23,1,352.43,West
15160,2023-05-02,400,12,2,405.51,South
15161,2024-04-21,451,43,1,155.05,North
15162,2024-09-10,612,14,5,11.5,North
15163,2023-09-13,444,36,1,246.61,East
15164,2024-07-18,388,45,5,495.1,North
15165,2023-02-05,356,8,3,454.69,West
15166,2023-07-24,784,24,2,45.29,West
15167,2024-09-01,425,3,3,102.01,East
15168,2023-01-27,6,14,4,162.5,West
15169,2022-12-18,554,50,2,416.9,West
15170,2024-03-16,896,11,1,414.11,West
15171,2023-07-30,441,45,5,100.65,South
15172,2024-02-16,924,38,2,271.21,East
15173,2023-09-25,356,28,4,255.88,West
15174,2023-06-07,919,23,3,213.0,West
15175,2023-12-27,765,18,4,272.6,West
15176,2022-06-11,588,20,1,153.47,West
15177,2023-10-21,554,33,5,270.46,South
15178,2024-04-29,863,2,5,345.95,North
15179,2022-03-23,268,39,1,40.63,North
15180,2023-06-08,892,37,5,483.98,East
15181,2022-01-04,992,26,2,91.0,South
15182,2023-05-10,217,2,2,186.55,East
15183,2024-12-10,64,3,1,240.61,North
15184,2023-07-22,442,20,1,30.08,East
15185,2024-05-27,691,10,4,278.7,North
15186,2024-12-27,541,42,5,436.29,East
15187,2024-10-08,275,21,3,451.5,South
15188,2024-10-11,470,40,1,169.83,South
15189,2024-05-13,216,9,4,283.81,West
15190,2024-02-18,865,2,1,390.63,South
15191,2024-10-01,996,28,1,133.89,East
15192,2022-11-10,813,3,2,268.95,North
15193,2023-12-31,1000,16,5,189.69,East
15194,2023-01-19,566,4,1,195.31,North
15195,2022-10-04,878,23,5,56.13,West
15196,2024-12-31,592,30,4,209.38,West
15197,2023-11-29,194,38,1,88.83,South
15198,2024-10-26,712,13,3,157.62,West
15199,2024-01-21,13,6,2,171.84,West
15200,2024-09-09,222,10,3,220.99,South
15201,2023-09-16,705,17,2,459.29,East
15202,2022-08-16,396,8,1,319.19,North
15203,2022-01-17,881,9,1,487.49,North
15204,2022-01-12,839,34,5,299.42,North
15205,2023-11-23,752,17,2,404.69,East
15206,2022-03-11,270,43,4,418.73,West
15207,2022-04-18,298,50,3,372.11,North
15208,2022-07-20,611,22,4,338.26,West
15209,2024-12-11,732,3,2,214.78,West
15210,2023-09-21,844,41,4,287.97,West
15211,2024-06-24,616,40,2,104.92,West
15212,2022-10-30,432,29,5,312.94,East
15213,2024-07-25,889,39,5,262.01,South
15214,2023-07-30,408,27,4,404.12,South
15215,2023-07-09,65,39,4,452.25,South
15216,2022-05-05,657,40,2,75.07,West
15217,2024-05-08,38,37,5,348.54,West
15218,2024-01-15,28,3,4,475.52,South
15219,2023-04-25,289,19,2,459.76,West
15220,2022-05-12,920,34,2,418.87,West
15221,2024-10-22,879,14,4,33.69,East
15222,2022-04-25,237,21,3,133.72,East
15223,2023-04-26,126,2,1,82.66,East
15224,2024-09-07,384,10,2,464.2,South
15225,2024-10-21,326,42,5,376.96,South
15226,2022-11-27,85,17,1,270.57,North
15227,2024-07-30,749,2,2,489.91,East
15228,2024-08-12,246,27,3,105.41,North
15229,2024-02-07,388,1,1,324.37,South
15230,2023-01-26,929,50,5,308.6,North
15231,2024-04-13,887,36,1,176.82,West
15232,2022-05-23,266,33,4,247.84,West
15233,2022-11-24,761,22,2,125.34,South
15234,2023-09-20,804,49,4,341.79,West
15235,2023-01-12,205,35,3,214.94,West
15236,2022-03-31,228,34,1,21.54,North
15237,2024-03-18,240,18,4,475.88,West
15238,2024-10-17,73,36,3,255.7,East
15239,2024-12-01,671,3,4,355.76,South
15240,2024-11-24,388,44,5,106.5,East
15241,2024-10-08,378,16,4,72.34,East
15242,2023-07-07,212,11,2,452.19,North
15243,2022-05-04,648,10,4,299.56,West
15244,2022-02-26,795,42,4,251.74,South
15245,2024-03-16,676,21,4,265.36,North
15246,2022-08-23,649,25,4,125.74,West
15247,2023-08-31,171,35,4,457.22,East
15248,2023-01-27,152,6,1,114.98,South
15249,2024-08-27,677,46,1,87.42,North
15250,2022-02-21,809,44,5,465.72,East
15251,2023-05-04,104,8,1,136.21,East
15252,2022-01-05,222,34,3,432.62,North
15253,2023-09-24,282,41,2,388.53,East
15254,2022-08-05,388,46,4,197.15,West
15255,2023-06-20,372,1,4,134.46,East
15256,2024-01-08,129,3,4,381.9,North
15257,2023-12-31,404,38,5,302.82,West
15258,2024-11-15,220,27,5,134.48,North
15259,2022-01-03,173,13,3,446.53,West
15260,2024-10-22,472,43,4,363.28,East
15261,2024-10-22,860,47,5,455.55,North
15262,2022-05-30,988,50,4,224.36,East
15263,2022-01-04,453,19,1,72.82,West
15264,2023-04-13,608,19,4,462.8,South
15265,2022-03-11,502,6,3,304.7,West
15266,2022-07-20,52,47,3,306.97,East
15267,2022-11-04,94,14,5,296.29,North
15268,2024-07-10,576,5,4,241.47,West
15269,2022-10-19,21,43,3,134.97,North
15270,2024-07-12,106,45,1,310.38,East
15271,2024-06-01,848,45,5,362.12,East
15272,2023-08-09,200,36,1,459.11,East
15273,2023-05-24,844,9,3,45.35,West
15274,2022-01-05,352,23,5,134.81,South
15275,2022-10-20,281,32,4,390.58,North
15276,2022-12-26,963,29,2,389.82,South
15277,2022-08-02,282,45,4,113.9,North
15278,2024-11-04,612,28,4,100.51,South
15279,2023-07-17,849,40,1,189.9,West
15280,2024-02-04,539,11,4,40.83,West
15281,2022-02-14,245,19,2,367.88,East
15282,2023-12-04,948,1,5,338.21,South
15283,2023-09-26,575,9,5,430.78,West
15284,2023-10-23,854,2,2,220.72,East
15285,2023-12-22,886,4,1,322.0,North
15286,2023-08-17,429,29,2,477.44,East
15287,2022-09-03,954,4,5,479.81,North
15288,2024-05-06,38,1,2,44.83,North
15289,2023-07-06,419,28,1,10.92,East
15290,2022-02-12,302,18,4,480.39,West
15291,2024-04-20,639,46,4,272.31,North
15292,2022-06-28,71,13,5,353.2,North
15293,2023-06-19,899,40,1,457.17,North
15294,2023-08-30,646,6,4,222.25,South
15295,2023-11-03,765,49,4,225.92,South
15296,2024-07-15,525,43,4,91.82,North
15297,2022-01-17,174,47,3,453.86,South
15298,2024-04-05,975,39,4,327.36,South
15299,2023-07-01,90,22,3,98.33,West
15300,2024-11-19,368,30,2,284.3,East
15301,2023-03-13,801,27,5,170.8,East
15302,2022-06-28,207,8,5,82.12,West
15303,2023-09-08,62,43,3,99.12,North
15304,2023-11-08,319,28,1,284.04,East
15305,2023-09-26,824,2,3,286.55,North
15306,2024-03-12,551,20,4,397.07,North
15307,2022-11-08,60,11,1,131.51,West
15308,2022-01-25,105,14,5,458.76,East
15309,2023-01-06,239,24,2,264.12,West
15310,2023-06-09,462,13,2,110.04,East
15311,2022-08-18,127,8,3,212.51,West
15312,2023-01-13,83,44,3,462.45,East
15313,2024-06-06,220,21,3,244.3,North
15314,2023-04-07,408,22,3,438.61,North
15315,2022-12-31,946,9,5,88.32,West
15316,2022-04-14,617,42,4,457.84,South
15317,2023-03-04,929,43,5,221.0,North
15318,2023-04-14,972,11,2,468.7,East
15319,2024-10-11,586,16,2,434.38,North
15320,2024-05-19,647,50,2,333.38,East
15321,2024-02-09,430,9,4,339.69,East
15322,2023-11-11,890,3,4,113.64,West
15323,2024-03-15,574,36,1,305.39,North
15324,2024-06-04,513,42,4,279.25,West
15325,2023-07-15,79,13,2,173.73,East
15326,2022-11-27,886,1,4,257.75,West
15327,2023-08-10,65,44,4,465.28,North
15328,2022-07-20,941,11,4,12.6,West
15329,2023-03-30,980,24,3,214.39,East
15330,2024-04-05,183,5,4,173.48,North
15331,2022-04-21,66,2,3,481.0,West
15332,2024-05-13,835,17,2,487.21,South
15333,2024-06-26,868,17,1,296.97,North
15334,2022-02-02,208,20,5,279.5,East
15335,2023-07-09,54,15,1,452.57,West
15336,2022-04-17,221,4,5,13.21,East
15337,2022-08-14,236,11,2,285.52,West
15338,2023-05-02,889,23,3,22.07,West
15339,2022-06-28,612,1,4,484.4,North
15340,2023-09-29,959,42,3,166.88,West
15341,2024-02-27,438,50,5,265.19,East
15342,2022-06-16,103,47,4,214.61,South
15343,2023-10-25,436,4,5,447.88,West
15344,2022-10-27,694,38,5,499.91,North
15345,2022-02-04,963,2,4,43.51,South
15346,2023-02-11,421,45,1,368.7,South
15347,2022-11-10,108,27,1,190.32,North
15348,2024-03-26,524,34,5,78.15,South
15349,2024-01-13,443,13,2,208.66,West
15350,2023-12-28,506,47,3,499.09,East
15351,2024-04-05,404,18,1,185.21,West
15352,2023-07-23,343,11,4,145.93,West
15353,2023-07-30,598,5,5,424.62,South
15354,2022-03-03,800,29,3,435.29,East
15355,2023-01-04,327,25,3,176.05,South
15356,2022-04-04,214,14,5,156.35,North
15357,2024-09-10,556,48,3,327.17,West
15358,2024-11-15,322,46,2,110.54,East
15359,2022-02-19,78,41,5,247.01,South
15360,2024-06-01,55,38,3,79.26,East
15361,2024-02-03,784,41,3,159.33,North
15362,2022-02-05,856,37,1,155.77,West
15363,2022-04-10,71,11,3,350.5,East
15364,2022-11-25,68,44,3,148.31,East
15365,2023-12-07,180,32,1,450.26,East
15366,2022-08-09,380,49,5,491.69,South
15367,2023-07-21,933,6,1,49.72,South
15368,2024-09-22,686,6,4,204.85,East
15369,2024-10-18,681,47,4,157.9,North
15370,2022-04-20,901,49,2,182.48,East
15371,2022-05-29,450,22,3,140.02,West
15372,2023-02-10,261,3,4,197.51,West
15373,2023-11-30,447,19,5,79.29,West
15374,2024-10-13,637,34,5,147.11,East
15375,2022-04-18,131,41,4,376.43,South
15376,2023-01-24,234,41,1,178.58,East
15377,2023-03-01,904,7,2,111.84,East
15378,2023-03-23,154,16,1,63.14,West
15379,2024-07-06,330,38,2,180.52,North
15380,2024-12-27,637,9,4,325.27,North
15381,2024-12-25,866,13,1,134.12,West
15382,2023-10-18,891,34,4,217.0,East
15383,2022-11-17,612,46,2,476.68,East
15384,2023-12-20,53,37,5,280.66,West
15385,2023-12-29,844,43,1,270.65,North
15386,2023-08-03,468,47,4,210.87,North
15387,2023-03-23,640,6,2,282.85,West
15388,2022-07-29,413,38,5,492.44,East
15389,2024-04-28,14,48,1,134.37,East
15390,2023-01-05,496,4,2,471.54,East
15391,2023-07-31,517,5,1,83.04,South
15392,2023-11-20,762,6,1,64.44,North
15393,2024-02-29,368,13,3,330.79,North
15394,2024-09-18,539,46,4,133.08,South
15395,2022-06-12,637,24,3,227.75,North
15396,2024-09-03,452,28,1,367.53,West
15397,2022-12-16,541,13,2,272.07,South
15398,2023-11-01,515,42,4,16.74,North
15399,2023-03-02,481,49,2,159.86,East
15400,2022-11-23,414,18,2,41.7,West
15401,2022-09-12,228,7,5,463.8,South
15402,2022-12-24,137,4,1,399.38,South
15403,2023-03-20,769,31,2,492.08,East
15404,2022-04-23,240,24,1,443.7,South
15405,2024-11-19,791,22,3,242.91,North
15406,2023-06-08,835,21,3,442.47,South
15407,2023-11-20,672,48,2,339.49,East
15408,2024-09-17,472,42,1,267.05,South
15409,2022-02-15,518,26,5,191.62,West
15410,2024-01-27,461,30,4,343.67,West
15411,2024-11-24,305,35,3,299.17,North
15412,2023-07-18,655,23,3,310.95,East
15413,2022-06-10,954,45,5,205.92,South
15414,2024-04-19,181,40,2,372.26,South
15415,2023-06-22,30,50,3,49.86,West
15416,2022-08-13,972,30,3,365.82,East
15417,2022-04-05,765,19,4,368.07,East
15418,2024-08-06,40,32,5,262.81,West
15419,2023-07-07,187,50,5,139.01,North
15420,2023-10-07,319,19,1,264.45,South
15421,2022-03-07,816,22,5,70.31,West
15422,2023-10-27,227,4,4,149.72,East
15423,2023-11-15,732,45,5,216.44,North
15424,2024-06-28,892,12,1,339.88,West
15425,2024-04-16,324,15,4,101.74,East
15426,2023-07-25,903,15,3,87.5,South
15427,2023-11-27,943,10,2,307.82,South
15428,2022-06-29,43,19,3,342.98,North
15429,2024-04-13,656,8,1,50.99,North
15430,2024-12-27,278,31,4,26.25,East
15431,2022-07-21,319,9,3,82.1,South
15432,2024-11-04,174,29,1,451.5,South
15433,2024-12-01,759,7,3,339.59,South
15434,2023-06-27,685,8,2,461.3,North
15435,2024-09-08,41,41,3,335.71,North
15436,2024-02-13,409,17,3,482.97,South
15437,2023-11-25,562,15,3,225.06,South
15438,2023-09-04,323,16,1,303.56,East
15439,2022-09-01,180,7,4,304.58,North
15440,2022-03-01,854,42,5,11.54,East
15441,2022-04-14,159,19,1,23.45,North
15442,2023-10-13,37,38,5,81.18,East
15443,2024-10-07,406,25,5,260.45,East
15444,2022-03-18,539,12,3,220.96,East
15445,2024-11-07,376,32,2,274.48,South
15446,2023-11-29,898,47,5,402.24,West
15447,2024-08-03,256,10,5,412.9,West
15448,2022-09-24,278,24,3,488.74,West
15449,2024-02-20,249,50,2,283.2,West
15450,2023-09-01,693,4,3,180.14,West
15451,2024-08-03,17,43,5,160.93,East
15452,2024-10-21,368,37,1,176.96,North
15453,2024-11-16,125,45,5,168.68,East
15454,2023-07-02,312,42,1,202.53,South
15455,2022-06-09,212,39,4,46.69,West
15456,2024-07-25,472,43,2,320.38,South
15457,2023-02-03,749,4,4,288.34,South
15458,2023-06-27,415,36,3,236.36,South
15459,2022-05-07,500,37,5,49.74,East
15460,2024-10-05,811,25,4,55.67,West
15461,2024-08-05,712,41,2,277.1,East
15462,2022-07-29,889,30,1,27.92,North
15463,2022-05-30,181,1,1,365.15,North
15464,2022-01-31,389,29,3,496.95,West
15465,2023-09-04,642,16,3,302.73,East
15466,2022-10-29,633,37,5,364.48,North
15467,2024-08-20,187,37,4,225.08,North
15468,2024-05-14,900,7,5,337.03,West
15469,2024-02-04,739,40,1,329.37,North
15470,2023-11-14,674,33,1,413.8,West
15471,2022-09-14,963,50,4,358.56,North
15472,2024-07-28,624,22,5,377.03,South
15473,2024-12-16,468,43,3,282.75,North
15474,2022-01-09,457,27,4,247.41,East
15475,2024-10-25,134,29,3,234.77,East
15476,2024-04-26,698,16,4,202.09,West
15477,2024-02-16,175,21,3,140.35,North
15478,2023-11-16,261,11,2,26.32,West
15479,2024-01-02,317,21,1,338.84,South
15480,2022-01-24,824,9,4,451.47,South
15481,2023-05-08,870,27,2,465.94,South
15482,2024-08-27,931,39,4,294.48,North
15483,2022-04-13,887,22,1,56.13,East
15484,2024-12-19,991,15,1,440.55,North
15485,2024-02-06,269,43,3,376.39,West
15486,2024-10-19,794,23,1,133.19,East
15487,2023-01-07,470,29,1,403.74,East
15488,2023-11-10,224,39,1,241.28,South
15489,2023-08-19,252,16,5,444.92,West
15490,2022-07-21,64,3,5,131.33,North
15491,2022-03-30,975,16,1,402.44,East
15492,2023-03-13,907,8,5,358.84,East
15493,2022-04-30,830,26,4,17.08,East
15494,2022-06-05,464,42,2,286.03,East
15495,2023-02-03,943,9,2,360.61,East
15496,2022-07-07,124,35,5,86.64,South
15497,2024-12-11,582,7,2,270.63,South
15498,2023-10-14,238,8,5,159.0,East
15499,2023-08-10,75,35,3,351.16,North
15500,2022-08-18,442,48,1,274.67,East
15501,2022-02-24,500,46,2,314.51,North
15502,2022-09-28,522,39,1,45.54,West
15503,2024-12-28,912,36,2,77.52,East
15504,2024-08-27,268,6,4,280.52,South
15505,2022-11-26,967,7,4,98.77,West
15506,2022-04-26,487,12,5,254.36,South
15507,2022-11-19,987,39,1,348.11,North
15508,2023-07-17,600,1,5,406.79,East
15509,2022-08-17,50,50,3,80.07,East
15510,2022-12-26,655,43,5,373.52,South
15511,2024-10-25,59,43,5,187.96,West
15512,2022-01-28,454,49,5,342.68,West
15513,2024-05-18,830,25,2,81.19,West
15514,2022-01-28,723,12,2,262.44,North
15515,2024-01-14,72,27,3,420.41,East
15516,2023-08-03,756,23,1,62.15,North
15517,2023-03-27,751,19,4,415.56,South
15518,2023-03-09,190,21,1,231.86,East
15519,2023-01-09,996,50,4,413.4,East
15520,2023-03-11,562,21,2,479.61,West
15521,2022-08-06,717,24,5,88.23,North
15522,2024-08-05,566,13,3,340.54,South
15523,2022-12-15,822,42,3,125.2,South
15524,2024-02-27,993,36,3,76.42,North
15525,2022-01-26,736,15,1,317.76,West
15526,2024-12-07,156,50,2,62.91,South
15527,2024-05-08,872,1,2,237.93,South
15528,2023-01-05,563,34,5,321.62,North
15529,2024-11-03,753,42,1,254.82,North
15530,2024-06-02,842,31,5,351.56,East
15531,2022-10-06,673,50,4,402.69,South
15532,2022-12-07,641,32,2,437.4,South
15533,2023-08-30,85,36,3,284.34,East
15534,2024-11-14,69,29,5,145.55,West
15535,2023-06-13,385,10,4,259.73,West
15536,2023-03-02,373,21,3,199.97,North
15537,2022-01-29,55,36,3,120.7,South
15538,2024-08-13,85,24,5,269.24,West
15539,2022-11-19,857,27,5,21.1,North
15540,2022-11-09,980,21,5,306.73,West
15541,2023-08-07,941,18,2,412.59,West
15542,2024-02-01,841,4,1,499.72,South
15543,2022-10-22,592,47,5,461.62,West
15544,2023-10-18,732,18,2,54.01,North
15545,2024-02-25,936,9,1,89.59,East
15546,2022-08-11,622,49,4,77.94,South
15547,2022-03-16,765,30,1,283.59,East
15548,2022-04-12,317,35,2,32.51,North
15549,2024-06-03,164,45,2,469.13,West
15550,2022-06-22,615,30,1,40.3,South
15551,2024-10-24,625,39,1,201.71,West
15552,2023-01-30,252,46,2,448.05,West
15553,2024-04-12,152,6,2,474.71,East
15554,2024-09-30,336,14,4,237.99,North
15555,2022-06-16,910,46,2,249.33,East
15556,2022-10-27,368,29,2,321.73,West
15557,2022-04-28,763,32,3,209.74,West
15558,2023-05-27,866,14,3,169.08,North
15559,2023-09-04,600,20,3,372.32,West
15560,2022-06-08,971,50,5,301.73,East
15561,2024-11-27,100,9,5,246.02,North
15562,2023-04-08,120,12,2,59.39,North
15563,2022-04-14,385,14,3,43.74,South
15564,2024-09-08,303,23,4,260.3,East
15565,2022-09-07,716,48,4,313.52,West
15566,2024-11-02,149,34,4,332.18,South
15567,2023-07-21,201,16,2,448.5,East
15568,2023-08-20,807,18,3,409.95,South
15569,2023-09-13,3,41,2,78.97,East
15570,2023-07-09,400,40,2,399.27,North
15571,2022-03-12,68,33,4,341.39,South
15572,2024-08-13,154,5,3,415.73,West
15573,2024-08-30,494,39,5,423.24,East
15574,2023-03-14,182,10,1,179.31,East
15575,2024-12-03,525,22,2,139.0,South
15576,2024-11-03,189,43,3,280.79,North
15577,2022-11-10,20,44,1,156.32,East
15578,2023-04-30,851,33,1,181.35,East
15579,2022-06-18,283,31,5,43.89,North
15580,2024-06-06,898,6,5,495.77,North
15581,2024-03-13,10,36,2,161.56,West
15582,2022-09-03,700,3,2,392.24,South
15583,2022-09-23,857,4,3,496.65,North
15584,2024-04-28,531,27,5,484.87,South
15585,2022-08-31,655,38,5,320.6,North
15586,2023-06-14,615,25,3,273.94,West
15587,2024-04-26,303,37,5,161.55,West
15588,2024-09-30,241,27,4,432.14,East
15589,2022-12-08,152,41,1,175.62,North
15590,2024-01-30,784,36,4,62.29,North
15591,2024-03-08,337,46,1,154.11,North
15592,2023-06-16,188,47,3,164.4,West
15593,2024-05-13,464,36,3,362.06,West
15594,2022-02-11,722,46,1,93.08,North
15595,2023-08-22,177,42,1,165.26,North
15596,2022-11-02,900,7,1,47.53,South
15597,2024-03-19,706,30,1,425.72,South
15598,2024-05-11,177,50,2,365.14,West
15599,2023-11-10,881,47,5,224.37,South
15600,2024-01-01,415,29,5,220.71,East
15601,2023-03-17,578,40,3,91.52,South
15602,2024-07-21,310,41,2,198.39,East
15603,2024-06-21,2,5,1,454.34,East
15604,2022-05-13,317,6,2,77.94,West
15605,2023-12-20,783,44,1,384.86,East
15606,2022-02-20,509,7,5,33.12,South
15607,2023-09-10,572,39,1,162.72,North
15608,2023-01-27,368,32,5,425.0,South
15609,2023-11-27,555,15,1,228.04,South
15610,2023-06-07,605,13,3,354.32,South
15611,2023-05-23,226,18,5,60.74,West
15612,2022-12-20,936,10,3,344.88,South
15613,2024-05-16,480,40,2,411.32,South
15614,2024-08-30,981,11,1,404.57,West
15615,2024-08-13,798,40,2,225.05,South
15616,2022-04-06,63,40,1,453.03,West
15617,2022-04-16,280,47,5,291.74,North
15618,2023-11-09,940,2,1,410.76,South
15619,2023-05-28,14,27,4,114.6,North
15620,2024-05-05,28,45,4,113.02,East
15621,2024-02-29,142,50,4,379.64,East
15622,2023-05-30,952,44,3,326.85,North
15623,2024-06-16,620,8,4,341.39,West
15624,2024-12-20,802,49,1,125.92,North
15625,2024-10-04,590,38,2,205.82,East
15626,2024-01-07,759,16,3,136.61,South
15627,2022-10-29,473,24,5,43.38,South
15628,2023-10-08,524,23,3,109.93,North
15629,2024-11-30,184,14,2,497.63,East
15630,2022-08-19,317,27,4,124.68,South
15631,2024-01-08,361,10,2,88.05,North
15632,2024-09-23,445,28,3,351.47,East
15633,2022-10-24,296,25,3,305.05,West
15634,2023-03-31,404,2,3,375.55,West
15635,2024-12-16,752,45,2,330.3,West
15636,2024-07-30,938,33,1,119.27,East
15637,2022-08-28,263,50,1,255.44,North
15638,2024-12-22,847,46,4,96.55,North
15639,2023-07-05,377,35,5,134.23,East
15640,2022-05-18,585,47,2,493.59,South
15641,2023-03-30,68,41,1,367.05,East
15642,2023-03-19,799,13,4,393.6,South
15643,2022-01-27,471,5,5,24.73,East
15644,2023-04-02,838,5,4,197.25,West
15645,2023-11-26,732,22,4,282.07,South
15646,2023-12-11,972,34,5,83.34,East
15647,2024-04-28,47,1,3,425.79,North
15648,2024-08-06,947,17,1,78.4,East
15649,2022-04-17,58,49,1,321.89,North
15650,2023-03-20,918,9,5,281.06,South
15651,2022-02-05,24,10,1,426.16,South
15652,2023-08-20,290,15,2,162.79,West
15653,2022-06-04,831,45,2,149.2,East
15654,2024-03-06,444,29,2,424.74,North
15655,2022-09-29,403,25,5,118.49,North
15656,2024-09-07,24,21,4,375.56,West
15657,2022-05-02,64,17,4,103.66,South
15658,2022-05-30,767,27,3,439.09,East
15659,2023-12-08,660,28,3,421.14,North
15660,2024-09-21,628,23,2,395.86,North
15661,2022-06-02,610,39,2,250.82,East
15662,2024-11-06,239,36,5,26.58,North
15663,2023-07-05,283,3,2,74.91,West
15664,2024-04-24,442,33,2,233.74,South
15665,2022-10-07,300,7,2,31.39,South
15666,2023-02-26,93,5,1,41.1,West
15667,2024-09-19,577,26,4,71.5,East
15668,2024-03-14,375,17,1,137.81,North
15669,2022-12-21,686,17,2,377.17,West
15670,2023-01-13,996,47,2,33.51,South
15671,2022-03-21,310,3,1,491.98,West
15672,2024-09-14,888,3,1,144.18,West
15673,2022-08-21,747,34,5,166.9,North
15674,2022-06-03,167,8,5,131.46,South
15675,2024-06-25,749,45,2,305.17,South
15676,2024-11-20,7,6,1,19.52,South
15677,2023-01-06,822,37,5,55.85,North
15678,2022-11-19,43,45,3,58.4,South
15679,2022-11-28,788,22,1,335.62,East
15680,2022-08-31,340,33,4,171.47,East
15681,2023-03-06,153,50,3,224.37,North
15682,2024-03-19,43,7,3,475.49,South
15683,2023-01-11,725,49,1,108.02,East
15684,2022-03-22,201,40,2,44.4,East
15685,2023-02-24,895,19,4,226.3,South
15686,2023-04-12,667,48,5,90.4,North
15687,2024-12-16,732,46,5,80.88,West
15688,2024-04-08,665,10,2,210.96,North
15689,2024-03-14,548,23,4,338.13,West
15690,2024-12-13,226,2,4,129.0,North
15691,2024-09-04,834,21,3,439.22,West
15692,2022-01-04,633,24,3,187.6,North
15693,2023-08-26,521,48,4,467.68,South
15694,2022-11-16,339,13,1,251.27,West
15695,2023-05-16,335,5,1,366.1,North
15696,2023-07-25,181,18,1,426.02,South
15697,2022-07-04,533,11,4,269.56,South
15698,2023-07-10,946,37,5,426.66,South
15699,2024-06-11,272,32,1,195.21,North
15700,2022-02-24,194,28,5,188.07,North
15701,2024-05-12,538,22,1,399.09,West
15702,2022-03-18,940,45,4,128.22,West
15703,2022-10-23,797,28,1,361.35,South
15704,2024-01-16,481,1,5,47.77,West
15705,2024-06-18,98,6,2,321.46,South
15706,2022-02-12,430,11,5,471.54,South
15707,2022-08-15,512,42,2,233.67,South
15708,2024-12-22,731,33,5,213.82,South
15709,2022-06-20,327,16,1,274.87,East
15710,2024-08-20,945,13,1,362.59,South
15711,2024-02-01,911,21,5,185.83,South
15712,2024-04-29,785,48,1,10.06,East
15713,2022-11-03,905,47,1,256.02,East
15714,2023-07-22,973,39,4,215.45,West
15715,2024-09-18,800,46,3,271.02,West
15716,2022-02-03,578,24,3,360.5,South
15717,2024-04-06,827,43,5,148.86,South
15718,2022-05-10,416,27,3,257.58,North
15719,2023-10-17,111,45,2,134.16,East
15720,2023-09-22,212,37,5,235.08,South
15721,2024-11-06,683,50,5,178.82,East
15722,2023-08-17,851,3,2,190.83,South
15723,2024-11-03,878,12,3,293.89,West
15724,2022-03-22,987,7,2,347.91,North
15725,2022-07-23,996,20,1,16.2,East
15726,2022-01-23,571,15,5,439.55,North
15727,2023-09-06,30,1,4,188.52,South
15728,2022-05-24,267,10,2,325.37,East
15729,2022-04-14,976,14,5,69.97,West
15730,2022-11-20,887,15,5,290.01,North
15731,2023-07-30,666,34,2,342.45,South
15732,2022-10-01,350,49,4,87.14,West
15733,2023-03-28,514,25,5,456.96,North
15734,2024-05-30,930,31,1,381.16,West
15735,2022-05-05,681,10,1,271.62,West
15736,2022-11-13,214,37,1,91.37,North
15737,2022-04-17,251,6,4,434.12,West
15738,2024-06-25,543,6,3,43.63,South
15739,2023-03-06,319,28,1,66.43,South
15740,2023-12-05,183,38,2,352.11,West
15741,2024-08-29,885,14,3,134.39,East
15742,2022-12-28,189,13,2,235.07,North
15743,2024-03-06,725,13,4,274.07,East
15744,2023-03-08,127,10,1,234.53,South
15745,2023-11-06,804,16,5,51.11,South
15746,2024-05-08,296,39,1,371.36,North
15747,2024-10-10,23,35,4,127.6,South
15748,2023-07-30,922,15,1,371.88,North
15749,2024-12-24,530,23,1,433.99,East
15750,2024-06-11,79,37,1,272.82,North
15751,2022-09-27,546,8,4,356.12,South
15752,2023-03-14,470,26,1,28.1,East
15753,2024-11-08,924,22,5,28.01,East
15754,2022-08-13,619,5,5,106.61,North
15755,2024-09-16,305,34,3,185.61,East
15756,2023-04-05,448,27,3,99.56,West
15757,2023-01-29,199,19,3,321.13,North
15758,2024-06-30,191,43,3,145.67,East
15759,2022-01-15,232,43,5,424.42,South
15760,2023-07-14,574,35,3,284.7,West
15761,2024-09-30,554,45,2,195.26,West
15762,2023-02-18,24,20,4,447.61,West
15763,2024-09-25,675,47,4,415.9,South
15764,2022-04-25,461,38,5,411.82,West
15765,2024-09-02,183,13,4,366.89,West
15766,2022-02-05,433,18,4,310.97,West
15767,2022-08-30,845,18,1,189.74,South
15768,2022-03-04,607,1,3,217.07,East
15769,2023-10-28,955,32,3,327.09,South
15770,2023-05-24,83,25,1,94.71,South
15771,2022-07-07,93,21,5,415.63,South
15772,2024-01-05,278,27,2,469.95,East
15773,2022-04-03,617,11,5,58.01,East
15774,2022-01-05,85,48,2,21.0,South
15775,2022-01-25,573,1,2,79.92,South
15776,2023-05-23,208,19,1,382.35,South
15777,2022-04-08,670,32,5,62.84,East
15778,2023-10-24,581,8,3,192.4,South
15779,2023-11-15,444,19,5,40.93,North
15780,2022-01-27,774,16,5,221.95,West
15781,2022-02-24,853,35,2,305.89,South
15782,2024-12-11,746,2,2,317.97,North
15783,2024-02-20,370,12,3,264.27,East
15784,2022-10-25,651,29,3,469.67,East
15785,2024-11-07,792,10,2,270.26,North
15786,2024-03-28,476,22,5,431.03,East
15787,2024-05-04,504,34,2,496.58,North
15788,2023-07-13,847,21,4,122.58,West
15789,2023-05-18,231,37,4,140.11,North
15790,2022-07-22,878,5,2,265.72,South
15791,2024-08-03,360,6,3,99.37,South
15792,2022-08-28,563,32,2,286.42,West
15793,2023-05-05,751,3,5,345.35,East
15794,2024-11-02,19,10,4,39.59,South
15795,2023-10-11,690,5,1,343.88,East
15796,2023-11-16,209,24,3,88.14,West
15797,2022-08-31,899,20,1,156.67,East
15798,2023-05-22,131,37,3,372.02,West
15799,2024-12-02,743,31,1,90.16,East
15800,2023-09-05,384,47,1,270.52,East
15801,2022-06-11,92,17,2,298.7,North
15802,2023-10-18,543,49,3,90.54,North
15803,2024-08-16,362,24,4,144.64,South
15804,2023-09-13,761,18,1,307.17,West
15805,2022-04-21,124,26,2,235.99,West
15806,2024-07-22,881,42,5,333.39,West
15807,2024-01-20,943,7,3,428.81,East
15808,2023-12-10,648,43,3,76.17,North
15809,2022-09-30,273,14,4,44.61,North
15810,2024-03-17,355,41,1,336.7,West
15811,2022-02-10,100,49,2,387.62,North
15812,2023-07-14,731,2,1,230.16,East
15813,2023-04-11,616,30,2,203.02,North
15814,2023-05-05,301,49,4,302.42,South
15815,2022-04-27,609,17,1,280.21,West
15816,2023-03-10,828,20,5,250.18,West
15817,2024-11-08,882,10,4,411.17,East
15818,2024-09-20,203,24,4,95.02,South
15819,2022-07-15,21,44,3,343.79,North
15820,2023-09-11,198,12,2,373.26,East
15821,2023-03-01,112,27,1,451.64,North
15822,2022-02-03,149,15,2,473.1,North
15823,2022-10-22,381,9,4,258.85,North
15824,2024-10-03,755,18,1,222.48,West
15825,2022-12-05,954,48,5,256.92,West
15826,2023-09-10,183,7,2,368.96,South
15827,2022-06-29,796,28,2,18.41,East
15828,2023-09-14,337,46,5,95.33,West
15829,2023-09-11,338,36,4,454.76,East
15830,2023-10-05,971,3,2,105.76,East
15831,2022-01-23,814,44,3,121.96,East
15832,2023-09-11,300,16,3,470.34,South
15833,2022-09-09,601,36,1,154.2,East
15834,2022-10-29,222,4,5,152.32,South
15835,2024-12-29,760,35,4,462.62,East
15836,2022-06-12,409,9,3,193.79,West
15837,2024-12-22,967,46,1,252.03,South
15838,2023-09-04,689,12,1,284.6,West
15839,2024-12-07,997,10,2,435.46,West
15840,2023-03-21,118,46,4,48.01,North
15841,2022-03-15,174,44,3,137.82,North
15842,2024-04-05,219,44,5,297.63,West
15843,2023-06-26,376,2,2,222.96,South
15844,2022-06-06,730,19,3,146.36,South
15845,2022-09-13,319,13,1,210.72,South
15846,2024-11-28,589,42,5,483.46,South
15847,2024-12-14,88,33,1,20.31,West
15848,2024-11-17,908,1,2,82.02,East
15849,2024-07-25,78,28,5,19.14,East
15850,2022-04-28,441,40,5,300.76,West
15851,2023-01-05,201,6,2,16.34,North
15852,2022-07-28,576,3,1,232.47,North
15853,2023-08-10,415,45,5,431.01,East
15854,2024-04-28,4,25,4,57.63,South
15855,2022-11-12,950,44,4,188.94,South
15856,2023-03-20,83,16,1,195.22,South
15857,2023-09-20,705,43,5,187.5,West
15858,2023-03-21,989,4,1,366.46,East
15859,2023-07-24,493,8,4,12.16,West
15860,2023-08-05,6,39,5,392.18,East
15861,2023-08-28,705,16,5,421.13,West
15862,2024-01-11,729,44,1,221.42,North
15863,2024-06-26,347,38,5,444.71,West
15864,2023-10-11,534,23,1,196.71,North
15865,2022-11-01,657,6,3,350.41,West
15866,2022-12-05,955,43,3,200.52,North
15867,2023-06-13,797,44,4,28.54,West
15868,2022-02-23,451,16,4,50.88,East
15869,2023-11-15,145,16,2,226.6,East
15870,2023-02-23,2,23,3,495.15,East
15871,2022-11-01,288,16,3,97.0,South
15872,2022-03-26,918,36,2,448.84,West
15873,2022-09-09,871,12,1,460.5,North
15874,2022-05-06,225,37,3,210.73,North
15875,2023-09-02,954,9,3,236.29,North
15876,2022-10-31,437,18,4,256.38,South
15877,2024-11-17,214,9,2,387.5,East
15878,2024-04-27,943,48,2,70.62,North
15879,2024-12-11,900,21,4,171.03,West
15880,2023-10-17,166,1,3,93.64,West
15881,2023-10-06,373,23,5,440.42,North
15882,2024-05-07,653,5,2,44.55,South
15883,2023-05-26,829,19,3,376.38,North
15884,2022-07-26,507,35,1,225.47,South
15885,2023-07-28,983,33,2,360.16,West
15886,2024-05-24,576,46,4,446.05,North
15887,2023-05-26,333,18,2,176.43,South
15888,2022-07-20,212,40,4,121.23,East
15889,2024-04-02,289,14,1,328.61,South
15890,2024-12-06,610,20,3,498.79,East
15891,2024-10-16,166,13,4,367.46,North
15892,2022-05-17,126,16,4,399.85,East
15893,2022-05-10,157,41,1,318.63,North
15894,2024-10-14,762,31,5,190.41,North
15895,2023-03-08,573,39,2,330.78,East
15896,2024-12-28,32,35,5,72.99,North
15897,2023-06-24,907,20,2,249.52,North
15898,2022-12-01,274,1,1,290.8,East
15899,2023-06-10,301,40,1,454.31,North
15900,2023-07-12,21,46,5,460.66,East
15901,2024-06-27,524,13,1,39.46,East
15902,2024-11-05,756,7,3,319.62,North
15903,2023-05-25,615,45,5,400.23,South
15904,2022-07-28,276,22,4,272.86,West
15905,2022-02-27,7,7,4,56.88,West
15906,2024-03-26,859,20,1,124.04,West
15907,2024-11-03,455,37,1,163.69,East
15908,2023-01-12,130,36,2,334.77,North
15909,2022-08-31,299,4,5,42.13,North
15910,2024-09-19,97,6,5,279.31,South
15911,2024-06-09,277,46,3,63.38,East
15912,2023-02-19,285,3,4,203.61,South
15913,2023-01-29,800,3,4,218.52,East
15914,2023-12-30,173,3,3,231.4,North
15915,2022-12-24,332,36,2,358.33,East
15916,2023-11-05,205,9,3,49.79,North
15917,2022-01-18,103,16,2,141.44,West
15918,2023-12-29,625,16,2,324.15,North
15919,2023-07-15,955,12,2,472.35,South
15920,2024-12-17,360,38,1,314.19,West
15921,2022-06-04,131,20,1,442.85,West
15922,2023-05-02,39,31,2,484.52,North
15923,2022-05-31,307,30,3,443.11,West
15924,2023-01-03,884,21,3,486.38,West
15925,2024-12-06,520,3,3,390.75,South
15926,2022-07-26,878,21,1,444.71,West
15927,2023-03-26,46,28,2,250.81,East
15928,2024-07-12,194,28,4,179.27,East
15929,2023-11-28,518,5,3,499.86,West
15930,2023-07-24,880,7,1,57.9,North
15931,2022-05-23,570,5,5,479.52,South
15932,2024-12-06,169,9,2,221.13,South
15933,2022-07-10,122,47,3,20.97,West
15934,2022-05-20,249,21,1,403.48,North
15935,2023-09-07,207,20,5,227.67,South
15936,2024-07-13,115,38,2,401.36,East
15937,2024-12-08,239,40,4,31.96,West
15938,2023-09-16,566,37,2,487.33,West
15939,2022-03-28,76,17,2,338.81,West
15940,2022-10-09,169,42,3,33.52,South
15941,2024-02-03,48,28,2,12.28,West
15942,2023-03-29,736,31,5,301.06,East
15943,2022-02-16,70,33,5,488.48,South
15944,2024-07-26,508,32,2,266.76,East
15945,2022-01-31,155,32,2,183.41,North
15946,2023-06-18,559,48,5,470.07,East
15947,2022-01-17,461,23,5,492.14,West
15948,2023-01-27,373,21,3,394.4,West
15949,2024-10-03,791,25,4,361.78,East
15950,2022-12-20,202,33,5,11.01,East
15951,2022-11-01,654,3,4,163.7,North
15952,2023-05-24,317,6,4,463.34,West
15953,2023-12-13,451,49,5,190.39,North
15954,2023-11-16,638,28,3,173.94,South
15955,2024-02-25,844,2,2,273.22,North
15956,2024-05-06,665,32,1,229.42,East
15957,2022-06-26,577,26,2,430.81,West
15958,2022-10-28,96,5,1,50.03,West
15959,2023-03-21,920,11,5,332.79,East
15960,2022-01-21,693,10,2,351.62,West
15961,2024-10-12,496,15,2,441.26,North
15962,2023-12-12,362,18,1,213.73,West
15963,2023-12-02,457,49,3,154.55,South
15964,2022-06-01,178,14,5,317.01,East
15965,2024-05-08,129,28,5,365.21,East
15966,2022-04-06,490,30,5,93.78,East
15967,2024-05-27,39,13,2,87.5,South
15968,2023-10-02,458,20,4,139.17,West
15969,2023-02-04,812,2,1,131.48,North
15970,2022-09-03,873,25,2,377.82,East
15971,2022-04-22,350,44,3,270.04,East
15972,2024-03-04,645,43,3,278.42,West
15973,2024-10-23,891,12,2,17.2,North
15974,2022-04-26,452,25,1,497.19,South
15975,2024-07-22,380,4,5,416.6,North
15976,2022-10-19,109,42,5,227.4,North
15977,2022-12-08,584,12,4,42.77,South
15978,2024-10-11,208,7,2,350.2,North
15979,2023-08-08,577,38,4,272.17,South
15980,2022-01-27,241,40,3,341.99,North
15981,2023-03-31,591,32,5,342.01,West
15982,2024-07-06,88,43,5,85.82,South
15983,2023-08-03,399,6,4,171.12,West
15984,2022-01-14,690,27,2,18.7,North
15985,2022-04-08,262,35,4,491.31,North
15986,2022-10-06,578,21,3,405.17,North
15987,2023-05-05,325,20,2,465.12,West
15988,2024-09-11,371,19,3,31.62,West
15989,2024-08-18,935,33,2,255.17,North
15990,2023-09-16,105,4,4,376.24,North
15991,2022-07-26,98,19,1,60.82,South
15992,2023-08-20,487,49,4,390.77,East
15993,2023-11-26,96,28,2,327.28,South
15994,2022-09-07,925,22,3,492.63,East
15995,2024-01-10,989,24,4,79.02,East
15996,2022-11-02,472,46,2,318.35,North
15997,2024-11-28,46,30,3,474.1,West
15998,2024-09-24,890,29,3,374.4,North
15999,2023-12-19,31,10,3,174.71,North
16000,2022-07-02,408,32,2,68.43,South
16001,2023-10-07,375,9,3,482.25,East
16002,2022-01-30,382,25,3,45.23,South
16003,2024-02-06,911,16,4,487.83,North
16004,2023-09-07,716,15,3,158.72,East
16005,2024-10-01,660,48,1,431.55,South
16006,2022-03-15,644,18,2,281.61,South
16007,2024-12-14,698,23,3,457.17,South
16008,2024-08-19,973,42,3,219.04,North
16009,2022-01-24,701,3,5,426.4,West
16010,2024-11-11,489,7,4,126.81,West
16011,2023-03-04,639,39,3,238.7,North
16012,2024-11-21,876,11,4,424.69,East
16013,2024-05-12,906,24,4,68.0,East
16014,2022-12-05,809,35,1,367.03,East
16015,2023-05-27,309,50,2,224.07,South
16016,2024-12-29,599,25,1,261.48,East
16017,2023-11-03,967,28,2,293.73,North
16018,2024-05-26,633,12,5,145.07,West
16019,2023-07-25,844,23,1,57.22,North
16020,2024-02-03,816,17,4,19.14,West
16021,2023-12-14,911,41,3,221.15,North
16022,2023-08-12,135,37,5,141.75,South
16023,2024-02-06,328,18,2,320.14,West
16024,2024-03-29,199,9,1,360.81,West
16025,2022-03-19,683,45,5,256.83,South
16026,2022-01-10,260,35,1,313.29,South
16027,2023-09-28,124,36,4,284.77,North
16028,2023-08-15,754,18,1,12.24,North
16029,2023-12-19,947,20,2,422.43,North
16030,2023-07-19,583,21,2,39.19,East
16031,2023-02-14,382,47,3,211.07,West
16032,2022-12-24,507,20,3,64.4,East
16033,2022-04-08,571,6,2,334.53,North
16034,2024-10-03,109,9,2,169.54,South
16035,2022-08-29,41,43,2,44.86,West
16036,2023-07-11,445,29,5,32.22,East
16037,2023-12-12,798,29,1,126.2,East
16038,2022-06-05,891,13,5,336.96,North
16039,2022-12-18,146,36,4,361.93,South
16040,2022-02-13,798,27,3,72.93,North
16041,2023-08-15,903,47,1,78.16,North
16042,2022-05-18,564,49,3,300.68,South
16043,2023-03-12,176,44,4,479.06,North
16044,2024-01-24,279,6,2,280.93,East
16045,2022-05-23,380,39,3,358.75,South
16046,2024-10-20,165,32,2,291.95,East
16047,2022-09-19,839,49,3,61.37,North
16048,2023-05-27,486,43,4,473.77,South
16049,2023-11-04,989,44,3,45.27,East
16050,2022-03-03,994,28,4,382.34,East
16051,2022-01-31,764,45,1,489.88,East
16052,2024-08-06,615,1,5,166.31,South
16053,2024-03-12,565,50,4,94.1,East
16054,2022-09-23,767,43,3,287.43,West
16055,2022-11-04,361,31,1,399.58,South
16056,2023-04-04,173,30,4,475.24,East
16057,2022-11-30,763,18,3,349.9,West
16058,2023-05-30,177,29,4,174.58,South
16059,2023-03-17,49,42,4,252.23,East
16060,2023-11-04,111,38,2,382.99,South
16061,2023-01-26,210,23,3,396.09,West
16062,2024-07-23,760,22,5,46.47,West
16063,2023-07-14,687,2,4,310.73,North
16064,2022-09-11,619,5,1,484.01,South
16065,2024-10-24,665,42,3,394.78,South
16066,2022-04-29,859,15,5,13.59,East
16067,2024-09-22,155,32,3,120.22,West
16068,2023-04-15,652,46,5,228.05,East
16069,2024-02-24,663,6,5,356.07,North
16070,2024-12-29,273,14,4,282.07,North
16071,2023-11-25,556,24,2,47.89,East
16072,2024-05-14,583,21,3,371.75,North
16073,2024-02-15,637,14,1,420.97,North
16074,2022-06-30,664,12,1,110.82,North
16075,2024-10-25,455,4,2,43.04,West
16076,2022-02-16,861,44,1,397.57,South
16077,2023-09-26,316,21,3,323.82,South
16078,2023-08-12,821,17,1,403.72,North
16079,2022-11-06,732,29,3,287.63,North
16080,2022-10-01,215,16,5,219.98,East
16081,2024-04-19,330,18,4,481.91,West
16082,2023-04-04,144,38,2,392.18,North
16083,2024-01-03,619,41,2,211.84,North
16084,2022-12-27,354,44,1,454.68,North
16085,2024-10-14,281,11,3,496.81,South
16086,2024-12-28,322,32,4,161.04,East
16087,2023-10-24,306,28,1,447.31,North
16088,2023-11-30,837,16,4,32.24,East
16089,2024-06-03,846,34,3,115.03,West
16090,2024-01-28,479,50,1,88.85,West
16091,2024-11-21,936,30,1,184.73,South
16092,2023-09-13,390,38,4,285.69,East
16093,2022-07-01,64,22,1,362.79,East
16094,2023-11-17,796,5,4,452.37,East
16095,2023-11-12,265,9,3,87.69,South
16096,2022-09-05,6,13,4,293.36,East
16097,2023-09-12,913,39,3,281.8,North
16098,2022-01-30,168,23,3,234.65,North
16099,2024-05-22,355,27,5,350.35,West
16100,2024-08-05,972,32,4,261.55,North
16101,2024-09-11,173,31,2,279.59,South
16102,2022-11-13,850,33,5,452.63,West
16103,2024-01-07,119,42,5,431.53,East
16104,2022-06-17,939,26,4,292.89,East
16105,2024-01-13,226,18,5,86.54,South
16106,2022-05-06,174,12,5,479.76,West
16107,2023-07-27,959,3,1,315.12,East
16108,2022-04-30,129,5,3,405.66,West
16109,2024-10-05,187,14,2,36.96,North
16110,2023-07-14,63,47,4,449.44,West
16111,2024-12-18,975,12,1,349.81,East
16112,2023-11-28,893,4,2,345.86,East
16113,2022-08-11,274,16,2,63.96,West
16114,2024-10-31,598,11,1,359.3,East
16115,2024-03-03,210,36,4,47.55,East
16116,2024-03-24,193,38,3,37.35,East
16117,2022-11-06,750,48,1,169.42,West
16118,2024-10-08,532,2,5,21.35,East
16119,2024-01-19,952,13,2,88.22,South
16120,2024-11-23,182,8,5,365.8,North
16121,2024-10-15,560,44,4,419.11,South
16122,2023-04-26,228,21,3,97.97,South
16123,2023-07-28,566,26,3,413.42,North
16124,2024-04-04,614,38,3,245.46,South
16125,2023-09-20,89,35,5,479.37,North
16126,2024-04-23,144,15,4,78.26,West
16127,2024-09-15,660,40,5,36.25,North
16128,2023-02-23,742,30,2,424.09,North
16129,2022-01-30,815,2,3,187.37,West
16130,2022-10-25,250,16,4,234.01,North
16131,2024-12-20,225,13,5,260.78,East
16132,2023-04-03,903,1,5,414.33,North
16133,2022-10-31,919,43,5,47.24,South
16134,2024-08-15,971,28,5,280.05,South
16135,2022-12-06,673,1,5,220.98,East
16136,2023-03-24,168,40,2,176.74,East
16137,2024-05-30,110,34,3,180.58,East
16138,2023-06-24,773,13,5,465.87,South
16139,2023-04-30,173,2,2,141.38,East
16140,2022-03-18,511,4,4,232.76,West
16141,2023-05-30,879,25,4,251.47,South
16142,2024-08-01,297,34,2,362.73,East
16143,2023-10-21,904,13,2,264.3,East
16144,2022-04-02,243,36,2,314.4,West
16145,2023-04-11,209,32,4,205.43,West
16146,2023-04-11,243,21,5,362.12,North
16147,2024-11-29,254,26,3,238.27,West
16148,2023-11-21,82,15,5,119.13,North
16149,2024-08-04,434,29,1,410.3,West
16150,2023-07-08,475,26,2,385.07,West
16151,2024-12-25,543,21,5,317.47,South
16152,2022-04-19,4,12,3,265.75,North
16153,2022-04-02,194,12,5,112.16,North
16154,2024-09-29,56,5,1,435.49,North
16155,2023-01-03,261,42,1,57.62,West
16156,2024-03-30,593,26,5,197.76,North
16157,2023-02-27,566,32,3,427.75,North
16158,2023-07-26,380,2,5,301.83,North
16159,2024-05-11,487,8,2,224.92,West
16160,2023-03-11,96,27,3,397.77,North
16161,2022-07-31,861,37,4,494.86,South
16162,2023-06-10,336,8,3,102.52,North
16163,2023-04-13,769,24,5,34.86,North
16164,2024-03-02,716,13,5,236.86,East
16165,2024-05-24,723,29,4,150.82,West
16166,2022-07-29,329,13,1,336.71,South
16167,2022-09-13,496,23,5,252.19,South
16168,2022-03-14,829,47,1,254.51,East
16169,2022-05-27,638,15,1,183.94,South
16170,2022-11-13,519,24,2,113.23,South
16171,2023-08-29,926,43,1,114.59,South
16172,2023-07-29,125,23,3,199.62,North
16173,2023-07-01,783,10,1,344.1,North
16174,2024-04-14,620,38,2,175.2,North
16175,2022-11-08,260,5,5,169.75,East
16176,2024-03-18,831,5,5,218.25,East
16177,2024-02-04,582,31,4,495.52,North
16178,2022-05-14,550,40,1,54.71,West
16179,2024-08-05,687,1,3,154.38,North
16180,2023-03-12,700,2,4,153.08,West
16181,2022-12-24,739,49,4,487.51,South
16182,2024-07-18,770,29,2,209.52,West
16183,2024-06-01,709,7,5,287.82,East
16184,2022-09-09,8,29,1,107.08,East
16185,2022-05-15,563,9,1,16.23,South
16186,2023-06-07,373,36,5,176.24,East
16187,2024-03-14,222,7,2,323.13,West
16188,2023-10-22,880,28,2,348.85,North
16189,2022-11-15,531,10,2,379.4,North
16190,2022-03-21,350,16,3,431.73,East
16191,2024-11-19,759,10,1,66.66,East
16192,2023-02-18,31,39,2,50.57,West
16193,2023-01-03,592,26,2,395.97,North
16194,2024-10-03,358,34,5,223.52,West
16195,2024-09-19,22,34,4,474.09,East
16196,2023-08-19,289,40,4,472.31,East
16197,2024-10-14,754,14,4,79.41,South
16198,2023-12-02,214,18,1,348.7,East
16199,2024-11-10,712,1,3,42.88,North
16200,2023-07-03,165,17,1,207.67,East
16201,2022-09-03,140,49,5,422.44,West
16202,2022-10-10,370,22,2,235.87,East
16203,2023-09-06,965,37,1,26.47,North
16204,2024-07-19,320,16,4,127.76,North
16205,2024-03-16,409,7,3,52.32,East
16206,2022-08-20,438,15,5,210.04,West
16207,2022-11-12,797,21,2,351.38,West
16208,2024-04-17,13,2,3,333.58,East
16209,2023-02-15,501,48,1,362.28,East
16210,2022-09-02,26,25,1,198.07,West
16211,2023-01-22,534,9,3,139.99,West
16212,2023-11-20,861,20,3,37.9,West
16213,2022-12-24,76,50,2,471.37,East
16214,2024-10-18,366,10,4,67.96,East
16215,2023-09-06,491,21,3,97.34,East
16216,2024-03-08,92,4,2,22.25,South
16217,2022-01-22,841,30,3,165.41,West
16218,2022-01-19,887,34,3,411.24,North
16219,2022-10-03,266,30,4,172.8,East
16220,2023-10-21,560,14,2,336.33,West
16221,2024-06-16,499,22,1,483.12,West
16222,2023-07-06,170,1,2,447.34,North
16223,2023-11-10,346,8,2,98.19,South
16224,2023-08-26,757,11,2,186.01,North
16225,2024-12-31,228,1,4,378.06,North
16226,2022-12-31,699,5,4,489.05,West
16227,2024-03-05,949,45,5,360.81,North
16228,2023-10-14,680,49,1,133.58,South
16229,2023-08-13,203,10,4,75.08,West
16230,2022-07-18,446,39,4,252.63,East
16231,2022-01-17,518,13,2,104.55,West
16232,2022-08-06,132,21,2,121.53,South
16233,2024-01-11,245,36,3,320.87,South
16234,2023-10-12,91,45,3,262.27,South
16235,2022-05-27,823,33,3,69.14,North
16236,2023-11-01,126,43,4,85.3,South
16237,2023-10-27,472,28,3,19.52,South
16238,2024-05-05,965,9,1,117.63,West
16239,2022-11-26,242,45,3,444.78,West
16240,2024-06-13,502,11,5,398.59,West
16241,2022-04-11,761,40,5,213.24,West
16242,2022-11-23,387,29,2,373.55,North
16243,2022-11-23,7,7,4,209.41,North
16244,2022-01-10,88,27,5,398.13,North
16245,2022-12-19,598,22,1,99.15,South
16246,2022-07-02,908,31,2,84.73,West
16247,2023-03-31,867,30,5,48.19,North
16248,2022-01-06,145,28,3,128.49,East
16249,2022-07-30,451,20,5,81.69,East
16250,2022-02-20,331,15,5,401.33,North
16251,2024-10-06,710,15,2,127.59,South
16252,2023-01-12,875,12,4,262.94,South
16253,2023-10-02,164,17,3,380.54,East
16254,2024-02-09,657,23,3,341.77,West
16255,2024-12-10,342,6,3,110.25,South
16256,2022-06-03,1,45,3,47.77,East
16257,2023-08-05,120,16,4,456.76,West
16258,2024-02-27,579,27,3,314.78,West
16259,2024-03-01,464,23,4,356.22,North
16260,2022-05-14,867,1,2,199.15,East
16261,2022-08-08,462,45,1,128.39,South
16262,2022-06-12,49,7,4,270.0,East
16263,2024-08-28,819,45,3,48.16,South
16264,2023-10-10,327,39,2,401.99,East
16265,2023-07-23,474,40,2,330.71,North
16266,2024-08-03,888,50,5,383.2,East
16267,2023-11-20,939,49,5,288.94,North
16268,2022-04-25,368,48,1,293.18,North
16269,2022-05-03,287,49,1,304.18,North
16270,2024-03-14,24,40,5,394.24,South
16271,2024-04-18,723,39,5,120.44,North
16272,2024-12-28,293,18,2,343.95,South
16273,2024-04-05,449,36,4,280.83,West
16274,2022-03-04,985,22,5,252.6,North
16275,2024-01-03,63,2,3,275.04,East
16276,2024-11-05,568,48,4,143.38,East
16277,2023-08-13,458,26,4,28.17,West
16278,2024-08-05,530,50,3,381.99,North
16279,2022-08-05,874,32,3,458.93,West
16280,2023-04-24,961,23,3,245.57,East
16281,2024-09-03,413,40,2,420.57,East
16282,2022-08-25,589,46,5,282.08,South
16283,2023-04-21,260,18,5,465.85,South
16284,2023-08-21,633,19,2,259.12,West
16285,2022-05-09,908,24,4,110.38,East
16286,2023-05-25,184,4,2,436.36,North
16287,2022-06-14,48,46,5,402.13,North
16288,2022-10-04,147,2,1,205.03,South
16289,2022-09-14,794,30,2,422.54,East
16290,2024-09-18,876,49,1,14.43,South
16291,2023-07-24,806,38,1,401.88,North
16292,2022-05-21,592,31,3,347.14,South
16293,2023-11-17,748,40,3,196.04,East
16294,2023-11-18,409,16,3,397.88,North
16295,2023-12-17,440,33,1,72.06,East
16296,2024-10-19,458,50,5,109.63,North
16297,2024-12-10,229,3,3,271.45,East
16298,2022-06-27,284,18,3,441.7,East
16299,2024-07-10,573,10,4,73.75,South
16300,2023-06-27,732,2,1,286.49,North
16301,2024-08-20,345,30,1,379.03,West
16302,2022-12-30,601,30,3,374.24,East
16303,2024-12-14,947,25,4,317.7,North
16304,2024-12-03,908,43,4,471.05,West
16305,2023-08-16,264,24,2,246.25,South
16306,2023-06-26,740,35,2,441.32,West
16307,2022-11-18,378,10,3,313.6,West
16308,2023-10-10,103,48,1,371.36,East
16309,2022-01-14,954,30,4,237.77,North
16310,2023-09-10,600,26,4,92.13,South
16311,2022-12-25,23,35,4,63.46,West
16312,2022-07-13,293,24,1,344.34,East
16313,2022-12-29,267,20,2,194.47,North
16314,2024-11-29,529,39,3,288.07,South
16315,2024-02-07,476,49,2,375.56,West
16316,2023-02-01,952,40,4,395.38,West
16317,2022-04-17,949,35,4,259.73,West
16318,2024-11-06,451,39,1,164.11,South
16319,2023-06-11,898,10,1,390.18,East
16320,2024-10-07,285,27,1,213.52,East
16321,2024-02-23,313,15,3,469.0,East
16322,2023-06-09,162,15,5,414.04,North
16323,2024-12-02,590,37,5,375.99,South
16324,2023-09-18,122,35,3,128.21,South
16325,2022-12-16,481,3,3,187.75,West
16326,2024-11-19,112,29,3,426.0,East
16327,2024-10-02,239,4,2,21.34,West
16328,2023-06-26,210,47,3,392.92,West
16329,2024-08-19,349,16,2,208.03,South
16330,2022-04-04,511,5,1,401.68,East
16331,2024-06-17,2,21,4,280.67,East
16332,2022-03-30,892,40,5,268.14,South
16333,2023-05-18,715,42,4,353.78,South
16334,2024-02-06,799,21,5,405.1,North
16335,2022-08-02,629,2,1,349.79,West
16336,2023-06-10,881,14,5,230.85,West
16337,2022-07-11,461,5,1,167.21,East
16338,2023-11-25,812,7,4,424.36,South
16339,2023-10-04,895,11,2,265.18,East
16340,2023-07-09,858,35,5,393.9,South
16341,2023-01-22,952,30,3,497.9,East
16342,2023-11-12,482,44,2,325.5,East
16343,2024-02-15,950,46,2,146.39,East
16344,2022-07-22,949,1,1,434.12,East
16345,2024-10-06,626,16,4,144.1,East
16346,2023-03-23,586,47,3,137.6,North
16347,2024-06-18,972,1,4,46.23,West
16348,2024-12-27,241,22,4,48.5,West
16349,2024-02-17,982,13,2,432.54,West
16350,2022-06-27,814,27,3,123.06,South
16351,2024-04-08,54,15,5,63.26,South
16352,2023-07-13,671,17,3,182.77,North
16353,2024-10-23,467,9,1,359.64,North
16354,2022-04-13,109,5,2,176.42,North
16355,2022-04-26,280,23,3,161.55,North
16356,2024-05-08,665,44,1,249.15,East
16357,2023-04-09,675,49,5,20.39,North
16358,2022-04-14,57,43,4,250.63,North
16359,2022-09-16,840,11,4,495.11,North
16360,2024-07-17,837,24,1,401.68,North
16361,2024-03-20,214,8,2,44.54,West
16362,2023-10-04,508,47,4,330.86,East
16363,2024-03-17,28,34,2,235.94,North
16364,2024-10-19,204,42,2,414.86,South
16365,2023-07-14,545,31,4,58.28,West
16366,2022-01-27,309,22,5,124.04,West
16367,2023-05-23,634,14,3,397.66,South
16368,2023-06-11,528,5,4,426.11,East
16369,2024-02-14,666,17,3,269.36,East
16370,2024-08-10,908,18,2,19.65,West
16371,2022-10-25,343,19,5,447.92,South
16372,2024-02-16,218,7,2,197.55,East
16373,2022-12-27,617,26,5,29.44,West
16374,2023-05-19,589,25,1,411.22,South
16375,2023-08-11,87,18,5,214.85,East
16376,2022-01-30,31,44,5,103.1,East
16377,2022-05-06,100,15,2,402.77,West
16378,2023-08-19,667,29,4,234.28,North
16379,2022-09-20,804,46,4,307.83,West
16380,2024-07-24,315,42,3,413.33,West
16381,2024-05-21,495,49,1,265.99,West
16382,2022-01-02,618,1,5,64.13,South
16383,2023-01-29,471,4,3,482.24,East
16384,2022-11-02,742,9,5,150.4,South
16385,2023-06-14,515,36,5,497.18,East
16386,2023-06-12,734,32,1,12.95,South
16387,2024-08-22,633,24,1,247.06,North
16388,2023-11-02,672,37,3,355.42,North
16389,2022-12-18,783,18,4,454.09,North
16390,2024-03-20,998,15,5,392.37,West
16391,2022-07-28,331,20,2,135.26,South
16392,2024-08-15,194,40,3,129.22,South
16393,2022-07-24,730,2,5,184.73,East
16394,2023-09-17,191,25,1,64.16,North
16395,2023-12-22,252,13,1,338.09,South
16396,2023-09-28,738,27,1,471.22,South
16397,2024-11-04,1,13,1,324.63,North
16398,2024-05-07,459,28,4,271.35,West
16399,2023-04-21,645,46,4,256.64,South
16400,2022-10-25,90,15,5,300.38,East
16401,2023-07-11,518,29,5,358.2,North
16402,2022-04-17,483,21,3,399.55,West
16403,2022-05-08,756,44,1,352.18,North
16404,2023-04-04,645,31,1,355.47,North
16405,2022-02-07,116,23,2,476.35,North
16406,2022-07-17,73,37,2,450.68,South
16407,2022-12-23,156,3,1,413.72,North
16408,2022-01-07,723,50,2,31.25,East
16409,2023-06-03,69,35,2,337.75,West
16410,2022-07-13,471,14,1,232.94,West
16411,2022-11-12,492,2,4,312.62,North
16412,2024-10-21,300,50,4,346.28,South
16413,2024-12-21,144,13,5,360.18,East
16414,2022-12-09,711,2,4,436.02,East
16415,2023-08-24,206,12,1,455.9,East
16416,2024-11-07,918,27,2,307.35,West
16417,2023-09-12,713,34,1,448.14,East
16418,2024-04-01,751,40,3,384.66,North
16419,2022-08-23,407,5,2,109.34,West
16420,2024-12-28,939,25,1,27.3,North
16421,2023-03-23,580,11,5,14.85,East
16422,2023-09-02,683,13,5,297.45,South
16423,2022-01-08,922,28,2,265.58,South
16424,2023-04-07,297,21,4,351.22,East
16425,2024-09-26,582,49,5,422.99,West
16426,2022-05-14,799,48,3,90.58,West
16427,2023-01-20,529,26,2,429.65,South
16428,2022-02-25,137,27,3,58.06,East
16429,2024-09-19,219,26,2,442.79,East
16430,2022-05-18,823,15,4,426.74,North
16431,2023-06-19,518,50,1,351.51,North
16432,2022-05-24,710,6,2,157.01,East
16433,2024-05-18,448,4,1,55.77,West
16434,2023-10-18,132,4,2,391.26,North
16435,2022-02-25,363,30,4,116.76,West
16436,2023-09-12,963,13,3,226.06,West
16437,2024-10-26,344,9,1,270.12,South
16438,2023-06-26,696,42,3,345.87,North
16439,2023-03-23,18,14,2,248.84,West
16440,2024-05-23,416,28,2,350.32,West
16441,2023-10-01,725,40,4,408.88,East
16442,2023-09-03,560,3,2,359.4,East
16443,2024-04-16,541,41,4,156.76,East
16444,2024-02-19,928,29,2,448.2,West
16445,2024-04-16,153,33,3,279.78,West
16446,2023-05-25,332,15,2,238.03,West
16447,2024-03-22,750,47,1,291.77,South
16448,2023-07-18,319,39,5,246.78,North
16449,2022-09-22,777,15,1,380.0,North
16450,2022-01-10,199,7,1,216.13,North
16451,2022-10-29,526,45,4,390.59,East
16452,2024-03-15,788,12,2,382.48,South
16453,2024-12-11,980,50,3,145.67,East
16454,2022-04-09,10,39,2,57.01,West
16455,2023-08-16,139,7,5,426.97,North
16456,2024-11-02,167,47,2,92.77,South
16457,2022-12-23,147,41,5,25.28,North
16458,2024-07-16,403,6,5,207.14,East
16459,2022-01-11,757,26,1,134.53,West
16460,2022-03-22,939,9,5,117.98,East
16461,2022-01-06,445,24,5,94.43,South
16462,2023-01-08,70,30,3,377.11,South
16463,2023-04-26,328,16,4,393.88,South
16464,2022-08-10,833,48,2,32.73,West
16465,2023-05-30,919,27,3,277.94,North
16466,2024-12-19,616,33,4,76.22,North
16467,2022-08-09,229,23,1,254.78,South
16468,2022-12-15,828,45,3,180.49,East
16469,2022-08-16,650,19,3,108.89,East
16470,2022-10-17,319,36,1,474.55,South
16471,2022-10-20,898,19,5,478.81,East
16472,2024-03-20,36,22,1,286.35,East
16473,2024-08-13,630,42,2,102.14,West
16474,2023-01-23,255,45,1,295.8,East
16475,2023-09-07,313,33,3,464.96,South
16476,2023-01-01,962,45,1,195.1,North
16477,2023-10-20,335,10,2,77.49,West
16478,2022-10-17,20,47,5,349.91,North
16479,2022-07-08,298,32,5,331.57,West
16480,2024-07-06,21,15,4,10.68,West
16481,2024-07-12,478,39,4,428.27,West
16482,2024-09-14,768,46,2,333.77,North
16483,2023-01-10,760,8,4,105.89,South
16484,2024-01-30,472,25,5,11.59,East
16485,2022-08-05,962,18,5,486.43,North
16486,2024-12-01,678,15,4,379.79,East
16487,2022-07-13,470,26,1,188.88,West
16488,2022-06-12,349,41,5,222.07,West
16489,2022-10-03,767,44,4,274.04,West
16490,2022-12-30,590,21,4,362.13,East
16491,2024-02-14,965,22,2,94.74,West
16492,2023-04-25,792,46,2,105.91,South
16493,2023-11-20,794,34,5,33.65,South
16494,2023-04-05,386,37,3,493.04,West
16495,2023-06-23,942,37,4,439.03,South
16496,2024-08-31,877,14,1,280.95,South
16497,2022-03-26,546,4,3,220.83,North
16498,2022-08-31,446,24,4,126.35,East
16499,2024-05-29,983,2,3,301.54,West
16500,2023-10-19,937,1,4,348.35,North
16501,2022-03-29,99,2,4,347.7,East
16502,2024-01-12,655,13,3,13.15,West
16503,2024-09-11,55,27,2,354.0,North
16504,2023-04-16,3,17,4,434.52,East
16505,2023-02-20,332,45,5,66.31,West
16506,2024-12-10,934,17,3,380.13,South
16507,2023-11-13,435,5,2,413.39,South
16508,2024-12-22,913,24,1,145.32,East
16509,2024-06-17,486,8,4,358.93,North
16510,2023-08-24,219,44,4,57.41,East
16511,2024-02-15,211,9,5,328.11,West
16512,2024-06-19,817,18,2,260.06,South
16513,2023-04-28,496,16,4,426.43,South
16514,2022-06-18,661,32,2,231.46,South
16515,2022-05-27,232,40,4,219.77,West
16516,2023-03-15,600,39,1,467.55,North
16517,2024-06-06,920,41,5,467.79,West
16518,2022-06-09,723,44,1,27.5,East
16519,2024-03-24,735,46,1,247.93,North
16520,2023-02-06,808,32,3,88.87,South
16521,2023-08-09,148,42,1,144.12,South
16522,2024-05-13,207,48,5,336.41,North
16523,2024-11-07,360,2,5,73.35,East
16524,2022-05-20,419,38,4,15.52,North
16525,2022-11-24,944,43,1,366.29,West
16526,2022-08-13,739,4,2,324.26,West
16527,2023-07-12,417,5,3,452.31,South
16528,2023-03-15,872,37,3,275.73,East
16529,2023-01-21,696,49,3,473.21,West
16530,2023-06-05,553,37,5,308.56,East
16531,2023-09-12,182,26,5,199.7,East
16532,2024-02-26,556,43,4,308.15,South
16533,2024-12-30,210,9,1,377.1,South
16534,2023-07-05,849,15,5,180.3,West
16535,2023-03-23,968,24,3,192.54,South
16536,2022-04-17,250,24,5,318.67,West
16537,2024-07-04,512,35,1,233.24,South
16538,2024-06-22,596,48,5,268.22,North
16539,2023-06-28,139,41,1,491.22,West
16540,2022-10-07,990,25,4,31.45,East
16541,2022-01-24,987,26,5,327.47,West
16542,2024-08-09,231,23,1,462.21,North
16543,2022-04-30,910,6,1,125.74,South
16544,2024-05-04,938,41,2,113.89,South
16545,2024-10-12,975,27,4,187.87,East
16546,2024-08-01,12,19,5,46.3,West
16547,2023-03-24,980,31,2,284.54,West
16548,2024-09-22,273,38,5,326.27,West
16549,2024-11-13,488,43,3,411.74,West
16550,2024-12-20,90,32,3,42.43,East
16551,2022-03-25,974,2,1,223.73,South
16552,2022-08-13,25,18,2,394.26,South
16553,2022-07-05,538,28,1,386.47,East
16554,2023-01-10,943,7,1,46.08,South
16555,2022-03-13,665,23,1,15.58,West
16556,2022-03-15,985,36,3,393.83,North
16557,2022-06-02,572,24,1,77.61,North
16558,2022-04-06,60,28,1,293.12,East
16559,2023-03-21,795,25,1,56.18,North
16560,2024-04-07,171,39,1,154.8,South
16561,2024-12-10,588,49,2,87.44,West
16562,2023-01-12,788,4,5,370.83,East
16563,2024-02-04,447,45,2,339.63,West
16564,2022-07-31,720,19,4,76.3,South
16565,2023-12-25,921,4,2,39.07,South
16566,2024-02-14,667,13,4,238.5,East
16567,2022-11-27,692,1,3,105.82,South
16568,2024-01-21,594,34,5,13.99,North
16569,2024-04-03,10,7,1,139.49,West
16570,2023-01-29,243,25,4,115.47,West
16571,2023-05-27,178,23,3,345.63,South
16572,2023-11-17,798,30,5,431.82,North
16573,2023-09-13,257,49,4,126.44,West
16574,2023-08-27,310,7,3,119.29,South
16575,2023-12-19,516,45,1,200.01,East
16576,2022-12-15,215,17,3,94.55,South
16577,2023-05-30,903,33,3,473.94,East
16578,2023-02-03,30,2,1,129.33,East
16579,2022-08-02,346,38,4,55.73,South
16580,2023-07-16,65,44,3,282.88,North
16581,2022-09-15,636,13,1,273.43,South
16582,2023-11-25,797,32,4,319.64,West
16583,2024-11-29,153,22,1,483.68,North
16584,2024-09-24,40,9,2,168.51,South
16585,2024-03-30,26,17,4,186.19,North
16586,2022-07-29,273,18,2,175.15,East
16587,2022-09-29,159,40,3,318.03,North
16588,2023-08-22,701,40,3,305.99,East
16589,2024-12-19,776,27,3,269.12,East
16590,2024-11-04,581,11,4,188.52,West
16591,2024-10-19,1,28,5,219.55,South
16592,2022-09-12,79,8,4,398.33,West
16593,2024-01-07,228,50,4,308.53,West
16594,2023-12-23,327,18,5,360.99,East
16595,2023-06-19,558,13,4,145.6,West
16596,2024-10-20,620,33,2,456.63,East
16597,2022-01-17,501,15,5,27.23,South
16598,2024-05-31,475,22,5,301.89,North
16599,2024-08-11,355,38,2,408.05,South
16600,2024-04-05,124,30,5,434.48,North
16601,2024-09-18,987,6,5,166.58,West
16602,2024-05-27,660,45,2,235.28,West
16603,2022-07-04,978,34,1,27.1,North
16604,2024-11-01,424,19,1,396.99,West
16605,2022-03-21,252,49,1,71.04,South
16606,2024-03-19,514,33,2,219.76,East
16607,2022-10-29,734,14,3,495.5,North
16608,2022-05-13,701,48,4,459.69,East
16609,2024-10-25,507,47,5,171.71,North
16610,2024-01-26,486,41,2,119.7,South
16611,2023-09-21,478,19,4,133.33,West
16612,2024-10-06,583,40,2,345.54,West
16613,2024-02-12,871,15,5,365.64,North
16614,2022-05-21,333,10,3,116.08,West
16615,2023-04-28,609,2,2,127.6,East
16616,2022-12-11,232,50,4,168.46,East
16617,2023-04-19,542,2,4,222.26,East
16618,2024-12-30,30,21,5,459.56,West
16619,2022-06-24,727,12,1,22.99,South
16620,2024-04-21,173,10,5,322.72,South
16621,2024-05-15,792,12,5,432.23,East
16622,2023-04-14,468,39,1,364.45,South
16623,2023-10-06,476,2,3,116.2,West
16624,2023-11-12,952,1,2,243.61,South
16625,2024-08-12,723,2,4,456.04,West
16626,2024-04-28,317,23,2,66.7,South
16627,2022-08-29,397,28,2,493.88,West
16628,2023-12-03,125,17,4,80.38,West
16629,2022-12-06,80,40,1,79.78,South
16630,2024-03-03,696,21,4,408.3,West
16631,2024-01-14,527,44,1,415.89,South
16632,2023-04-08,523,34,1,28.58,West
16633,2024-03-11,396,9,5,92.47,South
16634,2022-01-15,854,17,3,474.78,South
16635,2024-11-30,89,49,5,146.88,South
16636,2022-07-27,3,42,3,16.0,South
16637,2024-12-19,536,45,1,134.48,North
16638,2022-12-31,601,32,5,370.36,East
16639,2023-08-31,521,5,2,459.06,South
16640,2022-06-09,988,14,4,86.03,North
16641,2023-02-01,558,46,4,119.96,West
16642,2024-03-04,606,47,4,226.35,North
16643,2023-05-15,71,25,3,376.67,North
16644,2022-07-28,700,22,4,332.76,North
16645,2023-03-09,139,5,3,170.49,North
16646,2023-09-01,10,38,3,42.51,East
16647,2023-01-24,515,9,3,133.95,North
16648,2024-09-23,531,31,2,117.59,East
16649,2023-08-06,130,41,1,20.32,West
16650,2023-03-08,401,21,2,487.77,West
16651,2022-12-17,221,36,1,135.13,North
16652,2022-05-14,642,1,2,419.9,West
16653,2024-12-25,437,22,3,247.58,East
16654,2023-10-01,400,23,1,486.42,East
16655,2022-04-27,113,23,4,83.28,North
16656,2022-05-29,650,15,2,64.23,South
16657,2022-06-28,452,46,1,11.21,East
16658,2022-05-28,555,1,4,362.04,West
16659,2023-04-10,218,6,5,160.12,South
16660,2024-09-02,58,40,3,436.47,South
16661,2023-07-23,113,35,2,320.56,North
16662,2024-10-25,700,17,2,292.94,West
16663,2023-06-10,122,23,5,248.58,South
16664,2022-10-07,408,20,1,136.51,East
16665,2023-05-14,460,28,2,41.7,North
16666,2024-04-15,85,37,2,227.35,South
16667,2023-03-12,618,18,2,58.57,South
16668,2024-03-26,400,7,2,453.81,North
16669,2023-11-18,356,49,5,416.37,West
16670,2024-04-07,99,47,3,313.68,North
16671,2024-08-26,521,20,2,231.7,North
16672,2023-09-04,518,24,5,232.56,South
16673,2023-08-18,108,16,4,237.61,West
16674,2022-05-12,961,13,2,375.28,West
16675,2023-01-28,974,28,1,71.84,North
16676,2023-04-26,152,7,5,270.33,West
16677,2023-09-20,906,15,1,408.21,North
16678,2023-02-23,850,23,3,259.96,North
16679,2023-10-14,749,23,4,16.73,East
16680,2023-10-20,969,31,1,129.9,East
16681,2023-04-07,27,5,2,337.61,North
16682,2022-06-01,119,27,5,467.76,East
16683,2022-08-10,723,44,4,447.94,South
16684,2022-03-20,100,10,5,413.13,North
16685,2022-04-09,3,42,4,475.58,South
16686,2024-06-30,806,7,1,147.16,North
16687,2022-08-01,969,32,3,16.07,South
16688,2023-12-03,842,23,5,183.64,East
16689,2024-12-11,329,47,2,292.74,North
16690,2024-08-24,529,9,5,165.07,North
16691,2022-05-15,106,29,3,31.66,East
16692,2023-02-15,230,27,1,258.52,South
16693,2024-02-24,304,38,2,107.85,North
16694,2024-12-03,177,21,2,366.51,East
16695,2022-09-18,939,43,1,53.71,East
16696,2024-01-13,84,6,5,479.48,West
16697,2023-06-29,263,26,2,439.57,East
16698,2023-01-23,196,20,5,438.19,East
16699,2022-01-16,249,15,5,397.05,South
16700,2023-10-24,382,45,1,320.46,North
16701,2022-04-12,458,38,3,36.18,North
16702,2024-08-08,661,20,3,334.59,East
16703,2024-07-19,718,15,5,375.99,East
16704,2022-01-25,409,29,1,74.1,West
16705,2024-12-31,81,6,3,311.72,East
16706,2022-01-18,701,16,5,244.65,North
16707,2023-07-24,412,1,2,241.5,North
16708,2024-10-13,206,6,2,107.74,West
16709,2024-04-10,820,16,4,372.32,North
16710,2024-11-01,781,33,4,463.31,West
16711,2024-10-31,802,7,4,396.02,East
16712,2022-06-12,895,10,3,190.83,South
16713,2024-05-21,873,8,2,492.25,West
16714,2024-04-14,963,21,2,188.44,North
16715,2024-05-06,388,26,3,124.87,West
16716,2024-12-04,812,37,2,484.36,South
16717,2024-08-27,894,18,2,397.01,West
16718,2023-08-16,767,4,5,383.01,West
16719,2022-09-12,399,20,2,47.94,West
16720,2022-03-08,980,48,5,104.09,North
16721,2024-07-06,8,42,4,19.07,East
16722,2023-09-06,626,48,1,390.56,East
16723,2024-08-31,517,40,5,146.34,North
16724,2023-08-26,450,19,2,74.79,East
16725,2024-12-01,476,33,4,99.13,East
16726,2023-01-19,342,23,1,324.15,North
16727,2024-08-23,73,9,1,222.19,South
16728,2023-04-30,860,38,4,471.28,South
16729,2022-02-08,121,45,4,189.29,East
16730,2022-01-11,302,45,1,418.6,East
16731,2023-09-16,961,18,1,277.77,West
16732,2023-02-13,884,46,2,355.62,South
16733,2022-04-18,996,2,5,92.64,North
16734,2022-03-25,881,48,5,377.0,North
16735,2022-02-27,234,17,1,51.97,South
16736,2024-11-05,66,16,1,348.65,East
16737,2024-09-17,230,46,3,238.1,North
16738,2024-04-17,922,45,1,121.98,West
16739,2023-08-28,543,48,5,245.39,South
16740,2024-08-26,819,24,2,429.28,South
16741,2022-06-14,809,31,3,85.81,East
16742,2023-03-13,51,1,5,93.12,West
16743,2023-12-28,659,28,2,271.66,South
16744,2023-02-07,607,49,3,316.37,South
16745,2023-12-17,329,33,3,215.9,East
16746,2024-03-24,387,42,3,140.53,North
16747,2023-12-23,38,37,3,42.92,South
16748,2023-06-15,710,39,3,34.4,East
16749,2022-10-20,753,4,3,30.0,East
16750,2024-10-19,173,1,4,451.63,West
16751,2023-04-07,493,33,2,74.37,West
16752,2023-10-04,768,10,5,154.61,North
16753,2022-02-13,455,3,1,493.09,South
16754,2024-06-10,41,37,5,464.46,West
16755,2023-09-28,921,45,4,31.0,South
16756,2023-06-23,985,21,4,280.12,South
16757,2024-05-11,946,9,3,320.41,South
16758,2023-06-03,129,40,4,36.52,South
16759,2023-12-12,54,43,5,366.78,North
16760,2022-03-30,86,24,4,494.06,South
16761,2024-11-07,724,46,5,220.4,East
16762,2023-11-04,269,8,3,230.21,South
16763,2024-05-13,296,24,3,333.08,North
16764,2024-06-08,21,24,4,370.91,North
16765,2023-02-26,215,10,1,396.99,South
16766,2024-05-25,425,35,3,48.01,West
16767,2023-12-03,189,4,2,402.34,West
16768,2022-12-04,161,44,2,433.4,South
16769,2022-09-23,713,9,3,32.16,West
16770,2024-03-13,541,11,4,29.18,East
16771,2022-12-26,381,43,3,279.94,East
16772,2024-10-10,244,48,4,253.44,South
16773,2022-08-05,183,13,5,490.25,West
16774,2022-11-17,544,27,1,154.26,North
16775,2024-04-29,779,30,1,299.2,East
16776,2023-12-20,948,46,5,258.27,South
16777,2024-09-18,548,39,5,272.51,North
16778,2024-08-10,93,12,5,333.24,North
16779,2023-12-18,368,19,1,273.42,East
16780,2024-09-11,159,40,3,13.4,West
16781,2024-06-14,398,4,2,423.42,North
16782,2022-10-14,959,49,4,108.57,South
16783,2024-01-27,180,34,2,123.27,South
16784,2023-05-11,438,23,4,327.51,West
16785,2023-06-26,373,45,1,244.1,West
16786,2023-09-27,306,26,3,291.5,West
16787,2024-07-27,985,7,2,253.77,West
16788,2024-11-18,379,18,5,214.75,South
16789,2023-11-29,950,42,5,246.82,South
16790,2022-03-16,218,4,5,79.13,North
16791,2023-05-13,982,8,2,484.96,North
16792,2023-12-23,329,22,3,291.63,South
16793,2022-11-04,865,26,3,150.54,West
16794,2023-12-05,343,13,5,359.29,North
16795,2024-06-02,739,46,2,441.25,South
16796,2022-09-10,724,17,5,155.27,South
16797,2024-07-24,865,44,4,169.01,East
16798,2023-02-01,163,36,4,224.89,South
16799,2024-09-12,878,41,2,116.47,North
16800,2024-11-18,158,47,4,406.8,West
16801,2023-05-09,110,15,1,296.25,West
16802,2024-08-16,567,18,1,37.95,North
16803,2024-09-18,350,27,1,498.38,West
16804,2022-04-12,726,6,4,291.74,North
16805,2024-04-06,365,34,3,446.07,West
16806,2022-06-26,897,41,1,255.79,South
16807,2024-09-10,15,5,5,295.4,East
16808,2024-07-15,153,12,3,232.69,East
16809,2022-08-20,532,29,2,217.15,South
16810,2022-01-12,967,37,4,116.97,East
16811,2024-01-31,400,12,5,481.44,South
16812,2024-07-20,52,25,2,99.07,South
16813,2022-09-23,855,47,4,267.94,North
16814,2024-01-27,469,34,4,52.68,West
16815,2024-11-20,321,11,5,496.75,North
16816,2023-04-01,879,23,4,282.28,East
16817,2022-09-16,596,24,4,409.15,South
16818,2023-03-07,367,49,4,285.84,South
16819,2023-04-14,979,18,3,404.44,East
16820,2023-10-09,838,10,1,271.86,West
16821,2023-03-23,486,5,5,228.04,South
16822,2024-02-22,736,31,3,233.39,West
16823,2022-07-14,641,25,5,11.15,South
16824,2023-04-07,862,17,3,191.62,South
16825,2022-07-15,894,28,4,476.45,North
16826,2022-02-05,16,1,4,341.03,West
16827,2022-03-08,411,45,3,460.47,South
16828,2023-10-07,274,2,4,108.13,East
16829,2024-10-31,589,49,1,250.67,South
16830,2022-11-18,812,47,5,26.9,West
16831,2022-08-28,306,40,4,341.76,South
16832,2024-10-13,92,2,2,394.17,West
16833,2024-12-19,458,27,3,376.42,East
16834,2023-10-12,270,8,3,52.52,North
16835,2023-07-16,52,27,4,131.29,East
16836,2022-06-14,861,37,3,331.36,East
16837,2024-04-10,121,17,2,381.91,South
16838,2022-07-08,971,4,3,144.36,West
16839,2022-04-02,50,44,2,209.06,East
16840,2022-10-16,891,50,3,182.12,North
16841,2024-12-12,475,38,3,12.24,East
16842,2022-06-24,492,31,2,292.49,South
16843,2023-04-19,785,5,5,337.87,South
16844,2022-09-27,380,25,1,145.45,East
16845,2023-02-11,632,28,2,347.01,North
16846,2023-11-25,387,19,1,128.95,East
16847,2023-01-11,958,37,3,360.61,South
16848,2022-07-01,607,42,5,234.02,West
16849,2022-02-05,661,23,2,437.25,East
16850,2022-05-14,289,36,5,276.92,West
16851,2024-05-14,769,45,2,100.48,West
16852,2024-07-12,454,13,4,412.79,North
16853,2023-11-21,371,17,2,391.06,North
16854,2023-05-06,184,50,1,51.27,East
16855,2024-04-20,772,30,4,33.54,West
16856,2024-09-14,662,23,3,76.78,East
16857,2024-04-18,205,49,2,424.2,North
16858,2024-12-05,954,3,1,166.99,West
16859,2023-10-30,172,13,3,257.33,West
16860,2024-10-16,825,32,1,305.45,East
16861,2023-03-08,222,45,3,374.31,South
16862,2024-01-18,168,35,2,416.68,South
16863,2024-04-07,244,2,5,262.77,West
16864,2023-06-01,218,47,3,213.72,West
16865,2023-04-07,56,3,5,106.01,East
16866,2024-08-23,575,48,3,307.68,South
16867,2022-06-30,615,29,5,279.44,West
16868,2022-05-25,885,10,2,152.67,West
16869,2024-01-05,167,20,1,228.64,West
16870,2023-02-10,519,34,2,372.43,South
16871,2024-03-23,142,15,3,317.27,West
16872,2024-08-26,125,40,4,246.05,South
16873,2024-08-12,90,45,1,143.44,East
16874,2023-04-29,914,1,5,337.32,South
16875,2023-04-27,311,26,1,317.55,South
16876,2022-12-05,371,32,1,234.53,North
16877,2022-09-25,952,2,2,126.88,West
16878,2022-09-23,216,32,3,95.69,South
16879,2023-06-12,441,41,2,176.31,South
16880,2024-11-08,635,29,3,455.27,East
16881,2024-05-21,884,20,4,379.4,South
16882,2024-07-14,186,23,2,446.62,East
16883,2023-03-06,883,12,4,422.87,North
16884,2024-03-05,153,44,3,234.85,South
16885,2024-07-29,761,10,1,269.92,North
16886,2024-11-26,626,19,4,93.1,West
16887,2022-10-30,96,10,4,363.23,North
16888,2023-02-05,710,19,3,216.75,South
16889,2024-04-02,336,26,3,89.02,North
16890,2022-12-10,515,24,2,56.72,South
16891,2024-05-12,149,9,2,351.11,North
16892,2023-06-02,928,29,3,246.28,East
16893,2022-06-14,898,29,4,14.41,West
16894,2024-11-02,623,37,5,414.01,East
16895,2022-01-25,532,28,2,313.54,East
16896,2022-05-09,715,3,3,28.8,West
16897,2024-03-27,883,23,5,159.3,East
16898,2024-10-14,402,4,5,363.98,North
16899,2023-08-18,694,14,5,38.92,North
16900,2023-03-12,331,38,5,370.76,North
16901,2022-07-01,227,13,1,257.4,North
16902,2023-09-08,804,28,2,393.6,North
16903,2024-01-14,358,39,5,429.07,South
16904,2022-02-12,588,44,5,386.2,East
16905,2023-02-08,829,20,3,48.26,East
16906,2023-08-28,316,28,3,235.58,South
16907,2023-10-18,735,32,1,166.18,East
16908,2022-09-20,885,14,5,259.16,West
16909,2022-03-11,36,13,1,483.24,East
16910,2023-10-23,509,11,3,70.95,East
16911,2024-05-21,478,38,2,434.14,South
16912,2024-04-01,428,39,4,495.52,North
16913,2022-05-27,836,42,4,495.11,North
16914,2022-01-25,450,15,1,400.38,North
16915,2023-11-24,812,9,3,238.13,West
16916,2022-09-08,845,3,4,97.22,North
16917,2023-04-27,90,5,5,308.02,East
16918,2023-12-16,541,28,2,309.08,South
16919,2024-03-26,176,42,3,165.05,West
16920,2023-11-13,420,15,1,312.24,North
16921,2022-06-24,732,3,3,67.11,South
16922,2022-01-02,648,50,2,320.66,West
16923,2023-10-01,901,35,3,449.39,East
16924,2023-12-07,864,7,1,241.31,North
16925,2022-12-28,990,30,5,384.64,East
16926,2023-07-24,974,24,3,321.46,West
16927,2023-08-13,687,31,1,11.5,East
16928,2022-07-21,638,14,5,69.78,West
16929,2024-10-01,171,16,4,389.67,North
16930,2024-12-21,394,4,3,29.82,South
16931,2022-05-06,266,3,5,478.56,West
16932,2024-09-18,504,35,4,448.1,North
16933,2022-02-18,134,9,3,187.56,East
16934,2024-04-25,784,4,3,162.09,South
16935,2022-06-28,956,19,2,310.34,South
16936,2023-05-08,26,24,3,309.78,West
16937,2023-07-26,277,11,3,53.63,North
16938,2022-10-29,100,15,5,115.54,West
16939,2024-08-21,442,36,1,321.87,West
16940,2024-09-16,425,31,2,402.38,West
16941,2024-09-03,874,8,3,104.08,North
16942,2022-09-26,30,2,5,353.95,West
16943,2023-09-16,645,50,5,436.53,North
16944,2022-04-10,906,3,1,67.72,South
16945,2022-08-03,496,3,4,225.16,South
16946,2023-09-17,863,21,3,426.77,North
16947,2022-04-07,651,12,4,191.61,East
16948,2024-03-29,998,14,1,142.03,West
16949,2023-09-22,191,23,5,375.35,South
16950,2023-07-02,903,13,4,206.38,West
16951,2022-12-03,187,16,1,356.09,West
16952,2022-12-25,140,17,4,71.93,East
16953,2024-03-26,320,18,5,281.22,North
16954,2022-12-26,891,13,3,195.94,North
16955,2024-10-11,749,26,2,498.68,West
16956,2022-12-13,369,45,5,299.78,East
16957,2023-07-06,297,40,4,344.26,West
16958,2023-06-22,956,39,3,74.21,North
16959,2023-10-16,200,31,2,496.06,East
16960,2023-02-26,796,40,1,35.19,East
16961,2022-12-02,379,17,3,44.71,South
16962,2022-02-26,80,32,5,47.11,East
16963,2024-10-13,447,1,4,436.59,North
16964,2024-06-30,501,35,2,367.01,North
16965,2023-12-18,259,36,3,486.8,West
16966,2022-10-12,613,19,2,42.61,North
16967,2023-12-23,544,28,2,348.92,North
16968,2023-01-21,789,2,3,271.3,North
16969,2024-08-07,121,29,4,323.18,West
16970,2024-02-09,55,43,1,261.33,South
16971,2024-04-19,493,29,3,340.92,South
16972,2022-01-11,18,43,1,454.46,South
16973,2024-08-29,309,19,2,297.86,East
16974,2023-11-03,880,28,2,449.24,South
16975,2022-09-17,633,34,4,393.26,East
16976,2023-01-28,110,31,3,433.81,East
16977,2023-08-23,331,37,3,333.03,South
16978,2024-11-05,573,19,5,264.12,North
16979,2024-01-26,946,32,4,44.08,South
16980,2023-12-12,264,29,3,419.1,East
16981,2024-10-30,268,9,2,128.59,East
16982,2023-04-22,435,7,4,27.96,East
16983,2022-01-24,450,12,5,264.34,West
16984,2022-11-08,297,31,5,319.93,West
16985,2023-04-07,918,18,2,334.3,South
16986,2022-01-22,639,28,3,338.16,South
16987,2022-06-29,137,50,2,330.32,East
16988,2024-03-01,590,21,5,406.01,South
16989,2023-12-31,719,9,4,386.99,South
16990,2024-01-19,907,34,3,408.29,East
16991,2023-12-17,397,34,2,235.53,West
16992,2022-12-05,184,47,3,40.78,South
16993,2023-06-15,412,24,4,323.39,South
16994,2023-11-23,601,16,5,113.01,North
16995,2022-06-11,320,28,2,431.17,North
16996,2024-12-20,741,46,5,363.62,West
16997,2023-05-05,576,47,2,385.28,South
16998,2022-01-05,326,35,3,150.35,South
16999,2022-03-17,567,6,1,320.2,South
17000,2022-01-07,805,38,2,268.76,East
17001,2023-11-12,417,41,2,141.54,South
17002,2023-04-18,793,11,5,407.99,South
17003,2024-03-22,882,4,1,279.48,North
17004,2024-04-17,791,14,1,103.49,South
17005,2023-08-26,700,13,1,159.57,North
17006,2022-11-14,952,15,1,121.28,West
17007,2022-08-20,703,49,4,163.08,South
17008,2022-11-24,904,8,3,102.2,East
17009,2022-08-26,785,43,2,191.86,West
17010,2024-08-07,607,24,3,350.05,West
17011,2024-06-13,90,11,3,480.06,South
17012,2023-09-11,759,48,3,113.16,South
17013,2022-09-07,441,35,3,156.92,North
17014,2022-07-17,75,25,4,11.06,West
17015,2023-02-20,574,23,5,120.4,North
17016,2024-01-02,734,47,4,215.04,North
17017,2024-07-26,267,45,2,236.25,South
17018,2022-08-04,963,7,1,140.5,West
17019,2024-03-25,936,5,5,83.66,East
17020,2023-09-02,936,32,2,285.9,North
17021,2023-05-26,633,28,1,210.5,West
17022,2024-07-06,312,44,4,218.87,West
17023,2022-06-06,821,3,3,448.54,West
17024,2022-06-11,853,30,2,285.11,South
17025,2022-02-11,483,44,3,200.29,South
17026,2022-10-30,28,5,3,134.36,South
17027,2024-10-10,342,33,3,220.01,North
17028,2024-02-03,426,20,5,432.32,South
17029,2022-04-30,883,30,1,482.9,West
17030,2023-11-05,814,44,3,194.84,West
17031,2023-10-23,786,22,2,112.4,South
17032,2022-05-03,535,22,5,458.11,North
17033,2023-10-15,410,38,1,80.77,South
17034,2024-07-09,611,29,2,155.72,South
17035,2024-10-10,285,21,5,110.03,West
17036,2024-02-28,820,18,5,287.26,West
17037,2022-09-14,622,48,1,210.23,East
17038,2024-01-27,715,11,3,150.71,South
17039,2023-08-21,106,10,2,386.28,East
17040,2024-03-01,504,35,4,335.42,West
17041,2023-11-11,46,26,3,497.8,North
17042,2024-10-29,769,50,4,162.87,North
17043,2024-03-06,447,44,2,424.19,East
17044,2023-08-31,144,46,4,158.23,West
17045,2022-11-27,537,4,4,14.43,East
17046,2022-02-25,62,10,1,83.94,East
17047,2022-04-15,742,39,1,259.15,West
17048,2023-07-01,82,16,1,406.9,South
17049,2024-03-03,336,41,4,38.13,South
17050,2023-05-04,211,30,4,417.69,West
17051,2024-12-09,400,3,5,360.88,East
17052,2022-10-30,709,34,5,26.91,West
17053,2024-10-21,347,25,1,62.08,East
17054,2023-10-12,198,38,5,47.06,West
17055,2023-10-10,377,42,3,342.71,East
17056,2023-01-16,162,36,5,284.9,West
17057,2022-06-11,208,4,5,185.84,West
17058,2022-01-19,821,42,3,53.27,West
17059,2024-08-31,919,10,3,202.56,West
17060,2022-08-31,427,13,2,344.26,North
17061,2022-05-09,44,6,4,55.77,West
17062,2023-02-13,800,7,4,429.73,South
17063,2024-03-02,491,28,1,40.83,South
17064,2024-07-31,279,37,2,308.01,North
17065,2022-08-10,916,15,2,102.68,West
17066,2023-03-21,787,30,2,54.9,South
17067,2023-09-10,733,40,2,183.94,West
17068,2023-06-07,968,10,5,336.79,West
17069,2022-06-15,797,12,2,69.32,East
17070,2023-12-09,146,17,1,243.09,South
17071,2024-01-13,69,48,4,208.99,East
17072,2024-10-05,652,30,2,219.45,North
17073,2024-07-01,522,1,4,472.27,West
17074,2024-11-02,111,36,3,181.02,North
17075,2022-12-31,549,40,1,495.9,South
17076,2022-08-13,593,24,3,273.81,East
17077,2024-09-22,608,38,2,422.82,East
17078,2022-07-13,55,21,5,180.94,South
17079,2022-02-26,644,42,5,51.54,North
17080,2022-08-01,223,32,1,51.36,East
17081,2022-04-27,896,18,2,291.33,South
17082,2023-08-22,575,13,2,465.66,West
17083,2023-02-14,986,37,2,44.9,East
17084,2024-03-22,524,44,2,347.67,East
17085,2024-07-17,146,21,1,285.99,East
17086,2022-01-04,264,18,1,329.6,South
17087,2022-01-23,544,40,1,115.62,North
17088,2024-07-09,468,46,5,44.55,North
17089,2024-01-15,561,47,2,46.62,North
17090,2023-08-25,872,26,3,130.9,South
17091,2024-09-14,959,5,4,114.68,South
17092,2023-04-14,973,5,1,71.92,North
17093,2024-08-27,187,31,1,139.69,West
17094,2023-09-19,343,28,5,271.65,South
17095,2022-07-26,963,49,5,475.26,North
17096,2024-10-10,99,13,4,461.91,North
17097,2022-03-22,679,49,5,143.14,West
17098,2023-09-07,306,11,1,42.44,South
17099,2023-04-28,725,1,2,497.86,East
17100,2023-08-15,199,24,2,243.44,East
17101,2022-02-02,758,13,5,489.37,South
17102,2022-02-04,154,18,4,273.44,South
17103,2024-09-26,919,24,2,444.32,West
17104,2024-12-09,96,29,1,229.14,North
17105,2022-10-07,575,28,2,314.79,East
17106,2022-06-01,706,38,4,272.51,West
17107,2023-12-02,935,45,5,117.74,West
17108,2024-01-05,834,22,3,384.26,West
17109,2024-10-15,359,20,2,36.85,East
17110,2023-10-27,814,11,1,187.58,North
17111,2024-07-11,399,20,4,436.25,North
17112,2023-03-29,784,41,2,256.32,East
17113,2023-09-12,376,13,3,48.05,West
17114,2024-11-22,602,47,5,111.69,North
17115,2022-01-16,328,24,2,63.72,East
17116,2024-01-09,272,43,4,146.04,South
17117,2023-12-16,597,24,2,91.0,West
17118,2023-12-15,295,48,5,358.86,South
17119,2022-04-08,395,17,4,333.12,East
17120,2022-04-26,472,5,3,76.19,East
17121,2024-08-22,548,30,1,228.05,North
17122,2022-12-15,18,14,5,154.96,South
17123,2022-08-20,919,15,2,175.24,East
17124,2024-11-01,77,9,3,292.23,North
17125,2024-09-10,49,14,4,450.36,East
17126,2023-10-01,498,10,4,449.69,South
17127,2022-10-12,426,22,4,212.38,East
17128,2023-09-28,871,31,2,202.67,East
17129,2023-06-29,748,13,5,263.81,West
17130,2023-01-27,556,17,3,242.32,East
17131,2022-03-18,621,1,4,40.27,East
17132,2022-10-24,129,14,1,293.59,East
17133,2022-11-26,519,44,5,296.52,West
17134,2024-12-22,304,39,3,230.67,South
17135,2022-09-27,112,35,3,212.84,West
17136,2022-08-04,725,1,4,470.08,North
17137,2023-05-25,912,27,1,304.4,South
17138,2023-08-02,816,45,4,409.98,North
17139,2024-12-12,974,22,5,477.38,North
17140,2023-05-11,939,34,2,406.95,South
17141,2024-08-05,819,9,5,472.06,East
17142,2022-04-04,363,50,1,382.05,North
17143,2023-09-17,66,36,2,93.36,East
17144,2022-08-17,31,48,3,121.2,South
17145,2022-09-07,295,32,4,105.01,North
17146,2023-12-22,777,38,5,167.84,North
17147,2024-09-06,809,20,4,183.95,South
17148,2022-07-01,319,27,5,407.48,South
17149,2022-09-24,14,3,4,186.82,East
17150,2024-09-30,570,11,2,366.34,South
17151,2022-10-08,970,24,4,452.87,West
17152,2024-08-19,856,29,1,66.13,West
17153,2023-10-29,242,5,1,10.13,East
17154,2023-06-15,353,33,4,445.44,North
17155,2023-02-27,248,8,3,126.75,East
17156,2024-09-07,610,19,1,85.18,North
17157,2023-03-30,468,4,5,154.65,North
17158,2022-09-24,960,41,4,101.15,North
17159,2023-05-22,924,35,4,398.89,South
17160,2022-11-12,388,30,1,320.91,East
17161,2024-02-03,674,5,3,91.98,East
17162,2024-06-16,900,48,5,295.95,East
17163,2024-08-10,759,40,1,111.96,East
17164,2024-05-24,838,38,1,106.8,West
17165,2024-07-04,442,3,2,301.77,North
17166,2022-01-22,342,16,1,335.7,North
17167,2023-01-19,516,8,5,179.64,East
17168,2022-04-13,818,45,2,384.07,South
17169,2024-06-18,773,5,3,420.24,South
17170,2024-01-03,843,38,3,459.01,West
17171,2022-04-20,45,35,1,316.77,South
17172,2024-12-24,419,8,5,117.81,East
17173,2023-11-01,723,36,3,376.75,West
17174,2024-11-08,756,25,5,62.84,West
17175,2023-01-19,203,49,5,98.8,North
17176,2022-07-09,715,8,2,418.07,South
17177,2024-02-01,885,21,1,456.31,South
17178,2022-12-26,539,46,5,42.69,South
17179,2024-05-24,386,9,5,162.94,East
17180,2024-06-04,950,32,5,318.3,North
17181,2022-03-20,630,44,1,469.94,North
17182,2023-08-19,968,13,2,289.66,East
17183,2024-06-04,738,23,5,412.29,West
17184,2024-10-11,360,8,4,462.15,North
17185,2022-05-29,468,35,2,264.33,North
17186,2022-01-10,983,28,1,372.82,West
17187,2024-03-02,975,15,3,334.58,South
17188,2024-12-14,944,29,5,338.97,North
17189,2024-05-21,205,4,4,263.36,East
17190,2022-06-29,247,34,3,315.36,North
17191,2024-01-14,991,37,3,281.64,South
17192,2023-01-16,49,24,5,322.49,South
17193,2023-03-27,366,21,5,257.55,East
17194,2023-01-29,253,2,3,119.02,North
17195,2024-08-22,78,7,4,349.87,North
17196,2023-03-09,769,11,2,198.18,South
17197,2024-08-11,632,12,5,72.59,North
17198,2024-08-03,987,4,5,427.15,South
17199,2024-11-29,417,35,1,98.86,East
17200,2024-02-05,35,40,5,274.95,North
17201,2024-06-26,438,26,1,363.35,South
17202,2022-03-26,312,18,3,327.37,East
17203,2024-02-23,143,37,4,88.82,West
17204,2024-03-26,197,16,1,105.13,North
17205,2023-12-08,997,12,1,82.94,South
17206,2022-09-27,260,41,2,45.55,South
17207,2024-04-20,366,40,3,148.8,West
17208,2024-11-08,596,37,1,266.83,North
17209,2024-11-29,192,19,1,94.75,East
17210,2023-05-31,487,15,3,485.72,North
17211,2024-11-22,534,22,5,352.43,West
17212,2023-03-26,24,20,4,295.88,West
17213,2023-11-16,943,43,3,343.9,South
17214,2023-09-17,75,13,2,223.62,South
17215,2024-06-03,878,23,2,240.26,East
17216,2022-11-15,646,31,4,445.45,East
17217,2023-05-03,923,26,2,363.75,West
17218,2023-03-27,394,45,3,298.21,East
17219,2022-12-19,679,32,5,475.6,East
17220,2024-08-12,458,21,2,334.69,East
17221,2024-11-02,110,17,3,205.36,South
17222,2022-11-16,90,29,2,33.25,West
17223,2022-03-26,37,29,1,201.43,South
17224,2022-09-05,822,48,1,463.15,East
17225,2023-07-22,993,22,5,31.88,South
17226,2023-11-15,563,49,1,100.44,West
17227,2023-10-06,572,19,1,406.29,North
17228,2023-04-24,584,14,2,188.83,East
17229,2023-12-14,640,39,2,101.09,North
17230,2023-01-03,307,23,4,409.68,East
17231,2022-12-23,62,41,5,283.64,South
17232,2023-02-12,305,2,1,278.75,East
17233,2022-06-28,179,32,4,153.95,South
17234,2023-01-02,540,38,2,340.82,West
17235,2024-11-25,752,33,4,432.29,West
17236,2023-04-08,932,7,1,377.6,South
17237,2024-04-07,744,48,4,310.09,West
17238,2022-05-26,665,34,3,181.75,South
17239,2023-01-15,932,4,5,428.85,South
17240,2022-06-17,845,23,1,287.39,West
17241,2022-03-28,444,20,3,445.9,East
17242,2022-06-03,519,22,4,134.55,North
17243,2023-05-12,577,46,1,330.6,East
17244,2022-11-11,969,29,4,468.24,West
17245,2023-12-24,635,43,5,193.3,South
17246,2024-02-03,988,41,5,476.12,East
17247,2022-09-19,36,37,2,202.31,West
17248,2023-05-02,750,3,3,224.47,North
17249,2023-03-30,478,22,5,405.16,East
17250,2023-03-19,73,20,3,137.78,South
17251,2023-06-27,30,25,4,355.88,South
17252,2022-12-16,739,34,3,156.21,South
17253,2024-04-03,303,42,1,300.95,West
17254,2023-03-14,347,29,2,390.22,East
17255,2022-06-18,797,10,3,22.81,West
17256,2022-01-23,511,39,3,53.35,East
17257,2024-09-14,517,47,5,467.84,North
17258,2023-11-07,65,37,1,409.76,North
17259,2022-10-08,747,40,5,439.73,North
17260,2023-12-23,627,50,3,225.08,South
17261,2022-09-10,453,20,4,361.01,East
17262,2023-02-08,831,38,5,499.15,East
17263,2022-05-13,758,23,5,221.94,West
17264,2023-09-10,861,11,1,424.92,South
17265,2022-08-20,952,8,5,48.85,South
17266,2023-06-29,529,29,5,276.49,West
17267,2022-03-20,895,36,2,173.29,North
17268,2024-11-24,819,25,3,266.31,South
17269,2023-05-10,369,39,1,65.9,South
17270,2022-11-24,37,34,5,190.16,South
17271,2024-08-24,856,47,3,47.5,North
17272,2023-11-21,884,32,1,232.02,South
17273,2023-01-19,381,41,5,226.48,North
17274,2023-07-01,219,23,4,171.56,East
17275,2023-01-27,649,21,2,474.67,South
17276,2024-06-27,246,19,1,50.64,West
17277,2023-11-16,550,25,4,414.19,South
17278,2023-06-25,251,23,1,183.91,North
17279,2022-10-24,565,19,1,107.66,West
17280,2022-02-25,909,5,2,143.55,East
17281,2024-11-05,346,19,4,451.93,West
17282,2022-03-07,821,35,5,414.2,East
17283,2024-08-15,715,12,3,17.72,South
17284,2024-11-12,887,39,4,82.19,East
17285,2023-12-03,472,25,1,340.76,West
17286,2024-01-30,887,5,4,165.53,North
17287,2023-05-01,993,12,3,460.38,North
17288,2024-03-31,561,27,4,395.39,West
17289,2024-06-06,122,4,3,438.77,North
17290,2022-06-26,326,19,2,104.51,West
17291,2022-07-14,931,45,1,83.85,North
17292,2024-11-02,528,47,5,466.65,North
17293,2024-05-25,781,24,4,208.06,West
17294,2022-06-15,748,42,2,213.7,West
17295,2023-07-11,121,28,4,345.44,East
17296,2022-06-16,139,33,2,204.75,West
17297,2023-12-10,87,35,3,438.84,West
17298,2023-12-19,130,50,2,479.95,East
17299,2022-04-07,252,16,3,172.93,South
17300,2023-11-10,862,12,2,111.95,South
17301,2023-02-08,787,16,4,46.9,East
17302,2022-10-18,360,11,5,115.04,East
17303,2022-05-16,813,43,1,78.33,South
17304,2024-06-07,430,28,5,24.27,South
17305,2024-05-30,47,23,2,32.86,North
17306,2023-01-02,945,46,3,259.59,East
17307,2023-07-02,591,17,4,356.82,East
17308,2024-06-20,501,19,1,491.8,East
17309,2022-09-05,810,11,1,86.28,East
17310,2024-02-05,929,4,4,352.13,North
17311,2022-03-11,876,10,2,281.46,West
17312,2024-01-16,425,19,1,244.28,East
17313,2024-09-22,375,36,4,363.7,North
17314,2022-11-25,965,43,2,126.94,East
17315,2024-11-05,854,39,4,162.53,South
17316,2023-11-30,731,41,1,198.46,East
17317,2024-03-16,111,22,5,99.37,South
17318,2022-10-01,227,2,1,244.52,South
17319,2023-06-08,787,33,1,74.61,East
17320,2022-08-07,768,40,5,165.89,North
17321,2024-10-20,39,27,2,65.45,West
17322,2023-05-28,135,19,4,27.58,East
17323,2023-04-09,295,48,2,184.05,East
17324,2023-03-27,610,46,2,312.6,East
17325,2024-07-12,34,4,4,84.43,East
17326,2024-07-21,987,19,2,496.79,West
17327,2023-04-24,428,25,3,144.43,West
17328,2022-11-12,965,6,1,21.12,East
17329,2023-11-02,68,47,3,23.74,South
17330,2023-11-29,703,13,4,336.62,East
17331,2024-09-19,199,22,5,338.24,East
17332,2024-02-07,560,4,5,452.32,East
17333,2024-06-25,259,2,4,54.51,West
17334,2024-05-27,725,3,4,194.42,North
17335,2024-11-18,674,46,2,445.74,West
17336,2022-03-30,625,30,1,400.86,South
17337,2023-01-10,137,4,3,124.39,West
17338,2022-12-30,829,48,4,446.08,North
17339,2022-05-27,916,43,5,343.6,West
17340,2022-11-10,936,29,1,139.52,North
17341,2023-07-02,381,45,1,31.96,West
17342,2024-03-06,524,33,2,253.75,West
17343,2024-06-17,871,13,5,359.41,West
17344,2022-04-11,238,47,1,141.64,South
17345,2022-04-17,284,39,5,92.68,East
17346,2024-05-06,688,32,3,46.89,South
17347,2024-07-25,737,28,5,422.59,South
17348,2022-10-18,458,37,1,36.82,East
17349,2023-09-09,587,28,5,308.61,West
17350,2023-08-11,135,27,5,383.99,West
17351,2023-08-19,82,25,5,392.44,South
17352,2024-09-03,595,30,1,330.31,East
17353,2024-12-09,654,6,3,329.87,East
17354,2024-05-17,209,30,5,242.31,West
17355,2024-08-27,727,9,3,214.19,West
17356,2023-12-23,403,6,1,77.3,West
17357,2022-06-07,822,29,4,272.32,East
17358,2022-11-24,767,23,5,44.8,South
17359,2024-01-05,188,6,3,239.42,West
17360,2023-09-25,493,22,5,368.14,East
17361,2022-11-23,759,2,2,227.0,North
17362,2023-05-23,255,31,2,259.06,West
17363,2024-05-19,323,6,1,422.68,South
17364,2022-08-29,674,42,3,326.83,North
17365,2023-03-11,857,5,3,72.52,West
17366,2024-11-17,425,20,5,276.04,North
17367,2023-12-05,415,12,2,188.64,West
17368,2023-08-12,167,38,5,111.35,North
17369,2023-02-17,590,38,5,327.5,South
17370,2023-07-23,485,8,1,199.39,East
17371,2024-09-15,436,49,4,385.98,West
17372,2024-12-07,687,50,1,297.39,North
17373,2023-04-29,532,43,1,61.09,North
17374,2023-10-30,608,33,1,181.67,East
17375,2022-05-31,481,39,5,142.22,East
17376,2022-08-13,180,40,5,83.49,North
17377,2022-09-13,607,31,5,402.11,North
17378,2022-03-02,71,3,5,195.48,South
17379,2023-01-31,702,19,2,310.5,East
17380,2023-01-15,901,48,3,442.19,West
17381,2022-12-15,441,8,2,276.07,East
17382,2022-01-31,644,30,3,136.46,South
17383,2022-03-12,139,31,5,397.44,South
17384,2023-02-01,787,29,2,223.52,South
17385,2022-01-02,102,6,3,286.28,North
17386,2024-07-17,468,2,4,452.02,South
17387,2023-07-16,283,23,1,249.74,South
17388,2022-05-26,29,44,3,174.0,North
17389,2022-06-28,18,30,2,366.42,North
17390,2022-09-21,933,38,2,75.42,West
17391,2022-07-23,957,46,4,457.72,East
17392,2023-11-30,756,39,3,458.62,North
17393,2024-11-19,687,9,1,293.91,East
17394,2022-02-28,508,7,2,85.6,South
17395,2024-10-29,601,47,5,231.52,East
17396,2024-09-14,20,44,5,217.42,North
17397,2022-06-16,326,49,3,156.17,East
17398,2024-06-25,356,15,4,95.8,West
17399,2024-06-16,433,15,1,139.21,West
17400,2024-03-01,399,21,3,282.21,East
17401,2022-08-30,18,14,3,346.0,West
17402,2024-06-26,550,11,1,490.0,West
17403,2024-02-16,376,11,2,115.72,East
17404,2022-07-18,601,20,5,109.97,North
17405,2024-11-22,340,13,2,67.35,East
17406,2023-02-12,150,45,4,470.11,West
17407,2022-08-09,716,30,1,197.11,South
17408,2024-12-28,233,40,2,462.75,West
17409,2024-04-19,104,39,3,445.82,South
17410,2024-02-27,956,20,3,31.55,South
17411,2023-07-08,623,45,4,147.09,South
17412,2023-08-01,737,43,4,158.24,East
17413,2023-06-17,221,38,1,145.9,South
17414,2022-12-01,962,8,2,218.41,East
17415,2024-10-17,26,37,3,254.66,North
17416,2022-09-03,64,42,1,381.52,East
17417,2023-09-03,254,33,1,141.17,North
17418,2022-11-25,249,26,3,156.39,North
17419,2023-07-01,736,44,2,303.32,West
17420,2022-12-05,826,39,5,97.84,South
17421,2024-09-20,131,8,4,241.86,South
17422,2024-03-17,30,18,2,132.98,North
17423,2024-10-30,787,39,5,107.02,South
17424,2023-11-24,10,14,5,399.87,East
17425,2023-03-06,89,18,3,356.49,West
17426,2024-12-25,430,21,5,132.41,South
17427,2024-03-16,147,23,4,213.44,East
17428,2023-09-04,127,4,1,85.57,South
17429,2022-02-04,698,10,2,36.05,East
17430,2023-07-11,124,43,4,296.76,West
17431,2023-05-06,619,11,5,188.15,North
17432,2022-09-11,341,20,1,111.55,South
17433,2022-01-17,518,19,1,66.16,East
17434,2022-09-18,51,1,5,343.21,East
17435,2023-12-29,398,31,4,143.02,West
17436,2023-05-16,314,2,5,454.62,West
17437,2024-10-12,648,41,2,104.47,East
17438,2022-10-13,514,49,1,129.45,North
17439,2022-01-07,502,5,3,427.35,North
17440,2023-10-21,530,34,1,290.49,West
17441,2024-07-25,761,4,5,63.11,East
17442,2022-02-21,982,27,5,279.24,South
17443,2022-08-31,697,39,3,160.98,South
17444,2023-06-02,734,49,3,371.1,North
17445,2024-08-27,740,3,1,48.12,East
17446,2022-04-19,860,26,5,459.76,West
17447,2024-07-09,419,41,1,244.32,East
17448,2022-03-07,194,1,4,369.8,West
17449,2024-10-30,312,16,5,355.28,South
17450,2022-07-21,996,35,1,97.34,North
17451,2024-06-19,722,19,5,441.25,East
17452,2022-08-02,299,16,5,124.02,North
17453,2022-03-09,329,33,2,103.38,North
17454,2024-01-29,476,31,1,265.11,East
17455,2024-05-15,584,22,5,492.43,West
17456,2022-11-23,117,44,3,163.56,East
17457,2024-12-09,264,20,3,482.58,North
17458,2024-11-06,517,6,2,223.19,North
17459,2023-06-07,781,35,5,418.99,East
17460,2024-09-14,519,39,1,269.69,West
17461,2024-09-30,21,3,1,110.58,South
17462,2023-05-19,477,32,3,441.2,West
17463,2024-01-26,549,13,4,45.26,West
17464,2023-04-18,173,48,5,344.55,North
17465,2024-05-07,948,14,2,417.07,West
17466,2023-06-25,944,41,2,417.69,South
17467,2024-05-18,62,8,5,331.1,West
17468,2024-05-27,206,47,5,132.99,North
17469,2024-07-28,613,19,2,270.52,West
17470,2024-05-26,631,45,2,318.47,North
17471,2024-03-07,179,14,1,445.95,North
17472,2023-04-17,644,11,2,88.24,West
17473,2024-04-17,888,50,3,237.81,East
17474,2022-03-25,342,35,2,173.24,East
17475,2023-01-12,440,36,2,219.58,West
17476,2022-07-23,75,3,3,99.69,East
17477,2024-10-05,290,25,3,116.54,South
17478,2023-05-19,557,13,5,387.23,South
17479,2023-06-23,144,16,2,244.4,South
17480,2022-01-17,649,28,3,261.93,East
17481,2023-07-29,208,45,1,449.76,North
17482,2023-07-30,743,27,4,127.59,West
17483,2024-10-11,272,10,3,171.34,West
17484,2024-11-28,607,18,4,161.22,North
17485,2022-05-10,415,8,2,333.03,South
17486,2022-04-25,397,7,1,285.6,East
17487,2024-08-07,384,49,1,241.06,East
17488,2024-12-04,261,22,5,337.31,North
17489,2022-08-04,891,38,5,247.12,West
17490,2024-04-27,639,47,2,409.82,East
17491,2023-11-20,943,9,3,211.02,South
17492,2024-09-29,167,42,1,446.4,East
17493,2022-09-22,18,40,2,68.62,South
17494,2023-09-09,660,39,2,56.03,South
17495,2022-10-28,247,29,3,331.29,West
17496,2024-09-11,642,37,1,200.96,West
17497,2023-02-10,296,50,1,233.3,South
17498,2022-06-10,414,48,1,351.05,South
17499,2022-01-26,778,47,5,115.12,North
17500,2022-03-24,320,42,1,31.52,East
17501,2022-06-22,554,29,4,225.06,East
17502,2024-09-25,715,28,3,448.42,West
17503,2024-03-04,693,21,1,230.86,North
17504,2024-12-29,861,33,3,290.26,North
17505,2024-04-14,181,26,3,112.1,West
17506,2022-01-06,296,38,4,237.4,East
17507,2024-03-06,656,15,1,245.52,North
17508,2023-06-09,944,2,3,125.22,East
17509,2022-03-04,893,12,1,90.26,North
17510,2024-11-02,61,33,4,181.63,West
17511,2024-01-31,988,15,5,29.04,North
17512,2022-07-24,209,45,5,91.56,East
17513,2024-06-15,166,1,5,368.36,South
17514,2022-02-09,882,33,5,328.08,North
17515,2024-11-20,300,4,2,163.26,West
17516,2024-05-26,655,28,3,280.07,South
17517,2024-04-04,351,14,2,416.4,South
17518,2024-06-27,61,49,1,421.18,North
17519,2023-02-02,263,45,5,330.64,South
17520,2023-09-26,124,12,1,70.79,East
17521,2024-04-18,238,6,4,89.82,West
17522,2023-08-23,542,20,3,152.92,East
17523,2023-09-17,932,48,4,338.65,West
17524,2024-07-26,767,21,3,136.42,South
17525,2024-06-02,881,16,4,237.57,East
17526,2023-03-01,90,12,4,414.51,North
17527,2023-01-22,139,20,3,446.97,South
17528,2024-09-30,891,45,1,420.89,North
17529,2024-05-07,966,33,4,67.05,North
17530,2023-09-15,362,50,3,456.27,East
17531,2022-03-31,413,2,3,345.23,West
17532,2023-01-20,860,34,4,313.21,South
17533,2024-09-23,719,26,1,131.3,East
17534,2023-10-09,93,33,5,464.83,East
17535,2023-02-26,134,42,2,18.51,South
17536,2024-05-23,880,30,5,50.27,West
17537,2022-02-22,204,1,4,85.3,North
17538,2024-09-12,819,46,4,350.13,West
17539,2024-10-10,848,8,3,315.2,South
17540,2023-11-16,622,1,1,472.89,North
17541,2022-06-28,38,46,1,181.0,South
17542,2022-10-20,457,10,4,180.33,East
17543,2023-01-10,534,32,1,338.07,South
17544,2024-12-18,737,40,2,95.34,East
17545,2024-12-13,858,2,1,237.38,North
17546,2024-03-06,438,31,1,17.56,East
17547,2022-01-16,680,4,3,300.1,South
17548,2022-06-25,647,12,4,394.16,West
17549,2022-05-09,622,31,1,109.84,South
17550,2024-06-02,224,41,4,160.51,South
17551,2023-03-02,168,23,1,74.6,West
17552,2022-12-20,107,33,1,311.68,East
17553,2024-01-20,380,8,1,286.37,East
17554,2024-01-14,24,49,3,414.93,North
17555,2024-10-23,511,16,1,485.47,South
17556,2023-04-24,809,15,5,491.99,West
17557,2024-09-02,307,41,2,62.51,West
17558,2022-02-13,935,40,1,281.04,North
17559,2022-06-04,358,26,5,396.93,West
17560,2024-08-04,370,14,4,332.9,South
17561,2024-07-16,997,12,3,449.52,East
17562,2022-04-09,723,27,4,226.44,West
17563,2022-06-20,171,47,3,219.28,East
17564,2022-05-28,581,31,4,22.8,West
17565,2022-05-03,222,4,4,17.67,West
17566,2022-04-22,443,30,2,349.4,West
17567,2024-10-19,153,4,2,241.02,North
17568,2024-10-08,862,31,2,333.51,South
17569,2022-03-09,376,34,4,126.73,North
17570,2024-04-07,281,4,3,432.92,West
17571,2024-06-10,713,20,2,452.4,South
17572,2024-10-25,219,18,3,334.53,West
17573,2022-08-18,920,47,3,146.12,West
17574,2022-06-09,958,8,1,115.92,East
17575,2022-07-05,616,42,5,316.49,North
17576,2024-10-10,811,2,4,470.98,East
17577,2024-05-26,827,9,5,293.28,West
17578,2023-07-06,822,16,4,421.26,South
17579,2022-05-27,486,22,3,287.05,East
17580,2023-03-12,510,12,5,340.55,East
17581,2024-01-02,335,5,1,288.21,North
17582,2022-03-01,742,39,5,291.93,East
17583,2024-04-22,410,15,5,372.23,South
17584,2023-02-08,54,45,1,204.16,South
17585,2024-05-30,701,8,1,452.96,West
17586,2023-09-07,734,24,2,433.11,West
17587,2022-12-02,75,19,4,365.4,East
17588,2024-04-10,349,37,3,374.28,North
17589,2022-10-12,975,18,5,212.49,South
17590,2022-05-09,684,21,5,417.94,North
17591,2022-11-11,393,49,3,466.98,South
17592,2024-08-17,554,39,1,399.62,East
17593,2022-03-12,157,14,1,75.18,South
17594,2022-12-11,847,15,5,395.44,West
17595,2022-06-25,81,49,5,237.64,West
17596,2024-06-02,208,3,3,308.26,North
17597,2022-05-23,826,45,3,495.67,East
17598,2024-07-19,86,11,4,186.08,West
17599,2024-11-12,744,3,1,180.78,North
17600,2022-06-30,447,30,2,138.94,North
17601,2024-12-04,177,6,2,72.29,South
17602,2022-04-02,511,6,3,92.41,North
17603,2022-02-03,619,31,4,261.99,East
17604,2023-11-09,139,22,5,455.8,East
17605,2024-01-29,102,21,3,406.85,North
17606,2023-01-17,473,38,3,99.42,East
17607,2024-08-23,822,38,3,285.23,East
17608,2023-01-22,542,6,2,424.99,East
17609,2023-06-19,194,29,3,274.35,West
17610,2022-07-19,833,46,4,456.6,South
17611,2022-10-02,756,11,2,454.86,East
17612,2023-05-16,486,48,4,180.64,East
17613,2023-04-04,314,22,2,438.23,East
17614,2022-02-19,697,39,4,296.71,East
17615,2024-08-27,805,6,1,245.12,North
17616,2024-09-14,247,30,1,389.39,West
17617,2023-06-16,630,43,2,396.91,East
17618,2024-09-30,438,25,1,340.96,East
17619,2023-09-20,73,36,5,407.34,North
17620,2022-12-05,69,1,4,476.2,North
17621,2024-12-12,754,22,2,437.81,East
17622,2022-01-04,152,9,1,46.38,East
17623,2022-10-08,831,45,2,426.51,West
17624,2022-03-14,987,8,5,392.95,South
17625,2024-02-07,94,34,2,464.1,North
17626,2024-08-28,435,16,2,372.39,South
17627,2024-09-24,783,19,3,440.15,North
17628,2022-07-27,431,8,3,15.01,West
17629,2022-09-17,457,12,3,489.12,East
17630,2024-07-18,430,43,3,103.54,West
17631,2022-09-20,229,41,4,433.47,North
17632,2024-02-22,30,31,5,465.51,West
17633,2023-05-20,625,42,2,11.09,West
17634,2022-07-22,335,33,5,457.7,West
17635,2022-02-21,660,19,2,416.31,East
17636,2022-12-29,569,27,3,461.98,South
17637,2022-02-14,177,24,4,96.67,South
17638,2024-04-06,824,49,2,390.95,South
17639,2024-02-28,568,28,2,248.87,North
17640,2024-02-10,409,4,1,136.27,North
17641,2022-05-22,777,12,4,380.52,East
17642,2024-03-07,237,23,4,241.89,East
17643,2022-02-06,278,20,4,450.94,East
17644,2022-02-14,77,40,5,358.26,West
17645,2024-07-08,933,28,3,78.18,East
17646,2024-12-05,636,48,1,132.87,West
17647,2023-07-19,540,1,5,139.62,West
17648,2022-10-28,654,41,3,178.58,North
17649,2022-10-15,158,11,2,336.56,West
17650,2024-02-25,167,44,1,448.22,East
17651,2022-09-26,185,31,5,300.91,South
17652,2024-03-01,389,41,1,378.38,East
17653,2024-12-21,12,38,3,165.2,South
17654,2023-08-04,931,9,5,266.01,South
17655,2024-07-24,169,6,5,257.02,North
17656,2022-12-20,831,6,1,353.52,East
17657,2024-08-25,426,3,2,263.8,West
17658,2022-03-12,893,32,2,173.78,East
17659,2024-04-14,449,35,2,129.51,North
17660,2023-02-17,494,16,3,134.81,East
17661,2023-09-04,449,2,1,490.63,North
17662,2024-12-20,106,36,3,185.16,West
17663,2023-09-07,766,41,3,405.24,South
17664,2023-06-13,427,7,2,44.97,North
17665,2022-07-10,956,35,2,53.93,East
17666,2022-03-19,916,30,2,346.21,West
17667,2024-06-07,98,45,1,234.03,North
17668,2024-08-06,631,46,1,441.44,West
17669,2022-01-17,226,29,2,432.49,North
17670,2024-03-25,447,41,3,380.27,West
17671,2023-03-10,887,1,1,409.5,South
17672,2024-12-02,664,44,5,436.55,North
17673,2024-12-27,476,1,3,393.95,East
17674,2022-07-31,203,41,3,268.18,South
17675,2022-07-22,968,7,4,139.73,South
17676,2023-12-27,675,3,1,395.82,North
17677,2022-04-19,297,36,5,165.68,East
17678,2024-08-25,634,39,1,129.96,West
17679,2022-10-11,16,31,3,94.12,North
17680,2024-07-29,378,25,1,317.32,North
17681,2024-01-07,336,47,3,128.81,North
17682,2024-07-20,618,24,5,193.67,North
17683,2023-08-26,774,1,3,357.44,West
17684,2023-05-06,20,38,2,398.98,East
17685,2022-01-19,440,31,3,164.23,West
17686,2024-03-11,244,37,2,422.97,South
17687,2024-01-30,244,11,5,38.4,North
17688,2024-07-17,971,49,5,493.08,West
17689,2022-10-25,392,3,3,214.27,South
17690,2023-12-06,724,12,2,169.19,West
17691,2024-03-25,736,20,3,462.6,East
17692,2024-03-13,865,30,5,74.87,West
17693,2023-01-08,262,10,2,185.32,North
17694,2024-07-16,220,39,4,185.86,South
17695,2024-08-08,8,15,4,217.94,East
17696,2024-04-23,446,21,5,425.69,South
17697,2024-08-04,14,18,2,426.2,West
17698,2023-03-19,387,32,3,299.9,South
17699,2022-05-22,642,19,5,495.96,East
17700,2023-02-06,22,30,5,423.64,North
17701,2024-04-02,225,33,1,343.72,West
17702,2022-08-10,235,22,3,107.73,South
17703,2024-01-07,341,45,3,279.37,West
17704,2024-09-20,966,29,4,114.81,South
17705,2022-04-23,1000,24,1,157.81,East
17706,2024-12-29,711,4,3,346.07,North
17707,2023-08-21,134,50,3,100.37,North
17708,2024-06-22,178,12,4,54.51,South
17709,2023-04-30,556,36,1,270.46,West
17710,2023-07-05,520,4,1,10.47,North
17711,2024-10-30,792,5,2,308.37,South
17712,2022-01-03,539,19,5,451.66,West
17713,2023-10-24,437,41,2,103.22,North
17714,2022-03-08,51,39,1,197.56,South
17715,2023-12-06,924,31,4,459.02,East
17716,2022-04-08,443,7,2,354.9,South
17717,2024-12-16,581,12,4,76.3,East
17718,2022-03-29,979,10,1,197.18,North
17719,2024-08-29,969,29,4,380.44,West
17720,2023-10-15,281,21,2,335.74,North
17721,2023-10-18,44,13,1,86.27,East
17722,2024-06-30,687,23,1,40.62,North
17723,2023-01-06,631,6,2,344.02,East
17724,2023-01-10,365,31,5,308.42,East
17725,2022-02-21,888,9,2,39.08,South
17726,2022-02-10,269,24,2,487.66,West
17727,2024-03-26,693,16,3,133.69,South
17728,2022-04-01,565,11,1,199.15,South
17729,2022-02-08,293,36,3,97.02,East
17730,2024-11-02,703,1,3,415.98,South
17731,2024-06-18,194,21,3,481.66,West
17732,2023-09-13,371,44,4,114.52,East
17733,2022-04-14,552,36,2,148.75,West
17734,2024-01-13,78,37,3,356.19,West
17735,2022-02-12,189,6,4,268.67,South
17736,2022-07-28,607,14,4,61.48,South
17737,2023-08-23,390,29,1,465.02,East
17738,2023-08-28,25,1,2,309.46,South
17739,2023-04-21,615,8,5,157.62,East
17740,2022-04-19,302,47,2,250.0,West
17741,2022-08-02,671,44,4,255.12,North
17742,2023-02-13,358,19,2,267.45,East
17743,2024-02-10,720,23,1,253.68,East
17744,2023-09-25,959,39,2,285.28,South
17745,2022-03-18,859,41,4,202.74,North
17746,2022-04-05,94,11,4,81.62,North
17747,2022-09-26,836,27,3,335.65,West
17748,2022-12-27,551,40,4,398.32,West
17749,2023-06-14,336,36,1,422.1,East
17750,2023-11-14,164,42,4,20.76,West
17751,2022-06-11,903,20,2,208.27,South
17752,2023-04-10,341,42,5,489.43,West
17753,2024-04-02,834,8,4,40.66,West
17754,2023-07-02,567,46,1,394.92,West
17755,2022-02-21,72,36,1,71.8,West
17756,2023-05-03,42,26,1,414.07,North
17757,2022-04-02,411,35,1,339.39,West
17758,2023-10-13,898,3,2,365.27,East
17759,2022-12-23,838,4,3,488.89,West
17760,2023-12-20,644,44,5,470.35,South
17761,2022-07-18,21,29,3,159.14,West
17762,2024-03-25,1,50,3,193.86,West
17763,2022-08-05,678,28,3,209.52,East
17764,2023-07-10,572,19,2,98.48,North
17765,2024-03-13,76,43,5,196.76,South
17766,2023-12-02,603,28,4,489.72,North
17767,2023-05-18,398,18,4,249.89,East
17768,2023-04-14,719,14,5,476.77,North
17769,2023-01-01,88,43,5,45.01,South
17770,2023-09-16,594,14,1,29.25,North
17771,2024-07-08,17,29,3,291.91,North
17772,2023-07-15,329,3,1,370.76,South
17773,2024-04-02,943,34,2,116.55,East
17774,2024-08-24,210,9,2,256.65,West
17775,2023-10-25,824,40,5,437.74,South
17776,2024-01-21,383,5,2,383.24,East
17777,2023-01-18,565,29,5,123.59,East
17778,2022-11-05,640,41,4,173.89,North
17779,2022-06-25,146,5,3,159.84,South
17780,2022-08-16,453,45,2,362.56,East
17781,2022-12-13,816,43,1,484.41,East
17782,2024-10-17,393,43,2,147.24,East
17783,2022-12-16,310,44,3,298.27,North
17784,2023-03-31,931,13,2,494.39,South
17785,2023-03-17,492,26,5,87.21,North
17786,2024-01-31,760,9,2,332.95,East
17787,2023-05-30,430,4,4,172.67,East
17788,2022-10-15,1,39,4,495.92,West
17789,2022-01-08,41,31,2,63.3,South
17790,2022-03-28,585,5,1,231.12,South
17791,2024-09-24,672,7,2,134.94,South
17792,2022-10-13,212,28,5,25.52,East
17793,2022-03-15,333,40,5,482.16,East
17794,2024-03-16,808,14,5,288.4,East
17795,2022-06-07,651,24,1,353.39,South
17796,2023-03-06,446,42,4,313.93,West
17797,2024-04-25,942,38,5,82.75,North
17798,2022-02-05,304,5,5,93.57,North
17799,2024-10-17,555,47,2,316.96,West
17800,2024-08-31,691,48,4,392.11,East
17801,2024-10-14,701,34,5,309.42,East
17802,2023-12-14,758,28,5,289.48,West
17803,2024-12-05,810,47,2,375.52,West
17804,2023-05-03,154,8,2,129.37,North
17805,2023-09-11,616,21,3,368.51,North
17806,2022-06-19,523,24,2,211.5,East
17807,2022-05-26,25,24,2,340.28,West
17808,2024-05-17,808,13,3,144.61,South
17809,2023-02-24,25,49,5,77.36,East
17810,2023-07-27,596,15,2,24.29,South
17811,2024-10-23,106,46,1,403.7,North
17812,2024-03-09,753,25,3,106.51,West
17813,2022-11-17,119,45,3,188.1,North
17814,2022-09-03,971,28,5,386.74,North
17815,2023-04-22,108,39,2,230.59,North
17816,2024-02-22,330,8,1,116.6,East
17817,2023-06-17,180,31,5,105.43,North
17818,2022-08-25,881,7,2,209.89,South
17819,2024-09-01,131,47,5,286.94,South
17820,2023-11-10,807,39,3,202.25,East
17821,2023-08-02,603,17,3,453.24,West
17822,2022-05-10,931,50,2,11.88,West
17823,2022-01-11,753,35,5,206.99,North
17824,2022-09-14,759,22,2,373.99,North
17825,2024-03-26,168,7,4,446.54,South
17826,2023-01-04,223,10,2,185.62,North
17827,2024-08-01,469,28,4,340.06,South
17828,2024-05-31,278,39,3,294.37,South
17829,2022-01-19,190,43,1,108.75,East
17830,2022-04-20,531,29,3,343.66,West
17831,2023-05-20,526,35,1,132.29,East
17832,2024-11-23,997,22,5,394.11,East
17833,2024-09-29,755,9,1,434.29,North
17834,2022-09-12,621,36,5,244.43,North
17835,2023-09-30,946,8,4,36.52,West
17836,2022-05-14,190,30,5,371.3,North
17837,2023-05-14,983,30,2,238.94,West
17838,2023-02-01,218,31,2,56.31,West
17839,2023-10-09,299,22,2,172.26,West
17840,2023-11-16,311,44,3,152.41,North
17841,2022-01-19,236,31,2,365.92,East
17842,2024-10-07,168,40,5,217.79,South
17843,2022-04-29,780,47,5,297.65,South
17844,2022-10-29,193,28,5,255.54,East
17845,2022-08-15,242,46,2,364.89,South
17846,2022-12-22,162,5,4,361.84,East
17847,2023-12-02,876,17,4,229.91,West
17848,2023-05-02,339,11,3,76.17,North
17849,2022-08-11,791,22,5,209.86,East
17850,2024-09-21,455,47,5,88.47,East
17851,2023-05-15,135,25,3,479.99,North
17852,2024-11-11,193,13,5,475.57,West
17853,2022-12-31,402,36,1,233.78,North
17854,2024-12-03,392,45,3,23.54,North
17855,2023-06-03,601,45,5,193.58,West
17856,2023-06-13,42,11,3,448.6,South
17857,2022-07-05,93,5,1,151.13,East
17858,2024-03-08,215,14,1,314.77,South
17859,2024-09-08,349,22,2,100.13,South
17860,2022-12-14,513,3,5,414.33,East
17861,2024-07-10,335,50,1,447.03,West
17862,2024-07-09,399,35,1,311.41,South
17863,2024-08-14,924,32,1,315.64,West
17864,2022-12-27,164,38,2,195.49,South
17865,2022-07-01,106,40,5,356.47,West
17866,2022-04-07,232,24,3,244.45,North
17867,2023-07-17,992,28,2,375.29,North
17868,2022-11-10,558,21,5,484.57,North
17869,2024-08-12,717,49,1,412.96,South
17870,2022-01-21,533,33,2,263.49,West
17871,2024-03-15,177,28,4,489.66,West
17872,2023-07-30,679,39,4,307.47,South
17873,2023-02-07,294,50,1,41.79,West
17874,2023-09-05,265,36,5,367.88,North
17875,2024-08-27,788,10,5,411.83,East
17876,2023-11-24,852,37,2,76.07,North
17877,2024-08-16,520,40,4,342.85,East
17878,2024-05-21,270,25,5,461.25,East
17879,2024-04-19,830,45,2,133.2,South
17880,2022-04-13,212,17,2,296.65,West
17881,2022-11-29,163,4,4,144.55,North
17882,2024-01-23,823,10,1,389.46,East
17883,2022-05-14,557,25,2,294.52,South
17884,2023-03-01,917,32,1,219.76,West
17885,2024-07-25,745,8,4,24.2,South
17886,2023-05-20,53,42,2,472.95,South
17887,2024-05-20,233,45,3,253.89,North
17888,2022-07-09,438,12,4,404.01,South
17889,2023-09-04,854,21,4,202.03,South
17890,2022-02-21,683,45,3,426.06,West
17891,2023-09-04,518,27,4,88.42,East
17892,2023-01-09,951,30,3,123.43,East
17893,2023-01-10,44,10,3,173.36,East
17894,2023-01-24,603,21,4,53.41,East
17895,2023-11-05,708,1,3,227.48,North
17896,2024-03-14,516,9,3,248.1,South
17897,2023-02-08,633,3,4,66.25,East
17898,2023-08-16,575,49,3,219.28,West
17899,2024-01-02,92,42,1,106.68,North
17900,2023-05-20,759,19,4,438.85,East
17901,2022-03-24,731,6,4,259.55,West
17902,2022-11-15,954,7,1,476.46,West
17903,2024-12-26,438,43,5,177.3,West
17904,2023-02-18,337,16,2,177.28,West
17905,2023-03-29,743,36,3,175.97,North
17906,2024-01-16,294,4,3,141.46,South
17907,2022-07-17,700,18,2,394.28,South
17908,2022-09-16,820,32,3,148.54,West
17909,2022-10-25,925,32,3,151.13,East
17910,2022-10-27,680,18,1,32.98,South
17911,2022-05-09,967,39,1,483.03,South
17912,2023-05-13,264,43,1,444.28,East
17913,2023-03-14,105,37,1,153.33,East
17914,2022-07-26,993,28,4,265.18,North
17915,2022-10-21,224,50,3,246.55,North
17916,2022-01-29,419,39,2,52.97,North
17917,2022-06-28,978,2,3,270.29,West
17918,2022-02-10,115,37,4,65.53,West
17919,2022-12-10,891,37,4,222.7,South
17920,2024-03-26,235,2,3,53.02,North
17921,2024-01-07,784,19,3,298.57,West
17922,2023-09-18,274,5,1,34.01,South
17923,2022-10-05,955,44,4,317.93,North
17924,2023-06-13,230,13,3,356.54,South
17925,2022-03-27,729,22,2,289.72,West
17926,2022-11-13,34,7,2,240.05,North
17927,2023-11-24,388,2,1,39.79,South
17928,2024-05-12,709,14,1,15.56,East
17929,2022-11-11,501,25,3,177.79,South
17930,2022-08-13,895,26,2,387.91,East
17931,2024-12-13,462,5,4,327.17,East
17932,2022-03-09,449,20,5,71.39,South
17933,2024-10-17,829,12,2,347.09,South
17934,2024-05-05,214,36,4,291.71,East
17935,2024-12-31,46,31,2,91.69,North
17936,2024-06-01,405,17,3,380.1,East
17937,2024-08-28,333,16,5,416.85,North
17938,2022-07-19,240,10,5,123.95,East
17939,2022-11-28,254,35,3,321.58,East
17940,2023-07-01,228,33,3,195.28,West
17941,2022-03-07,733,38,1,38.65,East
17942,2024-01-01,891,35,4,432.06,South
17943,2023-07-22,166,27,4,412.16,South
17944,2023-10-19,585,7,1,165.79,West
17945,2023-02-08,737,27,4,270.44,West
17946,2023-09-10,511,41,5,261.06,South
17947,2023-08-19,598,12,2,96.95,West
17948,2023-10-10,593,46,5,81.38,East
17949,2022-05-26,956,33,1,423.69,East
17950,2024-01-31,727,13,4,435.01,South
17951,2022-05-05,676,2,4,365.34,South
17952,2023-04-25,390,3,2,45.66,South
17953,2024-09-28,752,11,2,455.48,South
17954,2023-12-13,423,5,2,490.57,East
17955,2023-12-16,925,2,5,390.05,North
17956,2024-03-25,411,46,1,183.17,South
17957,2024-11-19,581,28,1,208.83,West
17958,2022-02-25,649,13,1,436.12,East
17959,2022-05-12,664,46,5,147.29,West
17960,2022-08-19,447,35,3,79.51,North
17961,2023-01-30,403,40,4,413.17,South
17962,2024-09-08,97,13,5,104.73,East
17963,2024-08-20,379,12,1,454.58,West
17964,2024-07-21,670,18,5,301.88,West
17965,2024-06-26,186,18,5,282.13,West
17966,2023-06-17,680,17,3,390.12,West
17967,2024-08-22,244,39,2,18.07,South
17968,2023-03-24,631,22,1,359.63,East
17969,2022-05-06,708,13,5,303.26,West
17970,2023-07-09,503,45,2,266.65,East
17971,2023-11-25,288,38,4,116.49,East
17972,2023-05-04,369,19,4,416.42,North
17973,2023-09-04,65,24,4,132.82,North
17974,2024-06-09,162,19,5,249.99,West
17975,2023-03-22,597,21,5,87.46,South
17976,2023-05-23,927,24,3,487.12,South
17977,2023-04-02,571,30,1,105.32,South
17978,2024-09-12,974,28,2,403.58,West
17979,2023-01-20,794,48,4,138.91,South
17980,2023-12-13,662,35,2,135.46,East
17981,2024-07-17,418,46,3,216.64,East
17982,2023-03-28,481,38,4,424.47,North
17983,2023-10-16,633,17,2,346.9,East
17984,2023-06-05,269,48,1,437.1,West
17985,2023-06-22,767,34,1,33.13,South
17986,2022-05-25,736,9,3,478.29,West
17987,2024-12-27,567,13,2,47.8,East
17988,2023-12-01,648,14,3,363.32,North
17989,2022-05-11,190,26,3,111.51,East
17990,2024-01-03,406,21,3,422.01,North
17991,2023-05-28,765,44,5,432.56,West
17992,2023-10-02,489,20,1,280.11,West
17993,2022-01-01,312,11,5,207.41,West
17994,2023-03-08,596,42,5,398.75,West
17995,2023-01-26,917,50,1,438.28,West
17996,2023-02-03,866,35,3,371.75,North
17997,2024-03-18,689,48,2,454.39,East
17998,2023-01-30,94,31,3,317.0,North
17999,2024-08-09,390,18,3,338.53,West
18000,2022-06-23,547,14,5,290.21,East
18001,2024-12-04,411,49,2,249.2,West
18002,2024-05-04,212,5,1,330.88,North
18003,2023-06-23,638,17,4,284.97,West
18004,2024-01-15,369,21,1,368.31,East
18005,2023-12-22,742,14,2,467.77,North
18006,2022-02-19,168,3,1,192.79,South
18007,2024-12-20,14,31,5,211.47,South
18008,2022-08-31,586,25,2,17.37,East
18009,2023-08-20,564,47,4,268.25,North
18010,2022-10-03,874,44,4,74.39,North
18011,2024-11-20,207,17,2,360.84,South
18012,2022-01-08,808,26,1,392.0,South
18013,2023-12-16,43,17,4,364.14,East
18014,2022-02-02,880,19,2,277.86,North
18015,2024-03-20,442,27,2,271.77,North
18016,2024-07-16,515,7,2,326.81,East
18017,2024-05-11,911,26,3,281.8,North
18018,2022-02-06,941,5,1,377.64,South
18019,2022-02-03,607,2,2,448.32,North
18020,2023-03-31,395,16,2,272.7,North
18021,2023-03-20,238,45,3,64.07,North
18022,2022-07-31,679,11,5,74.21,West
18023,2023-12-03,531,39,3,194.2,North
18024,2023-08-31,719,23,2,253.18,South
18025,2024-09-08,742,35,1,120.27,West
18026,2022-12-27,404,6,3,231.85,North
18027,2022-10-31,214,37,2,76.51,East
18028,2022-10-23,967,1,1,128.01,North
18029,2022-06-01,568,33,3,369.64,East
18030,2023-08-23,846,18,4,492.93,West
18031,2022-07-30,374,3,1,101.24,East
18032,2022-08-20,132,19,2,176.16,East
18033,2024-05-19,9,10,1,181.84,North
18034,2023-11-26,743,20,1,119.43,South
18035,2023-01-02,153,11,2,109.99,West
18036,2023-04-26,431,32,4,74.53,East
18037,2023-07-26,483,40,1,454.68,East
18038,2024-07-18,997,20,2,328.19,North
18039,2024-11-05,305,32,1,152.33,South
18040,2023-04-11,923,43,5,136.47,West
18041,2022-10-21,284,37,4,298.96,South
18042,2022-06-20,472,22,5,351.64,East
18043,2024-11-21,993,4,1,133.97,North
18044,2022-09-20,993,13,4,180.11,North
18045,2023-07-12,190,6,2,152.4,West
18046,2022-07-08,528,29,5,52.98,North
18047,2024-02-25,512,2,4,199.4,East
18048,2023-08-06,343,25,4,271.47,East
18049,2024-09-28,430,32,1,331.13,North
18050,2023-08-23,715,26,5,214.2,East
18051,2024-04-25,686,26,2,491.85,West
18052,2022-12-08,680,38,3,316.66,South
18053,2024-08-11,851,22,1,444.43,North
18054,2022-01-22,34,10,4,458.83,North
18055,2022-06-15,471,23,5,412.49,North
18056,2022-08-22,394,4,3,142.29,South
18057,2023-10-03,741,16,4,221.33,North
18058,2023-08-30,495,42,5,10.19,South
18059,2023-06-24,513,33,5,231.19,West
18060,2024-11-24,322,13,3,153.94,West
18061,2022-11-14,115,46,4,64.83,North
18062,2022-12-09,214,44,3,420.91,North
18063,2024-09-05,766,13,2,339.99,East
18064,2023-09-29,145,33,1,499.56,East
18065,2022-03-20,559,14,1,254.21,East
18066,2024-06-11,792,8,2,172.05,South
18067,2023-07-27,178,26,4,139.27,South
18068,2023-03-25,725,22,3,223.33,South
18069,2022-10-09,360,46,1,161.84,South
18070,2023-11-06,285,1,2,495.47,North
18071,2022-02-26,245,49,5,99.57,South
18072,2022-07-10,765,16,1,19.37,South
18073,2023-10-06,206,44,1,73.7,East
18074,2022-02-11,584,29,2,446.85,East
18075,2023-11-10,734,23,3,350.02,East
18076,2023-05-17,342,5,1,394.15,East
18077,2024-02-29,727,21,3,167.03,South
18078,2024-01-20,360,50,2,315.12,West
18079,2024-01-12,499,36,5,356.87,South
18080,2022-06-14,141,20,1,169.94,South
18081,2024-01-25,960,43,3,365.02,East
18082,2022-03-31,668,8,3,318.53,West
18083,2024-09-13,222,26,4,155.16,North
18084,2024-12-17,389,41,3,35.9,North
18085,2023-10-10,330,25,3,126.55,East
18086,2024-01-20,743,42,2,313.57,North
18087,2024-03-29,393,7,3,303.53,East
18088,2022-08-31,654,22,4,258.75,North
18089,2023-10-25,358,33,5,133.22,East
18090,2024-05-07,394,5,4,227.82,East
18091,2022-08-07,929,38,5,80.58,North
18092,2022-01-09,587,12,1,334.57,North
18093,2023-03-06,40,44,5,435.89,North
18094,2022-01-13,902,14,5,237.21,West
18095,2024-06-25,273,7,4,114.37,South
18096,2024-08-27,420,28,2,415.66,South
18097,2023-11-21,70,46,2,163.41,West
18098,2024-12-26,829,16,5,301.04,West
18099,2023-11-08,623,41,4,46.96,West
18100,2022-07-03,458,2,2,361.79,East
18101,2024-10-01,945,49,2,235.73,South
18102,2022-07-27,234,31,4,217.44,South
18103,2023-06-12,197,36,5,468.07,North
18104,2024-03-28,851,14,1,250.83,North
18105,2024-09-29,711,46,4,18.21,South
18106,2023-03-31,509,28,4,480.31,East
18107,2024-06-20,536,47,4,15.98,South
18108,2022-09-01,819,32,5,272.58,North
18109,2024-02-10,938,28,5,320.46,East
18110,2022-08-26,147,12,4,448.3,East
18111,2022-12-11,574,13,2,342.81,South
18112,2022-11-06,459,22,1,407.46,South
18113,2022-02-07,67,42,3,387.26,West
18114,2022-02-01,30,48,4,114.63,South
18115,2022-10-19,107,29,4,353.23,North
18116,2022-10-19,678,30,5,322.42,East
18117,2024-01-28,390,15,5,129.55,East
18118,2023-08-01,879,40,3,72.88,East
18119,2023-08-28,995,4,5,378.3,South
18120,2023-03-23,406,33,5,485.85,North
18121,2022-10-05,121,46,2,371.84,East
18122,2024-09-20,11,9,1,377.23,South
18123,2023-06-16,584,38,2,91.69,East
18124,2024-09-10,347,16,4,131.06,North
18125,2023-08-25,253,26,2,297.02,South
18126,2023-07-16,797,43,3,25.4,East
18127,2024-10-30,119,27,2,337.28,East
18128,2023-08-14,887,11,5,80.96,North
18129,2022-02-28,520,46,3,212.56,North
18130,2023-04-04,215,43,3,166.89,North
18131,2022-04-14,733,26,4,62.16,South
18132,2024-04-10,80,14,4,293.6,North
18133,2024-02-28,419,1,5,187.01,North
18134,2022-04-14,584,11,1,31.55,West
18135,2024-01-12,712,30,3,227.77,East
18136,2022-10-28,685,24,5,299.23,North
18137,2023-10-16,289,50,4,73.9,West
18138,2023-07-09,234,49,4,296.65,East
18139,2023-09-20,261,4,1,157.99,West
18140,2024-07-17,958,22,3,137.23,North
18141,2022-12-26,933,46,3,399.79,South
18142,2022-03-28,657,8,5,239.19,East
18143,2023-03-04,22,47,1,195.18,West
18144,2023-01-02,78,16,2,408.38,West
18145,2022-12-09,742,33,5,456.07,West
18146,2022-12-13,672,33,3,164.39,North
18147,2022-04-06,14,10,5,34.7,East
18148,2024-06-02,748,2,5,274.95,East
18149,2023-05-01,148,44,5,360.43,West
18150,2023-08-27,662,4,5,298.02,South
18151,2023-02-16,30,23,3,347.15,East
18152,2023-03-24,438,27,1,326.89,East
18153,2022-09-04,673,33,1,478.44,North
18154,2024-02-09,773,33,4,434.3,West
18155,2023-11-30,530,41,4,74.6,North
18156,2023-02-25,63,20,2,231.78,South
18157,2022-05-04,430,13,1,232.84,West
18158,2024-07-29,135,11,5,233.6,South
18159,2024-05-26,157,19,4,466.04,South
18160,2022-01-13,569,49,5,170.32,North
18161,2024-03-10,943,32,2,310.99,West
18162,2024-11-12,777,3,1,449.19,East
18163,2024-08-02,254,13,3,34.76,West
18164,2022-07-19,187,28,2,440.49,North
18165,2022-10-30,880,22,3,384.83,East
18166,2024-01-08,873,19,1,111.86,South
18167,2022-06-25,379,31,3,169.5,East
18168,2024-11-18,327,20,1,162.19,West
18169,2023-11-08,199,24,5,118.44,North
18170,2023-06-19,881,32,2,322.88,West
18171,2023-04-22,171,9,5,491.59,West
18172,2023-01-18,315,19,1,91.64,South
18173,2023-07-10,6,23,1,123.77,North
18174,2022-11-30,878,25,5,152.28,West
18175,2024-06-16,256,33,5,469.41,East
18176,2024-07-19,879,49,5,316.65,East
18177,2023-11-16,821,46,2,114.21,South
18178,2023-07-15,320,44,2,403.95,North
18179,2022-05-03,1000,2,1,462.21,North
18180,2024-11-24,248,3,4,207.69,West
18181,2023-09-10,731,28,5,94.68,West
18182,2024-09-14,4,37,3,161.86,South
18183,2024-04-19,513,35,3,116.39,East
18184,2023-02-20,838,14,3,108.7,East
18185,2023-12-09,506,24,5,93.69,South
18186,2023-09-29,31,50,4,439.26,West
18187,2022-12-13,833,37,4,52.09,East
18188,2022-02-06,629,3,2,212.54,South
18189,2023-05-27,965,23,4,17.22,West
18190,2024-04-28,275,34,3,153.76,North
18191,2023-06-19,709,9,3,356.4,West
18192,2024-06-28,886,18,5,109.39,East
18193,2024-02-12,325,2,2,499.38,South
18194,2023-10-26,177,22,1,33.67,South
18195,2024-11-07,287,35,2,76.88,East
18196,2022-01-27,956,31,1,395.57,South
18197,2023-06-20,748,26,2,488.24,South
18198,2024-11-18,967,50,4,477.47,South
18199,2024-10-04,79,14,2,401.14,North
18200,2023-10-20,243,45,5,486.76,South
18201,2023-10-02,823,48,1,421.99,West
18202,2022-02-11,501,28,4,38.43,South
18203,2022-08-01,205,11,4,424.36,West
18204,2024-04-15,460,32,2,247.05,West
18205,2023-12-03,383,21,4,233.81,North
18206,2022-03-21,723,23,3,11.24,East
18207,2024-08-12,333,24,3,313.93,South
18208,2024-06-20,603,12,3,339.09,South
18209,2023-02-28,166,3,2,397.45,West
18210,2024-07-07,161,6,1,169.72,North
18211,2023-05-31,6,48,2,72.79,South
18212,2022-06-14,653,12,5,225.53,North
18213,2024-09-23,205,20,4,187.52,West
18214,2024-09-19,973,6,3,379.04,North
18215,2024-06-11,532,20,2,122.43,North
18216,2024-10-12,100,14,2,77.7,East
18217,2024-12-01,677,41,4,225.69,East
18218,2024-01-11,45,49,2,317.71,West
18219,2024-01-25,457,44,3,147.69,West
18220,2023-02-20,849,1,4,66.07,West
18221,2024-12-14,227,20,1,225.17,West
18222,2022-12-02,315,22,3,481.32,North
18223,2024-05-30,52,40,5,483.98,West
18224,2024-08-29,146,31,5,357.26,North
18225,2023-11-16,281,31,4,390.81,East
18226,2024-01-11,123,28,3,109.72,West
18227,2022-01-30,719,12,3,193.58,East
18228,2023-07-29,471,16,3,306.33,South
18229,2022-08-09,897,33,5,377.7,South
18230,2024-04-06,297,35,4,91.65,North
18231,2023-08-17,614,44,5,234.24,East
18232,2024-01-24,512,4,2,89.75,East
18233,2024-11-28,786,10,1,320.35,South
18234,2024-10-17,641,34,5,388.36,West
18235,2023-05-07,502,41,4,418.32,North
18236,2023-03-14,679,3,5,368.86,West
18237,2023-04-24,202,31,2,87.98,East
18238,2024-02-22,415,31,2,415.92,East
18239,2024-08-06,614,1,2,173.86,East
18240,2024-10-04,583,5,2,419.53,North
18241,2022-03-13,422,5,1,132.94,North
18242,2023-08-05,520,2,3,243.09,East
18243,2022-08-08,674,15,2,292.52,North
18244,2024-10-24,73,1,1,27.01,West
18245,2024-09-29,345,21,5,452.81,South
18246,2022-10-17,27,37,2,260.66,South
18247,2023-01-15,169,7,5,104.1,South
18248,2024-03-14,775,11,5,88.8,North
18249,2024-01-13,800,26,4,346.41,South
18250,2022-03-21,585,42,1,50.05,East
18251,2022-03-07,209,2,1,225.51,East
18252,2022-05-16,611,30,2,274.74,North
18253,2023-02-03,880,14,2,124.23,South
18254,2022-12-13,912,5,2,73.31,North
18255,2022-02-28,898,31,1,250.45,West
18256,2024-02-17,939,48,5,176.76,West
18257,2023-06-03,543,32,5,78.72,West
18258,2023-12-15,848,34,2,113.08,North
18259,2024-09-03,943,10,5,240.76,West
18260,2022-03-20,545,31,2,75.19,West
18261,2022-04-25,725,27,3,468.7,North
18262,2024-09-12,657,18,5,389.97,East
18263,2022-05-06,611,5,1,169.52,North
18264,2023-07-27,822,17,4,136.59,East
18265,2024-08-22,310,11,1,438.4,West
18266,2023-05-15,947,5,1,219.19,North
18267,2024-04-08,180,38,4,432.73,South
18268,2023-09-18,647,48,2,373.8,East
18269,2023-03-28,438,37,5,55.14,North
18270,2023-01-20,477,21,1,408.67,South
18271,2022-12-29,395,24,5,274.54,North
18272,2023-05-13,702,30,4,342.02,South
18273,2023-06-21,542,16,4,117.31,East
18274,2022-01-16,594,49,5,10.13,East
18275,2024-09-07,57,41,5,173.51,North
18276,2023-09-12,174,22,4,103.41,West
18277,2022-10-27,720,2,2,223.26,North
18278,2022-12-05,326,19,5,54.54,North
18279,2022-10-30,322,49,3,448.57,South
18280,2023-08-15,183,37,3,68.17,West
18281,2022-03-17,235,2,5,384.45,East
18282,2024-07-02,619,11,1,470.27,North
18283,2024-02-19,186,33,4,82.63,South
18284,2024-07-09,266,9,2,179.77,South
18285,2023-01-01,644,25,3,368.22,East
18286,2023-10-15,842,6,3,360.09,West
18287,2024-10-02,329,11,1,28.32,East
18288,2023-01-31,830,27,5,44.64,West
18289,2024-03-14,365,8,1,68.87,North
18290,2024-11-17,683,45,2,288.33,East
18291,2024-04-24,810,31,5,36.97,North
18292,2024-05-21,24,27,3,298.32,East
18293,2022-04-25,261,44,3,177.81,West
18294,2023-01-08,355,41,4,338.01,West
18295,2024-04-29,196,47,2,393.2,South
18296,2022-03-31,611,5,3,397.79,East
18297,2024-01-27,490,15,1,28.44,South
18298,2022-01-31,888,2,3,474.13,South
18299,2022-12-24,333,15,1,297.46,South
18300,2023-04-15,613,31,1,448.89,North
18301,2022-09-27,864,20,5,311.42,South
18302,2022-07-28,941,3,5,247.22,West
18303,2023-11-21,955,42,3,367.57,North
18304,2023-04-02,632,39,3,117.52,South
18305,2023-03-25,321,10,1,60.58,South
18306,2022-03-09,447,26,5,54.34,North
18307,2024-05-23,377,10,3,426.08,East
18308,2023-04-12,203,40,5,457.1,West
18309,2022-05-08,90,13,2,409.06,North
18310,2024-01-03,707,21,1,453.17,South
18311,2024-11-08,177,34,5,492.54,West
18312,2023-01-03,627,44,3,267.77,West
18313,2022-02-27,845,32,1,85.4,North
18314,2023-07-11,32,9,4,307.88,North
18315,2022-02-17,880,30,1,183.41,West
18316,2023-07-16,946,1,2,179.76,East
18317,2023-08-16,727,12,1,366.63,North
18318,2024-03-22,954,44,5,54.42,East
18319,2022-02-28,820,35,5,28.39,North
18320,2022-06-10,791,24,3,350.68,North
18321,2022-04-13,243,40,3,137.76,East
18322,2024-04-25,798,45,1,198.9,East
18323,2023-02-16,70,49,1,160.74,North
18324,2024-02-25,71,10,1,311.27,East
18325,2022-07-02,623,47,5,85.71,North
18326,2023-02-21,158,24,5,363.09,West
18327,2023-02-03,549,41,4,463.21,West
18328,2024-08-14,816,18,4,419.69,West
18329,2024-02-18,928,8,4,454.45,North
18330,2023-10-17,326,46,3,469.16,East
18331,2023-03-13,35,43,5,192.44,South
18332,2022-11-14,480,13,1,399.91,South
18333,2023-08-29,460,16,1,252.46,South
18334,2024-06-29,836,14,4,142.19,South
18335,2023-05-12,416,9,3,375.97,West
18336,2023-03-03,571,9,3,129.62,East
18337,2024-03-28,886,5,4,63.71,North
18338,2024-10-19,419,47,1,355.26,West
18339,2022-08-28,511,11,3,150.9,West
18340,2024-12-18,368,19,2,159.9,South
18341,2024-03-07,912,38,4,441.75,North
18342,2022-07-22,887,10,1,76.41,West
18343,2022-10-14,883,16,2,384.77,East
18344,2022-03-14,207,29,5,199.24,East
18345,2023-12-27,361,5,1,447.58,South
18346,2022-12-03,436,18,2,225.77,West
18347,2022-07-22,578,42,5,210.42,North
18348,2022-08-19,774,42,3,220.63,East
18349,2024-06-22,270,44,1,420.47,South
18350,2024-12-16,233,35,1,15.15,North
18351,2023-10-06,669,36,3,355.38,West
18352,2024-07-03,106,22,1,110.57,South
18353,2022-10-07,666,24,4,442.24,West
18354,2024-03-19,18,12,2,194.2,North
18355,2023-04-11,495,39,5,176.09,West
18356,2024-01-07,260,12,5,359.19,North
18357,2024-03-14,485,35,2,364.0,West
18358,2022-09-23,313,50,4,320.52,West
18359,2022-09-04,631,19,1,171.61,North
18360,2022-03-19,821,37,3,309.07,East
18361,2024-05-03,102,14,3,36.59,South
18362,2022-09-10,537,23,1,478.04,North
18363,2023-04-20,943,40,5,231.83,North
18364,2022-06-25,180,22,2,159.19,South
18365,2024-08-28,510,47,2,431.78,West
18366,2022-09-11,477,48,5,168.84,East
18367,2024-06-21,674,50,2,498.61,South
18368,2022-04-17,400,11,5,348.39,North
18369,2022-02-27,997,2,4,328.29,North
18370,2024-07-30,350,10,1,84.41,South
18371,2022-03-25,215,43,5,308.83,West
18372,2023-12-13,383,5,4,86.01,South
18373,2024-06-19,124,30,5,393.97,East
18374,2023-10-19,292,21,4,77.82,North
18375,2023-04-01,668,49,4,185.83,North
18376,2023-10-21,705,33,4,243.6,South
18377,2024-02-12,328,25,1,404.54,South
18378,2024-03-01,565,46,5,320.05,North
18379,2024-04-30,682,47,5,376.5,North
18380,2023-06-10,847,7,5,129.55,East
18381,2022-09-23,98,40,4,126.26,West
18382,2022-05-21,659,28,2,196.5,North
18383,2024-06-13,300,16,2,19.15,West
18384,2023-02-10,30,45,5,417.05,North
18385,2022-10-20,74,37,2,191.28,West
18386,2024-11-20,172,3,2,43.1,South
18387,2022-12-21,885,45,2,437.39,East
18388,2022-07-24,923,19,4,484.23,North
18389,2024-09-20,84,12,5,326.83,West
18390,2022-10-18,985,19,5,184.73,South
18391,2022-04-21,585,49,3,212.74,North
18392,2024-12-27,744,11,3,135.52,North
18393,2023-01-08,290,3,2,358.52,East
18394,2022-07-15,639,2,5,184.48,West
18395,2022-05-06,85,46,2,25.92,North
18396,2022-09-19,254,26,4,32.62,South
18397,2024-06-05,664,22,5,311.23,North
18398,2024-07-12,824,17,4,152.29,West
18399,2022-06-04,519,34,4,92.61,South
18400,2022-04-18,452,50,5,280.66,West
18401,2022-02-04,307,15,2,146.43,North
18402,2024-12-03,648,12,3,45.93,South
18403,2023-10-17,184,16,2,104.86,South
18404,2023-12-24,973,16,3,391.17,West
18405,2024-09-24,314,39,1,427.49,North
18406,2023-02-20,341,6,3,437.35,South
18407,2024-09-26,227,46,5,272.07,South
18408,2022-10-12,837,8,3,475.97,North
18409,2023-06-02,756,25,1,84.32,West
18410,2022-01-27,264,19,3,342.39,West
18411,2022-08-15,450,19,2,355.09,North
18412,2024-04-27,251,12,3,36.06,West
18413,2022-01-18,408,9,5,148.4,North
18414,2022-02-12,170,41,5,475.03,East
18415,2022-03-30,566,29,4,381.92,South
18416,2023-08-09,912,27,2,36.8,West
18417,2022-06-06,132,5,2,274.99,South
18418,2022-05-14,827,26,3,327.82,East
18419,2023-04-09,606,30,3,486.81,East
18420,2024-01-11,46,14,5,361.05,South
18421,2024-11-23,350,33,4,322.94,North
18422,2022-03-24,99,35,1,455.18,West
18423,2024-07-17,746,11,3,333.86,West
18424,2024-05-15,781,4,2,466.74,East
18425,2022-07-23,37,33,3,251.46,East
18426,2024-08-19,438,6,4,362.1,North
18427,2023-05-12,945,28,2,319.56,North
18428,2023-03-18,75,10,4,280.74,South
18429,2024-04-07,58,36,2,168.81,West
18430,2024-05-20,19,49,3,452.85,North
18431,2024-05-18,402,26,4,142.32,West
18432,2022-03-21,188,30,5,88.1,East
18433,2024-03-22,913,22,2,358.9,South
18434,2024-07-03,139,5,4,277.81,South
18435,2023-07-24,143,2,4,138.8,South
18436,2024-05-11,968,33,1,436.45,North
18437,2022-06-18,108,16,1,150.24,North
18438,2024-10-08,221,7,3,41.25,North
18439,2022-08-24,145,21,5,17.53,North
18440,2023-02-03,858,35,5,462.2,East
18441,2023-08-11,510,46,4,207.07,East
18442,2024-03-31,376,22,4,114.61,West
18443,2024-10-09,5,48,4,287.88,South
18444,2023-04-22,957,22,2,249.06,East
18445,2024-04-24,388,6,3,499.92,West
18446,2023-08-08,568,33,3,445.37,West
18447,2023-09-07,767,39,1,142.84,North
18448,2023-08-29,984,43,4,351.88,West
18449,2024-08-18,971,25,4,199.72,West
18450,2024-02-17,734,18,2,188.57,North
18451,2022-12-24,872,41,4,189.88,East
18452,2024-12-17,560,35,4,323.24,East
18453,2023-06-05,816,24,3,273.61,East
18454,2023-06-09,163,40,4,379.97,North
18455,2023-01-28,748,40,2,84.96,West
18456,2022-06-02,760,23,2,218.46,North
18457,2024-06-11,365,33,5,431.56,West
18458,2024-09-10,417,29,5,11.55,South
18459,2023-04-25,509,10,1,315.51,South
18460,2023-08-06,612,15,2,395.01,South
18461,2024-05-06,21,10,2,198.09,East
18462,2022-01-20,614,26,3,442.97,East
18463,2023-08-16,517,40,5,370.49,North
18464,2022-08-16,960,29,1,306.96,East
18465,2022-01-19,197,34,3,107.18,North
18466,2023-03-20,661,18,3,338.35,North
18467,2023-01-03,345,2,5,418.55,East
18468,2024-06-17,330,25,3,367.66,East
18469,2024-06-07,378,21,5,291.68,North
18470,2023-12-27,211,31,2,360.14,North
18471,2022-05-27,160,22,2,488.68,North
18472,2023-03-06,658,9,5,15.29,West
18473,2024-04-27,570,27,4,335.33,East
18474,2022-07-17,354,25,4,398.57,North
18475,2024-09-23,240,25,1,323.06,South
18476,2023-07-19,79,27,4,143.82,North
18477,2023-01-04,152,10,1,413.15,West
18478,2024-03-12,517,30,5,457.52,East
18479,2023-12-01,383,4,5,344.92,North
18480,2024-09-22,693,21,5,260.4,South
18481,2023-06-02,352,30,1,189.5,East
18482,2024-02-14,201,33,3,171.73,West
18483,2023-07-15,951,43,1,364.38,North
18484,2022-03-01,133,26,3,307.49,North
18485,2023-06-29,965,2,2,86.86,East
18486,2024-10-13,634,23,2,79.14,East
18487,2022-10-30,169,31,3,44.84,North
18488,2022-10-10,866,4,3,344.92,North
18489,2023-04-23,391,47,4,164.04,West
18490,2024-11-11,858,20,3,19.92,East
18491,2023-07-13,385,25,3,175.47,East
18492,2022-12-15,820,45,5,417.74,West
18493,2023-11-01,98,1,1,131.35,North
18494,2022-09-15,794,2,3,320.44,East
18495,2023-10-17,377,6,5,225.44,East
18496,2024-12-06,992,7,3,278.96,West
18497,2024-11-16,959,4,4,301.93,West
18498,2024-11-16,780,18,3,232.86,North
18499,2022-05-25,838,41,3,38.35,North
18500,2023-08-10,340,43,5,288.17,East
18501,2023-06-06,531,5,3,204.79,West
18502,2024-03-11,976,25,5,107.94,South
18503,2023-01-17,132,1,1,449.29,West
18504,2024-02-15,608,34,5,370.67,East
18505,2023-11-04,210,3,1,149.19,East
18506,2022-11-23,5,17,3,274.09,South
18507,2023-09-22,377,32,1,481.93,West
18508,2022-03-25,640,24,2,130.28,South
18509,2022-05-26,54,2,2,474.22,South
18510,2023-02-28,498,1,5,344.85,South
18511,2023-10-23,198,34,4,275.01,East
18512,2024-02-02,441,8,3,491.77,South
18513,2023-07-23,718,45,2,173.52,North
18514,2022-12-13,180,46,4,146.33,East
18515,2022-12-13,241,44,5,176.4,North
18516,2023-02-12,786,9,1,377.92,North
18517,2022-05-13,320,28,3,175.13,East
18518,2023-09-06,501,19,1,60.35,East
18519,2024-09-14,650,20,3,325.71,West
18520,2022-04-16,23,7,2,119.26,East
18521,2022-06-20,632,42,4,12.04,South
18522,2023-10-02,627,35,5,107.59,West
18523,2022-09-19,594,19,3,411.38,South
18524,2023-05-09,708,17,2,470.72,North
18525,2024-06-21,180,40,5,334.36,East
18526,2022-10-17,864,18,3,162.14,North
18527,2022-03-26,175,7,2,223.88,West
18528,2022-02-14,198,27,5,105.33,North
18529,2024-03-25,538,39,1,441.58,West
18530,2022-11-29,454,30,4,336.13,South
18531,2023-04-10,99,23,4,51.36,East
18532,2022-07-19,745,20,1,189.8,South
18533,2022-11-25,427,23,4,273.63,West
18534,2022-08-28,453,26,4,400.69,West
18535,2024-03-08,191,48,3,461.05,South
18536,2023-12-03,974,47,2,75.01,South
18537,2023-08-06,578,14,1,418.93,South
18538,2023-10-19,758,48,2,42.23,East
18539,2023-12-22,499,31,4,127.84,South
18540,2022-12-26,616,27,2,20.3,North
18541,2023-01-20,191,9,5,41.28,South
18542,2024-03-09,141,23,1,25.89,West
18543,2022-12-31,691,10,1,81.54,West
18544,2022-03-13,773,47,1,439.5,West
18545,2023-05-19,175,23,3,149.08,South
18546,2022-05-07,420,10,2,245.06,South
18547,2023-04-27,676,2,2,248.69,East
18548,2022-10-10,434,37,3,497.68,South
18549,2024-10-22,440,40,1,188.69,West
18550,2022-03-15,531,38,3,139.9,South
18551,2024-12-23,532,38,3,481.99,North
18552,2024-02-12,918,1,4,300.34,South
18553,2022-12-13,799,48,1,151.85,South
18554,2022-11-20,361,18,5,150.87,West
18555,2022-08-27,751,35,4,52.32,East
18556,2022-12-03,446,7,1,282.87,West
18557,2022-12-07,556,44,1,364.61,West
18558,2024-08-03,708,42,1,242.61,South
18559,2024-06-10,707,22,2,443.37,West
18560,2023-04-07,357,25,1,247.14,South
18561,2024-03-08,857,42,1,179.72,South
18562,2024-01-03,561,23,5,132.88,North
18563,2022-06-11,997,9,1,129.21,West
18564,2023-03-24,59,27,3,165.09,South
18565,2022-09-22,644,11,1,496.07,East
18566,2024-10-06,885,27,1,186.8,East
18567,2022-05-12,167,40,1,267.05,North
18568,2022-04-30,647,28,2,144.59,South
18569,2023-11-03,967,18,4,80.33,West
18570,2023-05-20,945,36,2,326.46,West
18571,2022-04-19,601,34,5,277.16,West
18572,2022-10-20,783,13,5,43.23,North
18573,2024-09-14,263,46,3,442.57,South
18574,2024-04-07,431,30,3,258.78,East
18575,2022-07-06,628,28,5,174.31,South
18576,2024-11-25,196,22,4,391.89,North
18577,2022-09-13,354,24,4,64.92,West
18578,2024-10-28,886,47,5,242.15,North
18579,2024-01-18,941,30,1,278.9,East
18580,2022-02-10,620,45,2,389.81,North
18581,2024-01-27,874,38,2,191.42,East
18582,2022-04-23,915,20,1,428.93,East
18583,2024-02-07,47,6,4,351.86,West
18584,2024-05-03,753,33,2,387.83,West
18585,2022-03-19,309,47,2,484.85,North
18586,2023-12-20,230,38,3,423.93,East
18587,2024-05-27,411,15,4,179.93,North
18588,2023-02-06,901,15,5,326.45,South
18589,2024-04-12,757,32,5,435.62,West
18590,2022-03-05,316,14,1,267.31,East
18591,2023-10-14,762,42,2,344.57,West
18592,2024-06-04,77,8,5,94.41,West
18593,2024-12-01,62,36,1,409.8,South
18594,2023-01-08,571,22,3,381.16,West
18595,2022-11-02,238,38,4,445.56,South
18596,2022-07-28,701,20,2,357.97,East
18597,2023-04-12,568,24,2,439.68,West
18598,2024-07-20,78,21,1,89.49,West
18599,2023-10-09,734,28,2,408.69,North
18600,2022-12-28,559,49,4,476.95,North
18601,2023-12-22,944,23,5,409.6,South
18602,2023-12-17,650,24,1,311.46,North
18603,2023-06-27,416,39,4,463.99,East
18604,2022-07-13,961,44,2,56.3,South
18605,2023-10-14,24,23,5,18.26,North
18606,2024-11-16,29,4,4,483.01,West
18607,2024-12-05,491,46,5,344.67,North
18608,2023-10-09,135,4,5,65.94,South
18609,2024-08-11,351,30,1,176.61,North
18610,2024-12-17,913,48,2,376.91,North
18611,2024-11-02,350,28,3,377.69,South
18612,2024-08-06,281,31,3,93.3,South
18613,2024-08-18,476,33,3,240.37,East
18614,2022-02-18,292,50,4,405.58,South
18615,2024-03-13,189,19,3,483.73,South
18616,2023-08-30,583,10,2,315.06,South
18617,2022-01-10,419,25,3,322.69,East
18618,2023-11-05,888,37,5,239.98,West
18619,2023-12-27,468,13,5,274.14,South
18620,2023-05-31,206,6,5,58.48,South
18621,2022-08-12,242,30,3,181.3,South
18622,2022-07-22,306,23,2,258.57,West
18623,2024-07-30,184,36,2,144.74,South
18624,2023-08-12,478,16,3,186.32,East
18625,2023-07-25,504,8,2,485.89,North
18626,2024-08-14,128,16,3,12.55,East
18627,2022-07-15,449,11,2,158.3,West
18628,2023-02-22,230,1,1,296.14,West
18629,2022-01-09,41,22,1,146.69,West
18630,2023-06-16,793,18,2,341.47,North
18631,2022-05-29,674,36,5,156.64,North
18632,2023-01-18,392,11,1,322.72,East
18633,2024-11-01,824,20,4,426.43,North
18634,2023-04-21,340,10,3,332.74,West
18635,2023-08-02,670,48,4,34.44,West
18636,2024-12-12,836,10,2,399.65,South
18637,2022-07-25,21,37,2,114.27,West
18638,2024-09-12,347,50,5,321.05,South
18639,2024-07-03,10,22,1,326.9,East
18640,2024-01-15,87,11,1,403.83,North
18641,2024-07-01,545,35,4,257.85,South
18642,2022-02-23,971,9,1,194.22,East
18643,2024-09-28,873,15,2,263.83,East
18644,2022-12-10,339,19,5,277.42,West
18645,2023-12-04,715,37,3,412.55,North
18646,2023-06-11,4,6,4,110.48,West
18647,2023-02-16,23,36,4,424.95,North
18648,2023-07-23,197,44,3,189.2,West
18649,2022-07-18,821,5,2,374.49,East
18650,2024-02-14,881,3,4,174.5,West
18651,2023-01-24,498,10,1,357.35,North
18652,2023-04-19,901,13,1,401.6,West
18653,2024-02-04,786,4,1,283.45,South
18654,2023-08-15,273,40,5,313.58,West
18655,2024-12-31,954,33,3,356.8,East
18656,2024-09-08,451,34,2,347.33,West
18657,2024-09-20,107,36,1,366.43,East
18658,2022-06-17,881,33,1,426.34,East
18659,2022-10-11,378,21,5,118.05,East
18660,2024-11-25,200,39,1,115.22,South
18661,2024-04-03,952,5,5,485.63,North
18662,2024-06-09,936,45,3,427.15,North
18663,2022-05-14,855,13,4,299.94,North
18664,2022-05-02,727,40,1,14.01,North
18665,2024-04-12,2,17,1,428.83,North
18666,2024-10-18,121,10,3,378.28,East
18667,2024-06-13,615,10,4,478.62,West
18668,2022-10-16,149,2,5,16.45,West
18669,2024-12-12,948,38,4,23.98,North
18670,2024-12-10,152,21,1,263.55,East
18671,2024-04-18,565,1,3,429.46,North
18672,2024-06-30,678,30,2,495.75,West
18673,2022-02-09,916,18,3,166.81,South
18674,2022-09-07,306,35,5,27.82,South
18675,2022-08-06,679,39,5,105.8,West
18676,2022-06-28,828,48,1,439.74,West
18677,2022-07-02,882,22,3,238.56,South
18678,2023-12-06,475,3,2,428.12,North
18679,2023-05-12,364,6,3,227.52,West
18680,2023-08-20,807,36,5,36.16,North
18681,2023-04-06,71,16,3,312.61,West
18682,2023-04-19,640,3,1,223.48,North
18683,2023-11-16,33,36,5,250.76,North
18684,2024-11-26,157,11,3,475.0,North
18685,2022-11-15,330,17,3,233.97,South
18686,2022-12-22,778,19,1,400.3,North
18687,2023-09-09,716,8,1,38.87,East
18688,2022-08-17,707,14,3,244.73,North
18689,2023-12-30,387,26,2,297.48,South
18690,2023-07-15,973,48,5,65.48,South
18691,2023-09-27,621,25,3,158.09,West
18692,2023-04-04,159,48,1,372.4,North
18693,2022-01-25,795,10,5,100.11,West
18694,2023-01-05,966,32,1,72.94,North
18695,2024-10-08,539,15,5,156.65,North
18696,2023-09-03,227,4,3,430.89,West
18697,2022-04-19,252,28,4,383.84,South
18698,2023-12-21,367,4,4,390.63,South
18699,2023-03-08,777,13,5,168.0,West
18700,2024-10-28,262,12,1,58.48,North
18701,2023-09-28,646,15,1,25.66,West
18702,2023-01-02,1000,29,1,297.24,West
18703,2024-07-13,538,23,3,354.12,South
18704,2023-02-18,43,13,5,195.17,South
18705,2022-12-22,531,38,3,269.14,North
18706,2022-01-11,16,46,4,146.71,North
18707,2022-03-06,105,35,4,188.51,West
18708,2022-05-05,791,40,1,367.61,South
18709,2022-11-08,203,12,1,361.93,North
18710,2024-02-14,720,30,5,23.76,North
18711,2024-09-28,925,46,4,472.67,West
18712,2024-05-22,678,5,5,141.82,South
18713,2023-11-25,59,2,4,454.72,East
18714,2024-09-16,48,42,2,260.83,East
18715,2024-03-09,660,30,5,254.6,West
18716,2023-11-05,277,35,2,230.8,East
18717,2024-06-30,412,10,3,461.99,South
18718,2023-02-10,178,9,4,111.97,East
18719,2024-09-22,801,17,2,309.71,East
18720,2024-11-06,114,38,3,165.71,South
18721,2023-09-29,296,30,5,458.47,North
18722,2024-06-08,730,41,2,92.98,South
18723,2023-05-04,438,35,2,341.33,North
18724,2022-08-27,266,7,3,216.66,North
18725,2022-06-29,162,12,2,334.0,West
18726,2022-11-13,841,50,3,87.23,North
18727,2022-08-20,504,42,4,202.89,West
18728,2022-11-27,36,34,4,62.56,East
18729,2023-07-15,587,49,4,484.7,South
18730,2024-08-06,458,3,2,114.86,North
18731,2022-09-05,647,33,2,496.68,West
18732,2022-10-10,371,40,1,215.06,South
18733,2024-07-28,486,13,1,45.06,South
18734,2022-02-01,272,11,3,18.61,West
18735,2023-06-14,179,40,2,303.49,South
18736,2023-01-16,986,20,3,311.22,North
18737,2022-03-04,480,31,5,267.15,East
18738,2022-05-08,957,33,2,42.54,North
18739,2022-06-12,159,34,5,172.44,South
18740,2024-08-15,755,50,2,185.94,West
18741,2022-10-22,928,50,4,355.36,East
18742,2022-06-28,813,9,3,215.24,East
18743,2022-08-17,204,7,1,290.75,East
18744,2024-06-01,795,9,4,150.3,South
18745,2023-01-29,278,42,1,365.73,North
18746,2023-11-23,143,26,2,32.92,West
18747,2022-03-13,520,2,5,494.37,West
18748,2022-11-14,512,5,5,324.33,West
18749,2023-08-18,964,49,4,82.94,South
18750,2023-01-14,116,2,1,361.57,South
18751,2024-06-25,392,10,3,395.41,North
18752,2022-05-16,343,31,3,396.41,South
18753,2023-12-31,373,33,3,142.66,South
18754,2024-06-24,784,44,1,479.73,South
18755,2023-06-14,688,47,5,18.69,North
18756,2024-07-23,930,6,5,196.12,North
18757,2023-10-28,726,14,4,61.07,West
18758,2023-06-07,369,14,1,198.58,East
18759,2023-01-22,215,15,2,38.04,West
18760,2023-07-28,511,33,2,326.04,North
18761,2023-08-06,569,31,3,40.61,North
18762,2023-07-27,901,17,5,311.76,West
18763,2023-10-06,741,43,5,124.7,West
18764,2023-07-27,812,15,1,97.78,West
18765,2024-05-19,327,20,1,180.03,East
18766,2023-07-01,37,48,4,324.07,East
18767,2023-03-14,986,21,1,293.32,South
18768,2023-07-09,380,29,4,343.43,East
18769,2022-04-21,796,9,3,460.3,North
18770,2023-06-11,512,29,3,109.62,East
18771,2022-06-26,324,44,5,212.54,North
18772,2023-11-05,369,34,5,140.25,South
18773,2023-09-16,224,47,5,297.31,South
18774,2024-08-01,934,9,2,148.87,West
18775,2023-04-18,814,48,4,283.43,East
18776,2024-09-20,713,30,3,413.35,South
18777,2024-05-28,100,17,4,279.96,East
18778,2022-06-19,794,4,2,420.68,East
18779,2024-10-10,75,40,2,309.56,South
18780,2022-02-25,724,32,3,436.45,South
18781,2022-11-21,437,32,3,465.9,North
18782,2023-10-20,703,7,5,258.83,East
18783,2024-08-14,368,38,2,397.42,South
18784,2022-09-17,63,32,5,239.72,South
18785,2023-10-03,624,5,3,355.54,South
18786,2023-07-16,934,42,2,28.38,West
18787,2022-12-06,655,3,2,483.79,North
18788,2023-02-08,99,20,1,448.22,North
18789,2023-06-16,777,17,2,447.71,South
18790,2024-03-05,225,16,5,147.81,South
18791,2024-10-30,75,11,1,148.75,South
18792,2023-08-17,790,13,2,207.27,South
18793,2023-09-09,710,18,1,441.29,East
18794,2023-10-14,184,14,2,430.73,North
18795,2023-12-15,293,34,4,151.84,North
18796,2022-12-10,57,12,5,275.47,West
18797,2022-02-15,249,22,5,242.83,West
18798,2024-06-22,956,21,1,328.83,North
18799,2022-02-24,626,26,4,114.81,West
18800,2024-05-05,469,42,1,51.67,West
18801,2023-10-22,140,39,1,23.36,West
18802,2022-04-21,903,2,3,196.89,West
18803,2024-11-04,962,50,1,473.84,East
18804,2022-03-19,359,49,2,345.56,West
18805,2023-05-16,553,16,3,377.07,North
18806,2023-08-11,408,34,3,473.13,North
18807,2023-02-22,474,11,1,216.81,West
18808,2022-10-02,665,19,3,242.44,East
18809,2024-12-22,446,30,5,186.18,West
18810,2024-08-30,980,7,3,98.87,North
18811,2024-09-17,232,27,3,385.53,West
18812,2022-07-13,617,22,2,454.28,South
18813,2024-05-04,618,17,5,408.8,South
18814,2024-03-09,300,15,3,33.38,South
18815,2022-10-28,642,9,2,156.58,West
18816,2024-08-25,426,12,5,300.12,West
18817,2023-07-22,995,8,3,170.32,East
18818,2023-11-03,161,2,1,83.56,East
18819,2022-05-29,401,49,3,273.8,North
18820,2024-02-08,378,48,5,265.53,North
18821,2022-05-19,959,16,3,357.85,South
18822,2024-05-10,918,3,5,499.93,East
18823,2022-10-19,257,48,1,327.64,North
18824,2022-12-01,741,31,3,165.27,West
18825,2023-11-30,862,43,5,478.63,West
18826,2022-11-03,494,26,2,289.94,South
18827,2024-07-13,966,41,3,326.41,West
18828,2024-09-07,489,46,1,185.2,North
18829,2024-06-16,182,2,2,231.4,South
18830,2024-07-15,526,30,3,215.13,South
18831,2022-12-10,100,13,5,468.75,North
18832,2023-10-19,737,37,4,406.7,South
18833,2022-09-18,358,14,2,54.44,North
18834,2022-06-18,231,1,5,163.79,West
18835,2023-10-22,565,32,2,37.29,West
18836,2022-07-19,6,6,3,263.21,North
18837,2023-08-05,90,22,1,146.92,West
18838,2023-07-20,64,11,1,45.97,North
18839,2023-01-30,88,49,2,388.28,South
18840,2022-12-17,33,23,4,54.65,East
18841,2022-01-28,72,14,3,143.07,East
18842,2023-09-24,556,14,5,388.1,North
18843,2023-01-15,253,20,3,260.67,West
18844,2023-06-12,107,7,4,410.39,South
18845,2024-06-21,802,19,5,213.1,West
18846,2024-03-17,930,26,4,409.28,East
18847,2022-08-15,920,22,3,273.7,West
18848,2022-01-27,514,6,3,53.1,West
18849,2022-03-30,136,13,2,241.03,East
18850,2023-09-11,629,10,4,281.24,East
18851,2022-05-02,409,19,1,309.93,West
18852,2024-05-15,121,31,4,464.66,West
18853,2022-02-02,478,10,4,99.94,South
18854,2023-08-26,800,37,5,306.95,North
18855,2023-11-27,824,13,5,378.49,South
18856,2024-06-06,94,17,2,446.08,South
18857,2023-06-09,505,5,1,267.4,West
18858,2024-11-13,7,21,3,114.84,South
18859,2022-02-03,944,39,1,410.66,South
18860,2022-09-04,600,20,1,453.47,South
18861,2024-11-08,694,7,1,62.12,South
18862,2024-11-19,191,15,2,122.56,West
18863,2022-02-18,457,15,2,437.02,East
18864,2024-06-30,720,23,1,247.36,West
18865,2022-06-29,386,33,3,92.86,South
18866,2024-01-08,803,44,3,326.19,North
18867,2023-08-13,866,2,3,234.56,North
18868,2023-05-11,278,50,2,484.3,East
18869,2023-03-07,979,32,5,119.13,North
18870,2024-11-24,448,15,3,187.46,South
18871,2022-12-30,827,7,5,91.41,West
18872,2022-11-06,945,9,1,34.37,West
18873,2024-09-08,52,28,3,144.21,North
18874,2022-08-15,405,22,1,411.72,East
18875,2022-01-10,396,3,1,140.94,West
18876,2022-02-17,779,42,4,351.21,East
18877,2022-07-23,756,2,1,267.75,West
18878,2024-09-15,694,22,1,264.66,North
18879,2024-06-12,211,25,2,392.96,West
18880,2022-06-06,890,25,1,312.71,South
18881,2024-05-04,710,32,3,88.33,North
18882,2022-01-26,270,44,2,118.17,West
18883,2023-02-25,545,7,4,276.45,East
18884,2024-01-31,614,31,4,424.2,West
18885,2024-02-13,845,37,1,84.64,South
18886,2022-09-21,282,4,5,62.38,East
18887,2023-08-11,398,33,4,263.59,South
18888,2024-08-15,749,15,4,102.44,East
18889,2023-04-15,216,9,4,497.18,North
18890,2022-09-11,432,6,3,12.14,South
18891,2024-01-10,321,46,5,229.94,West
18892,2022-04-28,814,31,1,89.65,East
18893,2023-07-04,639,34,1,343.73,East
18894,2024-06-29,493,44,2,318.77,East
18895,2024-05-19,951,38,3,405.46,North
18896,2024-03-18,606,13,5,286.07,North
18897,2024-03-31,586,36,2,102.79,East
18898,2023-07-18,128,32,5,36.12,West
18899,2023-02-18,74,22,4,363.85,East
18900,2024-05-29,476,48,5,225.56,North
18901,2024-09-19,452,29,2,118.88,North
18902,2022-01-01,462,11,3,133.39,South
18903,2022-06-16,908,6,3,83.02,West
18904,2022-01-16,438,5,4,148.95,West
18905,2023-10-19,256,1,1,398.09,East
18906,2022-04-22,448,39,2,314.12,West
18907,2023-08-17,102,50,1,493.83,North
18908,2023-05-22,559,10,4,266.9,West
18909,2023-11-02,677,10,5,265.53,East
18910,2024-11-29,970,49,5,103.78,South
18911,2024-01-29,768,24,4,297.36,South
18912,2023-05-12,937,7,3,308.1,East
18913,2024-08-22,283,22,2,111.2,North
18914,2022-10-08,938,21,4,53.1,South
18915,2022-12-17,760,22,4,190.7,East
18916,2022-11-30,204,33,2,94.33,North
18917,2024-01-31,86,44,3,256.57,West
18918,2023-12-29,324,25,3,267.79,East
18919,2024-04-02,925,31,2,308.0,East
18920,2022-01-14,164,49,1,305.39,North
18921,2024-12-15,877,16,5,340.69,East
18922,2022-12-08,57,15,2,122.92,West
18923,2022-07-18,206,29,3,368.11,East
18924,2023-11-09,908,19,1,267.16,West
18925,2023-10-20,429,17,4,224.28,North
18926,2022-03-19,148,26,4,327.47,East
18927,2022-04-22,301,36,4,255.62,North
18928,2023-06-19,791,36,5,267.58,West
18929,2024-09-18,958,35,3,21.39,North
18930,2024-02-29,982,40,1,403.0,South
18931,2023-06-14,290,23,3,217.85,South
18932,2022-04-10,21,9,5,263.86,East
18933,2024-08-30,947,34,5,201.06,East
18934,2024-10-11,137,18,2,280.25,East
18935,2022-05-05,970,16,3,36.48,North
18936,2024-10-11,369,32,4,198.12,West
18937,2023-06-03,522,28,2,337.65,North
18938,2022-01-23,820,32,3,469.84,South
18939,2022-06-11,557,50,2,426.1,South
18940,2023-09-21,436,18,2,481.78,East
18941,2023-05-21,761,44,1,392.94,North
18942,2024-05-31,30,34,2,319.98,West
18943,2024-11-10,448,29,5,217.4,North
18944,2023-04-28,225,21,4,70.34,North
18945,2022-11-05,386,1,1,132.89,South
18946,2024-05-23,689,16,2,142.88,West
18947,2022-07-22,608,49,1,219.66,South
18948,2023-10-02,429,33,4,308.82,North
18949,2022-05-22,529,21,4,313.14,West
18950,2024-09-30,28,35,1,233.22,North
18951,2023-09-07,126,27,3,144.58,North
18952,2022-04-17,813,20,4,37.68,East
18953,2023-06-13,785,31,5,494.53,West
18954,2023-07-30,499,16,5,470.38,North
18955,2024-08-26,187,14,2,99.63,North
18956,2023-11-19,654,48,3,306.64,South
18957,2022-10-18,372,32,3,154.87,North
18958,2024-03-15,138,41,2,105.27,South
18959,2023-10-30,994,32,4,345.36,West
18960,2023-01-20,974,2,1,395.23,South
18961,2024-12-12,337,45,3,209.23,South
18962,2023-12-02,741,22,3,38.94,North
18963,2022-01-13,214,37,4,206.73,West
18964,2024-08-17,786,17,1,270.78,East
18965,2022-06-09,291,32,5,447.68,East
18966,2023-07-19,944,38,3,331.83,West
18967,2022-01-08,570,17,4,358.14,North
18968,2022-03-13,371,34,3,109.29,West
18969,2024-06-10,530,7,5,362.93,South
18970,2022-04-08,692,29,2,255.89,South
18971,2022-03-28,670,17,4,412.0,East
18972,2022-04-11,768,24,1,116.02,West
18973,2022-10-08,549,8,2,262.28,North
18974,2024-06-01,296,23,1,112.64,South
18975,2024-01-19,774,33,5,150.1,North
18976,2022-07-15,591,29,1,417.78,North
18977,2023-01-26,419,19,3,347.02,West
18978,2023-09-01,666,5,5,366.96,East
18979,2023-03-26,361,37,2,43.58,South
18980,2022-05-01,859,23,3,367.09,North
18981,2022-11-28,158,26,3,250.79,East
18982,2024-12-11,75,24,5,234.98,South
18983,2022-11-14,372,21,1,212.19,South
18984,2023-11-06,920,33,1,427.38,East
18985,2023-12-03,890,26,2,96.96,East
18986,2023-11-24,567,10,5,408.92,South
18987,2024-10-13,718,42,2,464.88,East
18988,2022-01-21,727,29,4,92.44,West
18989,2023-02-03,521,35,5,499.8,North
18990,2022-07-21,106,28,4,495.36,East
18991,2023-04-11,830,12,2,314.45,North
18992,2024-06-14,367,44,4,141.58,West
18993,2022-11-06,402,7,4,220.52,North
18994,2023-05-19,757,16,3,93.49,West
18995,2022-01-26,819,20,3,68.9,East
18996,2022-03-07,103,29,2,354.97,West
18997,2022-09-20,787,35,2,294.12,North
18998,2023-04-17,325,28,1,286.15,East
18999,2022-06-16,373,7,4,131.4,West
19000,2024-03-10,338,22,1,125.1,North
19001,2022-12-09,891,14,1,494.97,South
19002,2023-12-19,33,36,5,318.1,East
19003,2023-02-17,108,10,1,411.53,East
19004,2024-10-22,422,2,1,195.47,West
19005,2023-11-18,269,22,4,423.4,South
19006,2024-03-07,945,16,1,363.97,South
19007,2023-04-28,73,35,4,181.56,South
19008,2024-11-21,858,47,4,361.67,South
19009,2022-01-15,181,40,1,463.56,West
19010,2022-01-17,897,48,4,114.73,East
19011,2023-06-18,780,11,2,278.34,North
19012,2022-03-22,152,43,2,483.66,South
19013,2023-10-18,512,43,4,412.48,South
19014,2023-03-12,897,33,2,313.94,East
19015,2024-10-28,68,34,5,44.19,North
19016,2024-10-15,903,33,3,209.1,North
19017,2023-11-10,372,19,2,328.88,East
19018,2024-02-19,348,20,1,210.73,East
19019,2022-07-05,997,10,2,498.57,West
19020,2023-02-26,709,19,5,379.16,North
19021,2023-04-11,807,43,5,101.67,North
19022,2022-03-24,32,12,5,250.29,West
19023,2023-07-21,945,10,2,198.15,East
19024,2023-10-05,927,7,3,300.98,West
19025,2022-11-21,620,40,1,228.82,South
19026,2022-02-20,79,11,3,126.57,South
19027,2024-11-16,259,50,2,364.94,North
19028,2023-11-08,497,16,3,62.26,East
19029,2024-09-07,878,33,4,270.75,South
19030,2024-03-03,175,38,1,161.98,East
19031,2024-12-21,367,17,4,483.6,East
19032,2023-10-19,15,45,4,158.75,North
19033,2022-04-27,51,25,3,177.06,East
19034,2024-10-24,107,42,4,356.47,East
19035,2024-12-25,722,31,1,72.95,East
19036,2024-12-19,469,42,4,169.07,North
19037,2024-06-23,202,1,2,351.0,West
19038,2023-05-17,789,39,1,25.07,North
19039,2024-03-09,218,20,2,162.39,North
19040,2024-05-06,41,9,2,14.05,North
19041,2022-03-10,888,43,5,83.61,North
19042,2023-10-26,771,2,5,306.06,East
19043,2024-03-02,385,1,2,233.79,West
19044,2022-08-09,917,44,4,86.45,North
19045,2024-10-06,715,39,2,48.23,West
19046,2022-08-11,336,5,2,37.6,West
19047,2023-11-08,611,12,5,51.83,South
19048,2022-07-30,661,14,3,57.08,South
19049,2024-07-19,105,39,3,52.29,West
19050,2024-06-04,203,32,3,36.99,North
19051,2024-05-31,510,40,2,351.55,East
19052,2022-09-19,95,46,2,471.22,South
19053,2023-06-02,177,44,4,429.43,North
19054,2024-03-08,65,9,5,140.27,West
19055,2024-12-22,553,42,2,110.1,North
19056,2023-06-24,224,42,1,33.48,East
19057,2023-02-21,579,33,1,86.46,West
19058,2022-02-22,380,25,5,288.21,East
19059,2022-02-07,255,38,1,499.08,North
19060,2022-11-04,992,14,1,430.93,South
19061,2024-04-25,298,9,5,262.31,West
19062,2024-06-16,581,27,2,217.49,West
19063,2022-02-22,953,44,2,82.43,East
19064,2023-08-29,171,19,4,215.11,North
19065,2023-03-28,613,25,2,301.48,West
19066,2023-04-06,652,32,1,301.78,North
19067,2024-02-14,718,22,1,283.2,North
19068,2023-01-30,832,29,4,413.77,West
19069,2024-11-26,364,28,5,259.94,West
19070,2024-10-28,819,44,1,241.7,North
19071,2023-10-09,73,13,2,159.83,North
19072,2022-09-20,60,28,2,98.32,East
19073,2023-09-24,455,3,2,10.69,South
19074,2023-06-14,336,30,1,167.83,East
19075,2022-10-28,668,11,3,320.21,North
19076,2023-04-30,124,2,1,283.86,East
19077,2022-04-02,455,50,1,269.95,West
19078,2022-11-11,14,50,3,388.46,West
19079,2024-08-02,416,9,3,124.09,East
19080,2022-08-26,776,33,2,342.48,East
19081,2022-03-24,27,26,2,307.51,West
19082,2023-10-31,757,16,2,176.11,South
19083,2022-06-27,50,25,1,117.09,North
19084,2022-09-07,187,1,5,285.72,North
19085,2024-02-04,57,21,4,473.12,East
19086,2023-10-29,771,20,5,47.41,East
19087,2024-06-21,667,5,3,476.96,West
19088,2022-04-01,990,17,1,237.73,West
19089,2022-12-05,34,40,1,357.92,East
19090,2022-06-18,538,38,4,403.57,East
19091,2023-08-01,762,1,5,84.24,East
19092,2024-02-19,997,13,3,32.03,North
19093,2022-06-19,936,18,4,72.96,South
19094,2022-12-28,371,4,1,177.07,East
19095,2022-09-01,86,47,4,478.71,West
19096,2022-05-18,160,14,2,30.96,South
19097,2024-11-17,425,48,5,460.7,East
19098,2023-06-03,898,5,3,285.03,East
19099,2022-11-29,879,33,2,60.15,West
19100,2024-08-22,712,26,5,84.85,West
19101,2023-07-17,106,4,2,347.77,South
19102,2023-03-02,391,30,4,308.14,East
19103,2023-10-03,512,17,3,92.05,South
19104,2023-12-10,275,28,4,453.12,North
19105,2022-04-17,289,6,4,75.12,North
19106,2023-07-14,258,27,5,260.67,North
19107,2022-05-18,963,36,3,268.86,South
19108,2023-09-07,220,7,3,436.55,East
19109,2022-02-16,974,1,4,20.85,East
19110,2023-01-03,527,10,3,76.86,North
19111,2022-01-06,533,13,1,93.63,South
19112,2023-06-07,846,41,3,40.81,West
19113,2023-06-13,59,32,4,319.43,North
19114,2022-03-07,360,14,1,122.5,West
19115,2023-02-24,594,33,1,292.57,South
19116,2024-07-22,630,30,5,393.48,East
19117,2023-05-13,113,9,4,210.18,East
19118,2022-11-27,807,6,3,386.74,East
19119,2024-02-07,276,10,1,391.16,North
19120,2024-09-27,257,11,4,139.08,West
19121,2023-06-14,329,39,5,17.71,East
19122,2022-08-31,777,20,2,60.61,South
19123,2022-12-16,235,25,2,413.53,West
19124,2024-11-06,51,12,3,208.6,South
19125,2024-01-05,678,22,2,421.16,North
19126,2024-05-31,743,12,1,278.28,North
19127,2022-12-29,221,14,1,106.72,North
19128,2024-10-11,783,42,4,359.0,South
19129,2023-06-09,596,48,3,283.51,East
19130,2024-04-10,230,36,4,182.38,South
19131,2024-02-21,809,14,4,52.98,North
19132,2023-02-24,222,2,3,60.13,South
19133,2024-02-25,943,2,4,102.37,East
19134,2022-05-13,666,43,2,339.74,East
19135,2022-01-14,54,43,5,366.71,North
19136,2024-12-03,631,6,4,319.15,South
19137,2022-10-22,710,25,1,175.26,West
19138,2023-03-21,935,3,1,225.83,North
19139,2024-12-21,273,23,2,357.68,North
19140,2023-02-16,198,9,4,333.33,North
19141,2023-09-22,128,31,4,388.78,West
19142,2022-11-17,604,28,3,128.16,North
19143,2024-03-28,9,25,4,12.2,South
19144,2024-06-23,987,35,4,140.56,North
19145,2022-02-05,227,1,1,180.47,East
19146,2024-03-01,558,2,3,480.65,North
19147,2023-08-09,134,15,4,116.69,East
19148,2022-11-02,964,43,2,414.94,South
19149,2024-10-04,16,40,4,315.03,North
19150,2024-06-11,215,16,3,92.09,South
19151,2022-01-12,112,23,2,207.72,East
19152,2022-03-24,855,49,2,259.98,East
19153,2024-11-21,157,35,2,178.63,South
19154,2024-08-14,425,8,1,120.81,North
19155,2023-12-14,452,7,1,133.9,South
19156,2022-08-29,318,21,2,296.75,North
19157,2024-06-16,360,35,1,347.17,East
19158,2024-06-14,376,39,2,239.8,North
19159,2024-06-25,936,37,2,471.45,West
19160,2024-01-26,958,33,5,367.0,East
19161,2024-10-21,920,37,1,446.96,East
19162,2023-08-24,902,35,5,243.08,South
19163,2022-10-09,296,18,2,17.29,North
19164,2023-10-13,198,19,2,300.11,South
19165,2023-08-22,570,10,5,410.95,West
19166,2024-09-05,398,4,3,272.9,South
19167,2024-10-08,590,30,2,288.27,North
19168,2024-06-18,242,45,1,487.74,East
19169,2024-06-12,429,33,4,189.41,North
19170,2024-08-14,879,4,4,402.92,North
19171,2022-08-07,611,9,4,257.49,East
19172,2023-12-28,6,17,5,237.22,East
19173,2024-10-05,791,43,2,81.33,West
19174,2023-06-02,318,39,3,376.71,East
19175,2024-03-22,212,24,1,413.41,North
19176,2023-05-17,273,39,4,221.13,East
19177,2022-02-27,84,13,4,384.13,North
19178,2024-03-24,624,26,1,294.75,East
19179,2023-09-06,710,19,4,136.2,East
19180,2023-03-02,360,17,5,462.62,West
19181,2024-06-01,381,50,2,351.42,East
19182,2023-03-08,540,30,2,440.38,West
19183,2024-08-05,141,26,3,147.92,North
19184,2024-07-23,925,13,5,459.02,West
19185,2023-02-09,510,49,3,188.69,South
19186,2023-05-07,173,18,4,14.67,North
19187,2022-03-07,20,21,2,46.76,North
19188,2024-06-30,954,34,3,53.78,South
19189,2023-01-26,977,47,3,111.5,South
19190,2022-03-24,629,9,5,101.4,South
19191,2024-09-29,503,30,4,38.37,North
19192,2023-04-26,566,29,1,448.74,West
19193,2024-02-16,227,29,5,415.87,East
19194,2024-02-24,109,46,5,383.78,South
19195,2023-10-14,743,19,4,244.78,East
19196,2023-06-07,320,8,1,218.32,North
19197,2022-07-24,308,44,5,218.43,West
19198,2024-01-12,741,17,3,138.27,South
19199,2022-11-15,811,12,3,308.05,East
19200,2022-10-05,87,15,3,38.95,East
19201,2024-06-20,786,5,3,332.8,South
19202,2022-05-28,228,34,1,261.79,North
19203,2024-02-17,852,50,4,410.09,West
19204,2023-02-23,310,3,4,486.64,South
19205,2023-06-22,828,5,1,439.54,East
19206,2023-01-27,379,34,4,362.76,East
19207,2024-07-28,583,9,3,222.06,West
19208,2022-08-30,740,24,1,115.12,East
19209,2024-09-25,385,5,3,335.79,North
19210,2022-08-31,113,27,4,108.78,West
19211,2024-09-02,293,49,5,19.93,East
19212,2023-11-15,305,20,1,290.88,West
19213,2023-08-11,291,47,2,203.12,South
19214,2023-09-09,105,45,2,439.25,North
19215,2022-01-26,963,41,3,326.43,East
19216,2024-05-12,291,2,4,327.15,North
19217,2022-03-20,477,23,3,396.07,North
19218,2024-10-08,521,34,2,174.47,South
19219,2022-05-08,677,29,1,479.5,South
19220,2023-02-17,60,43,3,118.45,South
19221,2022-05-17,312,35,4,437.12,North
19222,2023-07-02,106,30,2,456.31,East
19223,2023-01-23,623,3,1,29.13,North
19224,2023-07-25,89,10,3,319.59,South
19225,2024-10-12,268,34,1,377.22,North
19226,2023-02-25,742,1,5,477.38,West
19227,2022-05-21,839,6,2,133.18,East
19228,2022-02-20,583,6,3,285.31,North
19229,2024-09-13,119,43,1,388.83,North
19230,2024-07-17,900,16,3,82.69,East
19231,2023-10-24,445,1,4,427.96,East
19232,2023-01-01,429,5,4,207.78,North
19233,2024-06-26,351,25,3,323.48,North
19234,2024-09-24,946,27,2,30.6,East
19235,2024-05-03,306,42,3,119.24,North
19236,2022-09-15,615,38,3,244.31,South
19237,2022-02-14,202,43,3,151.71,South
19238,2022-09-26,944,26,3,479.34,South
19239,2023-11-03,23,16,2,399.52,South
19240,2024-10-15,90,45,5,433.79,South
19241,2024-05-06,471,44,5,238.5,East
19242,2022-05-25,93,50,1,242.08,North
19243,2022-08-23,776,26,2,404.54,South
19244,2023-11-22,979,45,2,199.89,North
19245,2023-12-21,285,37,2,245.62,East
19246,2022-12-19,683,28,4,269.01,East
19247,2024-09-20,309,28,2,307.51,South
19248,2022-10-02,902,30,4,328.49,North
19249,2024-06-28,733,13,5,343.57,West
19250,2023-03-16,536,25,5,227.56,East
19251,2024-12-22,376,45,4,154.62,East
19252,2024-05-21,714,19,3,460.88,East
19253,2023-10-13,499,13,5,415.09,West
19254,2024-07-31,636,11,3,11.68,South
19255,2022-02-03,142,48,1,261.33,South
19256,2023-12-06,52,23,4,144.56,East
19257,2024-05-16,70,14,1,324.94,North
19258,2024-09-11,260,10,4,256.29,South
19259,2024-04-11,698,34,1,20.37,South
19260,2023-04-07,884,40,1,366.61,West
19261,2022-03-22,719,23,2,144.94,East
19262,2022-11-18,293,40,5,137.52,East
19263,2023-02-19,816,21,4,25.64,South
19264,2024-09-18,378,20,5,415.88,West
19265,2022-07-09,39,32,2,293.63,West
19266,2023-01-27,348,14,5,247.57,East
19267,2022-06-17,578,24,4,341.15,West
19268,2023-10-26,525,46,2,179.23,North
19269,2023-01-16,706,18,3,289.04,North
19270,2024-06-16,828,47,2,132.14,West
19271,2024-05-13,506,30,4,40.85,East
19272,2022-03-03,382,28,1,285.06,West
19273,2023-06-12,425,48,5,118.38,South
19274,2024-05-11,800,14,1,377.52,North
19275,2022-05-30,436,42,3,231.4,South
19276,2022-04-26,645,21,1,132.7,North
19277,2024-04-03,707,34,5,308.09,South
19278,2022-03-06,322,5,1,67.14,North
19279,2022-11-06,590,31,2,383.1,East
19280,2023-12-07,250,3,4,231.57,South
19281,2024-05-03,744,23,1,408.2,East
19282,2024-10-20,180,39,4,77.67,South
19283,2022-11-02,894,44,4,197.45,North
19284,2024-05-22,689,30,4,98.21,South
19285,2022-06-18,29,42,2,39.99,South
19286,2024-10-27,496,43,4,478.12,West
19287,2023-08-11,678,30,1,366.06,West
19288,2024-02-01,326,49,4,169.55,South
19289,2022-12-13,738,36,2,130.61,South
19290,2024-08-12,648,38,4,110.12,South
19291,2024-01-05,187,7,1,31.08,North
19292,2023-02-14,55,5,2,60.31,West
19293,2023-06-27,878,6,3,60.42,East
19294,2022-12-21,514,49,3,336.47,South
19295,2023-12-14,410,14,1,301.41,West
19296,2023-08-07,831,11,5,288.41,North
19297,2023-05-26,17,37,4,369.89,West
19298,2023-06-17,571,2,5,133.07,South
19299,2023-06-12,88,31,2,177.81,East
19300,2024-08-04,223,46,4,72.08,West
19301,2024-04-03,784,27,5,297.98,West
19302,2022-03-19,58,16,1,467.12,West
19303,2023-03-16,704,2,2,432.94,North
19304,2023-07-03,562,49,4,281.95,West
19305,2023-02-04,725,26,3,325.86,South
19306,2023-12-02,230,16,4,496.23,South
19307,2022-05-06,154,9,2,263.5,East
19308,2024-04-13,273,9,3,436.59,West
19309,2023-06-28,882,5,1,255.32,West
19310,2023-05-17,46,36,4,33.46,West
19311,2024-04-03,874,7,5,467.98,West
19312,2023-01-22,895,32,5,64.82,South
19313,2023-02-16,452,29,1,355.05,North
19314,2022-11-24,306,37,2,126.6,North
19315,2022-04-10,427,3,1,451.51,East
19316,2023-04-06,118,30,2,108.24,West
19317,2022-01-25,688,40,3,78.64,North
19318,2023-05-09,580,31,2,224.97,East
19319,2022-12-19,251,48,3,253.37,North
19320,2024-05-18,403,27,4,411.27,West
19321,2022-07-18,742,6,4,383.58,West
19322,2024-04-26,921,29,1,170.85,West
19323,2023-06-10,200,9,1,198.63,South
19324,2023-06-25,146,20,4,292.57,West
19325,2023-04-22,51,50,5,280.27,West
19326,2022-01-10,914,11,3,432.4,South
19327,2023-06-08,368,19,4,241.51,West
19328,2024-03-20,698,39,5,447.82,South
19329,2024-02-11,320,10,2,110.49,North
19330,2024-05-09,199,5,4,435.14,North
19331,2024-10-26,441,39,5,159.1,North
19332,2024-11-24,145,23,4,396.74,East
19333,2022-06-24,59,6,2,287.04,South
19334,2023-03-18,707,31,2,439.03,East
19335,2024-11-02,982,18,3,123.31,West
19336,2022-09-03,143,21,2,353.73,East
19337,2023-11-06,223,15,2,425.99,North
19338,2022-04-24,100,31,3,390.58,North
19339,2024-10-08,26,10,4,287.34,North
19340,2024-03-04,432,6,4,340.95,South
19341,2022-08-21,526,24,3,106.29,East
19342,2024-09-06,122,33,4,116.07,North
19343,2022-05-06,465,28,4,140.97,South
19344,2023-05-26,265,28,5,415.73,East
19345,2022-10-08,7,10,3,92.05,West
19346,2024-03-08,731,23,3,156.47,South
19347,2024-09-04,220,15,1,461.01,South
19348,2024-06-21,695,46,5,380.07,South
19349,2023-10-13,396,48,4,369.23,West
19350,2023-01-27,913,37,1,233.02,West
19351,2023-01-17,457,14,5,354.16,East
19352,2022-08-04,108,48,4,287.21,South
19353,2023-06-26,492,14,5,45.02,East
19354,2023-08-29,904,7,2,292.5,West
19355,2022-04-26,859,36,4,231.6,South
19356,2023-05-24,636,18,5,65.84,North
19357,2022-09-28,682,15,5,178.69,South
19358,2024-11-28,460,49,1,448.45,West
19359,2024-11-13,933,33,5,403.81,West
19360,2024-02-15,916,47,2,457.81,North
19361,2024-12-02,769,48,2,361.37,West
19362,2022-12-06,9,22,5,319.95,North
19363,2022-06-18,367,43,4,78.23,West
19364,2023-10-24,792,41,1,62.53,North
19365,2022-05-23,125,17,4,130.91,West
19366,2023-07-29,162,26,5,163.96,North
19367,2023-04-20,36,15,2,307.45,West
19368,2022-11-07,4,40,3,439.88,East
19369,2024-12-19,413,18,1,446.46,North
19370,2024-11-18,87,8,4,344.35,West
19371,2023-06-15,483,3,2,291.22,West
19372,2024-09-17,912,14,4,129.75,North
19373,2022-03-14,776,34,5,469.59,East
19374,2024-05-18,603,33,4,338.85,North
19375,2023-01-29,807,37,1,271.39,West
19376,2023-04-26,58,49,3,60.94,North
19377,2023-04-18,140,1,3,414.68,East
19378,2022-11-09,172,48,5,181.01,West
19379,2024-08-09,260,35,1,451.29,North
19380,2022-11-20,495,10,3,92.52,East
19381,2024-10-09,25,19,2,33.81,East
19382,2024-08-22,198,11,4,223.02,West
19383,2022-03-28,579,35,5,48.37,South
19384,2022-12-25,423,2,2,40.28,East
19385,2023-11-26,118,3,5,359.73,West
19386,2022-07-16,792,15,1,136.11,West
19387,2024-01-26,981,41,5,323.04,East
19388,2024-09-03,6,47,3,289.71,North
19389,2023-05-13,97,28,1,78.97,East
19390,2024-06-26,72,2,5,199.03,West
19391,2024-07-19,929,30,2,42.37,South
19392,2023-04-07,432,38,1,216.62,West
19393,2024-08-27,963,5,1,99.36,West
19394,2022-08-22,380,6,5,57.19,North
19395,2023-02-21,770,5,5,165.32,West
19396,2022-06-02,550,12,1,11.68,East
19397,2022-09-29,808,4,4,381.31,East
19398,2023-01-27,56,24,4,87.51,East
19399,2023-07-01,615,25,3,316.66,South
19400,2023-12-26,103,26,1,417.97,North
19401,2022-07-08,216,46,4,459.45,North
19402,2024-03-22,21,46,2,283.21,North
19403,2023-01-30,627,43,1,396.26,East
19404,2023-10-24,210,33,4,232.84,South
19405,2024-05-02,291,21,5,250.19,East
19406,2023-08-17,715,23,2,277.92,East
19407,2022-07-09,971,37,3,338.37,North
19408,2022-08-22,835,37,4,338.26,South
19409,2022-08-20,188,12,5,394.84,West
19410,2022-12-24,151,37,2,312.3,North
19411,2023-04-23,961,21,2,442.49,South
19412,2022-08-25,191,13,3,357.53,West
19413,2024-11-22,407,43,5,465.19,East
19414,2022-08-01,214,33,4,377.71,East
19415,2023-01-14,891,44,1,371.97,North
19416,2024-10-22,554,6,2,431.59,South
19417,2024-06-27,478,43,4,331.35,South
19418,2023-03-26,960,12,1,97.99,South
19419,2023-07-23,194,38,4,50.65,East
19420,2024-03-23,250,30,4,164.75,West
19421,2022-10-06,593,37,2,409.05,North
19422,2022-08-02,41,18,2,20.64,North
19423,2023-12-19,370,16,4,83.52,East
19424,2024-08-27,20,45,4,62.0,North
19425,2024-10-31,9,7,3,28.22,West
19426,2024-05-20,825,46,1,407.04,East
19427,2024-12-06,636,1,5,147.0,South
19428,2023-03-14,203,28,5,367.17,South
19429,2023-11-02,913,44,3,79.54,West
19430,2024-06-22,590,3,4,210.38,East
19431,2024-11-11,722,50,4,67.07,West
19432,2024-06-10,18,43,3,11.22,South
19433,2023-01-24,748,39,5,310.45,East
19434,2022-05-15,319,10,2,245.68,South
19435,2023-06-16,712,45,2,214.15,North
19436,2022-08-08,861,14,4,48.54,East
19437,2022-11-29,968,15,1,298.22,North
19438,2024-11-21,282,6,5,392.2,West
19439,2022-12-23,476,39,1,42.95,West
19440,2023-02-05,968,45,4,212.59,East
19441,2024-06-14,252,16,5,162.66,North
19442,2024-09-16,340,47,2,447.02,West
19443,2023-12-10,751,18,2,138.7,East
19444,2024-11-23,968,35,1,472.7,North
19445,2022-09-05,462,48,5,415.92,West
19446,2024-08-03,781,25,4,59.08,East
19447,2022-02-11,631,33,3,245.51,South
19448,2024-03-11,1000,33,3,328.01,West
19449,2022-05-03,401,19,3,300.61,East
19450,2022-01-27,371,38,4,342.82,East
19451,2023-07-25,282,11,3,218.89,East
19452,2023-05-11,390,39,1,453.32,South
19453,2023-05-01,337,3,2,142.48,West
19454,2024-06-17,900,38,3,56.11,West
19455,2023-12-12,345,1,2,489.21,West
19456,2023-01-11,519,40,1,329.46,North
19457,2023-10-27,273,25,5,333.01,South
19458,2024-02-22,253,32,5,410.59,South
19459,2024-04-30,854,46,4,216.51,North
19460,2023-11-05,640,36,2,199.26,East
19461,2022-12-28,374,4,4,475.08,East
19462,2023-11-15,604,23,3,199.52,North
19463,2022-09-04,818,16,4,48.45,South
19464,2023-06-19,896,11,1,160.84,North
19465,2022-11-10,6,22,4,438.04,East
19466,2023-03-20,414,39,3,56.53,North
19467,2024-05-18,586,33,3,361.19,West
19468,2023-08-05,498,41,1,140.54,North
19469,2024-05-20,56,38,2,375.43,East
19470,2023-07-02,807,13,5,262.13,South
19471,2024-11-13,398,21,1,321.92,West
19472,2023-04-10,822,12,5,129.17,North
19473,2024-11-11,238,26,1,92.38,West
19474,2023-05-17,490,49,1,41.02,East
19475,2024-04-30,22,1,4,414.53,East
19476,2023-12-17,441,41,4,358.14,South
19477,2024-06-10,41,22,4,153.74,East
19478,2023-05-16,858,27,1,420.09,South
19479,2024-01-05,778,32,4,418.51,West
19480,2023-08-16,258,8,1,77.5,East
19481,2023-02-11,451,34,4,359.71,North
19482,2023-12-04,48,18,5,153.22,North
19483,2022-10-13,810,4,2,238.92,North
19484,2022-05-27,503,1,4,220.77,East
19485,2024-03-04,139,44,3,304.09,North
19486,2023-01-19,202,16,2,180.09,West
19487,2022-01-11,652,30,3,45.89,South
19488,2022-10-03,509,23,2,339.6,North
19489,2024-06-04,654,31,4,480.68,North
19490,2024-08-21,286,28,5,337.26,East
19491,2022-10-30,233,50,4,274.41,South
19492,2022-07-23,316,37,1,90.17,South
19493,2022-12-11,461,16,3,316.34,West
19494,2024-04-05,670,41,2,309.43,North
19495,2022-01-22,550,9,5,313.19,West
19496,2024-04-18,587,2,3,447.23,South
19497,2023-06-20,321,46,5,361.0,North
19498,2024-09-07,987,43,3,393.87,South
19499,2022-09-20,175,2,4,163.54,West
19500,2023-08-07,39,32,1,142.48,West
19501,2024-10-09,433,16,3,111.32,East
19502,2023-01-18,485,13,5,391.4,West
19503,2024-07-05,585,49,4,352.31,North
19504,2023-01-27,58,27,2,177.63,North
19505,2024-06-07,496,31,2,79.14,West
19506,2023-06-24,875,33,4,424.87,South
19507,2023-07-20,986,21,2,198.3,North
19508,2024-06-02,601,19,5,102.98,East
19509,2022-08-16,785,48,1,80.76,North
19510,2023-04-18,134,13,4,460.64,East
19511,2023-01-07,655,19,1,73.78,North
19512,2022-02-06,509,35,1,186.24,West
19513,2023-11-22,963,35,4,319.77,West
19514,2024-04-23,607,33,3,209.96,South
19515,2024-11-26,156,3,5,243.96,West
19516,2022-04-11,201,48,4,403.28,East
19517,2023-10-20,940,21,5,499.62,West
19518,2022-03-31,499,40,1,238.94,South
19519,2024-10-26,402,23,1,195.63,North
19520,2024-06-23,496,48,3,209.31,North
19521,2022-04-05,488,45,1,190.86,North
19522,2023-09-24,160,45,4,242.15,South
19523,2022-05-03,211,11,5,173.22,West
19524,2023-01-01,453,4,3,236.68,South
19525,2023-11-22,684,4,4,473.27,West
19526,2022-11-21,70,15,5,150.24,North
19527,2023-02-11,831,28,5,329.42,North
19528,2024-09-22,972,36,2,248.6,West
19529,2023-06-03,314,8,2,368.87,East
19530,2024-06-14,431,24,4,241.42,North
19531,2022-03-18,382,34,3,88.67,East
19532,2022-08-22,657,15,5,437.49,South
19533,2024-04-09,167,23,5,341.13,West
19534,2023-08-09,955,27,4,267.68,North
19535,2023-04-29,391,14,3,417.23,South
19536,2022-09-28,319,2,1,488.33,North
19537,2024-07-27,117,35,3,210.61,East
19538,2023-04-14,697,43,1,183.0,East
19539,2023-09-24,512,7,5,379.26,North
19540,2023-07-01,203,16,2,232.76,West
19541,2023-12-20,162,22,2,52.03,East
19542,2024-10-04,821,28,4,183.66,North
19543,2022-09-27,962,32,3,406.23,South
19544,2023-08-28,462,7,3,356.28,South
19545,2024-08-22,850,22,1,432.79,East
19546,2023-01-13,944,43,4,81.85,South
19547,2022-06-26,700,2,3,129.52,East
19548,2022-10-01,555,8,4,115.22,West
19549,2023-09-29,201,7,1,485.95,North
19550,2022-01-27,231,38,5,92.77,West
19551,2023-07-30,516,48,4,302.99,East
19552,2022-03-01,752,21,2,320.13,East
19553,2024-01-01,206,43,5,313.26,North
19554,2023-10-23,331,22,3,348.91,South
19555,2022-09-27,606,35,1,247.12,South
19556,2022-09-02,744,18,1,51.01,South
19557,2023-10-22,875,9,2,353.61,East
19558,2022-03-26,347,49,4,147.74,North
19559,2024-06-25,349,2,2,47.18,South
19560,2023-06-20,948,42,4,93.2,East
19561,2022-03-30,160,42,2,150.74,East
19562,2023-07-03,625,17,2,221.9,East
19563,2024-05-03,252,40,1,432.05,North
19564,2024-06-13,222,20,4,272.89,West
19565,2023-05-22,858,6,2,241.26,North
19566,2023-02-12,606,11,3,103.72,East
19567,2023-06-08,947,5,1,480.04,West
19568,2023-08-30,394,10,1,455.17,South
19569,2024-09-29,396,23,1,409.88,East
19570,2023-03-24,993,33,1,168.34,South
19571,2023-06-27,994,40,2,285.2,East
19572,2024-08-06,978,36,2,200.54,North
19573,2022-12-16,167,39,1,207.43,South
19574,2024-05-01,976,47,2,45.34,North
19575,2022-11-24,452,34,2,78.62,West
19576,2024-11-24,138,17,4,480.97,North
19577,2023-09-15,860,26,3,308.94,North
19578,2023-05-03,873,48,4,13.09,North
19579,2023-05-02,210,27,5,406.5,South
19580,2022-05-25,768,46,4,52.65,North
19581,2024-01-26,585,3,3,357.0,South
19582,2022-05-26,214,19,3,314.22,East
19583,2024-10-17,778,8,4,40.85,East
19584,2024-04-07,360,17,4,270.16,West
19585,2023-09-19,663,50,5,33.24,East
19586,2023-06-18,235,1,1,41.55,East
19587,2023-09-22,973,7,3,35.08,West
19588,2024-05-30,728,36,1,135.17,East
19589,2023-02-19,397,3,5,402.87,West
19590,2022-09-14,304,19,2,187.6,North
19591,2022-03-28,109,42,2,323.37,East
19592,2024-06-23,857,27,1,71.18,North
19593,2023-07-24,812,3,4,467.1,North
19594,2024-01-12,861,34,3,257.08,South
19595,2022-04-18,976,5,1,22.05,North
19596,2024-11-08,832,49,4,273.33,West
19597,2022-06-09,808,37,5,100.42,South
19598,2022-04-10,390,46,4,105.95,North
19599,2022-09-22,120,16,5,304.18,East
19600,2024-01-20,840,14,1,120.93,North
19601,2024-12-08,610,30,2,114.85,North
19602,2023-11-08,210,32,3,275.07,North
19603,2024-03-09,427,45,1,125.38,North
19604,2024-12-18,544,12,2,64.15,East
19605,2022-07-02,945,27,5,210.05,South
19606,2023-10-21,330,26,3,35.48,West
19607,2023-08-31,226,48,4,453.61,West
19608,2023-10-05,727,29,1,231.25,South
19609,2022-12-13,635,23,4,16.42,East
19610,2024-03-22,147,49,3,120.08,South
19611,2024-03-11,340,22,1,479.33,East
19612,2024-11-19,564,20,1,253.23,South
19613,2022-05-26,180,38,4,185.86,North
19614,2023-05-18,290,46,4,164.4,West
19615,2024-03-09,187,16,2,214.32,North
19616,2024-08-25,486,31,4,113.76,East
19617,2023-04-16,337,3,5,377.07,North
19618,2023-11-21,108,21,2,259.07,North
19619,2022-01-01,126,39,4,378.2,East
19620,2022-04-20,773,5,1,134.65,East
19621,2024-06-12,706,20,4,10.71,East
19622,2024-12-23,809,23,3,483.45,North
19623,2024-01-26,34,32,2,260.91,West
19624,2022-02-22,438,42,1,49.07,West
19625,2022-09-19,276,9,4,60.84,East
19626,2024-06-04,494,3,3,222.99,East
19627,2022-08-22,182,27,2,350.68,South
19628,2022-03-14,239,27,2,204.35,North
19629,2024-08-08,834,10,2,411.87,East
19630,2023-04-29,348,16,1,171.24,South
19631,2024-10-26,146,24,4,32.35,North
19632,2024-05-26,44,23,1,14.06,North
19633,2024-05-08,871,9,5,431.13,East
19634,2022-05-17,816,2,4,492.39,South
19635,2024-02-18,499,6,5,75.07,North
19636,2023-09-20,803,37,4,40.4,South
19637,2023-07-09,975,35,2,458.06,West
19638,2024-01-13,879,7,1,59.37,West
19639,2023-07-24,295,15,5,121.92,South
19640,2023-02-14,1000,21,2,402.81,East
19641,2024-11-25,999,38,2,499.01,East
19642,2022-08-18,771,36,5,248.15,West
19643,2022-09-19,531,23,4,113.28,North
19644,2024-06-10,727,29,5,425.38,South
19645,2023-03-24,211,13,1,203.21,North
19646,2022-07-05,893,5,3,143.59,North
19647,2022-12-18,402,47,4,250.3,North
19648,2023-01-19,990,39,2,429.34,North
19649,2024-11-25,231,39,5,124.17,East
19650,2022-11-22,339,42,3,217.68,North
19651,2023-04-10,5,45,5,227.68,South
19652,2023-04-11,311,43,3,418.05,East
19653,2022-06-11,781,1,4,341.24,East
19654,2023-07-10,162,20,5,392.44,North
19655,2022-10-27,216,43,5,349.76,West
19656,2022-12-22,786,1,3,300.41,East
19657,2023-07-18,836,35,1,74.88,South
19658,2024-03-03,612,40,2,418.15,West
19659,2024-10-19,968,45,3,307.57,West
19660,2023-08-09,171,7,5,353.57,North
19661,2024-01-20,961,35,3,391.59,West
19662,2022-05-20,252,34,3,162.73,South
19663,2022-08-23,681,50,5,224.28,South
19664,2024-10-23,38,5,5,275.23,West
19665,2022-09-13,228,29,1,177.98,East
19666,2023-01-06,934,50,1,136.68,South
19667,2022-10-05,909,48,1,390.65,East
19668,2023-05-31,637,27,5,379.33,West
19669,2024-06-22,278,7,4,417.58,West
19670,2022-09-27,285,1,1,351.38,West
19671,2023-04-21,510,9,2,162.75,East
19672,2024-07-16,649,47,4,170.23,East
19673,2022-03-05,987,1,1,268.62,North
19674,2023-04-05,366,27,2,419.44,East
19675,2024-11-05,620,17,5,179.68,South
19676,2023-07-18,68,32,2,385.31,West
19677,2024-11-08,104,41,1,159.79,East
19678,2024-06-26,401,30,3,175.88,East
19679,2022-04-03,246,15,3,378.66,East
19680,2024-02-12,677,42,2,342.5,South
19681,2024-03-20,192,28,5,112.03,East
19682,2024-11-06,707,3,4,415.24,South
19683,2024-04-19,644,28,3,394.46,West
19684,2023-05-03,296,5,4,400.73,South
19685,2024-10-30,144,2,5,240.47,North
19686,2024-01-19,907,38,3,171.03,North
19687,2023-06-12,731,16,5,426.39,West
19688,2023-07-08,26,44,1,298.22,North
19689,2023-05-30,251,17,4,466.18,West
19690,2023-01-12,607,12,1,134.38,South
19691,2023-04-29,866,26,5,488.06,North
19692,2023-03-28,712,49,5,195.82,East
19693,2024-02-26,615,7,2,198.39,West
19694,2024-11-29,193,24,2,127.02,North
19695,2022-10-29,381,16,3,482.86,North
19696,2024-12-21,2,18,1,29.46,North
19697,2024-09-25,759,8,1,241.95,North
19698,2022-01-18,603,27,5,189.09,East
19699,2023-02-02,45,26,2,88.04,East
19700,2024-10-03,939,31,4,359.49,West
19701,2023-08-17,3,18,5,450.18,South
19702,2022-07-08,930,2,1,129.35,West
19703,2022-04-14,848,41,1,253.85,North
19704,2022-02-02,449,23,5,293.32,West
19705,2024-01-19,576,48,5,201.34,South
19706,2023-01-09,135,49,5,461.55,East
19707,2024-11-01,291,42,1,236.14,South
19708,2024-01-11,278,22,4,491.56,North
19709,2024-06-08,176,33,1,154.65,West
19710,2023-04-01,928,18,5,45.89,West
19711,2022-09-06,282,15,2,291.73,West
19712,2023-03-24,120,41,4,413.44,West
19713,2024-10-14,774,3,3,200.31,East
19714,2024-09-06,174,48,1,100.7,South
19715,2024-10-24,439,23,4,371.74,North
19716,2022-06-22,459,47,4,142.73,West
19717,2023-01-06,991,2,5,387.17,East
19718,2024-03-01,630,42,4,138.54,South
19719,2024-01-19,951,4,1,283.07,South
19720,2024-02-26,341,26,2,444.96,East
19721,2024-04-19,697,19,4,110.26,North
19722,2023-02-04,755,49,1,412.14,North
19723,2024-12-17,726,10,5,140.06,North
19724,2023-07-02,121,22,4,333.73,West
19725,2023-02-12,575,6,3,129.42,West
19726,2023-10-03,897,1,3,66.14,East
19727,2022-03-05,661,43,2,335.37,West
19728,2023-07-28,493,16,5,301.5,North
19729,2023-02-24,276,7,1,206.73,North
19730,2022-05-26,969,24,4,27.97,North
19731,2022-01-17,987,35,1,242.89,North
19732,2022-04-08,29,14,3,82.87,East
19733,2023-03-28,811,4,5,186.14,East
19734,2024-09-01,737,41,1,297.24,South
19735,2024-06-16,685,15,4,470.28,West
19736,2024-10-12,244,44,5,260.54,South
19737,2023-04-24,321,48,4,105.44,East
19738,2022-07-20,643,23,4,473.65,West
19739,2022-06-28,352,19,5,22.7,North
19740,2023-05-23,532,14,5,324.98,West
19741,2023-03-29,81,27,4,138.57,South
19742,2022-09-27,293,36,3,381.18,South
19743,2023-05-01,294,38,4,172.3,North
19744,2023-08-01,497,22,5,220.09,South
19745,2022-12-04,458,11,2,387.5,North
19746,2024-05-10,747,4,1,449.93,West
19747,2024-01-27,813,32,4,99.45,West
19748,2024-01-27,733,40,1,155.18,North
19749,2023-08-07,682,41,4,12.12,East
19750,2024-12-08,558,24,4,429.72,West
19751,2022-12-12,60,34,2,474.09,East
19752,2023-12-03,608,3,5,146.93,West
19753,2022-10-20,781,38,3,198.43,West
19754,2024-03-06,543,2,5,220.19,East
19755,2024-10-18,380,23,1,210.78,South
19756,2022-03-18,324,40,1,202.51,North
19757,2024-03-27,628,20,4,243.18,South
19758,2024-06-14,62,8,5,85.35,South
19759,2023-10-13,945,35,2,38.26,East
19760,2023-07-01,146,49,3,364.53,South
19761,2023-01-29,843,43,5,424.82,East
19762,2022-11-21,362,3,4,406.99,West
19763,2022-05-31,53,32,1,317.05,North
19764,2024-05-28,402,31,5,484.72,North
19765,2024-11-21,563,44,1,10.76,South
19766,2022-09-29,681,46,4,166.58,East
19767,2024-04-15,869,31,1,161.91,South
19768,2023-01-03,993,1,4,181.34,West
19769,2023-08-13,869,12,3,401.99,East
19770,2023-08-11,707,18,2,182.23,North
19771,2023-07-26,449,24,1,268.27,North
19772,2022-03-21,83,36,5,310.83,South
19773,2022-09-15,379,29,3,424.24,North
19774,2022-10-06,646,25,2,311.77,North
19775,2023-05-19,458,23,5,196.84,North
19776,2023-07-12,933,3,5,350.42,South
19777,2023-05-06,780,30,4,262.61,South
19778,2023-07-20,81,17,2,268.92,West
19779,2023-06-05,731,45,5,174.22,East
19780,2022-11-22,514,49,5,10.79,North
19781,2022-03-25,309,30,5,184.37,West
19782,2024-04-20,921,49,3,158.33,East
19783,2022-11-16,763,19,2,59.17,West
19784,2022-10-31,494,5,4,107.33,West
19785,2023-11-21,236,40,3,490.64,North
19786,2023-02-11,668,34,3,147.11,East
19787,2024-11-15,941,9,3,263.9,North
19788,2023-11-15,37,39,4,279.17,South
19789,2022-08-21,741,48,4,284.41,North
19790,2024-10-18,657,44,3,33.19,West
19791,2023-07-03,325,26,3,388.02,West
19792,2024-11-02,56,5,1,367.87,South
19793,2023-05-11,121,24,4,488.82,South
19794,2023-09-10,314,31,5,100.5,South
19795,2024-04-27,211,24,2,281.36,West
19796,2024-10-02,772,21,2,403.88,North
19797,2023-01-19,103,22,2,70.93,East
19798,2024-10-13,439,38,3,396.89,East
19799,2023-10-04,817,22,4,142.28,South
19800,2022-11-12,747,21,1,147.61,East
19801,2022-09-13,38,30,1,473.34,West
19802,2023-03-17,813,49,2,163.8,North
19803,2022-10-26,620,47,5,296.28,East
19804,2024-07-03,414,10,5,225.65,South
19805,2022-09-13,224,3,5,48.3,North
19806,2023-10-13,293,39,5,475.74,West
19807,2022-02-16,696,29,1,114.73,East
19808,2024-06-21,155,25,1,141.17,East
19809,2023-04-08,32,2,4,194.85,North
19810,2022-01-31,234,13,1,254.28,East
19811,2022-02-24,907,27,4,80.7,North
19812,2022-06-02,489,29,4,318.67,South
19813,2023-04-01,762,14,3,262.2,North
19814,2022-10-13,570,4,1,158.48,East
19815,2022-02-05,333,8,5,349.4,West
19816,2024-03-28,675,5,2,261.9,East
19817,2022-09-13,17,44,4,421.94,South
19818,2022-06-27,414,27,2,429.15,East
19819,2023-05-23,766,24,5,490.25,West
19820,2022-01-21,658,44,4,42.99,West
19821,2022-03-16,741,43,4,208.54,East
19822,2023-12-20,240,34,1,255.74,East
19823,2023-04-05,286,28,3,124.57,East
19824,2024-11-26,346,24,2,461.8,West
19825,2023-09-22,375,5,5,53.18,East
19826,2022-01-01,16,13,3,219.97,North
19827,2024-07-24,587,18,3,100.74,West
19828,2022-11-07,950,17,1,344.25,South
19829,2024-02-01,260,30,4,355.45,East
19830,2023-11-14,895,38,5,437.53,West
19831,2022-11-11,361,19,3,210.4,East
19832,2022-11-03,399,22,3,389.8,North
19833,2023-09-11,460,49,2,279.29,North
19834,2022-01-07,923,49,5,408.01,East
19835,2024-11-01,516,18,5,51.84,South
19836,2023-05-29,931,26,3,237.09,North
19837,2022-12-15,763,15,4,83.77,South
19838,2024-07-05,85,28,5,397.27,East
19839,2024-10-27,63,30,5,84.81,East
19840,2023-05-15,100,28,2,13.95,East
19841,2023-04-20,834,20,2,465.47,East
19842,2023-06-08,755,4,2,247.45,North
19843,2024-12-16,295,4,4,492.74,East
19844,2023-08-13,924,37,4,231.97,West
19845,2022-08-21,162,15,5,299.49,West
19846,2024-03-01,929,34,4,374.65,East
19847,2024-11-19,178,11,2,147.59,East
19848,2023-01-02,444,23,4,75.1,West
19849,2022-02-25,328,35,5,333.95,North
19850,2022-01-10,328,43,3,260.24,East
19851,2022-05-27,764,35,1,415.13,East
19852,2022-12-30,42,11,4,32.08,South
19853,2022-09-10,242,2,3,276.94,North
19854,2024-07-28,342,15,5,101.02,South
19855,2024-01-06,91,40,3,312.49,South
19856,2022-12-06,28,28,3,382.62,South
19857,2023-09-16,459,31,3,138.87,West
19858,2023-12-06,667,32,2,246.08,East
19859,2022-11-19,631,34,4,215.9,West
19860,2024-05-10,385,50,3,379.89,South
19861,2022-04-05,487,22,5,303.94,West
19862,2023-07-07,220,29,1,69.15,North
19863,2024-02-29,859,8,1,488.61,North
19864,2023-07-07,264,22,1,457.05,South
19865,2022-04-26,121,12,2,293.57,East
19866,2023-09-24,46,23,4,390.96,West
19867,2022-09-27,280,38,1,19.79,North
19868,2024-05-10,115,2,2,108.73,East
19869,2022-10-18,168,12,5,386.25,West
19870,2022-01-09,435,21,5,62.03,North
19871,2023-09-22,246,12,2,30.94,West
19872,2024-05-13,484,45,4,311.7,West
19873,2023-04-20,375,31,5,26.78,West
19874,2023-06-21,280,9,4,99.73,South
19875,2023-11-16,746,15,2,49.19,North
19876,2024-10-31,22,32,5,271.79,South
19877,2023-09-05,714,43,5,341.7,South
19878,2024-02-16,68,9,3,99.82,East
19879,2023-08-18,648,24,5,239.69,West
19880,2022-10-03,743,8,1,19.88,North
19881,2023-01-05,58,28,3,139.68,West
19882,2022-12-11,527,18,2,98.01,West
19883,2023-01-03,264,43,1,91.32,South
19884,2024-01-01,989,37,1,120.26,South
19885,2022-01-15,682,36,4,404.62,North
19886,2024-01-28,423,37,3,475.38,East
19887,2023-11-19,499,32,4,355.97,East
19888,2022-01-04,291,21,3,45.41,East
19889,2023-06-17,169,39,3,317.8,West
19890,2024-09-12,560,49,1,369.72,East
19891,2024-04-13,462,29,5,64.45,South
19892,2022-12-29,608,18,4,154.22,South
19893,2022-04-27,839,23,4,219.91,South
19894,2022-05-08,556,33,1,162.25,West
19895,2022-03-19,353,48,5,263.98,East
19896,2024-01-11,240,9,3,74.15,East
19897,2024-02-13,803,44,3,227.93,South
19898,2022-03-23,283,43,5,369.31,West
19899,2022-12-08,449,38,3,235.86,South
19900,2024-03-29,582,4,4,113.11,South
19901,2023-08-01,765,16,4,403.04,North
19902,2022-04-06,66,3,4,203.25,West
19903,2023-07-31,327,8,1,218.3,South
19904,2023-06-05,456,16,3,185.24,North
19905,2024-09-22,959,2,1,151.97,East
19906,2022-12-23,477,45,3,304.95,East
19907,2022-07-05,848,19,4,102.03,East
19908,2023-06-27,285,24,4,386.92,North
19909,2022-05-31,31,16,5,246.03,West
19910,2024-12-18,448,40,3,442.96,East
19911,2022-01-10,214,2,2,470.06,North
19912,2024-05-06,693,32,1,197.66,South
19913,2022-12-22,714,1,4,87.82,West
19914,2024-03-04,580,49,5,257.58,West
19915,2022-08-25,25,18,5,142.52,North
19916,2022-11-29,760,39,4,219.0,West
19917,2022-01-17,373,32,3,194.95,East
19918,2022-11-20,397,9,5,230.73,West
19919,2022-01-23,337,3,3,254.3,East
19920,2024-07-19,936,24,5,317.44,East
19921,2023-04-04,968,11,1,11.87,North
19922,2023-06-05,855,28,3,135.65,East
19923,2023-12-20,903,16,5,93.42,South
19924,2023-07-11,672,29,4,358.12,East
19925,2023-02-07,280,41,2,417.84,East
19926,2023-04-02,769,12,4,365.62,North
19927,2024-11-16,623,46,3,487.59,West
19928,2023-02-01,559,4,4,47.85,East
19929,2022-05-20,691,26,4,237.73,West
19930,2023-06-05,548,4,2,450.69,North
19931,2024-01-16,923,11,4,166.35,South
19932,2022-04-02,198,2,5,403.14,East
19933,2022-03-18,554,31,1,285.25,West
19934,2024-05-01,479,50,2,489.49,South
19935,2024-04-24,844,3,3,191.8,North
19936,2023-10-29,602,25,5,214.41,South
19937,2024-08-16,857,34,3,90.27,North
19938,2024-09-15,580,1,2,88.22,South
19939,2024-03-07,70,5,2,431.89,East
19940,2022-03-29,505,39,4,209.57,East
19941,2024-07-03,110,31,2,314.03,East
19942,2022-04-05,382,36,3,378.6,North
19943,2023-07-05,397,3,2,224.74,South
19944,2023-02-03,409,38,1,477.35,North
19945,2024-02-06,351,12,4,469.71,East
19946,2024-12-13,534,16,2,343.26,South
19947,2022-08-31,501,8,1,497.65,North
19948,2023-09-16,995,11,3,11.3,South
19949,2023-12-02,789,45,3,14.53,East
19950,2023-07-18,911,14,1,43.09,West
19951,2022-06-11,707,27,1,472.32,South
19952,2022-02-04,421,18,2,306.37,East
19953,2024-08-23,557,8,4,464.58,West
19954,2022-02-06,922,33,4,72.28,East
19955,2024-04-25,111,4,5,25.67,South
19956,2024-04-08,209,49,1,276.21,North
19957,2023-09-15,742,30,3,95.86,South
19958,2023-06-05,439,20,5,431.32,South
19959,2022-04-15,178,30,1,216.0,North
19960,2022-06-05,931,27,1,387.52,East
19961,2022-12-02,762,25,5,263.06,North
19962,2024-11-15,425,6,4,269.05,West
19963,2022-10-23,328,5,1,344.1,East
19964,2024-06-04,884,14,5,174.37,East
19965,2022-03-10,11,14,2,474.94,South
19966,2022-05-31,252,34,2,206.2,West
19967,2024-05-06,856,41,3,205.04,West
19968,2023-07-31,235,25,4,356.64,South
19969,2023-10-24,648,39,5,321.76,North
19970,2024-01-27,254,18,4,497.93,South
19971,2023-03-28,566,20,4,426.61,South
19972,2023-07-24,478,43,5,149.45,East
19973,2023-09-27,129,8,1,59.76,South
19974,2022-12-28,738,26,2,62.25,West
19975,2022-07-22,532,21,3,187.19,East
19976,2023-05-02,100,27,1,243.82,West
19977,2022-01-04,290,32,4,322.19,West
19978,2024-11-15,569,42,4,430.29,South
19979,2024-03-11,226,50,5,494.87,East
19980,2024-09-03,653,17,2,210.27,South
19981,2022-01-27,125,49,2,277.33,East
19982,2024-12-01,438,1,3,304.37,North
19983,2024-08-22,821,27,1,283.7,North
19984,2022-03-05,564,36,3,54.25,South
19985,2024-11-14,646,11,4,66.37,North
19986,2022-03-13,804,41,4,445.49,North
19987,2024-06-18,665,41,2,341.04,West
19988,2022-09-25,347,35,4,342.59,South
19989,2022-04-05,698,38,1,409.24,North
19990,2023-01-30,751,38,1,51.23,West
19991,2024-05-18,183,42,3,213.59,East
19992,2022-12-30,351,42,1,130.87,South
19993,2022-04-27,515,49,4,333.8,South
19994,2022-06-13,796,47,5,115.32,West
19995,2024-05-26,378,36,2,349.14,West
19996,2024-02-29,708,10,2,200.07,West
19997,2023-07-31,465,40,2,225.31,West
19998,2022-11-02,678,1,5,410.83,East
19999,2024-02-11,802,22,4,180.6,East
20000,2022-07-19,340,17,1,135.73,North
